dur,proto,service,state,spkts,dpkts,sbytes,dbytes,rate,sttl,dttl,sload,dload,sinpkt,dinpkt,label
6e-06,ipv6-no,-,INT,2,0,200,0,166666.6608,254,0,133333328.0,0.0,0.006,0.0,Attack
0.628403,tcp,-,FIN,10,6,534,268,23.870032,254,252,6123.458984,2851.673096,66.468111,113.734203,Normal
8e-06,udp,-,INT,2,0,1066,0,125000.0003,254,0,533000000.0,0.0,0.008,0.0,Normal
0.872832,tcp,http,FIN,10,10,846,1216,21.768221,62,252,6984.162109,10036.2959,96.928,92.167109,Normal
9e-06,unas,-,INT,2,0,200,0,111111.1072,254,0,88888888.0,0.0,0.009,0.0,Attack
2.016998,tcp,ftp,FIN,52,54,2934,3740,52.057561,31,29,11414.9834,14560.25195,39.542981,38.047719,Normal
0.004662,tcp,-,FIN,18,18,4016,2456,7507.507333,31,29,6508794.5,3981124.0,0.256,0.245,Normal
8e-06,udp,dns,INT,2,0,114,0,125000.0003,254,0,57000000.0,0.0,0.008,0.0,Attack
3e-06,udp,dns,INT,2,0,114,0,333333.3215,254,0,152000000.0,0.0,0.003,0.0,Attack
8e-06,udp,dns,INT,2,0,114,0,125000.0003,254,0,57000000.0,0.0,0.008,0.0,Attack
0.487147,tcp,http,FIN,10,6,982,268,30.791527,254,252,14517.17871,3678.561035,52.181,83.932203,Attack
0.189736,tcp,http,FIN,10,12,812,8454,110.680107,62,252,30821.77539,326769.8438,21.081778,16.294818,Attack
3e-06,udp,dns,INT,2,0,114,0,333333.3215,254,0,152000000.0,0.0,0.003,0.0,Attack
0.030952,tcp,-,FIN,122,126,7816,15132,7980.098441,31,29,2003618.625,3880072.5,0.268254,0.245145,Normal
0.790384,udp,-,CON,4,4,568,312,8.856455,31,29,4311.828125,2368.468994,221.016328,100.354,Normal
0.024287,tcp,http,FIN,8,10,1042,824,699.962935,31,29,300407.625,244410.5938,3.419143,2.638667,Normal
0.611485,tcp,http,FIN,10,10,834,5598,31.071899,62,252,9825.261719,65924.75781,67.942778,59.627111,Attack
9e-06,udp,dns,INT,2,0,114,0,111111.1072,254,0,50666664.0,0.0,0.009,0.0,Attack
1e-05,udp,dns,INT,2,0,114,0,100000.0025,254,0,45600000.0,0.0,0.01,0.0,Attack
0.188451,tcp,-,FIN,10,6,558,268,79.596285,254,252,21353.0293,9509.102539,19.480778,26.005199,Attack
9e-06,udp,-,INT,2,0,168,0,111111.1072,254,0,74666664.0,0.0,0.009,0.0,Attack
2e-06,udp,dns,INT,2,0,114,0,500000.0013,254,0,228000000.0,0.0,0.002,0.0,Attack
8e-06,udp,dns,INT,2,0,114,0,125000.0003,254,0,57000000.0,0.0,0.008,0.0,Attack
8e-06,udp,dns,INT,2,0,114,0,125000.0003,254,0,57000000.0,0.0,0.008,0.0,Attack
6e-06,a/n,-,INT,2,0,200,0,166666.6608,254,0,133333328.0,0.0,0.006,0.0,Attack
1e-06,udp,dns,INT,2,0,114,0,1000000.003,254,0,456000000.0,0.0,0.001,0.0,Attack
0.15671,udp,dns,CON,2,2,144,414,19.143641,62,252,3675.579102,10567.29004,0.004,0.009,Attack
9e-06,vines,-,INT,2,0,200,0,111111.1072,254,0,88888888.0,0.0,0.009,0.0,Attack
9e-06,udp,dns,INT,2,0,114,0,111111.1072,254,0,50666664.0,0.0,0.009,0.0,Attack
4e-06,udp,dns,INT,2,0,114,0,250000.0006,254,0,114000000.0,0.0,0.004,0.0,Attack
0.823977,tcp,-,FIN,122,126,7814,16912,299.765651,31,29,75244.82031,162897.75,6.805744,6.587936,Normal
9e-06,udp,dns,INT,2,0,114,0,111111.1072,254,0,50666664.0,0.0,0.009,0.0,Attack
6e-06,smp,-,INT,2,0,200,0,166666.6608,254,0,133333328.0,0.0,0.006,0.0,Attack
9e-06,udp,dns,INT,2,0,114,0,111111.1072,254,0,50666664.0,0.0,0.009,0.0,Attack
6e-06,unas,-,INT,2,0,200,0,166666.6608,254,0,133333328.0,0.0,0.006,0.0,Attack
1.529896,tcp,-,FIN,12,10,994,842,13.726423,254,252,4768.95166,3963.667969,134.506722,158.040562,Attack
9e-06,udp,dns,INT,2,0,114,0,111111.1072,254,0,50666664.0,0.0,0.009,0.0,Attack
8e-06,udp,dns,INT,2,0,114,0,125000.0003,254,0,57000000.0,0.0,0.008,0.0,Attack
0.655021,tcp,-,FIN,10,8,564,354,25.953366,254,252,6204.381348,3786.138184,71.352556,92.758711,Attack
5e-06,udp,dns,INT,2,0,114,0,200000.0051,254,0,91200000.0,0.0,0.005,0.0,Attack
1.231994,tcp,http,FIN,12,10,912,4260,17.045537,62,252,5428.597656,24896.22461,111.999452,123.408667,Attack
5e-06,udp,dns,INT,2,0,114,0,200000.0051,254,0,91200000.0,0.0,0.005,0.0,Attack
1.266729,tcp,http,FIN,14,18,1684,10168,24.47248,31,29,9877.408203,60653.85938,97.414923,74.484176,Normal
59.760056,ospf,-,INT,180,0,48960,0,2.995312,254,0,6517.79834,0.0,333.854969,0.0,Attack
0.914134,tcp,http,FIN,60,14,68195,612,79.856999,254,252,586863.625,4979.576172,15.493797,63.792461,Attack
2.367708,tcp,pop3,FIN,20,22,946,4998,17.316325,62,252,3037.536865,16120.23145,124.57252,108.981333,Attack
0.001024,udp,dns,CON,2,2,130,162,2929.687507,31,29,507812.5,632812.5,0.001,0.009,Normal
9e-06,udp,dns,INT,2,0,114,0,111111.1072,254,0,50666664.0,0.0,0.009,0.0,Attack
1.253924,tcp,http,FIN,14,18,1684,10168,24.722391,31,29,9978.276367,61273.25,96.428923,73.728412,Normal
8e-06,udp,-,INT,2,0,168,0,125000.0003,254,0,84000000.0,0.0,0.008,0.0,Attack
0.001053,udp,dns,CON,2,2,146,178,2849.002888,31,29,554605.875,676163.375,0.008,0.006,Normal
1.676287,tcp,-,FIN,10,8,564,354,10.141461,254,252,2424.405762,1479.460205,183.571111,227.524,Attack
0.323397,tcp,ftp-data,FIN,8,12,424,8824,58.751316,31,29,9177.574219,200100.7969,46.148715,29.351546,Normal
0.01696,tcp,-,FIN,48,50,2958,32642,5719.339414,31,29,1366509.375,15089622.0,0.361804,0.335694,Normal
21.283375,ospf,-,INT,28,0,12832,0,1.268596,254,0,4651.14209,0.0,788.273187,0.0,Attack
4e-06,udp,dns,INT,2,0,114,0,250000.0006,254,0,114000000.0,0.0,0.004,0.0,Attack
0.67337,tcp,-,FIN,16,10,1550,556,37.126691,254,252,17274.30664,5952.150879,43.939,67.130664,Normal
7e-06,unas,-,INT,2,0,200,0,142857.1409,254,0,114285712.0,0.0,0.007,0.0,Attack
7.02218,tcp,-,FIN,68,300,3180,385783,52.262972,62,252,3570.401123,438038.3125,104.80866,23.255097,Attack
0.61765,tcp,smtp,FIN,38,22,30856,1872,95.523359,62,252,389139.5,23145.79492,16.680109,28.187477,Attack
0.075995,tcp,-,FIN,48,50,2958,33044,1276.399793,31,29,304967.4375,3409066.5,1.609064,1.541163,Normal
2.027496,tcp,-,FIN,12,12,984,894,11.344042,254,252,3559.069824,3235.517822,184.224179,175.065,Attack
0.532944,tcp,smtp,FIN,54,42,37808,3380,178.255118,31,29,557026.625,49536.16016,10.048831,12.98522,Normal
1.005886,tcp,pop3,FIN,30,94,1394,102056,122.280263,62,252,10720.89746,803041.3125,34.685723,10.740925,Attack
4.71767,tcp,-,FIN,254,512,14596,645754,162.15632,31,29,24654.54297,1092900.5,18.645656,9.231307,Normal
0.001023,udp,dns,CON,2,2,130,162,2932.551349,31,29,508308.9063,633431.0625,0.009,0.004,Normal
3.2e-05,udp,dns,INT,2,0,114,0,31250.00008,254,0,14250000.0,0.0,0.032,0.0,Attack
0.573345,tcp,-,FIN,12,8,996,714,33.13886,254,252,12739.27539,8720.75293,49.635092,70.94657,Attack
3e-06,tlsp,-,INT,2,0,200,0,333333.3215,254,0,266666656.0,0.0,0.003,0.0,Attack
0.763984,tcp,-,FIN,10,6,500,268,19.633918,254,252,4712.140625,2345.598877,74.561889,138.383,Attack
0.015939,tcp,-,FIN,48,50,2974,30506,6085.70207,31,29,1462074.25,15005208.0,0.33963,0.313898,Normal
0.336193,tcp,ftp-data,FIN,8,8,364,968,44.617229,62,252,7590.87793,20155.08984,48.02757,44.20743,Attack
0.384832,tcp,-,CON,6,2,978,86,18.189756,62,252,16942.45898,893.896545,76.9664,0.003,Normal
4.797279,tcp,smtp,FIN,294,60,366330,3472,73.583381,62,252,608818.5,5694.89502,16.372966,80.221711,Attack
2e-06,udp,dns,INT,2,0,114,0,500000.0013,254,0,228000000.0,0.0,0.002,0.0,Attack
0.556596,tcp,ftp-data,FIN,8,10,364,3754,30.5428,62,252,4585.013184,48566.64453,79.513714,56.590889,Attack
59.985222,tcp,http,CON,1044,6994,45360,9347681,133.983,62,252,6043.755371,1246486.375,57.466274,8.593893,Attack
0.63681,tcp,-,FIN,10,8,564,354,26.69556,254,252,6381.809082,3894.411133,70.314222,90.065859,Attack
1.104661,tcp,-,FIN,12,8,980,714,17.199847,254,252,6510.594727,4526.275391,100.411179,142.719719,Attack
3e-06,udp,dns,INT,2,0,114,0,333333.3215,254,0,152000000.0,0.0,0.003,0.0,Attack
0.774573,tcp,http,FIN,10,10,800,4258,24.529643,62,252,7436.35498,39588.26172,83.343333,81.279889,Attack
9e-06,udp,dns,INT,2,0,114,0,111111.1072,254,0,50666664.0,0.0,0.009,0.0,Attack
1.475411,tcp,ftp-data,FIN,8,12,424,8824,12.877767,31,29,2011.642822,43860.32031,210.728719,134.084273,Normal
0.371341,tcp,-,FIN,28,30,4264,3080,153.497733,31,29,88587.03906,64156.66797,14.270231,12.785069,Normal
0.046285,tcp,-,FIN,60,62,3598,48710,2614.237891,31,29,611688.4375,8283461.0,0.778814,0.749328,Normal
35.570091,tcp,http,FIN,434,2630,19056,3618028,86.111671,62,252,4276.176758,813414.375,82.145543,13.511972,Attack
9e-06,udp,-,INT,2,0,168,0,111111.1072,254,0,74666664.0,0.0,0.009,0.0,Attack
0.647981,tcp,-,FIN,10,6,534,268,23.148827,254,252,5938.445801,2765.513184,63.297,113.727,Normal
7e-06,udp,dns,INT,2,0,114,0,142857.1409,254,0,65142856.0,0.0,0.007,0.0,Attack
0.737598,tcp,-,FIN,10,8,564,354,23.047785,254,252,5509.776367,3362.265137,78.421556,95.57857,Attack
8e-06,nsfnet-igp,-,INT,2,0,200,0,125000.0003,254,0,100000000.0,0.0,0.008,0.0,Attack
2e-06,igmp,-,INT,2,0,82,0,500000.0013,254,0,164000000.0,0.0,0.002,0.0,Normal
1.002324,tcp,-,FIN,60,14,68187,612,72.830742,254,252,535164.3125,4541.445801,16.513356,64.840152,Attack
0.016862,tcp,-,FIN,48,50,2958,32642,5752.579967,31,29,1374451.5,15177322.0,0.359826,0.347362,Normal
2e-06,udp,dns,INT,2,0,114,0,500000.0013,254,0,228000000.0,0.0,0.002,0.0,Attack
3.187929,tcp,http,FIN,46,252,2358,319890,93.163934,62,252,5789.338867,799568.625,70.842866,12.51436,Attack
0.001048,udp,dns,CON,2,2,146,178,2862.595564,31,29,557251.9375,679389.375,0.008,0.007,Normal
0.001073,udp,dns,CON,2,2,132,164,2795.899292,31,29,492078.2813,611370.0,0.01,0.008,Normal
8e-06,udp,dns,INT,2,0,114,0,125000.0003,254,0,57000000.0,0.0,0.008,0.0,Attack
8e-06,udp,dns,INT,2,0,114,0,125000.0003,254,0,57000000.0,0.0,0.008,0.0,Attack
9e-06,unas,-,INT,2,0,200,0,111111.1072,254,0,88888888.0,0.0,0.009,0.0,Attack
0.025179,tcp,smtp,FIN,52,42,37268,3380,3693.554068,31,29,11613487.0,1048492.75,0.49668,0.601317,Normal
7e-06,udp,dns,INT,2,0,114,0,142857.1409,254,0,65142856.0,0.0,0.007,0.0,Attack
3.061148,tcp,ftp,FIN,28,22,1456,1634,16.007067,62,252,3669.21167,4076.901855,113.37585,144.674141,Attack
6e-06,udp,dns,INT,2,0,114,0,166666.6608,254,0,76000000.0,0.0,0.006,0.0,Attack
2.116807,tcp,-,FIN,12,8,4658,354,8.975783,254,252,16137.5127,1171.575928,192.436996,290.484438,Normal
5.386483,tcp,ftp,FIN,26,24,1342,1738,9.096844,62,252,1917.39209,2474.341797,215.459325,230.774734,Attack
1.84703,tcp,-,FIN,10,8,1150,354,9.203965,254,252,4482.872559,1342.696045,203.295667,257.155719,Attack
3e-06,sctp,-,INT,2,0,200,0,333333.3215,254,0,266666656.0,0.0,0.003,0.0,Attack
9e-06,udp,-,INT,2,0,104,0,111111.1072,254,0,46222220.0,0.0,0.009,0.0,Normal
9e-06,idpr,-,INT,2,0,200,0,111111.1072,254,0,88888888.0,0.0,0.009,0.0,Attack
0.001021,udp,dns,CON,2,2,146,178,2938.295862,31,29,571988.25,697355.5625,0.009,0.007,Normal
0.091027,tcp,-,FIN,52,54,3182,39076,1153.503917,31,29,274292.25,3370692.25,1.81434,1.706547,Normal
2.100645,tcp,ftp,FIN,22,22,1162,1648,20.469903,62,252,4227.272949,5994.349121,100.030713,97.436524,Attack
1.18185,tcp,http,FIN,14,18,1684,10168,26.230064,31,29,10586.79199,65009.94531,90.88169,69.490706,Normal
0.001044,udp,dns,CON,2,2,146,178,2873.563127,31,29,559386.9375,681992.3125,0.004,0.006,Normal
0.624993,tcp,http,FIN,10,8,854,1286,27.200304,62,252,9843.30957,14412.96094,69.443667,73.367,Normal
9e-06,udp,dns,INT,2,0,114,0,111111.1072,254,0,50666664.0,0.0,0.009,0.0,Attack
8e-06,udp,dns,INT,2,0,114,0,125000.0003,254,0,57000000.0,0.0,0.008,0.0,Attack
1e-06,udp,-,INT,2,0,104,0,1000000.003,254,0,416000000.0,0.0,0.001,0.0,Normal
2.146296,ospf,-,INT,18,0,2858,0,7.920622,254,0,10063.84961,0.0,126.252703,0.0,Attack
0.163239,sctp,-,CON,4,2,536,440,30.629935,254,60,19701.17383,10781.73731,54.413,0.002,Attack
0.315951,tcp,-,FIN,14,6,640,268,60.135909,254,252,15065.62793,5671.765625,22.924231,61.447398,Attack
0.059352,udp,-,CON,4,4,568,320,117.940425,31,29,57420.13672,32349.37305,14.663333,19.286666,Normal
2e-06,unas,-,INT,2,0,200,0,500000.0013,254,0,400000000.0,0.0,0.002,0.0,Attack
16.170187,ospf,-,REQ,16,0,4352,0,0.927633,254,0,2018.529541,0.0,1290.972,0.0,Attack
1.133182,tcp,http,FIN,10,10,942,1138,16.766944,254,252,5986.681641,7236.260254,125.909111,110.367,Attack
8e-06,unas,-,INT,2,0,200,0,125000.0003,254,0,100000000.0,0.0,0.008,0.0,Attack
1e-05,dcn,-,INT,2,0,200,0,100000.0025,254,0,80000000.0,0.0,0.01,0.0,Attack
6e-06,udp,-,INT,2,0,2700,0,166666.6608,254,0,1800000000.0,0.0,0.006,0.0,Attack
1.076263,tcp,http,FIN,12,14,1156,5192,23.228524,62,252,7879.115234,35842.54297,97.842089,74.618385,Attack
0.024964,tcp,-,FIN,60,62,3614,50036,4846.979812,31,29,1138920.125,15775998.0,0.417763,0.399852,Normal
9e-06,any,-,INT,2,0,200,0,111111.1072,254,0,88888888.0,0.0,0.009,0.0,Attack
7e-06,sccopmce,-,INT,2,0,200,0,142857.1409,254,0,114285712.0,0.0,0.007,0.0,Attack
35.186535,udp,dns,INT,116,0,11136,0,3.268296,254,0,2510.051025,0.0,305.969875,0.0,Attack
0.216118,tcp,http,FIN,10,6,844,268,69.40653,254,252,28132.7793,8291.766602,21.747111,40.953,Attack
0.254537,tcp,ftp-data,FIN,8,12,424,8824,74.64534,31,29,11660.3877,254234.1719,36.284713,23.097819,Normal
1.746781,tcp,http,FIN,60,16,68187,698,42.936121,254,252,307083.7188,2999.803711,29.606458,108.48993,Attack
0.006205,tcp,-,FIN,22,24,1958,2308,7252.215974,31,29,2409669.75,2851893.75,0.29315,0.244696,Normal
1.997939,tcp,ssh,FIN,108,116,9504,12402,111.61502,31,29,37702.85156,49234.73828,18.669412,17.368261,Normal
51.983376,udp,dns,REQ,60,0,16260,0,1.134978,254,0,2460.632812,0.0,884.782938,0.0,Attack
0.008635,tcp,-,FIN,34,36,2230,13500,7990.735078,31,29,2005790.25,12159814.0,0.259031,0.234324,Normal
9e-06,udp,dns,INT,2,0,114,0,111111.1072,254,0,50666664.0,0.0,0.009,0.0,Attack
7e-06,unas,-,INT,2,0,200,0,142857.1409,254,0,114285712.0,0.0,0.007,0.0,Attack
0.022762,tcp,-,FIN,48,50,2958,33044,4261.488341,31,29,1018188.188,11381776.0,0.477723,0.453959,Normal
0.305192,udp,-,CON,4,4,568,312,22.936382,31,29,11166.74121,6133.84375,91.675336,82.288336,Normal
6e-06,udp,-,INT,2,0,1634,0,166666.6608,254,0,1089333248.0,0.0,0.006,0.0,Normal
0.0,arp,-,INT,1,0,46,0,0.0,0,0,0.0,0.0,60000.712,0.0,Normal
1.418451,tcp,http,FIN,10,8,740,354,11.984905,254,252,3756.210205,1748.386108,157.605667,187.312578,Attack
7e-06,udp,-,INT,2,0,2050,0,142857.1409,254,0,1171428608.0,0.0,0.007,0.0,Normal
5e-06,udp,dns,INT,2,0,114,0,200000.0051,254,0,91200000.0,0.0,0.005,0.0,Attack
0.275482,tcp,http,FIN,10,6,1044,268,54.450019,254,252,27297.60938,6504.962402,27.676222,43.235,Attack
7e-06,udp,-,INT,2,0,1064,0,142857.1409,254,0,608000000.0,0.0,0.007,0.0,Normal
59.710556,udp,dns,REQ,92,0,7176,0,1.524019,254,0,950.98761,0.0,684.4655,0.0,Attack
0.326969,tcp,-,FIN,40,10,43544,440,149.861303,254,252,1038777.375,9688.992188,8.383821,35.566332,Attack
0.415383,tcp,-,FIN,10,6,1506,268,36.111251,254,252,26115.65625,4314.09082,41.942444,71.332,Normal
9e-06,udp,-,INT,2,0,168,0,111111.1072,254,0,74666664.0,0.0,0.009,0.0,Attack
6e-06,any,-,INT,2,0,200,0,166666.6608,254,0,133333328.0,0.0,0.006,0.0,Attack
1.009917,tcp,http,FIN,14,18,1684,10168,30.695591,31,29,12389.13672,76077.53906,77.659075,59.374353,Normal
9e-06,udp,-,INT,2,0,168,0,111111.1072,254,0,74666664.0,0.0,0.009,0.0,Attack
0.03523,tcp,-,FIN,28,42,2198,34406,1958.558071,31,29,481407.9063,7626909.0,1.341962,0.847366,Normal
3e-06,udp,dns,INT,2,0,114,0,333333.3215,254,0,152000000.0,0.0,0.003,0.0,Attack
3e-06,udp,dns,INT,2,0,114,0,333333.3215,254,0,152000000.0,0.0,0.003,0.0,Attack
9e-06,udp,dns,INT,2,0,114,0,111111.1072,254,0,50666664.0,0.0,0.009,0.0,Attack
6e-06,unas,-,INT,2,0,200,0,166666.6608,254,0,133333328.0,0.0,0.006,0.0,Attack
8.770799,tcp,-,FIN,24,24,2024,4312,5.358691,31,29,1769.508179,3769.782227,381.322132,381.316122,Normal
9e-06,udp,dns,INT,2,0,114,0,111111.1072,254,0,50666664.0,0.0,0.009,0.0,Attack
8.781379,tcp,smtp,FIN,242,58,304129,3378,34.049323,62,252,275922.9688,3024.582031,36.434257,151.326437,Attack
1.472702,tcp,http,FIN,60,16,68187,698,50.926799,254,252,364233.9063,3558.085693,24.882069,93.135797,Attack
0.018164,tcp,-,FIN,16,18,1540,1644,1816.780491,31,29,635983.25,683990.3125,1.190733,1.041823,Normal
0.027976,tcp,-,FIN,52,54,3182,39076,3753.216952,31,29,892479.25,10967400.0,0.54986,0.517094,Normal
9e-06,udp,dns,INT,2,0,114,0,111111.1072,254,0,50666664.0,0.0,0.009,0.0,Attack
0.052335,tcp,-,FIN,60,62,3614,50036,2312.028212,31,29,543269.3125,7525212.5,0.896328,0.848984,Normal
7e-06,sccopmce,-,INT,2,0,200,0,142857.1409,254,0,114285712.0,0.0,0.007,0.0,Attack
9e-06,qnx,-,INT,2,0,200,0,111111.1072,254,0,88888888.0,0.0,0.009,0.0,Attack
0.003954,tcp,http,FIN,8,10,1058,822,4299.443776,31,29,1873545.875,1497218.125,0.516143,0.386556,Normal
3e-06,udp,dns,INT,2,0,114,0,333333.3215,254,0,152000000.0,0.0,0.003,0.0,Attack
1e-06,3pc,-,INT,2,0,200,0,1000000.003,254,0,800000000.0,0.0,0.001,0.0,Attack
9e-06,udp,dns,INT,2,0,114,0,111111.1072,254,0,50666664.0,0.0,0.009,0.0,Attack
1.09172,tcp,ftp,FIN,20,22,1080,1614,37.555418,62,252,7518.411621,11292.27246,57.458946,51.521999,Attack
0.264034,tcp,http,FIN,10,8,1352,1044,64.385647,254,252,36874.03906,27693.40234,29.337111,32.789145,Attack
1.554304,tcp,-,FIN,10,8,564,354,10.937371,254,252,2614.675049,1595.569458,172.700444,206.326719,Attack
8e-06,pim,-,INT,2,0,200,0,125000.0003,254,0,100000000.0,0.0,0.008,0.0,Attack
3e-06,udp,-,INT,2,0,1064,0,333333.3215,254,0,1418666624.0,0.0,0.003,0.0,Normal
9e-06,unas,-,INT,2,0,200,0,111111.1072,254,0,88888888.0,0.0,0.009,0.0,Attack
2e-06,unas,-,INT,2,0,200,0,500000.0013,254,0,400000000.0,0.0,0.002,0.0,Attack
0.001627,udp,-,CON,4,4,544,304,4302.396921,31,29,2006146.25,1121081.75,0.426667,0.194,Normal
0.0054,tcp,ftp-data,FIN,14,6,8928,320,3518.518427,31,29,12282963.0,395555.5313,0.415385,0.9608,Normal
0.355906,tcp,ftp-data,FIN,6,8,320,1910,36.526498,31,29,6001.584473,37582.95703,71.1142,50.772715,Normal
0.003955,tcp,http,FIN,8,10,1048,824,4298.356424,31,29,1854867.25,1500884.875,0.516714,0.378333,Normal
1e-05,udp,dns,INT,2,0,114,0,100000.0025,254,0,45600000.0,0.0,0.01,0.0,Attack
0.088356,tcp,-,FIN,84,86,4862,75600,1912.716668,31,29,435058.1563,6765448.5,1.060711,1.046,Normal
1e-05,unas,-,INT,2,0,200,0,100000.0025,254,0,80000000.0,0.0,0.01,0.0,Attack
0.0,arp,-,INT,1,0,46,0,0.0,0,0,0.0,0.0,60000.752,0.0,Normal
7e-06,udp,dns,INT,2,0,114,0,142857.1409,254,0,65142856.0,0.0,0.007,0.0,Attack
0.043278,tcp,-,FIN,66,68,3926,57474,3073.154863,31,29,714820.4375,10467951.0,0.659954,0.647227,Normal
8e-06,udp,dns,INT,2,0,114,0,125000.0003,254,0,57000000.0,0.0,0.008,0.0,Attack
9e-06,udp,-,INT,2,0,320,0,111111.1072,254,0,142222224.0,0.0,0.009,0.0,Attack
0.004346,udp,-,CON,4,4,568,304,1610.676473,31,29,784169.375,419696.2813,1.157333,0.966667,Normal
0.247715,tcp,http,FIN,12,28,930,30426,157.438995,62,252,27547.78711,947540.5625,22.507272,8.173074,Attack
0.642336,tcp,-,FIN,10,6,1078,268,23.352264,254,252,12093.35938,2789.817139,60.416889,114.306203,Attack
4e-06,udp,dns,INT,2,0,114,0,250000.0006,254,0,114000000.0,0.0,0.004,0.0,Attack
0.602352,tcp,-,FIN,10,8,2516,354,28.222699,254,252,30082.07617,4117.193848,62.877444,73.724,Attack
6e-06,igp,-,INT,2,0,180,0,166666.6608,254,0,119999992.0,0.0,0.006,0.0,Attack
0.087973,tcp,-,FIN,78,80,4550,72810,1784.638497,31,29,408488.9688,6538370.0,1.138364,1.105481,Normal
8e-06,unas,-,INT,2,0,200,0,125000.0003,254,0,100000000.0,0.0,0.008,0.0,Attack
8e-06,udp,dns,INT,2,0,114,0,125000.0003,254,0,57000000.0,0.0,0.008,0.0,Attack
9e-06,unas,-,INT,2,0,200,0,111111.1072,254,0,88888888.0,0.0,0.009,0.0,Attack
0.03199,tcp,-,FIN,60,62,3598,48710,3782.432115,31,29,885026.625,11984996.0,0.53661,0.523117,Normal
0.072091,tcp,-,FIN,22,24,1920,4312,624.211081,31,29,203409.5781,458642.5625,3.374905,3.252364,Normal
8e-06,gre,-,INT,2,0,156,0,125000.0003,254,0,78000000.0,0.0,0.008,0.0,Attack
2e-06,udp,dns,INT,2,0,114,0,500000.0013,254,0,228000000.0,0.0,0.002,0.0,Attack
0.004372,tcp,ftp-data,FIN,8,12,424,8824,4345.836918,31,29,678865.5,14801463.0,0.580714,0.354636,Normal
0.142249,tcp,smtp,FIN,52,40,37372,3276,639.723288,31,29,2061399.375,179684.9219,2.8382,3.633256,Normal
1.99286,tcp,-,FIN,10,8,564,354,8.530454,254,252,2039.280273,1244.442627,217.109,260.876141,Attack
0.065973,tcp,-,FIN,72,74,4238,63516,2197.868867,31,29,506874.0313,7598017.5,0.937857,0.896219,Normal
0.524132,tcp,-,FIN,10,6,756,268,28.618744,254,252,10394.32813,3418.986084,58.121222,94.838602,Attack
0.48387,tcp,http,FIN,10,8,786,1304,35.133404,62,252,11705.62305,18864.57031,53.763333,55.113855,Attack
0.121685,tcp,smtp,FIN,52,40,37358,3276,747.832529,31,29,2408842.5,210050.5469,2.379157,3.10641,Normal
1.944419,tcp,-,FIN,10,8,756,354,8.742971,254,252,2801.865234,1275.44519,205.352889,270.724719,Attack
0.028016,tcp,-,FIN,48,50,2974,30506,3462.307361,31,29,831810.4375,8536836.0,0.588447,0.558571,Normal
31.775375,tcp,-,FIN,20,12,1512,536,0.975598,254,252,361.789581,123.869507,1671.501947,2881.97825,Attack
8e-06,udp,dns,INT,2,0,114,0,125000.0003,254,0,57000000.0,0.0,0.008,0.0,Attack
3e-06,unas,-,INT,2,0,200,0,333333.3215,254,0,266666656.0,0.0,0.003,0.0,Attack
32.081898,tcp,http,FIN,120,28,136392,1224,4.582023,254,252,33727.67969,294.496307,271.692478,1185.538625,Attack
5e-06,udp,dns,INT,2,0,114,0,200000.0051,254,0,91200000.0,0.0,0.005,0.0,Attack
5.822372,tcp,smtp,FIN,482,88,611129,4800,97.726494,62,252,837956.75,6521.053711,12.152829,66.692945,Attack
0.631124,tcp,-,FIN,10,8,576,354,26.936069,254,252,6578.73877,3929.49707,66.168444,80.410141,Normal
1.005622,tcp,http,FIN,12,18,1580,10168,28.837873,31,29,11527.19336,76402.46094,91.38873,59.122,Normal
0.768296,tcp,-,FIN,10,8,534,354,22.126888,254,252,5008.486328,3227.922607,82.235333,98.059141,Attack
4.457057,tcp,-,FIN,28,30,5142,3534,12.788708,254,252,8900.94043,6133.194824,165.076179,149.165859,Attack
0.001651,udp,-,CON,4,4,536,304,4239.854637,31,29,1947910.375,1104785.0,0.424667,0.202333,Normal
5e-06,dcn,-,INT,2,0,200,0,200000.0051,254,0,160000000.0,0.0,0.005,0.0,Attack
0.018307,tcp,-,FIN,16,18,1540,1644,1802.589134,31,29,631015.4375,678647.5,1.198667,1.050059,Normal
0.00449,tcp,-,FIN,22,14,1470,1728,7795.099883,31,29,2501559.0,2859688.0,0.2245,0.287846,Normal
9e-06,udp,dns,INT,2,0,114,0,111111.1072,254,0,50666664.0,0.0,0.009,0.0,Attack
3e-06,udp,dns,INT,2,0,114,0,333333.3215,254,0,152000000.0,0.0,0.003,0.0,Attack
0.803563,tcp,smtp,FIN,54,24,48057,2022,95.823227,62,252,469588.5625,19294.06836,15.161566,33.928348,Attack
0.013009,tcp,-,FIN,38,40,2438,19266,5918.979333,31,29,1459912.375,11552003.0,0.361886,0.327974,Normal
6e-06,udp,dns,INT,2,0,114,0,166666.6608,254,0,76000000.0,0.0,0.006,0.0,Attack
6e-06,gre,-,INT,2,0,156,0,166666.6608,254,0,104000000.0,0.0,0.006,0.0,Attack
9e-06,ifmp,-,INT,2,0,200,0,111111.1072,254,0,88888888.0,0.0,0.009,0.0,Attack
7e-06,udp,dns,INT,2,0,114,0,142857.1409,254,0,65142856.0,0.0,0.007,0.0,Attack
9e-06,unas,-,INT,2,0,200,0,111111.1072,254,0,88888888.0,0.0,0.009,0.0,Attack
8e-06,udp,dns,INT,2,0,114,0,125000.0003,254,0,57000000.0,0.0,0.008,0.0,Attack
7e-06,sdrp,-,INT,2,0,200,0,142857.1409,254,0,114285712.0,0.0,0.007,0.0,Attack
3e-06,udp,dns,INT,2,0,114,0,333333.3215,254,0,152000000.0,0.0,0.003,0.0,Attack
3e-06,udp,dns,INT,2,0,114,0,333333.3215,254,0,152000000.0,0.0,0.003,0.0,Attack
1.557658,tcp,-,FIN,10,6,1046,268,9.629842,254,252,4838.032715,1150.445068,171.320889,295.982813,Attack
8e-06,udp,dns,INT,2,0,114,0,125000.0003,254,0,57000000.0,0.0,0.008,0.0,Attack
8e-06,udp,dns,INT,2,0,114,0,125000.0003,254,0,57000000.0,0.0,0.008,0.0,Attack
2e-06,unas,-,INT,2,0,200,0,500000.0013,254,0,400000000.0,0.0,0.002,0.0,Attack
1e-06,udp,dns,INT,2,0,114,0,1000000.003,254,0,456000000.0,0.0,0.001,0.0,Attack
4e-06,udp,dns,INT,2,0,114,0,250000.0006,254,0,114000000.0,0.0,0.004,0.0,Attack
0.015007,tcp,-,FIN,44,46,2766,27770,5930.565571,31,29,1441460.625,14482308.0,0.357951,0.321267,Normal
1.069784,tcp,-,FIN,10,8,588,354,15.891058,254,252,3963.416748,2318.224854,115.645111,138.827719,Attack
3e-06,udp,dns,INT,2,0,114,0,333333.3215,254,0,152000000.0,0.0,0.003,0.0,Attack
1.555163,tcp,ftp-data,FIN,8,8,364,672,9.645291,62,252,1640.985474,3024.763184,221.992714,208.555719,Attack
2e-06,udp,dns,INT,2,0,114,0,500000.0013,254,0,228000000.0,0.0,0.002,0.0,Attack
1.199001,tcp,smtp,FIN,22,20,3997,1834,34.195135,62,252,25461.19727,11629.68262,59.950051,59.578422,Attack
9e-06,udp,dns,INT,2,0,114,0,111111.1072,254,0,50666664.0,0.0,0.009,0.0,Attack
0.40165,tcp,http,FIN,10,8,792,1052,42.325406,62,252,14201.41895,18344.33008,44.525667,49.726,Attack
9e-06,udp,dns,INT,2,0,114,0,111111.1072,254,0,50666664.0,0.0,0.009,0.0,Attack
0.758638,tcp,-,FIN,10,8,564,354,22.408579,254,252,5356.968262,3269.016113,84.293111,97.190141,Attack
9e-06,udp,dns,INT,2,0,114,0,111111.1072,254,0,50666664.0,0.0,0.009,0.0,Attack
0.839333,tcp,-,FIN,16,10,942,556,29.785556,254,252,8425.738281,4775.220215,5361.275062,8578.234,Attack
1e-06,udp,dns,INT,2,0,114,0,1000000.003,254,0,456000000.0,0.0,0.001,0.0,Attack
2e-06,udp,-,INT,2,0,1064,0,500000.0013,254,0,2128000000.0,0.0,0.002,0.0,Normal
0.054316,tcp,-,FIN,60,62,3614,45696,2227.704579,31,29,523455.3438,6621842.5,0.93019,0.8962,Normal
9e-06,unas,-,INT,2,0,200,0,111111.1072,254,0,88888888.0,0.0,0.009,0.0,Attack
0.530196,tcp,-,FIN,10,8,574,354,32.063614,254,252,7800.888672,4677.515625,58.910667,66.254859,Attack
5e-06,udp,-,INT,2,0,744,0,200000.0051,254,0,595200000.0,0.0,0.005,0.0,Attack
1.075526,tcp,-,FIN,30,42,2302,34406,66.014211,31,29,16557.48047,249827.5313,37.076035,26.22061,Normal
7e-06,udp,-,INT,2,0,168,0,142857.1409,254,0,96000000.0,0.0,0.007,0.0,Attack
0.045812,tcp,-,FIN,122,126,7818,15800,5391.600502,31,29,1354055.75,2737274.0,0.405991,0.362592,Normal
0.06809,tcp,-,FIN,60,62,3598,48710,1777.059793,31,29,415802.625,5630783.0,1.130475,1.116525,Normal
0.81243,tcp,-,FIN,60,14,68187,612,89.853892,254,252,660251.3125,5602.943848,13.316831,58.496383,Attack
4e-06,udp,-,INT,2,0,624,0,250000.0006,254,0,624000000.0,0.0,0.004,0.0,Attack
5e-06,udp,dns,INT,2,0,114,0,200000.0051,254,0,91200000.0,0.0,0.005,0.0,Attack
0.589827,tcp,-,FIN,10,8,506,354,28.82201,254,252,6184.864258,4204.622559,65.536333,71.076141,Normal
0.001777,udp,-,CON,4,4,528,304,3939.223351,31,29,1782780.0,1026449.063,0.455333,0.236,Normal
0.474239,tcp,-,CON,6,2,978,86,14.76049,62,252,13748.34277,725.372681,94.8478,0.002,Normal
1e-06,udp,dns,INT,2,0,114,0,1000000.003,254,0,456000000.0,0.0,0.001,0.0,Attack
9e-06,unas,-,INT,2,0,200,0,111111.1072,254,0,88888888.0,0.0,0.009,0.0,Attack
9e-06,unas,-,INT,2,0,200,0,111111.1072,254,0,88888888.0,0.0,0.009,0.0,Attack
2e-06,udp,dns,INT,2,0,114,0,500000.0013,254,0,228000000.0,0.0,0.002,0.0,Attack
0.53195,tcp,http,FIN,10,6,776,268,28.198139,254,252,10512.2666,3368.737793,55.139889,93.556602,Attack
0.001384,udp,dns,CON,2,2,146,178,2167.630144,31,29,421965.3438,514450.875,0.001,0.004,Normal
0.230527,tcp,http,FIN,16,6,11312,268,91.095621,254,252,368026.3125,7773.493164,13.978399,43.016801,Attack
8e-06,udp,dns,INT,2,0,114,0,125000.0003,254,0,57000000.0,0.0,0.008,0.0,Attack
9e-06,udp,dns,INT,2,0,114,0,111111.1072,254,0,50666664.0,0.0,0.009,0.0,Attack
1e-05,udp,-,INT,2,0,168,0,100000.0025,254,0,67200000.0,0.0,0.01,0.0,Attack
0.736285,tcp,http,FIN,10,10,840,1328,25.805226,62,252,8214.210938,12994.96875,81.809444,68.633219,Attack
8e-06,udp,dns,INT,2,0,114,0,125000.0003,254,0,57000000.0,0.0,0.008,0.0,Attack
1.041619,tcp,http,FIN,10,8,1484,354,16.320748,254,252,10260.9502,2380.90918,115.632556,135.556859,Attack
1.159004,tcp,-,FIN,10,8,534,354,14.667767,254,252,3320.092041,2139.768311,125.059111,155.903422,Attack
7.708975,tcp,-,FIN,458,858,25680,1094788,170.580399,31,29,26591.34375,1134794.75,16.867979,8.994749,Normal
4.440741,tcp,smtp,FIN,158,40,185503,2648,44.361965,62,252,332068.9063,4651.476074,28.284974,110.705156,Attack
0.526432,tcp,-,FIN,36,10,39290,440,85.481129,254,252,580496.625,6017.871582,13.556314,49.992777,Attack
0.157431,tcp,-,FIN,14,6,6958,268,120.687788,254,252,328321.5938,11382.76367,10.746616,30.0694,Attack
8e-06,udp,dns,INT,2,0,114,0,125000.0003,254,0,57000000.0,0.0,0.008,0.0,Attack
3e-06,udp,dns,INT,2,0,114,0,333333.3215,254,0,152000000.0,0.0,0.003,0.0,Attack
2.588601,tcp,http,FIN,58,16,68117,698,28.20056,254,252,206885.4844,2024.259399,45.032228,159.803469,Attack
0.034529,tcp,-,FIN,60,62,3614,45696,3504.30068,31,29,823423.75,10416519.0,0.59914,0.5671,Normal
1e-06,udp,dns,INT,2,0,114,0,1000000.003,254,0,456000000.0,0.0,0.001,0.0,Attack
3e-06,hmp,-,INT,2,0,200,0,333333.3215,254,0,266666656.0,0.0,0.003,0.0,Attack
9e-06,udp,dns,INT,2,0,114,0,111111.1072,254,0,50666664.0,0.0,0.009,0.0,Attack
1.1e-05,udp,-,INT,2,0,1868,0,90909.0902,254,0,679272704.0,0.0,0.011,0.0,Normal
9e-06,rsvp,-,INT,2,0,200,0,111111.1072,254,0,88888888.0,0.0,0.009,0.0,Attack
0.349515,tcp,http,FIN,10,10,756,4376,54.361045,254,252,15587.31445,90159.22656,38.835,35.617889,Attack
1.527248,tcp,-,FIN,10,8,1076,354,11.131132,254,252,5075.796387,1623.835815,165.971778,179.748859,Attack
9e-06,udp,dns,INT,2,0,114,0,111111.1072,254,0,50666664.0,0.0,0.009,0.0,Attack
5e-06,udp,-,INT,2,0,1064,0,200000.0051,254,0,851200000.0,0.0,0.005,0.0,Attack
0.283113,tcp,http,FIN,10,6,856,268,52.982378,254,252,21786.35352,6329.62793,31.457,46.774801,Attack
1e-05,udp,-,INT,2,0,1152,0,100000.0025,254,0,460800000.0,0.0,0.01,0.0,Attack
5e-06,skip,-,INT,2,0,200,0,200000.0051,254,0,160000000.0,0.0,0.005,0.0,Attack
1.317599,mux,-,INT,4,0,400,0,2.276869,254,0,1821.494873,0.0,439.199656,0.0,Attack
1.1e-05,udp,-,INT,2,0,2962,0,90909.0902,254,0,1077090944.0,0.0,0.011,0.0,Attack
3e-06,udp,dns,INT,2,0,114,0,333333.3215,254,0,152000000.0,0.0,0.003,0.0,Attack
8e-06,rsvp,-,INT,2,0,200,0,125000.0003,254,0,100000000.0,0.0,0.008,0.0,Attack
2.136632,tcp,-,FIN,20,20,2722,3104,18.253027,254,252,9682.52832,11041.67676,112.454314,107.964734,Attack
8e-06,udp,dns,INT,2,0,114,0,125000.0003,254,0,57000000.0,0.0,0.008,0.0,Attack
1.073407,tcp,smtp,FIN,34,22,19513,1744,51.238717,254,252,141158.0,12409.08594,33.543968,49.981906,Attack
0.511995,tcp,smtp,FIN,54,44,37938,3484,189.454969,31,29,581818.1875,53203.64453,9.649944,11.895093,Normal
8e-06,udp,dns,INT,2,0,114,0,125000.0003,254,0,57000000.0,0.0,0.008,0.0,Attack
1.861681,tcp,smtp,FIN,16,12,3558,836,14.503022,254,252,14335.43164,3295.946045,124.112065,154.314734,Attack
0.093694,tcp,ftp-data,FIN,14,8,8928,424,224.133879,31,29,707921.5,31677.58789,7.207231,13.295,Normal
0.801039,tcp,-,FIN,10,6,682,268,18.72568,254,252,6132.036133,2237.094727,7245.9112,12073.004,Attack
5e-06,udp,dns,INT,2,0,114,0,200000.0051,254,0,91200000.0,0.0,0.005,0.0,Attack
1.117018,tcp,http,FIN,14,18,1684,10168,27.752463,31,29,11201.25195,68783.13281,85.89631,65.677294,Normal
0.0,arp,-,INT,1,0,46,0,0.0,0,0,0.0,0.0,60000.804,0.0,Normal
0.784688,tcp,-,FIN,10,6,678,268,19.115878,254,252,6229.227539,2283.710205,81.803556,138.076203,Normal
0.835243,tcp,-,FIN,10,6,504,268,17.958846,254,252,4348.435059,2145.483398,92.745889,152.926594,Attack
0.487651,tcp,http,FIN,10,6,814,268,30.759704,254,252,12024.99316,3674.759277,44.393333,86.858797,Attack
0.413887,tcp,ftp-data,FIN,14,8,8928,424,50.738487,31,29,160256.2969,7171.039551,31.83746,59.022715,Normal
0.711533,tcp,-,FIN,12,8,2018,724,26.702907,254,252,20800.16016,7128.270996,64.684821,79.410289,Attack
3e-06,udp,dns,INT,2,0,114,0,333333.3215,254,0,152000000.0,0.0,0.003,0.0,Attack
0.001024,udp,dns,CON,2,2,146,178,2929.687507,31,29,570312.5,695312.5,0.009,0.006,Normal
9e-06,udp,dns,INT,2,0,114,0,111111.1072,254,0,50666664.0,0.0,0.009,0.0,Attack
3e-06,udp,-,INT,2,0,168,0,333333.3215,254,0,224000000.0,0.0,0.003,0.0,Attack
3e-06,kryptolan,-,INT,2,0,200,0,333333.3215,254,0,266666656.0,0.0,0.003,0.0,Attack
9e-06,unas,-,INT,2,0,200,0,111111.1072,254,0,88888888.0,0.0,0.009,0.0,Attack
0.514464,tcp,-,FIN,14,12,956,622,48.594263,254,252,13808.5459,8879.143555,38.135308,45.147727,Attack
1e-06,idpr,-,INT,2,0,200,0,1000000.003,254,0,800000000.0,0.0,0.001,0.0,Attack
8e-06,visa,-,INT,2,0,200,0,125000.0003,254,0,100000000.0,0.0,0.008,0.0,Attack
5e-06,udp,dns,INT,2,0,114,0,200000.0051,254,0,91200000.0,0.0,0.005,0.0,Attack
1.19316,tcp,http,FIN,12,18,1580,10168,24.305205,31,29,9715.376953,64393.70703,108.437179,70.152471,Normal
9e-06,udp,dns,INT,2,0,114,0,111111.1072,254,0,50666664.0,0.0,0.009,0.0,Attack
0.213396,tcp,-,FIN,10,6,2466,268,70.291852,254,252,83225.55469,8397.533203,21.225778,41.279199,Attack
4e-06,qnx,-,INT,2,0,200,0,250000.0006,254,0,200000000.0,0.0,0.004,0.0,Attack
1.080056,tcp,http,FIN,10,8,864,1102,15.739925,62,252,5762.664551,7147.777832,120.006222,146.005578,Normal
1e-06,udp,dns,INT,2,0,156,0,1000000.003,60,0,624000000.0,0.0,0.001,0.0,Normal
8e-06,udp,dns,INT,2,0,114,0,125000.0003,254,0,57000000.0,0.0,0.008,0.0,Attack
0.001099,udp,dns,CON,2,2,146,178,2729.754356,31,29,531392.1875,647861.6875,0.009,0.005,Normal
9e-06,udp,dns,INT,2,0,114,0,111111.1072,254,0,50666664.0,0.0,0.009,0.0,Attack
9e-06,secure-vmtp,-,INT,2,0,200,0,111111.1072,254,0,88888888.0,0.0,0.009,0.0,Attack
0.0,arp,-,INT,1,0,46,0,0.0,0,0,0.0,0.0,60000.428,0.0,Normal
0.453439,tcp,-,FIN,14,14,790,816,59.544945,254,252,12949.92285,13373.35352,34.879924,32.954922,Attack
13.752399,tcp,-,FIN,456,858,25576,1094788,95.474248,31,29,14845.40918,636114.75,30.224366,16.065298,Normal
2.959376,tcp,-,FIN,14,18,804,1002,10.475181,254,252,2019.344604,2559.999023,227.644313,169.531471,Attack
9e-06,tcp,-,REQ,2,0,90,0,111111.1072,254,0,40000000.0,0.0,0.009,0.0,Normal
3.859768,tcp,ftp,FIN,26,22,1322,1620,12.176898,62,252,2636.427979,3206.4104,154.390725,178.774854,Attack
0.0,arp,-,INT,1,0,46,0,0.0,0,0,0.0,0.0,60000.692,0.0,Normal
1.958111,tcp,smtp,FIN,114,32,126804,2294,74.050959,62,252,513523.4688,9082.222656,17.328417,62.156453,Attack
0.487931,tcp,-,FIN,20,8,17286,354,55.335691,254,252,269251.1875,5082.685547,25.680578,58.869145,Attack
7e-06,udp,dns,INT,2,0,114,0,142857.1409,254,0,65142856.0,0.0,0.007,0.0,Attack
8e-06,udp,dns,INT,2,0,114,0,125000.0003,254,0,57000000.0,0.0,0.008,0.0,Attack
9e-06,unas,-,INT,2,0,200,0,111111.1072,254,0,88888888.0,0.0,0.009,0.0,Attack
7e-06,unas,-,INT,2,0,200,0,142857.1409,254,0,114285712.0,0.0,0.007,0.0,Attack
0.00099,udp,dns,CON,2,2,146,178,3030.303118,31,29,589899.0,719191.9375,0.005,0.005,Normal
3.415586,tcp,-,FIN,68,16,81955,698,24.300369,254,252,189133.0,1534.143799,50.976911,221.800531,Attack
0.001077,udp,dns,CON,2,2,146,178,2785.515187,31,29,542246.9375,661095.625,0.009,0.007,Normal
6e-06,udp,dns,INT,2,0,114,0,166666.6608,254,0,76000000.0,0.0,0.006,0.0,Attack
0.912638,tcp,http,FIN,10,6,774,268,16.43587,254,252,6109.760742,1963.538696,96.833889,147.943797,Attack
3e-06,udp,-,INT,2,0,648,0,333333.3215,254,0,864000000.0,0.0,0.003,0.0,Normal
9e-06,udp,dns,INT,2,0,114,0,111111.1072,254,0,50666664.0,0.0,0.009,0.0,Attack
1.159752,tcp,http,FIN,14,18,1684,10168,26.729852,31,29,10788.51367,66248.64844,89.186387,68.190412,Normal
0.660701,tcp,-,FIN,10,6,534,268,22.70316,254,252,5824.117188,2712.270752,71.154556,97.573,Normal
2e-06,udp,dns,INT,2,0,114,0,500000.0013,254,0,228000000.0,0.0,0.002,0.0,Attack
0.271297,tcp,http,FIN,12,16,2206,13392,99.521923,254,252,59654.17969,370221.5625,23.529909,17.494801,Attack
0.018083,tcp,-,FIN,16,18,1540,1644,1824.918376,31,29,638832.0625,687054.125,1.183133,1.035529,Normal
5e-06,unas,-,INT,2,0,200,0,200000.0051,254,0,160000000.0,0.0,0.005,0.0,Attack
7e-06,a/n,-,INT,2,0,200,0,142857.1409,254,0,114285712.0,0.0,0.007,0.0,Attack
1e-05,scps,-,INT,2,0,200,0,100000.0025,254,0,80000000.0,0.0,0.01,0.0,Attack
9e-06,udp,-,INT,2,0,168,0,111111.1072,254,0,74666664.0,0.0,0.009,0.0,Attack
12.222439,tcp,-,REQ,4,0,180,0,0.24545,254,0,88.362068,0.0,4074.14625,0.0,Normal
4e-06,unas,-,INT,2,0,200,0,250000.0006,254,0,200000000.0,0.0,0.004,0.0,Attack
6e-06,unas,-,INT,2,0,200,0,166666.6608,254,0,133333328.0,0.0,0.006,0.0,Attack
6e-06,udp,dns,INT,2,0,114,0,166666.6608,254,0,76000000.0,0.0,0.006,0.0,Attack
0.820373,tcp,-,FIN,14,14,778,764,32.911858,254,252,7050.45166,6923.679688,63.105618,57.036,Normal
9e-06,udp,-,INT,2,0,78,0,111111.1072,254,0,34666664.0,0.0,0.009,0.0,Normal
0.756677,udp,dns,CON,2,2,122,318,3.964704,62,252,644.92511,1681.034424,0.008,0.008,Attack
8e-06,crudp,-,INT,2,0,200,0,125000.0003,254,0,100000000.0,0.0,0.008,0.0,Attack
2.478044,tcp,smtp,FIN,118,34,134210,2336,60.935156,62,252,429606.5625,7321.903809,21.179863,71.824,Attack
9e-06,sctp,-,INT,2,0,104,0,111111.1072,254,0,46222220.0,0.0,0.009,0.0,Attack
0.994358,tcp,-,FIN,10,8,564,354,17.096458,254,252,4087.059082,2494.071533,110.484222,128.177859,Attack
0.892021,tcp,pop3,FIN,20,22,938,5478,45.963043,62,252,7999.811523,46895.75781,46.948474,41.28843,Attack
9e-06,unas,-,INT,2,0,200,0,111111.1072,254,0,88888888.0,0.0,0.009,0.0,Attack
0.24861,tcp,http,FIN,10,8,746,1294,68.380193,62,252,21624.23047,36458.71094,27.623333,32.87257,Attack
0.030988,tcp,-,FIN,72,74,4238,63516,4679.23062,31,29,1079127.375,16176068.0,0.432,0.42325,Normal
0.380277,tcp,-,CON,6,2,978,86,18.407634,62,252,17145.39648,904.60376,76.0554,0.001,Normal
9e-06,udp,dns,INT,2,0,114,0,111111.1072,254,0,50666664.0,0.0,0.009,0.0,Attack
8e-06,unas,-,INT,2,0,200,0,125000.0003,254,0,100000000.0,0.0,0.008,0.0,Attack
0.907409,tcp,smtp,FIN,14,12,3488,850,27.550972,254,252,28556.03125,6876.722656,69.800692,74.100633,Attack
1e-05,udp,dns,INT,2,0,114,0,100000.0025,254,0,45600000.0,0.0,0.01,0.0,Attack
9e-06,udp,dns,INT,2,0,114,0,111111.1072,254,0,50666664.0,0.0,0.009,0.0,Attack
5e-06,udp,dns,INT,2,0,114,0,200000.0051,254,0,91200000.0,0.0,0.005,0.0,Attack
0.509587,tcp,-,FIN,12,8,1138,700,37.285096,254,252,16389.74414,9623.479492,45.034819,64.687,Attack
6e-06,udp,dns,INT,2,0,114,0,166666.6608,254,0,76000000.0,0.0,0.006,0.0,Attack
1.013787,tcp,-,FIN,46,90,3202,95042,133.164063,31,29,24723.14063,741662.6875,22.521222,11.51508,Normal
9e-06,sprite-rpc,-,INT,2,0,200,0,111111.1072,254,0,88888888.0,0.0,0.009,0.0,Attack
6e-06,udp,dns,INT,2,0,114,0,166666.6608,254,0,76000000.0,0.0,0.006,0.0,Attack
4e-06,unas,-,INT,2,0,200,0,250000.0006,254,0,200000000.0,0.0,0.004,0.0,Attack
6.588037,tcp,-,FIN,238,438,13662,548216,102.458441,31,29,16520.85352,664191.75,27.91408,15.074549,Normal
3.339186,tcp,-,FIN,32,16,22174,814,14.075287,254,252,51466.4375,1830.38623,106.780028,228.031,Attack
0.809562,tcp,http,FIN,10,8,810,1318,20.999009,62,252,7203.89502,11403.69727,89.951333,102.521289,Attack
3e-06,udp,dns,INT,2,0,114,0,333333.3215,254,0,152000000.0,0.0,0.003,0.0,Attack
0.524957,tcp,smtp,FIN,52,42,37152,3380,177.157367,31,29,555291.1875,50289.83203,10.286333,12.792512,Normal
3e-06,udp,dns,INT,2,0,114,0,333333.3215,254,0,152000000.0,0.0,0.003,0.0,Attack
9e-06,unas,-,INT,2,0,200,0,111111.1072,254,0,88888888.0,0.0,0.009,0.0,Attack
8e-06,ddp,-,INT,2,0,200,0,125000.0003,254,0,100000000.0,0.0,0.008,0.0,Attack
6e-06,udp,dns,INT,2,0,114,0,166666.6608,254,0,76000000.0,0.0,0.006,0.0,Attack
0.0,arp,-,INT,1,0,46,0,0.0,0,0,0.0,0.0,60000.632,0.0,Normal
4.253088,tcp,http,FIN,130,808,5942,1084839,220.310513,62,252,11092.17578,2038043.0,32.969674,5.255331,Attack
0.00111,udp,dns,CON,2,2,146,178,2702.702815,31,29,526126.125,641441.4375,0.008,0.008,Normal
0.50589,tcp,-,FIN,10,6,560,268,29.650714,254,252,7970.111816,3542.271973,53.052778,76.881203,Normal
9e-06,udp,dns,INT,2,0,114,0,111111.1072,254,0,50666664.0,0.0,0.009,0.0,Attack
1.4e-05,mobile,-,INT,1,0,60,0,0.0,0,0,0.0,0.0,0.0,0.0,Attack
9e-06,udp,dns,INT,2,0,114,0,111111.1072,254,0,50666664.0,0.0,0.009,0.0,Attack
9e-06,udp,dns,INT,2,0,114,0,111111.1072,254,0,50666664.0,0.0,0.009,0.0,Attack
9e-06,pipe,-,INT,2,0,200,0,111111.1072,254,0,88888888.0,0.0,0.009,0.0,Attack
9e-06,srp,-,INT,2,0,200,0,111111.1072,254,0,88888888.0,0.0,0.009,0.0,Attack
0.005938,tcp,ssh,FIN,32,24,3728,5474,9262.377834,31,29,4866285.0,7067699.5,0.197933,0.226174,Normal
0.004371,tcp,-,FIN,22,14,1470,1728,8007.321001,31,29,2569663.75,2937543.0,0.208143,0.280769,Normal
8e-06,leaf-1,-,INT,2,0,200,0,125000.0003,254,0,100000000.0,0.0,0.008,0.0,Attack
0.0,arp,-,INT,1,0,46,0,0.0,0,0,0.0,0.0,60001.34,0.0,Normal
6e-06,udp,dns,INT,2,0,114,0,166666.6608,254,0,76000000.0,0.0,0.006,0.0,Attack
0.612261,tcp,-,CON,6,2,978,86,11.433033,62,252,10649.05371,561.851868,122.4522,0.005,Normal
9e-06,udp,dns,INT,2,0,114,0,111111.1072,254,0,50666664.0,0.0,0.009,0.0,Attack
5e-06,udp,dns,INT,2,0,114,0,200000.0051,254,0,91200000.0,0.0,0.005,0.0,Attack
0.044137,tcp,-,FIN,48,50,2958,33044,2197.702556,31,29,525092.3125,5869723.5,0.932468,0.889571,Normal
8e-06,udp,-,INT,2,0,75,0,125000.0003,254,0,38000000.0,0.0,0.008,0.0,Attack
6e-06,udp,dns,INT,2,0,114,0,166666.6608,254,0,76000000.0,0.0,0.006,0.0,Attack
0.01685,tcp,-,FIN,48,50,2958,33044,5756.676473,31,29,1375430.25,15375193.0,0.359522,0.339042,Normal
0.763585,tcp,ftp-data,FIN,8,10,364,3754,22.263403,62,252,3342.129639,35401.42969,109.083574,77.351,Attack
0.013965,tcp,-,FIN,34,36,2230,13500,4940.923597,31,29,1240243.375,7518797.0,0.408818,0.392912,Normal
9e-06,udp,dns,INT,2,0,114,0,111111.1072,254,0,50666664.0,0.0,0.009,0.0,Attack
0.238979,tcp,http,FIN,10,16,842,12934,104.611704,62,252,25374.61523,405926.875,26.553222,13.7646,Attack
3e-06,bbn-rcc,-,INT,2,0,180,0,333333.3215,254,0,239999984.0,0.0,0.003,0.0,Attack
0.067959,tcp,-,FIN,48,50,2958,32642,1427.331119,31,29,341029.125,3765799.75,1.438149,1.373102,Normal
8e-06,any,-,INT,2,0,200,0,125000.0003,254,0,100000000.0,0.0,0.008,0.0,Attack
0.01896,tcp,-,FIN,16,18,1540,1644,1740.506413,31,29,609282.75,655274.3125,1.237533,1.088294,Normal
0.008931,tcp,-,FIN,34,36,2230,13500,7725.898741,31,29,1939312.5,11756802.0,0.261364,0.237486,Normal
0.010599,tcp,-,FIN,38,40,2438,19266,7264.836045,31,29,1791867.125,14178696.0,0.276757,0.259487,Normal
3e-06,unas,-,INT,2,0,200,0,333333.3215,254,0,266666656.0,0.0,0.003,0.0,Attack
0.034828,tcp,-,FIN,30,42,2302,34406,2038.589654,31,29,511312.75,7714942.0,1.233071,0.837195,Normal
10.038711,rvd,-,INT,4,0,400,0,0.298843,254,0,239.074524,0.0,3346.237,0.0,Attack
8e-06,udp,dns,INT,2,0,114,0,125000.0003,254,0,57000000.0,0.0,0.008,0.0,Attack
4e-06,visa,-,INT,2,0,200,0,250000.0006,254,0,200000000.0,0.0,0.004,0.0,Attack
9e-06,unas,-,INT,2,0,200,0,111111.1072,254,0,88888888.0,0.0,0.009,0.0,Attack
0.316864,tcp,-,FIN,12,10,2832,603,66.274487,254,252,65542.3125,13709.35059,26.258091,33.692109,Attack
1e-05,udp,-,INT,2,0,320,0,100000.0025,254,0,128000000.0,0.0,0.01,0.0,Attack
0.088973,tcp,-,FIN,60,62,3598,48710,1359.963125,31,29,318208.9063,4309172.5,1.52869,1.473017,Normal
0.001175,udp,dns,CON,2,2,146,178,2553.191526,31,29,497021.2813,605957.4375,0.001,0.003,Normal
8e-06,udp,dns,INT,2,0,114,0,125000.0003,254,0,57000000.0,0.0,0.008,0.0,Attack
44.300476,ospf,-,INT,28,0,12832,0,0.609474,254,0,2234.55835,0.0,1640.758375,0.0,Attack
58.881458,ospf,-,REQ,68,0,18496,0,1.137879,254,0,2476.025635,0.0,919.770813,0.0,Attack
9e-06,udp,dns,INT,2,0,114,0,111111.1072,254,0,50666664.0,0.0,0.009,0.0,Attack
8e-06,unas,-,INT,2,0,200,0,125000.0003,254,0,100000000.0,0.0,0.008,0.0,Attack
9e-06,prm,-,INT,2,0,200,0,111111.1072,254,0,88888888.0,0.0,0.009,0.0,Attack
3e-06,iso-ip,-,INT,2,0,200,0,333333.3215,254,0,266666656.0,0.0,0.003,0.0,Attack
0.909273,tcp,-,FIN,14,14,926,764,29.694051,254,252,7566.484375,6246.748535,69.944077,65.400848,Normal
3e-06,udp,-,INT,2,0,89,0,333333.3215,254,0,119999992.0,0.0,0.003,0.0,Attack
1.533541,tcp,http,FIN,10,10,816,1070,12.389627,62,252,3834.263428,5023.66748,170.393444,152.503109,Attack
6e-06,gre,-,INT,2,0,156,0,166666.6608,254,0,104000000.0,0.0,0.006,0.0,Attack
1.819844,tcp,http,FIN,10,8,1354,354,9.34146,254,252,5358.701172,1362.75415,196.413889,249.752,Attack
0.047314,tcp,ftp-data,FIN,6,8,320,1838,274.760117,31,29,45145.19922,272054.7813,9.3992,6.685429,Normal
4e-06,udp,dns,INT,2,0,114,0,250000.0006,254,0,114000000.0,0.0,0.004,0.0,Attack
1e-05,cphb,-,INT,2,0,200,0,100000.0025,254,0,80000000.0,0.0,0.01,0.0,Attack
9e-06,udp,dns,INT,2,0,114,0,111111.1072,254,0,50666664.0,0.0,0.009,0.0,Attack
0.017952,tcp,-,FIN,48,50,2974,30506,5403.297465,31,29,1298128.25,13322638.0,0.375277,0.354061,Normal
1.145769,tcp,ftp,FIN,20,22,1100,1612,35.783827,62,252,7296.409668,10745.62109,60.303633,52.93019,Attack
1.05619,tcp,-,FIN,8,8,364,428,14.20199,62,252,2416.231934,2840.397949,150.738571,147.722,Attack
9e-06,crudp,-,INT,2,0,200,0,111111.1072,254,0,88888888.0,0.0,0.009,0.0,Attack
1.291863,tcp,-,FIN,12,8,1080,754,14.707442,254,252,6130.681152,4087.12085,117.442091,169.4,Attack
8e-06,udp,-,INT,2,0,104,0,125000.0003,254,0,52000000.0,0.0,0.008,0.0,Normal
4e-06,udp,dns,INT,2,0,114,0,250000.0006,254,0,114000000.0,0.0,0.004,0.0,Attack
4e-06,trunk-1,-,INT,2,0,200,0,250000.0006,254,0,200000000.0,0.0,0.004,0.0,Attack
0.317408,tcp,-,FIN,10,6,2516,268,47.257789,254,252,57087.41016,5645.730469,32.149667,51.266199,Normal
1.515087,tcp,ftp,FIN,14,12,788,682,16.500703,254,252,3865.124512,3305.420654,114.791459,130.667727,Attack
9e-06,udp,dns,INT,2,0,114,0,111111.1072,254,0,50666664.0,0.0,0.009,0.0,Attack
0.38948,tcp,ftp-data,FIN,8,8,364,1390,38.512889,62,252,6552.326172,24997.43359,55.64,53.41157,Attack
7e-06,aris,-,INT,2,0,200,0,142857.1409,254,0,114285712.0,0.0,0.007,0.0,Attack
2.779855,tcp,-,FIN,12,10,666,462,7.554351,254,252,1758.365112,1197.184692,245.397733,296.052125,Attack
0.035879,tcp,-,FIN,60,62,3614,50036,3372.446182,31,29,792441.25,10976671.0,0.613138,0.57918,Normal
0.604727,tcp,-,CON,6,2,978,86,11.575471,62,252,10781.72363,568.851685,120.9454,0.002,Normal
9e-06,udp,dns,INT,2,0,114,0,111111.1072,254,0,50666664.0,0.0,0.009,0.0,Attack
3.983435,tcp,smtp,FIN,32,24,21016,1874,13.807179,62,252,40889.33203,3606.937256,128.465129,167.367297,Attack
1e-06,udp,dns,INT,2,0,114,0,1000000.003,254,0,456000000.0,0.0,0.001,0.0,Attack
3e-06,udp,dns,INT,2,0,114,0,333333.3215,254,0,152000000.0,0.0,0.003,0.0,Attack
0.90049,tcp,-,FIN,10,8,670,354,18.878611,254,252,5357.083496,2754.056152,100.054444,115.377711,Attack
8e-06,crudp,-,INT,2,0,200,0,125000.0003,254,0,100000000.0,0.0,0.008,0.0,Attack
1.079876,tcp,-,FIN,10,8,614,354,15.742549,254,252,4096.76709,2296.560059,119.986222,143.3,Attack
4e-06,udp,-,INT,2,0,168,0,250000.0006,254,0,168000000.0,0.0,0.004,0.0,Attack
9e-06,udp,-,INT,2,0,168,0,111111.1072,254,0,74666664.0,0.0,0.009,0.0,Attack
9e-06,isis,-,INT,2,0,200,0,111111.1072,254,0,88888888.0,0.0,0.009,0.0,Attack
0.002299,udp,-,CON,4,4,536,304,3044.80203,31,29,1398869.0,793388.4375,0.524333,0.353667,Normal
0.673243,tcp,-,FIN,234,438,13454,548216,996.668385,31,29,159193.6406,6499466.0,2.888103,1.539568,Normal
8e-06,udp,dns,INT,2,0,114,0,125000.0003,254,0,57000000.0,0.0,0.008,0.0,Attack
1.169609,tcp,-,FIN,14,8,8834,354,17.954719,254,252,56107.64063,2120.366699,86.349233,142.360719,Normal
9e-06,udp,dns,INT,2,0,114,0,111111.1072,254,0,50666664.0,0.0,0.009,0.0,Attack
0.001081,udp,dns,CON,2,2,146,178,2775.208228,31,29,540240.5625,658649.4375,0.009,0.007,Normal
8e-06,unas,-,INT,2,0,200,0,125000.0003,254,0,100000000.0,0.0,0.008,0.0,Attack
0.182662,tcp,http,FIN,10,6,982,268,82.118888,254,252,38716.32031,9810.469727,18.764667,35.111602,Attack
8e-06,udp,dns,INT,2,0,114,0,125000.0003,254,0,57000000.0,0.0,0.008,0.0,Attack
6e-06,udp,dns,INT,2,0,114,0,166666.6608,254,0,76000000.0,0.0,0.006,0.0,Attack
0.387568,tcp,-,FIN,24,24,2062,2308,121.269043,31,29,40808.32422,45659.08594,16.836,16.825695,Normal
1.161001,tcp,http,FIN,10,8,870,354,14.642537,254,252,5395.344238,2136.087891,123.355778,158.628141,Attack
4e-06,udp,-,INT,2,0,1064,0,250000.0006,254,0,1064000000.0,0.0,0.004,0.0,Normal
1.1e-05,udp,-,INT,2,0,1058,0,90909.0902,254,0,384727264.0,0.0,0.011,0.0,Normal
2.426048,tcp,-,FIN,14,8,1192,714,8.656053,254,252,3650.381104,2060.964844,186.546774,333.607719,Attack
9e-06,chaos,-,INT,2,0,200,0,111111.1072,254,0,88888888.0,0.0,0.009,0.0,Attack
2e-06,udp,dns,INT,2,0,114,0,500000.0013,254,0,228000000.0,0.0,0.002,0.0,Attack
0.018437,tcp,ssh,FIN,108,114,9504,12298,11986.76575,31,29,4085697.25,5289797.5,0.174212,0.163193,Normal
9e-06,sat-mon,-,INT,2,0,200,0,111111.1072,254,0,88888888.0,0.0,0.009,0.0,Attack
1e-05,udp,dns,INT,2,0,114,0,100000.0025,254,0,45600000.0,0.0,0.01,0.0,Attack
8e-06,udp,dns,INT,2,0,114,0,125000.0003,254,0,57000000.0,0.0,0.008,0.0,Attack
4e-06,udp,-,INT,2,0,1064,0,250000.0006,254,0,1064000000.0,0.0,0.004,0.0,Normal
4e-06,udp,dns,INT,2,0,114,0,250000.0006,254,0,114000000.0,0.0,0.004,0.0,Attack
9e-06,unas,-,INT,2,0,200,0,111111.1072,254,0,88888888.0,0.0,0.009,0.0,Attack
4e-06,ax.25,-,INT,2,0,200,0,250000.0006,254,0,200000000.0,0.0,0.004,0.0,Attack
3e-06,tcp,-,REQ,2,0,90,0,333333.3215,254,0,119999992.0,0.0,0.003,0.0,Normal
3e-06,udp,dns,INT,2,0,114,0,333333.3215,254,0,152000000.0,0.0,0.003,0.0,Attack
3.15046,tcp,-,FIN,12,10,994,838,6.665693,254,252,2315.852295,1917.180298,281.105813,336.229562,Attack
5e-06,sps,-,INT,2,0,200,0,200000.0051,254,0,160000000.0,0.0,0.005,0.0,Attack
3e-06,pgm,-,INT,2,0,200,0,333333.3215,254,0,266666656.0,0.0,0.003,0.0,Attack
1.261859,tcp,-,FIN,10,8,564,354,13.472186,254,252,3220.64502,1965.354248,137.490444,159.125859,Attack
0.022451,tcp,-,FIN,22,24,2054,2478,2004.365036,31,29,698766.1875,846287.4375,1.10315,0.950478,Normal
0.550116,tcp,-,CON,6,2,986,86,12.724589,62,252,11953.84277,625.322632,110.0232,0.002,Normal
1e-05,udp,dhcp,INT,2,0,1152,0,100000.0025,254,0,460800000.0,0.0,0.01,0.0,Attack
1.188767,tcp,-,FIN,220,438,12726,548216,552.673505,31,29,85258.09375,3680889.75,5.527572,2.719236,Normal
0.269572,tcp,http,FIN,10,6,996,268,55.643763,254,252,26619.97656,6647.574707,25.692,45.970199,Attack
0.242737,tcp,-,FIN,10,6,620,268,61.795278,254,252,18390.27539,7382.475586,22.546889,43.138398,Attack
0.244399,tcp,ftp-data,FIN,14,6,8928,320,77.741727,31,29,271392.2813,8739.806641,18.799923,48.745602,Normal
2.319649,tcp,pop3,FIN,26,70,1204,68540,40.954472,62,252,3993.707764,233004.2188,92.78596,32.448028,Attack
0.367111,tcp,-,FIN,10,6,566,268,40.859577,254,252,11113.80469,4881.357422,40.737,60.168199,Attack
3e-06,udp,dns,INT,2,0,114,0,333333.3215,254,0,152000000.0,0.0,0.003,0.0,Attack
2.5e-05,udp,-,INT,2,0,168,0,40000.00101,254,0,26880000.0,0.0,0.025,0.0,Normal
0.803883,tcp,-,FIN,122,126,7810,15494,307.258637,31,29,77085.84375,152977.4844,6.695733,6.42696,Normal
9e-06,udp,dns,INT,2,0,114,0,111111.1072,254,0,50666664.0,0.0,0.009,0.0,Attack
0.028391,tcp,smtp,FIN,54,42,37808,3380,3346.13083,31,29,10456271.0,929872.125,0.539308,0.679415,Normal
3e-06,unas,-,INT,2,0,200,0,333333.3215,254,0,266666656.0,0.0,0.003,0.0,Attack
0.049977,tcp,-,FIN,74,74,4342,63516,2941.352975,31,29,685755.4375,10029894.0,0.679808,0.676658,Normal
3.127145,tcp,-,FIN,16,18,1540,1644,10.552756,31,29,3694.104248,3972.952881,208.427666,178.234062,Normal
1.097031,tcp,http,FIN,12,18,1580,10168,26.434987,31,29,10566.70215,70036.30469,99.699094,64.499528,Normal
0.99216,tcp,-,FIN,10,8,564,354,17.134333,254,252,4096.113281,2499.59668,104.703222,128.722859,Attack
4e-06,unas,-,INT,2,0,200,0,250000.0006,254,0,200000000.0,0.0,0.004,0.0,Attack
0.41458,tcp,-,FIN,12,6,4672,268,41.005356,254,252,82647.5,4322.446777,36.236547,76.882398,Attack
3e-06,ipnip,-,INT,2,0,180,0,333333.3215,254,0,239999984.0,0.0,0.003,0.0,Attack
6e-06,gre,-,INT,2,0,156,0,166666.6608,254,0,104000000.0,0.0,0.006,0.0,Attack
10.660913,tcp,http,FIN,14,18,1684,10168,2.907818,31,29,1173.633057,7206.887207,819.988058,666.272387,Normal
0.001084,udp,dns,CON,2,2,130,162,2767.527704,31,29,479704.8125,597786.0,0.009,0.006,Normal
0.092971,tcp,-,FIN,60,62,3614,45696,1301.481148,31,29,305815.8125,3868647.25,1.596845,1.514934,Normal
0.069084,tcp,-,FIN,48,50,2958,33044,1404.087705,31,29,335475.625,3750101.25,1.463213,1.398959,Normal
0.855683,tcp,-,FIN,10,8,564,354,19.86717,254,252,4749.422363,2898.269531,95.064889,113.84143,Attack
9e-06,rsvp,-,INT,2,0,200,0,111111.1072,254,0,88888888.0,0.0,0.009,0.0,Attack
3e-06,sctp,-,INT,2,0,152,0,333333.3215,254,0,202666656.0,0.0,0.003,0.0,Attack
4e-06,udp,dns,INT,2,0,114,0,250000.0006,254,0,114000000.0,0.0,0.004,0.0,Attack
4.7e-05,swipe,-,INT,1,0,60,0,0.0,0,0,0.0,0.0,0.0,0.0,Attack
2e-06,wb-expak,-,INT,2,0,200,0,500000.0013,254,0,400000000.0,0.0,0.002,0.0,Attack
0.605934,tcp,-,FIN,10,6,534,268,24.75517,254,252,6350.526367,2957.417725,67.225,101.128203,Normal
0.366015,tcp,-,FIN,22,24,2054,2478,122.945785,31,29,42861.63281,51910.44141,17.411714,15.887261,Normal
0.684939,tcp,http,FIN,10,8,796,1122,24.819727,62,252,8374.467773,11469.63379,76.104333,83.27543,Attack
0.016334,tcp,-,FIN,48,50,2974,30506,5938.533444,31,29,1426717.375,14642342.0,0.347326,0.319714,Normal
1.014928,tcp,http,FIN,14,18,1684,10168,30.544039,31,29,12327.96875,75701.92188,78.04531,59.674235,Normal
8e-06,udp,dns,INT,2,0,114,0,125000.0003,254,0,57000000.0,0.0,0.008,0.0,Attack
5e-06,udp,dns,INT,2,0,114,0,200000.0051,254,0,91200000.0,0.0,0.005,0.0,Attack
1.224795,tcp,http,FIN,10,12,802,4996,17.145727,62,252,4715.891113,29915.21094,136.088333,98.923179,Attack
0.626815,tcp,-,FIN,10,8,564,354,27.121239,254,252,6483.571289,3956.510254,69.106333,88.565289,Attack
0.014855,tcp,-,FIN,44,46,2766,27770,5991.248661,31,29,1456210.0,14630495.0,0.354756,0.323955,Normal
4e-06,unas,-,INT,2,0,200,0,250000.0006,254,0,200000000.0,0.0,0.004,0.0,Attack
59.994267,arp,-,INT,2,0,92,0,0.016668,0,0,6.13392,0.0,60000.648,0.0,Normal
1.109425,tcp,-,FIN,10,8,718,354,15.323254,254,252,4665.47998,2235.392334,123.146333,147.990578,Attack
8e-06,unas,-,INT,2,0,200,0,125000.0003,254,0,100000000.0,0.0,0.008,0.0,Attack
8e-06,udp,dns,INT,2,0,114,0,125000.0003,254,0,57000000.0,0.0,0.008,0.0,Attack
8e-06,udp,dns,INT,2,0,114,0,125000.0003,254,0,57000000.0,0.0,0.008,0.0,Attack
8e-06,udp,dns,INT,2,0,114,0,125000.0003,254,0,57000000.0,0.0,0.008,0.0,Attack
0.793434,tcp,-,FIN,16,18,1540,1644,41.59136,31,29,14559.49707,15658.5166,52.868401,45.830625,Normal
0.001102,udp,dns,CON,2,2,146,178,2722.323026,31,29,529945.5625,646098.0,0.001,0.007,Normal
0.005988,tcp,-,FIN,18,18,3960,2456,5845.023418,31,29,4996660.0,3099532.5,0.332588,0.320765,Normal
0.77243,tcp,-,FIN,10,8,582,354,22.008467,254,252,5427.028809,3210.646973,85.729889,95.518141,Normal
9e-06,udp,dns,INT,2,0,114,0,111111.1072,254,0,50666664.0,0.0,0.009,0.0,Attack
9e-06,udp,dns,INT,2,0,114,0,111111.1072,254,0,50666664.0,0.0,0.009,0.0,Attack
8e-06,udp,dns,INT,2,0,114,0,125000.0003,254,0,57000000.0,0.0,0.008,0.0,Attack
0.017896,tcp,-,FIN,48,50,2958,32642,5420.205543,31,29,1295038.0,14300402.0,0.374085,0.354612,Normal
0.030031,tcp,-,FIN,48,50,2958,33044,3229.995743,31,29,771735.875,8626819.0,0.645152,0.613875,Normal
0.114519,tcp,-,FIN,40,42,2542,23508,707.306211,31,29,173176.5,1603157.5,2.928205,2.780829,Normal
0.001073,udp,dns,CON,2,2,146,178,2795.899292,31,29,544268.375,663560.125,0.009,0.002,Normal
0.001053,udp,dns,CON,2,2,130,162,2849.002888,31,29,493827.1563,615384.625,0.008,0.005,Normal
0.269804,tcp,http,FIN,10,6,1566,268,55.595914,254,252,41808.12891,6641.858398,28.045556,47.179602,Attack
1.006931,tcp,http,FIN,14,18,1684,10168,30.78662,31,29,12425.87695,76303.14844,77.429846,59.200706,Normal
3e-06,udp,dns,INT,2,0,114,0,333333.3215,254,0,152000000.0,0.0,0.003,0.0,Attack
5e-06,udp,dns,INT,2,0,114,0,200000.0051,254,0,91200000.0,0.0,0.005,0.0,Attack
1.071333,tcp,-,FIN,18,14,6124,764,28.935913,254,252,43191.05078,5301.806152,63.01959,77.889383,Normal
8e-06,udp,dns,INT,2,0,114,0,125000.0003,254,0,57000000.0,0.0,0.008,0.0,Attack
3e-06,udp,dns,INT,2,0,114,0,333333.3215,254,0,152000000.0,0.0,0.003,0.0,Attack
0.033904,tcp,-,FIN,48,50,2974,30506,2861.019255,31,29,687352.5,7054270.5,0.730304,0.681367,Normal
1.186837,tcp,ftp,FIN,14,12,810,682,21.064393,254,252,5075.67627,4219.619141,91.295151,99.433094,Normal
0.064389,udp,-,CON,4,4,568,320,108.714225,31,29,52928.29688,29818.75977,16.345333,20.967,Normal
1e-06,tcp,-,REQ,2,0,90,0,1000000.003,254,0,360000000.0,0.0,0.001,0.0,Normal
0.410003,tcp,-,FIN,10,6,534,268,36.585098,254,252,9385.296875,4370.699707,42.735889,69.696203,Normal
0.473957,tcp,-,FIN,14,10,2144,518,48.527609,254,252,33606.42578,7882.571777,35.287769,51.944555,Attack
5e-06,udp,dns,INT,2,0,114,0,200000.0051,254,0,91200000.0,0.0,0.005,0.0,Attack
4e-06,emcon,-,INT,2,0,180,0,250000.0006,254,0,180000000.0,0.0,0.004,0.0,Attack
6e-06,udp,dns,INT,2,0,114,0,166666.6608,254,0,76000000.0,0.0,0.006,0.0,Attack
0.004404,tcp,ftp-data,FIN,14,6,8928,320,4314.259757,31,29,15060854.0,485013.625,0.338769,0.7362,Normal
0.38009,tcp,-,FIN,10,6,534,268,39.464338,254,252,10123.91797,4714.672852,39.162889,63.18,Attack
0.014849,tcp,ftp-data,FIN,8,12,424,8824,1279.547472,31,29,199878.7813,4358004.0,2.067571,1.307182,Normal
4e-06,bna,-,INT,2,0,200,0,250000.0006,254,0,200000000.0,0.0,0.004,0.0,Attack
0.684573,tcp,-,FIN,10,8,564,354,24.832998,254,252,5936.547363,3622.696289,76.063667,96.265859,Attack
1.1e-05,sctp,-,INT,2,0,640,0,90909.0902,254,0,232727264.0,0.0,0.011,0.0,Attack
9e-06,udp,-,INT,2,0,104,0,111111.1072,254,0,46222220.0,0.0,0.009,0.0,Attack
0.380086,tcp,-,FIN,10,6,1348,268,39.464752,62,252,25552.11133,4714.722168,42.197667,69.747203,Attack
0.38643,tcp,-,FIN,28,30,4616,3080,147.504078,31,29,92166.75781,61651.52734,14.292074,13.306759,Normal
1e-06,unas,-,INT,2,0,200,0,1000000.003,254,0,800000000.0,0.0,0.001,0.0,Attack
3e-06,swipe,-,INT,2,0,200,0,333333.3215,254,0,266666656.0,0.0,0.003,0.0,Attack
0.434993,tcp,-,FIN,10,6,534,268,34.483314,254,252,8846.119141,4119.606445,45.294111,72.414797,Attack
9e-06,cphb,-,INT,2,0,200,0,111111.1072,254,0,88888888.0,0.0,0.009,0.0,Attack
1e-05,sprite-rpc,-,INT,2,0,200,0,100000.0025,254,0,80000000.0,0.0,0.01,0.0,Attack
3e-06,udp,dns,INT,2,0,114,0,333333.3215,254,0,152000000.0,0.0,0.003,0.0,Attack
9e-06,unas,-,INT,2,0,200,0,111111.1072,254,0,88888888.0,0.0,0.009,0.0,Attack
4e-06,udp,-,INT,2,0,104,0,250000.0006,254,0,104000000.0,0.0,0.004,0.0,Normal
1.091332,tcp,http,FIN,14,18,1684,10168,28.405656,31,29,11464.88965,70402.04688,83.917541,64.162412,Normal
6.119517,tcp,http,FIN,494,80,642980,3450,93.634843,254,252,838862.3125,4453.946289,12.351707,76.007773,Attack
0.398525,tcp,-,FIN,10,6,534,268,37.638793,254,252,9655.605469,4496.581055,44.280556,64.074199,Attack
0.002808,tcp,ftp-data,FIN,6,8,320,1826,4629.629694,31,29,760683.75,4552706.5,0.4992,0.326286,Normal
9e-06,udp,-,INT,2,0,1064,0,111111.1072,254,0,472888864.0,0.0,0.009,0.0,Attack
3.566863,tcp,http,FIN,322,746,17226,1087890,299.142407,31,29,38516.75781,2436722.75,11.110744,4.786952,Normal
1.141142,tcp,-,FIN,10,6,528,268,13.144727,254,252,3337.008057,1570.356689,122.884222,211.880406,Normal
0.125774,udp,-,CON,4,4,1938,2304,55.655384,254,60,92483.34375,109911.4297,41.924668,12.268333,Attack
0.998705,tcp,http,FIN,10,10,782,4144,19.024636,62,252,5639.302734,29878.69141,110.953556,100.312667,Attack
0.001724,udp,-,CON,4,4,544,304,4060.324891,31,29,1893271.5,1058004.625,0.438,0.221,Normal
3e-06,pnni,-,INT,2,0,200,0,333333.3215,254,0,266666656.0,0.0,0.003,0.0,Attack
9e-06,mhrp,-,INT,2,0,200,0,111111.1072,254,0,88888888.0,0.0,0.009,0.0,Attack
0.451546,tcp,-,FIN,10,6,1282,268,33.219206,254,252,20445.31445,3968.587891,50.171778,73.820602,Attack
0.625817,tcp,-,FIN,12,8,994,750,30.360313,254,252,11658.36035,8398.621094,53.897999,79.41657,Attack
8e-06,udp,dns,INT,2,0,114,0,125000.0003,254,0,57000000.0,0.0,0.008,0.0,Attack
0.091976,tcp,-,FIN,66,68,3926,57474,1446.02937,31,29,336348.5938,4925545.5,1.409892,1.386242,Normal
1.046609,tcp,ftp-data,FIN,8,8,364,854,14.331999,62,252,2438.35083,5717.512207,149.506567,131.478281,Attack
5e-06,udp,dns,INT,2,0,114,0,200000.0051,254,0,91200000.0,0.0,0.005,0.0,Attack
1.008086,tcp,http,FIN,14,18,1684,10168,30.751346,31,29,12411.63965,76215.71875,77.519151,59.166824,Normal
1.85959,tcp,-,FIN,60,14,68191,612,39.255964,254,252,288472.1875,2447.851318,30.981915,136.659,Attack
9e-06,pri-enc,-,INT,2,0,200,0,111111.1072,254,0,88888888.0,0.0,0.009,0.0,Attack
0.0,arp,-,INT,1,0,46,0,0.0,0,0,0.0,0.0,60000.808,0.0,Normal
3e-06,udp,dns,INT,2,0,114,0,333333.3215,254,0,152000000.0,0.0,0.003,0.0,Attack
1e-05,udp,dns,INT,2,0,114,0,100000.0025,254,0,45600000.0,0.0,0.01,0.0,Attack
1.005695,tcp,http,FIN,14,18,1684,10168,30.824455,31,29,12441.14746,76396.92188,77.333156,59.128941,Normal
6e-06,udp,dns,INT,2,0,114,0,166666.6608,254,0,76000000.0,0.0,0.006,0.0,Attack
0.475313,tcp,http,FIN,10,8,918,354,35.765905,254,252,13919.24902,5217.614258,49.358333,63.665145,Attack
3e-06,udp,dns,INT,2,0,114,0,333333.3215,254,0,152000000.0,0.0,0.003,0.0,Attack
1.866563,tcp,ftp,FIN,52,54,2934,3742,56.253125,31,29,12334.9707,15742.30273,36.593078,35.207453,Normal
0.001084,udp,dns,CON,2,2,130,162,2767.527704,31,29,479704.8125,597786.0,0.002,0.004,Normal
0.397538,tcp,http,FIN,10,6,808,268,37.732241,254,252,14650.17188,4507.745117,40.966222,66.623602,Attack
0.001068,udp,dns,CON,2,2,130,162,2808.988808,31,29,486891.4063,606741.5625,0.005,0.002,Normal
0.317051,tcp,-,FIN,10,6,1972,268,47.311001,254,252,44787.74609,5652.087402,33.134444,51.531801,Attack
0.44098,tcp,http,FIN,10,6,778,268,34.015149,254,252,12717.13086,4063.676514,47.917778,78.803,Attack
3e-06,udp,dns,INT,2,0,114,0,333333.3215,254,0,152000000.0,0.0,0.003,0.0,Attack
9e-06,unas,-,INT,2,0,200,0,111111.1072,254,0,88888888.0,0.0,0.009,0.0,Attack
1.222439,tcp,-,FIN,12,8,1256,738,15.542697,254,252,7539.026367,4227.61377,109.458274,162.039281,Attack
2.357298,tcp,ftp,FIN,24,22,1252,1654,19.089653,62,252,4072.459473,5358.677734,102.491217,109.287668,Attack
0.004236,tcp,-,FIN,22,14,1470,1728,8262.511561,31,29,2651558.0,3031161.5,0.201714,0.280231,Normal
3.248576,tcp,smtp,FIN,52,26,45367,1988,23.702694,62,252,109574.1641,4708.524902,63.680021,123.265961,Attack
0.117862,tcp,-,FIN,68,70,4014,59460,1162.376328,31,29,268449.5313,3978279.75,1.754448,1.700623,Normal
1.535578,tcp,-,FIN,10,6,994,268,9.768309,254,252,4662.739258,1166.987305,158.733778,286.742188,Normal
6e-06,udp,-,INT,2,0,168,0,166666.6608,254,0,112000000.0,0.0,0.006,0.0,Attack
0.002725,tcp,ftp-data,FIN,6,8,320,1946,4770.642154,31,29,783853.1875,4999633.0,0.4804,0.320143,Normal
0.804927,tcp,-,FIN,10,6,676,268,18.63523,254,252,6052.722656,2226.288818,86.551111,148.717,Attack
4e-06,mobile,-,INT,2,0,200,0,250000.0006,254,0,200000000.0,0.0,0.004,0.0,Attack
1e-05,fire,-,INT,2,0,200,0,100000.0025,254,0,80000000.0,0.0,0.01,0.0,Attack
0.048341,tcp,ftp-data,FIN,6,8,320,1910,268.922868,31,29,44186.09766,276700.9375,9.5998,6.830714,Normal
6e-06,ttp,-,INT,2,0,200,0,166666.6608,254,0,133333328.0,0.0,0.006,0.0,Attack
5e-06,udp,dns,INT,2,0,114,0,200000.0051,254,0,91200000.0,0.0,0.005,0.0,Attack
3e-06,fire,-,INT,2,0,200,0,333333.3215,254,0,266666656.0,0.0,0.003,0.0,Attack
9e-06,unas,-,INT,2,0,200,0,111111.1072,254,0,88888888.0,0.0,0.009,0.0,Attack
0.674912,tcp,-,FIN,12,8,3054,760,28.151819,254,252,33189.51172,7882.509277,61.355634,85.259141,Attack
5e-06,udp,dns,INT,2,0,114,0,200000.0051,254,0,91200000.0,0.0,0.005,0.0,Attack
7e-06,udp,dns,INT,2,0,114,0,142857.1409,254,0,65142856.0,0.0,0.007,0.0,Attack
6e-06,udp,dns,INT,2,0,114,0,166666.6608,254,0,76000000.0,0.0,0.006,0.0,Attack
6e-06,udp,dns,INT,2,0,114,0,166666.6608,254,0,76000000.0,0.0,0.006,0.0,Attack
6e-06,udp,dns,INT,2,0,114,0,166666.6608,254,0,76000000.0,0.0,0.006,0.0,Attack
9e-06,udp,dns,INT,2,0,114,0,111111.1072,254,0,50666664.0,0.0,0.009,0.0,Attack
0.430245,tcp,-,FIN,20,8,17266,354,62.75494,254,252,304998.3125,5764.157227,21.009315,48.160715,Attack
7e-06,udp,dns,INT,2,0,114,0,142857.1409,254,0,65142856.0,0.0,0.007,0.0,Attack
7e-06,udp,-,INT,2,0,2102,0,142857.1409,254,0,1201142784.0,0.0,0.007,0.0,Attack
0.098981,tcp,-,FIN,22,14,1470,1728,353.603215,31,29,113476.3203,129721.8672,4.713381,7.561846,Normal
1.562479,tcp,smtp,FIN,24,22,6461,1880,28.800387,62,252,31703.46484,9190.523438,67.933872,72.304383,Attack
0.29728,udp,-,CON,4,4,568,320,23.546823,31,29,11463.93945,6458.557129,91.015,75.658336,Normal
0.715193,tcp,http,FIN,10,8,766,354,23.769808,254,252,7718.196777,3467.595703,79.465889,90.032711,Attack
1.787808,tcp,pop3,FIN,20,30,964,13344,27.407866,62,252,4098.874512,57724.32031,94.095155,57.309999,Attack
3e-06,scps,-,INT,2,0,200,0,333333.3215,254,0,266666656.0,0.0,0.003,0.0,Attack
2e-06,udp,dns,INT,2,0,114,0,500000.0013,254,0,228000000.0,0.0,0.002,0.0,Attack
0.03584,tcp,-,FIN,60,62,3598,48710,3376.115981,31,29,789955.3125,10697544.0,0.612672,0.587517,Normal
3.817101,tcp,smtp,FIN,22,22,3277,1782,11.265094,62,252,6557.856445,3565.009033,181.727423,175.328578,Attack
0.122076,tcp,-,FIN,90,92,5174,83812,1482.682952,31,29,335332.0938,5432747.0,1.356281,1.350156,Normal
6e-06,unas,-,INT,2,0,200,0,166666.6608,254,0,133333328.0,0.0,0.006,0.0,Attack
0.215085,tcp,http,FIN,10,8,798,1726,79.03852,62,252,26742.91602,56201.03516,23.898333,29.126143,Attack
0.983422,tcp,-,FIN,12,10,1238,814,21.354007,254,252,9233.066406,5962.852051,89.402001,97.928781,Attack
2.068042,tcp,-,FIN,174,192,13776,45624,176.495445,31,29,52985.38281,175574.7656,12.09169,10.824278,Normal
3e-06,udp,dns,INT,2,0,114,0,333333.3215,254,0,152000000.0,0.0,0.003,0.0,Attack
0.845157,tcp,http,FIN,10,8,1900,354,20.114605,254,252,16186.34082,2934.365967,91.625333,102.832289,Attack
9e-06,udp,dns,INT,2,0,114,0,111111.1072,254,0,50666664.0,0.0,0.009,0.0,Attack
3e-06,udp,dns,INT,2,0,114,0,333333.3215,254,0,152000000.0,0.0,0.003,0.0,Attack
0.346117,tcp,ftp-data,FIN,8,8,364,2212,43.337948,62,252,7373.229492,44747.875,49.445285,46.744,Attack
0.01322,tcp,-,FIN,16,18,1540,1644,2496.217836,31,29,873827.5,939788.1875,0.8618,0.751412,Normal
0.68447,tcp,-,FIN,10,8,564,354,24.836735,254,252,5937.44043,3623.241455,75.167,95.26257,Attack
9e-06,unas,-,INT,2,0,200,0,111111.1072,254,0,88888888.0,0.0,0.009,0.0,Attack
1.453711,tcp,-,FIN,10,8,564,354,11.694209,254,252,2795.60376,1705.978638,161.463778,196.568859,Attack
0.285571,tcp,smtp,FIN,52,42,37210,3380,325.66331,31,29,1022372.688,92446.35938,5.70412,6.95178,Normal
0.001045,udp,dns,CON,2,2,130,162,2870.813285,31,29,497607.625,620095.6875,0.01,0.009,Normal
0.272002,tcp,http,FIN,10,8,804,1316,62.499538,62,252,21293.96094,33882.10156,30.222444,35.658,Attack
0.017951,tcp,-,FIN,16,18,1540,1644,1838.337648,31,29,643529.5625,692106.25,1.176067,1.028941,Normal
9e-06,unas,-,INT,2,0,200,0,111111.1072,254,0,88888888.0,0.0,0.009,0.0,Attack
3e-06,udp,dns,INT,2,0,114,0,333333.3215,254,0,152000000.0,0.0,0.003,0.0,Attack
0.336193,tcp,ftp-data,FIN,8,8,364,968,44.617229,62,252,7590.87793,20155.08984,48.02757,44.20743,Attack
0.211448,tcp,-,FIN,10,6,852,268,70.939428,254,252,29018.95508,8474.896484,23.494222,34.614801,Attack
0.001002,udp,dns,CON,2,2,146,178,2994.012136,31,29,582834.375,710578.875,0.009,0.003,Normal
8e-06,udp,dns,INT,2,0,114,0,125000.0003,254,0,57000000.0,0.0,0.008,0.0,Attack
0.001049,udp,dns,CON,2,2,146,178,2859.866662,31,29,556720.6875,678741.6875,0.009,0.007,Normal
9e-06,udp,dns,INT,2,0,114,0,111111.1072,254,0,50666664.0,0.0,0.009,0.0,Attack
0.833365,tcp,-,FIN,14,10,774,556,27.59895,254,252,6902.137695,4809.416992,63.27869,81.597336,Normal
0.031004,tcp,-,FIN,60,62,3598,48710,3902.722172,31,29,913172.5,12366146.0,0.527241,0.498311,Normal
0.892586,tcp,-,FIN,10,8,588,354,19.045784,254,252,4750.242676,2778.443848,99.092444,116.249711,Attack
0.030869,tcp,-,FIN,72,74,4238,63516,4697.269157,31,29,1083287.5,16238427.0,0.430296,0.415315,Normal
0.847334,tcp,http,FIN,10,6,566,268,17.702582,254,252,4815.102051,2114.868408,87.976222,143.607,Normal
0.711583,tcp,-,FIN,10,6,620,268,21.079761,254,252,6273.336914,2518.328857,64.679222,104.646797,Attack
0.280675,tcp,-,FIN,16,18,1540,1644,117.573709,31,29,41157.92188,44264.71875,18.688933,16.482883,Normal
2.726015,tcp,smtp,FIN,24,20,6134,1758,15.773941,62,252,17253.02344,4903.861328,118.522388,139.363469,Attack
6e-06,udp,-,INT,2,0,248,0,166666.6608,254,0,165333328.0,0.0,0.006,0.0,Attack
9e-06,udp,dns,INT,2,0,114,0,111111.1072,254,0,50666664.0,0.0,0.009,0.0,Attack
0.001084,udp,dns,CON,2,2,130,162,2767.527704,31,29,479704.8125,597786.0,0.009,0.007,Normal
0.708265,tcp,-,FIN,10,6,2530,268,21.178513,254,252,25719.1875,2530.126465,73.529778,112.056398,Attack
6e-06,any,-,INT,2,0,200,0,166666.6608,254,0,133333328.0,0.0,0.006,0.0,Attack
0.048748,tcp,ftp-data,FIN,10,12,528,8824,430.786891,31,29,78116.02344,1327480.0,5.372889,4.382091,Normal
0.482321,tcp,-,FIN,12,6,3696,268,35.246237,254,252,56194.94141,3715.36792,43.834728,83.188203,Attack
0.72415,tcp,-,FIN,14,6,7858,268,26.237658,254,252,80613.13281,2474.625488,54.700151,132.082406,Attack
0.013937,tcp,-,FIN,38,40,2438,19266,5524.861805,31,29,1362703.625,10782808.0,0.368243,0.327641,Normal
2e-06,udp,dns,INT,2,0,114,0,500000.0013,254,0,228000000.0,0.0,0.002,0.0,Attack
3e-06,udp,dns,INT,2,0,114,0,333333.3215,254,0,152000000.0,0.0,0.003,0.0,Attack
0.274014,tcp,http,FIN,12,16,1872,13746,98.535113,254,252,50099.62891,376243.5625,24.910364,17.116134,Attack
1e-06,udp,-,INT,2,0,168,0,1000000.003,254,0,672000000.0,0.0,0.001,0.0,Attack
6e-06,udp,dns,INT,2,0,114,0,166666.6608,254,0,76000000.0,0.0,0.006,0.0,Attack
1.005811,tcp,http,FIN,12,18,1580,10168,28.832455,31,29,11525.02832,76388.10938,91.402183,59.132767,Normal
9e-06,udp,-,INT,2,0,168,0,111111.1072,254,0,74666664.0,0.0,0.009,0.0,Attack
9e-06,unas,-,INT,2,0,200,0,111111.1072,254,0,88888888.0,0.0,0.009,0.0,Attack
0.526264,tcp,-,FIN,14,14,790,816,51.305047,254,252,11157.89746,11522.7334,40.481845,37.104692,Attack
0.125018,udp,-,CON,4,4,520,304,55.991937,31,29,24956.40625,14589.89941,36.313332,7.618,Normal
0.320972,tcp,http,FIN,10,8,784,1256,52.964122,62,252,17596.55078,27391.79688,35.663556,38.518145,Attack
5e-06,udp,dns,INT,2,0,114,0,200000.0051,254,0,91200000.0,0.0,0.005,0.0,Attack
3e-06,unas,-,INT,2,0,200,0,333333.3215,254,0,266666656.0,0.0,0.003,0.0,Attack
0.847687,tcp,ftp,FIN,52,54,2934,3740,123.866473,31,29,27160.96875,34644.86328,16.614862,15.983472,Normal
0.921406,tcp,-,FIN,30,14,26800,764,46.667811,254,252,224934.5156,6164.492188,31.77262,64.465152,Normal
3e-06,unas,-,INT,2,0,200,0,333333.3215,254,0,266666656.0,0.0,0.003,0.0,Attack
0.042298,tcp,-,FIN,38,40,2438,19266,1820.417028,31,29,449004.6875,3552886.75,1.234118,1.099816,Normal
0.889828,tcp,-,FIN,10,8,564,354,19.104815,254,252,4567.174805,2787.05542,98.869778,116.40443,Attack
0.712007,tcp,ftp-data,FIN,8,8,364,910,21.067209,62,252,3584.234375,8954.96875,118.667836,94.948141,Attack
0.03136,tcp,smtp,FIN,52,42,37502,3380,2965.561189,31,29,9382908.0,841836.75,0.608294,0.751659,Normal
0.851873,tcp,-,FIN,12,10,1064,820,24.651562,254,252,9165.685547,6930.61084,77.394271,79.075891,Attack
5e-06,udp,dns,INT,2,0,114,0,200000.0051,254,0,91200000.0,0.0,0.005,0.0,Attack
0.026865,tcp,-,FIN,22,16,1470,1832,1377.256658,31,29,418090.4688,511595.0,1.279286,1.743067,Normal
0.747088,tcp,-,FIN,10,8,564,354,22.755016,254,252,5439.787598,3319.55542,82.498222,102.410711,Attack
1.33236,tcp,ftp-data,FIN,8,12,424,8824,14.26041,31,29,2227.626221,48569.45313,190.292281,121.080094,Normal
3.001753,tcp,smtp,FIN,166,44,196842,2878,69.62598,62,252,521447.2813,7496.952148,18.303372,68.538117,Attack
9e-06,udp,-,INT,2,0,104,0,111111.1072,254,0,46222220.0,0.0,0.009,0.0,Attack
4e-06,udp,dns,INT,2,0,114,0,250000.0006,254,0,114000000.0,0.0,0.004,0.0,Attack
4e-06,unas,-,INT,2,0,200,0,250000.0006,254,0,200000000.0,0.0,0.004,0.0,Attack
0.001093,udp,dns,CON,2,2,146,178,2744.739106,31,29,534309.1875,651418.0625,0.016,0.014,Normal
6e-06,udp,dns,INT,2,0,114,0,166666.6608,254,0,76000000.0,0.0,0.006,0.0,Attack
1.366244,tcp,-,FIN,122,22,152525,956,104.66652,254,252,885786.1875,5346.043945,10.892372,60.411238,Normal
0.636916,tcp,-,FIN,10,8,564,354,26.691119,254,252,6380.747559,3893.763184,70.226444,88.625289,Attack
59.164097,udp,dns,INT,108,0,12852,0,1.808529,254,0,1721.719849,0.0,552.9355,0.0,Attack
0.37789,tcp,http,FIN,10,6,932,268,39.694092,254,252,17761.7832,4742.120605,40.078,65.989797,Attack
8e-06,unas,-,INT,2,0,200,0,125000.0003,254,0,100000000.0,0.0,0.008,0.0,Attack
1.519138,cbt,-,INT,4,0,360,0,1.974804,254,0,1421.859009,0.0,506.379344,0.0,Attack
0.584909,tcp,http,FIN,10,12,806,4352,35.903019,62,252,9929.749023,54572.58984,64.989889,50.516727,Attack
44.994373,tcp,-,FIN,24,20,2308,1654,0.955675,254,252,393.29361,279.501617,1956.277088,2361.9465,Attack
1.512225,mux,-,INT,4,0,400,0,1.983832,254,0,1587.06543,0.0,504.075,0.0,Attack
7e-06,fire,-,INT,2,0,200,0,142857.1409,254,0,114285712.0,0.0,0.007,0.0,Attack
0.223352,tcp,ftp-data,FIN,14,6,8928,320,85.067517,31,29,296966.2188,9563.379883,17.180922,44.537398,Normal
3.220552,tcp,-,FIN,16,18,1540,1644,10.246691,31,29,3586.962646,3857.723877,214.682469,189.376937,Normal
0.191738,tcp,http,FIN,10,6,844,268,78.231756,254,252,31709.9375,9346.086914,19.581778,36.717199,Attack
8e-06,unas,-,INT,2,0,200,0,125000.0003,254,0,100000000.0,0.0,0.008,0.0,Attack
0.016937,tcp,-,FIN,48,50,2958,33044,5727.106106,31,29,1368365.125,15296215.0,0.368644,0.33498,Normal
1e-05,unas,-,INT,2,0,200,0,100000.0025,254,0,80000000.0,0.0,0.01,0.0,Attack
0.030858,tcp,-,FIN,72,74,4238,63516,4698.943435,31,29,1083673.625,16244215.0,0.430113,0.414616,Normal
3e-06,trunk-2,-,INT,2,0,200,0,333333.3215,254,0,266666656.0,0.0,0.003,0.0,Attack
0.001061,udp,dns,CON,2,2,130,162,2827.521083,31,29,490103.6563,610744.5625,0.009,0.006,Normal
9e-06,udp,dns,INT,2,0,114,0,111111.1072,254,0,50666664.0,0.0,0.009,0.0,Attack
3.560573,tcp,smtp,FIN,52,24,48150,1912,21.064025,62,252,106106.5156,4118.437988,69.811845,149.665781,Attack
1.278046,tcp,http,FIN,12,18,1580,10168,22.690889,31,29,9070.095703,60116.76953,116.152997,75.148173,Normal
7.255332,tcp,pop3,FIN,204,1244,8884,1633648,199.43953,62,252,9748.416992,1799873.5,35.740553,5.832245,Attack
0.095973,tcp,-,FIN,68,70,4014,59460,1427.484814,31,29,329676.0625,4885624.0,1.494609,1.403897,Normal
0.051228,tcp,-,FIN,40,42,2558,23162,1581.166497,31,29,389630.6563,3531037.5,1.304462,1.235537,Normal
0.001014,udp,dns,CON,2,2,130,162,2958.579772,31,29,512820.5,639053.25,0.004,0.004,Normal
0.169291,tcp,-,FIN,10,6,1612,268,88.604826,254,252,68568.32031,10585.32324,18.048,28.855,Normal
0.224114,tcp,http,FIN,10,6,1294,268,66.930223,254,252,41585.97656,7995.930664,23.079,41.196199,Attack
4e-06,unas,-,INT,2,0,200,0,250000.0006,254,0,200000000.0,0.0,0.004,0.0,Attack
2e-06,rdp,-,INT,2,0,200,0,500000.0013,254,0,400000000.0,0.0,0.002,0.0,Attack
2.621708,tcp,-,FIN,38,138,1886,162414,66.75038,62,252,5605.506348,492009.0313,70.85697,18.33289,Attack
0.005365,udp,-,CON,4,4,568,320,1304.753003,31,29,635228.3125,357875.125,1.211,1.3,Normal
1e-06,unas,-,INT,2,0,200,0,1000000.003,254,0,800000000.0,0.0,0.001,0.0,Attack
8e-06,unas,-,INT,2,0,200,0,125000.0003,254,0,100000000.0,0.0,0.008,0.0,Attack
9e-06,udp,dns,INT,2,0,114,0,111111.1072,254,0,50666664.0,0.0,0.009,0.0,Attack
0.338385,udp,-,CON,4,4,568,304,20.686497,31,29,10071.36914,5390.310059,103.338,98.008,Normal
0.000949,udp,dns,CON,2,2,130,162,3161.222311,31,29,547945.1875,682824.0,0.001,0.004,Normal
8e-06,udp,dns,INT,2,0,114,0,125000.0003,254,0,57000000.0,0.0,0.008,0.0,Attack
1.041514,tcp,http,FIN,12,18,1544,13426,27.84408,62,252,10876.47363,97404.35156,94.683091,51.082411,Attack
9e-06,uti,-,INT,2,0,200,0,111111.1072,254,0,88888888.0,0.0,0.009,0.0,Attack
9e-06,mfe-nsp,-,INT,2,0,200,0,111111.1072,254,0,88888888.0,0.0,0.009,0.0,Attack
1.309349,tcp,-,FIN,10,8,564,354,12.983552,254,252,3103.832764,1894.071167,138.454889,169.902141,Attack
9e-06,udp,dns,INT,2,0,114,0,111111.1072,254,0,50666664.0,0.0,0.009,0.0,Attack
0.823783,tcp,ssh,FIN,32,24,3728,5474,66.765157,31,29,35077.19922,50945.45703,26.573646,35.781695,Normal
0.296491,tcp,-,FIN,26,28,4432,2976,178.757536,31,29,114998.4297,77439.11719,11.84236,11.384462,Normal
0.001108,udp,dns,CON,2,2,146,178,2707.581093,31,29,527075.8125,642599.25,0.009,0.007,Normal
0.191918,tcp,-,FIN,10,6,2462,268,78.15838,254,252,92372.78125,9337.321289,19.708111,36.966398,Attack
9e-06,udp,dns,INT,2,0,114,0,111111.1072,254,0,50666664.0,0.0,0.009,0.0,Attack
9e-06,udp,dns,INT,2,0,114,0,111111.1072,254,0,50666664.0,0.0,0.009,0.0,Attack
8e-06,vrrp,-,INT,2,0,200,0,125000.0003,254,0,100000000.0,0.0,0.008,0.0,Attack
9e-06,udp,dns,INT,2,0,114,0,111111.1072,254,0,50666664.0,0.0,0.009,0.0,Attack
3e-06,udp,-,INT,2,0,168,0,333333.3215,254,0,224000000.0,0.0,0.003,0.0,Attack
44.576466,tcp,smtp,FIN,5402,824,7216941,36222,139.64768,62,252,1294962.375,6492.933105,8.274819,54.117688,Attack
7e-06,unas,-,INT,2,0,200,0,142857.1409,254,0,114285712.0,0.0,0.007,0.0,Attack
8e-06,udp,dns,INT,2,0,114,0,125000.0003,254,0,57000000.0,0.0,0.008,0.0,Attack
9e-06,udp,dns,INT,2,0,114,0,111111.1072,254,0,50666664.0,0.0,0.009,0.0,Attack
9e-06,udp,-,INT,2,0,752,0,111111.1072,254,0,334222208.0,0.0,0.009,0.0,Normal
4e-06,udp,-,INT,2,0,170,0,250000.0006,254,0,170000000.0,0.0,0.004,0.0,Attack
9e-06,sps,-,INT,2,0,200,0,111111.1072,254,0,88888888.0,0.0,0.009,0.0,Attack
2e-06,emcon,-,INT,2,0,180,0,500000.0013,254,0,360000000.0,0.0,0.002,0.0,Attack
9e-06,udp,dns,INT,2,0,114,0,111111.1072,254,0,50666664.0,0.0,0.009,0.0,Attack
0.226708,tcp,ssl,FIN,10,8,522,1768,74.986328,62,252,16585.21094,54590.04688,25.189778,31.017285,Attack
9e-06,udp,dns,INT,2,0,114,0,111111.1072,254,0,50666664.0,0.0,0.009,0.0,Attack
4e-06,idrp,-,INT,2,0,200,0,250000.0006,254,0,200000000.0,0.0,0.004,0.0,Attack
9e-06,udp,dns,INT,2,0,114,0,111111.1072,254,0,50666664.0,0.0,0.009,0.0,Attack
0.001012,udp,dns,CON,2,2,146,178,2964.426812,31,29,577075.0625,703557.3125,0.005,0.006,Normal
0.004699,tcp,-,FIN,18,18,4528,2456,7448.393026,31,29,7281549.0,3949776.5,0.258294,0.243471,Normal
1.392442,tcp,ftp,FIN,62,20,68109,1026,58.171185,254,252,384998.4375,5601.669434,22.812738,69.426102,Attack
9e-06,udp,dns,INT,2,0,114,0,111111.1072,254,0,50666664.0,0.0,0.009,0.0,Attack
0.004066,tcp,-,FIN,12,12,1064,2260,5656.664711,31,29,1920314.75,4076733.75,0.338091,0.319273,Normal
1e-05,udp,-,INT,2,0,1596,0,100000.0025,254,0,638400000.0,0.0,0.01,0.0,Attack
4e-06,udp,dns,INT,2,0,114,0,250000.0006,254,0,114000000.0,0.0,0.004,0.0,Attack
2.676769,tcp,smtp,FIN,26,20,4385,1750,16.811312,254,252,12603.25391,4970.170898,107.070762,138.541156,Attack
1.336704,tcp,-,FIN,12,10,3026,834,15.710284,254,252,16602.0293,4494.637695,118.841271,138.200109,Normal
6e-06,udp,dns,INT,2,0,114,0,166666.6608,254,0,76000000.0,0.0,0.006,0.0,Attack
6.429971,tcp,-,FIN,68,334,3142,434634,62.364198,62,252,3851.961182,539141.4375,95.969717,18.90951,Attack
2.514314,tcp,-,FIN,10,8,1122,354,6.761288,254,252,3213.600342,986.352539,276.056222,340.545844,Attack
3e-06,udp,dns,INT,2,0,114,0,333333.3215,254,0,152000000.0,0.0,0.003,0.0,Attack
9e-06,udp,dns,INT,2,0,114,0,111111.1072,254,0,50666664.0,0.0,0.009,0.0,Attack
9e-06,unas,-,INT,2,0,200,0,111111.1072,254,0,88888888.0,0.0,0.009,0.0,Attack
1e-06,unas,-,INT,2,0,200,0,1000000.003,254,0,800000000.0,0.0,0.001,0.0,Attack
1.22585,tcp,-,FIN,14,12,784,678,20.394013,254,252,4750.989258,4059.224365,94.296151,97.547453,Normal
0.387237,tcp,-,FIN,28,30,4656,3080,147.196673,31,29,92759.72656,61523.04297,14.330333,13.333448,Normal
9e-06,udp,dns,INT,2,0,114,0,111111.1072,254,0,50666664.0,0.0,0.009,0.0,Attack
1.290665,tcp,ftp,FIN,52,54,2934,3740,81.353409,31,29,17838.86523,22754.16016,25.300942,24.342584,Normal
4e-06,bna,-,INT,2,0,200,0,250000.0006,254,0,200000000.0,0.0,0.004,0.0,Attack
4e-06,unas,-,INT,2,0,200,0,250000.0006,254,0,200000000.0,0.0,0.004,0.0,Attack
1.184853,tcp,-,FIN,70,14,84867,612,70.050886,254,252,564829.5625,3841.826904,16.610493,86.154766,Normal
0.979449,tcp,ftp,FIN,52,54,2934,3742,107.203134,31,29,23507.0957,30000.54102,19.198705,18.46966,Normal
9e-06,leaf-2,-,INT,2,0,200,0,111111.1072,254,0,88888888.0,0.0,0.009,0.0,Attack
4.592687,tcp,-,FIN,18,18,1022,3112,7.620811,62,252,1682.675049,5121.185059,270.158059,266.184719,Attack
0.026407,tcp,ftp,FIN,52,54,2934,3740,3976.218476,31,29,871890.0625,1112129.375,0.543667,0.496154,Normal
3e-06,udp,dns,INT,2,0,114,0,333333.3215,254,0,152000000.0,0.0,0.003,0.0,Attack
0.23472,sctp,-,CON,4,2,536,440,21.301976,254,60,13701.43066,7498.29541,78.24,0.004,Attack
1.363602,tcp,http,FIN,10,8,1000,354,12.46698,254,252,5280.132812,1818.712402,148.704111,178.177422,Attack
0.001062,udp,dns,CON,2,2,146,178,2824.858614,31,29,549905.8125,670433.125,0.009,0.007,Normal
9e-06,udp,-,INT,2,0,104,0,111111.1072,254,0,46222220.0,0.0,0.009,0.0,Attack
9e-06,any,-,INT,2,0,200,0,111111.1072,254,0,88888888.0,0.0,0.009,0.0,Attack
0.327938,tcp,http,FIN,10,6,874,268,45.740355,254,252,19198.75195,5464.447754,36.340667,57.478,Attack
9e-06,udp,dns,INT,2,0,114,0,111111.1072,254,0,50666664.0,0.0,0.009,0.0,Attack
0.0,arp,-,INT,1,0,46,0,0.0,0,0,0.0,0.0,60000.752,0.0,Normal
0.73097,tcp,ssh,FIN,106,114,9400,12298,299.601889,31,29,101913.8906,133422.7031,6.958657,6.463991,Normal
2.782361,tcp,-,FIN,64,326,3004,416798,139.809319,62,252,8505.006836,1194726.375,44.164462,8.369135,Attack
3e-06,udp,-,INT,2,0,168,0,333333.3215,254,0,224000000.0,0.0,0.003,0.0,Attack
4e-06,emcon,-,INT,2,0,180,0,250000.0006,254,0,180000000.0,0.0,0.004,0.0,Attack
3e-06,udp,dns,INT,2,0,114,0,333333.3215,254,0,152000000.0,0.0,0.003,0.0,Attack
0.469862,tcp,http,FIN,18,6,14182,268,48.950541,254,252,228066.9531,3813.885742,24.798118,81.447,Attack
0.540487,tcp,http,FIN,10,6,992,268,27.752749,254,252,13217.70898,3315.528564,53.580111,91.541797,Attack
0.699826,tcp,-,FIN,10,6,2516,268,21.433899,254,252,25892.15039,2560.636475,74.679556,125.086797,Normal
0.16739,udp,-,CON,2,2,2986,760,17.922217,254,60,71354.32031,18161.17969,0.006,0.005,Attack
5e-06,udp,-,INT,2,0,288,0,200000.0051,254,0,230400000.0,0.0,0.005,0.0,Normal
9e-06,udp,snmp,INT,2,0,138,0,111111.1072,254,0,61333332.0,0.0,0.009,0.0,Attack
0.001007,udp,dns,CON,2,2,146,178,2979.146024,31,29,579940.4375,707050.6875,0.004,0.005,Normal
1.358763,tcp,ftp-data,FIN,8,10,364,3754,12.51138,62,252,1878.178955,19894.56641,193.928853,138.799556,Attack
1.704904,tcp,-,FIN,10,8,534,354,9.971236,254,252,2257.018555,1454.627441,185.437889,234.711,Attack
2.662956,tcp,-,FIN,10,8,564,354,6.383883,254,252,1526.123657,931.295898,290.633333,372.183156,Attack
9e-06,narp,-,INT,2,0,200,0,111111.1072,254,0,88888888.0,0.0,0.009,0.0,Attack
0.023986,tcp,-,FIN,60,62,3598,48710,5044.609236,31,29,1180355.125,15984324.0,0.401169,0.383475,Normal
9e-06,udp,dns,INT,2,0,114,0,111111.1072,254,0,50666664.0,0.0,0.009,0.0,Attack
0.270106,tcp,http,FIN,10,10,790,4248,70.342758,62,252,21058.40039,113259.2422,30.011778,24.878222,Attack
0.019862,tcp,ssh,FIN,32,24,3728,5474,2769.106851,31,29,1454838.375,2112979.5,0.64071,0.722478,Normal
8e-06,udp,dns,INT,2,0,114,0,125000.0003,254,0,57000000.0,0.0,0.008,0.0,Attack
0.021003,tcp,-,FIN,16,18,1540,1644,1571.204081,31,29,550016.625,591534.5,1.378133,1.209294,Normal
1.474563,tcp,smtp,FIN,72,28,69747,1972,67.138535,62,252,373149.1875,10318.98926,20.768493,51.263035,Attack
0.224367,tcp,http,FIN,10,6,1310,268,66.854754,254,252,42038.26953,7986.914551,23.035222,43.062602,Attack
9e-06,udp,dns,INT,2,0,114,0,111111.1072,254,0,50666664.0,0.0,0.009,0.0,Attack
0.536302,tcp,ftp-data,FIN,8,10,364,4424,31.69856,62,252,4758.513184,59399.37109,76.614569,53.517111,Attack
59.932392,tcp,http,FIN,16,10,1478,1174,0.417137,62,252,185.008469,141.092316,3995.4926,6622.904,Attack
0.301885,tcp,http,FIN,12,18,920,17482,96.063068,62,252,22366.13281,437544.0938,27.371545,15.684706,Attack
0.043876,tcp,-,FIN,38,40,2438,18508,1754.945766,31,29,432856.2188,3290363.75,1.244743,1.112539,Normal
0.067928,tcp,-,FIN,48,50,2958,32642,1427.982543,31,29,341184.7813,3767518.5,1.436,1.375367,Normal
9e-06,udp,dns,INT,2,0,114,0,111111.1072,254,0,50666664.0,0.0,0.009,0.0,Attack
0.004386,tcp,-,FIN,22,14,1470,1728,7979.936398,31,29,2560875.5,2927496.75,0.2193,0.279,Normal
1.634386,tcp,-,FIN,36,138,1806,162233,105.850152,62,252,8595.277344,788347.4375,46.696741,11.707671,Attack
0.071966,tcp,-,FIN,52,54,3182,39076,1459.022318,31,29,346941.625,4263457.5,1.43326,1.347113,Normal
8e-06,udp,dns,INT,2,0,114,0,125000.0003,254,0,57000000.0,0.0,0.008,0.0,Attack
0.557074,tcp,-,FIN,12,8,1186,730,34.106779,254,252,15624.49512,9176.518555,46.693092,69.892711,Attack
0.910895,tcp,-,FIN,14,10,774,556,25.249892,254,252,6314.668457,4400.067871,67.104844,92.869445,Normal
2.694904,tcp,smtp,FIN,60,26,58426,1902,31.541011,62,252,170553.0156,5429.506836,46.463863,104.231039,Attack
4e-06,udp,dns,INT,2,0,114,0,250000.0006,254,0,114000000.0,0.0,0.004,0.0,Attack
0.030944,tcp,-,FIN,22,26,2054,2582,1518.872757,31,29,506980.3438,641933.8125,1.457286,1.2148,Normal
0.0,arp,-,INT,1,0,46,0,0.0,0,0,0.0,0.0,60000.744,0.0,Normal
0.383095,tcp,-,FIN,10,6,794,268,39.154779,254,252,14931.02246,4677.690918,42.440111,64.015801,Attack
9e-06,udp,dns,INT,2,0,114,0,111111.1072,254,0,50666664.0,0.0,0.009,0.0,Attack
0.058956,tcp,-,FIN,68,70,4014,59460,2323.766839,31,29,536671.4375,7953185.5,0.88853,0.847507,Normal
0.225028,tcp,http,FIN,10,10,800,4258,84.43394,62,252,25596.81445,136267.4844,25.003111,24.088333,Attack
0.728854,tcp,-,FIN,16,10,980,556,34.300422,254,252,10087.06836,5499.043457,47.546266,76.643336,Normal
0.546116,tcp,-,FIN,10,6,534,268,27.466692,254,252,7046.12207,3281.354248,56.124778,86.667602,Attack
8e-06,udp,dns,INT,2,0,114,0,125000.0003,254,0,57000000.0,0.0,0.008,0.0,Attack
1.004683,tcp,http,FIN,12,18,1580,10168,28.864826,31,29,11537.96777,76473.875,91.302815,59.069528,Normal
1.377312,tcp,pop3,FIN,20,20,982,2292,28.316025,62,252,5419.251465,12650.72852,76.517332,70.535734,Attack
0.046931,tcp,ftp-data,FIN,6,8,320,1946,277.002416,31,29,45513.62891,290298.5313,9.3216,6.616857,Normal
0.369149,tcp,-,FIN,16,6,10650,268,56.887598,254,252,216389.5938,4854.408203,22.811066,67.871203,Attack
5e-06,udp,dns,INT,2,0,114,0,200000.0051,254,0,91200000.0,0.0,0.005,0.0,Attack
0.0,arp,-,INT,1,0,46,0,0.0,0,0,0.0,0.0,60000.528,0.0,Normal
0.011338,tcp,-,FIN,34,36,2230,13500,6085.729306,31,29,1527606.25,9260892.0,0.33203,0.309314,Normal
3e-06,udp,dns,INT,2,0,114,0,333333.3215,254,0,152000000.0,0.0,0.003,0.0,Attack
5.667425,rvd,-,INT,4,0,400,0,0.529341,254,0,423.472717,0.0,1889.141625,0.0,Attack
0.899168,tcp,smtp,FIN,24,20,4669,1886,47.821986,62,252,39814.58203,15943.62793,39.09426,46.820473,Attack
0.093838,tcp,-,FIN,60,62,3614,45696,1289.456313,31,29,302990.25,3832903.5,1.584542,1.523459,Normal
0.026913,tcp,smtp,FIN,52,42,37152,3380,3455.579053,31,29,10831345.0,980938.5625,0.542388,0.644829,Normal
3e-06,udp,dns,INT,2,0,114,0,333333.3215,254,0,152000000.0,0.0,0.003,0.0,Attack
7e-06,udp,-,INT,2,0,1672,0,142857.1409,254,0,955428544.0,0.0,0.007,0.0,Normal
1.036164,tcp,http,FIN,12,18,1580,10168,27.987846,31,29,11187.41797,74150.42188,94.160548,60.919117,Normal
9e-06,unas,-,INT,2,0,200,0,111111.1072,254,0,88888888.0,0.0,0.009,0.0,Attack
0.001068,udp,dns,CON,2,2,146,178,2808.988808,31,29,546816.5,666666.6875,0.009,0.005,Normal
9e-06,udp,-,INT,2,0,1058,0,111111.1072,254,0,470222208.0,0.0,0.009,0.0,Attack
1.006313,ospf,-,INT,42,0,1890,0,40.742792,254,0,14667.40527,0.0,24.544219,0.0,Attack
3e-06,udp,dns,INT,2,0,114,0,333333.3215,254,0,152000000.0,0.0,0.003,0.0,Attack
0.909852,tcp,http,FIN,10,8,840,354,18.684357,254,252,6647.234863,2725.718018,96.839,113.14257,Attack
9e-06,tcp,-,REQ,2,0,90,0,111111.1072,254,0,40000000.0,0.0,0.009,0.0,Normal
6e-06,udp,dns,INT,2,0,114,0,166666.6608,254,0,76000000.0,0.0,0.006,0.0,Attack
0.001664,udp,-,CON,4,4,520,304,4206.730817,31,29,1875000.0,1096153.875,0.434,0.194667,Normal
9e-06,unas,-,INT,2,0,200,0,111111.1072,254,0,88888888.0,0.0,0.009,0.0,Attack
0.00768,tcp,-,FIN,22,24,1920,4312,5859.375148,31,29,1909375.0,4305208.5,0.349524,0.310957,Normal
9e-06,udp,-,INT,2,0,1064,0,111111.1072,254,0,472888864.0,0.0,0.009,0.0,Normal
0.001036,udp,dns,CON,2,2,130,162,2895.752973,31,29,501930.5,625482.625,0.01,0.007,Normal
0.180046,tcp,http,FIN,10,6,836,268,83.312039,254,252,33458.11328,9953.011719,18.400222,34.675801,Attack
9e-06,udp,dns,INT,2,0,114,0,111111.1072,254,0,50666664.0,0.0,0.009,0.0,Attack
0.000951,udp,dns,CON,2,2,146,178,3154.574054,31,29,614090.4375,748685.5625,0.001,0.004,Normal
9e-06,udp,dns,INT,2,0,114,0,111111.1072,254,0,50666664.0,0.0,0.009,0.0,Attack
9e-06,etherip,-,INT,2,0,200,0,111111.1072,254,0,88888888.0,0.0,0.009,0.0,Attack
10.214785,tcp,http,FIN,356,746,18994,1087890,107.784945,31,29,14834.18457,850870.1875,28.773121,13.710377,Normal
5e-06,udp,dns,INT,2,0,114,0,200000.0051,254,0,91200000.0,0.0,0.005,0.0,Attack
9e-06,udp,dns,INT,2,0,114,0,111111.1072,254,0,50666664.0,0.0,0.009,0.0,Attack
0.207909,tcp,-,FIN,10,6,516,268,72.146948,254,252,17892.44336,8619.155273,21.705444,40.009801,Attack
0.001081,udp,dns,CON,2,2,146,178,2775.208228,31,29,540240.5625,658649.4375,0.009,0.007,Normal
1e-06,udp,dns,INT,2,0,114,0,1000000.003,254,0,456000000.0,0.0,0.001,0.0,Attack
0.245087,udp,-,CON,4,4,544,304,28.561287,31,29,13317.71973,7442.255371,72.995664,11.008333,Normal
0.787194,tcp,-,FIN,12,8,3042,720,24.136362,254,252,28343.71094,6402.487793,70.182544,98.316711,Attack
5e-06,pnni,-,INT,2,0,200,0,200000.0051,254,0,160000000.0,0.0,0.005,0.0,Attack
0.510359,tcp,-,CON,6,2,986,86,13.715836,62,252,12885.04785,674.035339,102.0718,0.002,Normal
1.299131,tcp,-,FIN,10,8,610,354,13.08567,254,252,3380.721436,1908.968384,144.251111,176.908422,Attack
0.739822,tcp,http,FIN,34,10,36280,440,58.122091,254,252,380772.6875,4282.111328,20.529546,73.468664,Attack
0.006191,tcp,-,FIN,18,18,4096,2456,5653.367905,31,29,4999515.5,2997900.25,0.344765,0.290059,Normal
0.366423,tcp,http,FIN,10,6,1256,268,40.936294,254,252,24692.77148,4890.522461,34.241222,63.95,Attack
59.984901,arp,-,INT,2,0,92,0,0.016671,0,0,6.134877,0.0,60001.024,0.0,Normal
1e-05,udp,dns,INT,2,0,114,0,100000.0025,254,0,45600000.0,0.0,0.01,0.0,Attack
0.059221,udp,-,CON,4,4,568,304,118.201315,31,29,57547.15625,30799.88477,14.674667,19.216666,Normal
9e-06,udp,dns,INT,2,0,114,0,111111.1072,254,0,50666664.0,0.0,0.009,0.0,Attack
0.539303,tcp,http,FIN,10,12,810,6428,38.939149,62,252,10813.95801,87416.53125,59.922556,36.751729,Attack
8e-06,udp,dns,INT,2,0,114,0,125000.0003,254,0,57000000.0,0.0,0.008,0.0,Attack
2.196504,tcp,-,FIN,18,22,1000,5182,17.755487,62,252,3441.832764,18017.72266,129.206118,101.022857,Attack
9e-06,unas,-,INT,2,0,200,0,111111.1072,254,0,88888888.0,0.0,0.009,0.0,Attack
1e-05,udp,-,INT,2,0,256,0,100000.0025,254,0,102400000.0,0.0,0.01,0.0,Attack
0.0,arp,-,INT,1,0,46,0,0.0,0,0,0.0,0.0,60000.808,0.0,Normal
0.596666,tcp,-,FIN,10,6,654,268,25.139694,254,252,7897.21582,3003.355469,59.557333,102.841,Normal
0.531062,tcp,http,FIN,10,6,566,268,28.245289,254,252,7682.71875,3374.370605,51.930778,85.255602,Attack
3e-06,udp,dns,INT,2,0,114,0,333333.3215,254,0,152000000.0,0.0,0.003,0.0,Attack
4e-06,udp,-,INT,2,0,1066,0,250000.0006,254,0,1066000000.0,0.0,0.004,0.0,Normal
9e-06,unas,-,INT,2,0,200,0,111111.1072,254,0,88888888.0,0.0,0.009,0.0,Attack
0.274971,tcp,-,FIN,16,18,1540,1644,120.012652,31,29,42011.70313,45182.94531,18.309733,16.145059,Normal
0.0,arp,-,INT,1,0,46,0,0.0,0,0,0.0,0.0,60000.704,0.0,Normal
0.133319,tcp,-,FIN,22,24,1920,4312,337.536272,31,29,109991.8203,248006.6563,6.331333,5.769348,Normal
8e-06,tcp,-,REQ,2,0,90,0,125000.0003,254,0,45000000.0,0.0,0.008,0.0,Normal
0.688793,tcp,http,FIN,10,8,826,1162,24.680855,62,252,8641.203125,11811.9668,76.532556,81.09943,Normal
9e-06,udp,dns,INT,2,0,114,0,111111.1072,254,0,50666664.0,0.0,0.009,0.0,Attack
0.861688,tcp,ftp,FIN,52,54,2934,3740,121.853847,31,29,26719.64648,34081.94141,17.22732,16.248057,Normal
1e-05,unas,-,INT,2,0,200,0,100000.0025,254,0,80000000.0,0.0,0.01,0.0,Attack
2.349103,tcp,ftp,CON,14,14,690,1038,11.493749,62,252,2182.960938,3282.955322,180.700231,154.221469,Attack
0.345256,tcp,-,FIN,28,30,4456,3080,165.094886,31,29,99566.69531,69003.86719,12.775741,11.886379,Normal
7e-06,udp,dns,INT,2,0,114,0,142857.1409,254,0,65142856.0,0.0,0.007,0.0,Attack
0.017799,tcp,ssh,FIN,106,116,9400,12402,12416.42836,31,29,4185403.75,5526603.0,0.169699,0.152743,Normal
0.001709,udp,-,CON,4,4,528,304,4095.962612,31,29,1853715.625,1067290.875,0.442667,0.208,Normal
5e-06,tcp,-,REQ,2,0,90,0,200000.0051,254,0,72000000.0,0.0,0.005,0.0,Normal
9e-06,udp,dns,INT,2,0,114,0,111111.1072,254,0,50666664.0,0.0,0.009,0.0,Attack
1.206098,tcp,-,FIN,14,10,774,556,19.069761,254,252,4769.098633,3323.113037,88.698459,126.426781,Attack
1.062089,tcp,http,FIN,14,18,1684,10168,29.187762,31,29,11780.55762,72340.45313,81.669233,62.446118,Normal
0.866338,tcp,-,FIN,10,6,1726,268,17.314258,254,252,14350.05664,2068.476807,92.311889,151.103594,Normal
9e-06,udp,dns,INT,2,0,114,0,111111.1072,254,0,50666664.0,0.0,0.009,0.0,Attack
0.01192,tcp,-,FIN,38,40,2438,18508,6459.731313,31,29,1593288.5,12111409.0,0.331171,0.291103,Normal
5e-06,udp,dns,INT,2,0,114,0,200000.0051,254,0,91200000.0,0.0,0.005,0.0,Attack
2e-06,udp,dns,INT,2,0,114,0,500000.0013,254,0,228000000.0,0.0,0.002,0.0,Attack
0.792381,tcp,http,FIN,10,8,806,1398,21.454326,62,252,7329.807129,12357.69141,88.042333,97.122,Attack
1e-06,udp,dns,INT,2,0,114,0,1000000.003,254,0,456000000.0,0.0,0.001,0.0,Attack
0.013326,tcp,-,FIN,16,18,1540,1644,2476.361921,31,29,866876.75,932312.75,0.867733,0.80275,Normal
9e-06,unas,-,INT,2,0,200,0,111111.1072,254,0,88888888.0,0.0,0.009,0.0,Attack
0.622215,tcp,-,FIN,10,10,608,646,30.53607,254,252,7045.796387,7482.944336,69.135,64.908777,Attack
0.018444,tcp,-,FIN,16,18,1540,1644,1789.199758,31,29,626328.375,673606.625,1.2088,1.058235,Normal
0.070922,tcp,-,FIN,48,50,2958,33044,1367.699684,31,29,326781.5313,3652914.25,1.534891,1.452187,Normal
9e-06,udp,dns,INT,2,0,114,0,111111.1072,254,0,50666664.0,0.0,0.009,0.0,Attack
0.234467,tcp,http,FIN,10,10,788,4246,81.034858,62,252,24225.1582,130406.4141,26.051889,25.167556,Attack
3.927794,tcp,-,FIN,30,26,8298,3394,14.002771,254,252,16338.94238,6648.006348,135.407349,154.255875,Attack
8e-06,udp,dns,INT,2,0,114,0,125000.0003,254,0,57000000.0,0.0,0.008,0.0,Attack
0.01696,tcp,-,FIN,48,50,2958,32642,5719.339414,31,29,1366509.375,15089622.0,0.3615,0.343146,Normal
5e-06,udp,dns,INT,2,0,114,0,200000.0051,254,0,91200000.0,0.0,0.005,0.0,Attack
0.001287,udp,dns,CON,2,2,146,178,2331.002293,31,29,453768.4375,553224.5625,0.008,0.008,Normal
0.466568,tcp,-,FIN,10,6,626,268,32.149655,254,252,9670.616211,3840.812012,51.74,81.233,Attack
9e-06,unas,-,INT,2,0,200,0,111111.1072,254,0,88888888.0,0.0,0.009,0.0,Attack
4e-06,unas,-,INT,2,0,200,0,250000.0006,254,0,200000000.0,0.0,0.004,0.0,Attack
5e-06,unas,-,INT,2,0,200,0,200000.0051,254,0,160000000.0,0.0,0.005,0.0,Attack
0.001146,udp,dns,CON,2,2,146,178,2617.801058,31,29,509598.5938,621291.4375,0.01,0.007,Normal
0.890369,tcp,-,FIN,10,8,540,354,19.093207,254,252,4366.729004,2785.362061,94.414889,110.290289,Attack
0.000998,udp,dns,CON,2,2,146,178,3006.011927,31,29,585170.3125,713426.8125,0.009,0.005,Normal
6e-06,unas,-,INT,2,0,200,0,166666.6608,254,0,133333328.0,0.0,0.006,0.0,Attack
5e-06,udp,dns,INT,2,0,114,0,200000.0051,254,0,91200000.0,0.0,0.005,0.0,Attack
0.001057,udp,dns,CON,2,2,146,178,2838.221339,31,29,552507.0625,673604.5,0.008,0.007,Normal
6e-06,unas,-,INT,2,0,200,0,166666.6608,254,0,133333328.0,0.0,0.006,0.0,Attack
0.709482,tcp,-,FIN,12,8,1058,716,26.780101,254,252,10937.55664,7069.946777,61.530724,90.613,Attack
0.0,arp,-,INT,1,0,46,0,0.0,0,0,0.0,0.0,60000.688,0.0,Normal
1e-05,sun-nd,-,INT,1,0,60,0,0.0,0,0,0.0,0.0,0.0,0.0,Attack
8e-06,udp,dns,INT,2,0,114,0,125000.0003,254,0,57000000.0,0.0,0.008,0.0,Attack
9e-06,udp,dns,INT,2,0,114,0,111111.1072,254,0,50666664.0,0.0,0.009,0.0,Attack
0.002782,tcp,ftp-data,FIN,6,8,320,1910,4672.897203,31,29,767792.9375,4808052.0,0.4942,0.327143,Normal
9e-06,udp,-,INT,2,0,104,0,111111.1072,254,0,46222220.0,0.0,0.009,0.0,Attack
0.035878,tcp,-,FIN,122,126,7818,15180,6884.441927,31,29,1728970.5,3358046.75,0.297479,0.282864,Normal
8e-06,udp,dns,INT,2,0,114,0,125000.0003,254,0,57000000.0,0.0,0.008,0.0,Attack
0.046404,tcp,ftp-data,FIN,6,8,320,1930,280.148261,31,29,46030.51563,291181.7813,9.2146,6.552857,Normal
1.39918,tcp,smtp,FIN,34,22,19851,1824,39.308736,62,252,110167.3828,9960.119141,42.399393,62.267332,Attack
3e-06,udp,dns,INT,2,0,114,0,333333.3215,254,0,152000000.0,0.0,0.003,0.0,Attack
9e-06,vines,-,INT,2,0,200,0,111111.1072,254,0,88888888.0,0.0,0.009,0.0,Attack
0.00107,udp,dns,CON,2,2,146,178,2803.738322,31,29,545794.375,665420.5625,0.008,0.007,Normal
1.285464,tcp,http,FIN,10,16,806,9892,19.44823,62,252,4518.212891,57716.12109,142.723667,80.378667,Attack
0.031158,tcp,-,FIN,72,74,4238,63516,4653.70046,31,29,1073239.625,16087810.0,0.440671,0.419137,Normal
5e-06,udp,dns,INT,2,0,114,0,200000.0051,254,0,91200000.0,0.0,0.005,0.0,Attack
2.087636,tcp,smtp,FIN,20,24,3902,1942,20.597461,62,252,14205.54199,7135.34375,109.818576,88.595695,Attack
6e-06,udp,dns,INT,2,0,114,0,166666.6608,254,0,76000000.0,0.0,0.006,0.0,Attack
0.051994,tcp,-,RST,6,2,258,86,134.63092,254,60,33080.74219,6616.147949,10.3988,0.008,Normal
9e-06,udp,dns,INT,2,0,114,0,111111.1072,254,0,50666664.0,0.0,0.009,0.0,Attack
0.913988,tcp,-,FIN,10,8,564,354,18.599807,254,252,4446.447754,2713.383545,96.943889,119.468711,Attack
3e-06,udp,dns,INT,2,0,114,0,333333.3215,254,0,152000000.0,0.0,0.003,0.0,Attack
0.031187,tcp,smtp,FIN,52,42,37358,3380,2982.011759,31,29,9398788.0,846506.5625,0.628959,0.747293,Normal
0.854716,tcp,http,FIN,60,14,68193,612,85.408486,254,252,627642.375,5325.745605,14.175254,58.607922,Normal
0.000931,udp,dns,CON,2,2,130,162,3222.341611,31,29,558539.1875,696025.8125,0.001,0.005,Normal
5e-06,udp,dns,INT,2,0,114,0,200000.0051,254,0,91200000.0,0.0,0.005,0.0,Attack
17.330788,ospf,-,INT,28,0,12832,0,1.557921,254,0,5711.916016,0.0,641.881062,0.0,Attack
9e-06,unas,-,INT,2,0,200,0,111111.1072,254,0,88888888.0,0.0,0.009,0.0,Attack
0.399579,tcp,-,FIN,10,6,2516,268,37.539511,254,252,45347.73047,4484.720215,41.979556,60.089398,Normal
0.253616,tcp,-,FIN,10,6,542,268,59.144532,254,252,15393.35059,7065.800293,25.619778,45.188398,Attack
0.715461,tcp,-,FIN,10,8,564,354,23.760903,254,252,5680.253418,3466.296387,79.495667,85.584289,Attack
0.891468,tcp,-,FIN,10,8,564,354,19.06967,254,252,4558.772949,2781.928223,92.866889,116.596,Attack
3e-06,unas,-,INT,2,0,200,0,333333.3215,254,0,266666656.0,0.0,0.003,0.0,Attack
1e-05,udp,-,INT,2,0,104,0,100000.0025,254,0,41600000.0,0.0,0.01,0.0,Normal
0.235706,tcp,smtp,FIN,52,42,37152,3380,394.559321,31,29,1236727.125,112003.9375,4.614921,5.737146,Normal
0.316594,tcp,-,FIN,10,6,534,268,47.379293,254,252,12154.36816,5660.246094,35.069222,50.749398,Attack
1e-05,udp,-,INT,2,0,1144,0,100000.0025,254,0,457600000.0,0.0,0.01,0.0,Attack
5e-06,pnni,-,INT,2,0,200,0,200000.0051,254,0,160000000.0,0.0,0.005,0.0,Attack
5e-06,udp,dns,INT,2,0,114,0,200000.0051,254,0,91200000.0,0.0,0.005,0.0,Attack
4e-06,udp,dns,INT,2,0,114,0,250000.0006,254,0,114000000.0,0.0,0.004,0.0,Attack
9e-06,udp,dns,INT,2,0,114,0,111111.1072,254,0,50666664.0,0.0,0.009,0.0,Attack
5.9e-05,udp,-,INT,1,0,112,0,0.0,255,0,0.0,0.0,0.0,0.0,Attack
9e-06,udp,dns,INT,2,0,114,0,111111.1072,254,0,50666664.0,0.0,0.009,0.0,Attack
0.435583,tcp,http,FIN,10,6,1676,268,34.436606,254,252,27714.58008,4114.026367,48.398111,84.725,Attack
3e-06,udp,dns,INT,2,0,114,0,333333.3215,254,0,152000000.0,0.0,0.003,0.0,Attack
0.028948,tcp,-,FIN,48,50,2974,30506,3350.836016,31,29,805029.6875,8261987.0,0.622457,0.58,Normal
6e-06,udp,dns,INT,2,0,114,0,166666.6608,254,0,76000000.0,0.0,0.006,0.0,Attack
0.375827,tcp,-,RST,6,2,258,86,18.62559,254,60,4576.57373,915.314697,75.1654,0.007,Attack
6e-06,udp,dns,INT,2,0,114,0,166666.6608,254,0,76000000.0,0.0,0.006,0.0,Attack
3e-06,udp,dns,INT,2,0,114,0,333333.3215,254,0,152000000.0,0.0,0.003,0.0,Attack
6e-06,br-sat-mon,-,INT,2,0,200,0,166666.6608,254,0,133333328.0,0.0,0.006,0.0,Attack
0.00109,udp,dns,CON,2,2,146,178,2752.293491,31,29,535779.8125,653211.0,0.007,0.007,Normal
1e-05,udp,dns,INT,2,0,114,0,100000.0025,254,0,45600000.0,0.0,0.01,0.0,Attack
0.832441,tcp,-,FIN,10,8,564,354,20.421868,254,252,4882.027832,2979.190186,90.360222,110.045141,Attack
9e-06,udp,dns,INT,2,0,114,0,111111.1072,254,0,50666664.0,0.0,0.009,0.0,Attack
1.00594,tcp,http,FIN,12,18,1580,10168,28.828758,31,29,11523.55078,76378.3125,91.416544,59.144233,Normal
1e-06,udp,dns,INT,2,0,114,0,1000000.003,254,0,456000000.0,0.0,0.001,0.0,Attack
0.004334,tcp,-,FIN,22,14,1470,1728,8075.680778,31,29,2591601.25,2962621.25,0.206381,0.277538,Normal
9e-06,udp,dns,INT,2,0,114,0,111111.1072,254,0,50666664.0,0.0,0.009,0.0,Attack
9e-06,udp,dns,INT,2,0,114,0,111111.1072,254,0,50666664.0,0.0,0.009,0.0,Attack
9e-06,udp,dns,INT,2,0,114,0,111111.1072,254,0,50666664.0,0.0,0.009,0.0,Attack
9e-06,udp,dns,INT,2,0,114,0,111111.1072,254,0,50666664.0,0.0,0.009,0.0,Attack
0.00842,udp,-,CON,4,4,520,304,831.353934,31,29,370546.3125,216627.0781,0.401,2.478333,Normal
9e-06,unas,-,INT,2,0,200,0,111111.1072,254,0,88888888.0,0.0,0.009,0.0,Attack
0.748712,tcp,-,FIN,122,126,7814,14990,329.89988,31,29,82808.875,158907.5625,6.342229,5.985448,Normal
32.043442,tcp,http,FIN,2578,394,3439898,16952,92.71788,254,252,858475.5625,4221.519043,12.430641,81.213898,Attack
0.361747,tcp,-,FIN,40,42,2542,23508,223.9134,31,29,54822.84766,507514.9375,9.267692,8.809732,Normal
9e-06,udp,dns,INT,2,0,114,0,111111.1072,254,0,50666664.0,0.0,0.009,0.0,Attack
0.246753,tcp,ssh,FIN,32,26,3728,5578,231.000224,31,29,117104.9531,173906.6875,8.2251,9.84352,Normal
9e-06,udp,-,INT,2,0,168,0,111111.1072,254,0,74666664.0,0.0,0.009,0.0,Attack
0.265075,tcp,http,FIN,10,8,808,1746,64.132793,62,252,21971.14063,46115.25,29.452778,36.681285,Attack
0.001143,udp,dns,CON,2,2,146,178,2624.67198,31,29,510936.1563,622922.125,0.009,0.007,Normal
0.208192,tcp,-,CON,6,2,986,86,33.622809,62,252,31586.22656,1652.320923,41.6384,0.007,Normal
0.871743,tcp,ftp,FIN,12,12,826,682,26.383922,254,252,6956.178223,5744.812012,79.249364,71.921453,Normal
8e-06,udp,dns,INT,2,0,114,0,125000.0003,254,0,57000000.0,0.0,0.008,0.0,Attack
1.978253,tcp,-,FIN,112,22,135649,956,67.231036,254,252,543663.5,3692.146484,17.287694,89.252711,Attack
1.636134,tcp,-,FIN,60,14,69587,612,44.617372,254,252,334583.8438,2782.168213,27.458746,121.660461,Normal
0.317066,tcp,-,FIN,10,6,566,268,47.30876,254,252,12867.98242,5651.819824,32.140111,50.473199,Normal
0.569882,tcp,http,FIN,10,10,848,1544,33.340237,62,252,10725.02734,19512.8125,63.320222,59.590332,Attack
1.955991,tcp,-,FIN,104,20,131624,870,62.883724,254,252,533168.0625,3382.428711,18.764932,98.913523,Attack
9e-06,ddp,-,INT,2,0,200,0,111111.1072,254,0,88888888.0,0.0,0.009,0.0,Attack
0.729241,tcp,http,FIN,10,6,514,268,20.569331,254,252,5079.253418,2457.349365,76.601778,131.034,Attack
1.231657,tcp,-,FIN,10,8,532,354,13.802544,254,252,3111.255859,2013.547607,10365.4519,12956.88,Attack
1.659229,tcp,ftp-data,FIN,8,8,364,966,9.040343,62,252,1538.063721,4079.00293,236.91342,229.409141,Attack
9e-06,sctp,-,INT,2,0,104,0,111111.1072,254,0,46222220.0,0.0,0.009,0.0,Attack
0.346796,tcp,-,FIN,16,18,1540,1644,95.156805,31,29,33310.64844,35825.09375,23.098467,20.367176,Normal
1e-06,udp,dns,INT,2,0,114,0,1000000.003,254,0,456000000.0,0.0,0.001,0.0,Attack
0.241485,tcp,-,FIN,10,6,568,268,62.115659,254,252,16961.7168,7420.750977,26.831667,43.722,Attack
32.175282,tcp,-,FIN,30,28,1702,1596,1.771546,254,252,409.25827,382.653992,1108.987827,1190.753648,Attack
0.602664,tcp,smtp,FIN,52,40,37210,3276,150.996245,31,29,484449.0625,42411.69141,11.810372,15.44059,Normal
5e-06,udp,dns,INT,2,0,114,0,200000.0051,254,0,91200000.0,0.0,0.005,0.0,Attack
0.826544,tcp,http,FIN,10,10,838,2260,22.987282,62,252,7307.536133,19686.79297,91.838222,85.370445,Attack
0.453644,tcp,http,FIN,10,8,856,1172,37.474318,62,252,13596.56445,18093.48242,50.404889,61.979145,Attack
8e-06,udp,dns,INT,2,0,114,0,125000.0003,254,0,57000000.0,0.0,0.008,0.0,Attack
0.516464,tcp,http,FIN,10,6,796,268,29.043651,254,252,11106.29199,3469.748047,53.563333,92.37,Attack
0.001071,udp,dns,CON,2,2,146,178,2801.120432,31,29,545284.75,664799.25,0.008,0.007,Normal
0.120714,tcp,-,FIN,52,54,3182,39076,869.824534,31,29,206835.9844,2541743.25,2.360941,2.268226,Normal
1.977802,tcp,pop3,FIN,26,60,1226,58370,42.977001,62,252,4768.930176,232168.8438,79.08804,32.945864,Attack
2e-06,udp,dns,INT,2,0,114,0,500000.0013,254,0,228000000.0,0.0,0.002,0.0,Attack
0.033505,tcp,-,FIN,38,40,2438,19266,2298.164441,31,29,566840.75,4485300.5,0.920528,0.846872,Normal
9e-06,rsvp,-,INT,2,0,200,0,111111.1072,254,0,88888888.0,0.0,0.009,0.0,Attack
3e-06,unas,-,INT,2,0,200,0,333333.3215,254,0,266666656.0,0.0,0.003,0.0,Attack
8e-06,udp,dns,INT,2,0,114,0,125000.0003,254,0,57000000.0,0.0,0.008,0.0,Attack
0.065171,tcp,-,FIN,84,86,4862,75600,2593.177814,31,29,589832.875,9172300.0,0.780928,0.770119,Normal
1.914123,tcp,-,FIN,14,10,1262,812,12.015946,254,252,4898.32666,3055.185059,145.104236,194.828219,Attack
1.180656,tcp,-,FIN,10,6,534,268,12.704802,254,252,3259.205078,1517.800293,127.276333,225.715406,Attack
1e-06,nvp,-,INT,2,0,180,0,1000000.003,254,0,720000000.0,0.0,0.001,0.0,Attack
9e-06,ospf,-,INT,2,0,200,0,111111.1072,254,0,88888888.0,0.0,0.009,0.0,Attack
9e-06,udp,-,INT,2,0,168,0,111111.1072,254,0,74666664.0,0.0,0.009,0.0,Attack
3e-06,udp,dns,INT,2,0,114,0,333333.3215,254,0,152000000.0,0.0,0.003,0.0,Attack
1.069419,tcp,ftp-data,FIN,14,6,8928,320,17.766656,31,29,62022.46094,1997.346191,82.263003,213.761,Normal
3e-06,udp,dns,INT,2,0,114,0,333333.3215,254,0,152000000.0,0.0,0.003,0.0,Attack
59.376698,udp,dns,INT,110,0,13200,0,1.835737,254,0,1762.307495,0.0,544.740312,0.0,Attack
9e-06,unas,-,INT,2,0,200,0,111111.1072,254,0,88888888.0,0.0,0.009,0.0,Attack
1e-05,udp,-,INT,2,0,78,0,100000.0025,254,0,31200000.0,0.0,0.01,0.0,Attack
13.753861,ospf,-,INT,20,0,1280,0,1.38143,254,0,707.292297,0.0,723.887438,0.0,Attack
9e-06,udp,dns,INT,2,0,114,0,111111.1072,254,0,50666664.0,0.0,0.009,0.0,Attack
8e-06,udp,dns,INT,2,0,114,0,125000.0003,254,0,57000000.0,0.0,0.008,0.0,Attack
0.0,arp,-,INT,1,0,46,0,0.0,0,0,0.0,0.0,60000.692,0.0,Normal
9e-06,unas,-,INT,2,0,200,0,111111.1072,254,0,88888888.0,0.0,0.009,0.0,Attack
58.400097,udp,dns,INT,76,0,7828,0,1.284244,254,0,1058.217407,0.0,778.668,0.0,Attack
1e-06,udp,dns,INT,2,0,114,0,1000000.003,254,0,456000000.0,0.0,0.001,0.0,Attack
9e-06,ipip,-,INT,2,0,200,0,111111.1072,254,0,88888888.0,0.0,0.009,0.0,Attack
1.137436,tcp,http,FIN,14,18,1684,10168,27.25428,31,29,11000.17871,67548.41406,87.467538,66.877588,Normal
0.034734,tcp,-,FIN,28,42,2198,34406,1986.526198,31,29,488282.375,7735821.0,1.274778,0.834439,Normal
0.847944,tcp,pop3,FIN,20,22,944,6910,48.352248,62,252,8462.823242,62230.52344,44.628632,38.938952,Attack
0.55621,tcp,ftp-data,FIN,8,8,364,1826,26.968232,62,252,4588.195312,22984.125,79.458569,71.265141,Attack
0.001181,udp,dns,CON,2,2,146,178,2540.220091,31,29,494496.1875,602878.875,0.01,0.001,Normal
2e-06,unas,-,INT,2,0,200,0,500000.0013,254,0,400000000.0,0.0,0.002,0.0,Attack
3e-06,rsvp,-,INT,2,0,200,0,333333.3215,254,0,266666656.0,0.0,0.003,0.0,Attack
0.0,arp,-,INT,1,0,46,0,0.0,0,0,0.0,0.0,60000.712,0.0,Normal
1.699001,tcp,-,FIN,10,8,994,354,10.00588,254,252,4214.241211,1459.681396,188.673333,225.835719,Normal
1e-05,ospf,-,REQ,2,0,544,0,100000.0025,254,0,217600000.0,0.0,1118.1925,0.0,Attack
9e-06,uti,-,INT,2,0,200,0,111111.1072,254,0,88888888.0,0.0,0.009,0.0,Attack
0.083973,tcp,-,FIN,66,64,3910,54694,1536.208104,31,29,366879.8438,5129268.0,1.307203,1.323143,Normal
6e-06,udp,dns,INT,2,0,114,0,166666.6608,254,0,76000000.0,0.0,0.006,0.0,Attack
0.805591,tcp,ftp,FIN,52,54,2934,3742,130.339095,31,29,28580.25977,36475.08594,16.105761,15.189623,Normal
9e-06,udp,dns,INT,2,0,114,0,111111.1072,254,0,50666664.0,0.0,0.009,0.0,Attack
9e-06,udp,-,INT,2,0,1188,0,111111.1072,254,0,527999968.0,0.0,0.009,0.0,Normal
0.284012,tcp,-,FIN,10,6,668,268,52.814672,254,252,16957.03125,6309.592773,26.524111,48.077,Attack
1e-06,unas,-,INT,2,0,200,0,1000000.003,254,0,800000000.0,0.0,0.001,0.0,Attack
8e-06,udp,dns,INT,2,0,114,0,125000.0003,254,0,57000000.0,0.0,0.008,0.0,Attack
9e-06,udp,dns,INT,2,0,114,0,111111.1072,254,0,50666664.0,0.0,0.009,0.0,Attack
0.001033,udp,dns,CON,2,2,146,178,2904.162775,31,29,565343.6875,689254.625,0.009,0.001,Normal
1.31504,mux,-,INT,4,0,400,0,2.281299,254,0,1825.039551,0.0,438.346656,0.0,Attack
0.03688,tcp,-,FIN,122,126,7816,15092,6697.396704,31,29,1681561.75,3247939.25,0.312256,0.290992,Normal
0.0,arp,-,INT,1,0,46,0,0.0,0,0,0.0,0.0,60000.732,0.0,Normal
1.40757,tcp,-,FIN,10,8,564,354,12.077552,254,252,2887.245361,1761.901733,156.396667,188.526859,Attack
1.376808,tcp,smtp,FIN,116,36,128987,2552,109.673967,62,252,743028.75,14421.76367,12.077263,38.88643,Attack
9e-06,ipv6-route,-,INT,2,0,200,0,111111.1072,254,0,88888888.0,0.0,0.009,0.0,Attack
3e-06,udp,dns,INT,2,0,114,0,333333.3215,254,0,152000000.0,0.0,0.003,0.0,Attack
1.451203,tcp,smtp,FIN,118,34,134680,2278,104.051605,62,252,736156.125,12188.50879,12.403445,43.052695,Attack
9e-06,udp,dns,INT,2,0,114,0,111111.1072,254,0,50666664.0,0.0,0.009,0.0,Attack
8e-06,udp,-,INT,2,0,168,0,125000.0003,254,0,84000000.0,0.0,0.008,0.0,Attack
0.912235,tcp,-,FIN,10,8,612,354,18.635549,254,252,4832.087891,2718.597656,98.869,117.86843,Attack
47.485291,ospf,-,REQ,70,0,19040,0,1.453082,254,0,3161.905518,0.0,693.785,0.0,Attack
0.088114,udp,-,CON,4,4,568,304,79.44254,31,29,38677.16797,20700.45508,24.326334,24.246334,Normal
2e-06,udp,dns,INT,2,0,114,0,500000.0013,254,0,228000000.0,0.0,0.002,0.0,Attack
0.001075,udp,dns,CON,2,2,146,178,2790.69758,31,29,543255.8125,662325.5625,0.008,0.007,Normal
1.975979,tcp,-,FIN,14,12,956,622,12.651957,254,252,3595.179932,2311.765381,151.982466,171.979359,Attack
0.106722,udp,dhcp,CON,4,2,1322,678,46.850697,254,60,74361.42969,25411.81836,35.574,0.007,Attack
0.836231,tcp,-,FIN,208,388,12034,485110,711.525888,31,29,114580.7813,4628960.0,4.037932,2.15962,Normal
8e-06,udp,dns,INT,2,0,114,0,125000.0003,254,0,57000000.0,0.0,0.008,0.0,Attack
0.786276,tcp,smtp,FIN,22,20,6984,1758,52.144541,62,252,67833.6875,17001.66406,37.441715,40.105738,Attack
1.895802,tcp,ftp,FIN,12,12,634,682,12.132069,254,252,2455.952637,2641.625977,172.333631,173.680703,Attack
1e-06,unas,-,INT,2,0,200,0,1000000.003,254,0,800000000.0,0.0,0.001,0.0,Attack
1.008966,tcp,http,FIN,14,18,1684,10168,30.724525,31,29,12400.81445,76149.25,77.587002,63.029188,Normal
1.008849,tcp,http,FIN,14,18,1684,10168,30.728086,31,29,12402.25195,76158.07813,77.577228,59.310882,Normal
4.080898,tcp,-,FIN,122,126,7818,15180,60.525897,31,29,15200.57715,29522.91602,33.723612,32.642935,Normal
9e-06,unas,-,INT,2,0,200,0,111111.1072,254,0,88888888.0,0.0,0.009,0.0,Attack
1e-06,unas,-,INT,2,0,200,0,1000000.003,254,0,800000000.0,0.0,0.001,0.0,Attack
1.005859,tcp,http,FIN,12,18,1580,10168,28.831078,31,29,11524.47754,76384.46094,91.409091,59.136234,Normal
3e-06,unas,-,INT,2,0,200,0,333333.3215,254,0,266666656.0,0.0,0.003,0.0,Attack
8e-06,udp,dns,INT,2,0,114,0,125000.0003,254,0,57000000.0,0.0,0.008,0.0,Attack
9e-06,udp,-,INT,2,0,830,0,111111.1072,254,0,368888864.0,0.0,0.009,0.0,Attack
5e-06,unas,-,INT,2,0,200,0,200000.0051,254,0,160000000.0,0.0,0.005,0.0,Attack
0.001061,udp,dns,CON,2,2,146,178,2827.521083,31,29,550424.125,671065.0,0.01,0.002,Normal
9e-06,udp,dns,INT,2,0,114,0,111111.1072,254,0,50666664.0,0.0,0.009,0.0,Attack
9e-06,udp,dns,INT,2,0,114,0,111111.1072,254,0,50666664.0,0.0,0.009,0.0,Attack
9e-06,udp,dns,INT,2,0,114,0,111111.1072,254,0,50666664.0,0.0,0.009,0.0,Attack
3e-06,udp,dns,INT,2,0,114,0,333333.3215,254,0,152000000.0,0.0,0.003,0.0,Attack
8e-06,unas,-,INT,2,0,200,0,125000.0003,254,0,100000000.0,0.0,0.008,0.0,Attack
4e-06,unas,-,INT,2,0,200,0,250000.0006,254,0,200000000.0,0.0,0.004,0.0,Attack
0.836517,tcp,http,FIN,10,6,1926,268,17.931495,254,252,16583.04688,2142.21582,92.845778,146.607594,Attack
1e-05,ipv6,-,INT,2,0,200,0,100000.0025,254,0,80000000.0,0.0,0.01,0.0,Attack
1e-05,udp,-,INT,2,0,1064,0,100000.0025,254,0,425600000.0,0.0,0.01,0.0,Normal
2.338994,tcp,-,FIN,16,18,1540,1644,14.108629,31,29,4938.875488,5311.685059,155.900264,137.342766,Normal
0.01089,tcp,-,FIN,38,40,2438,19266,7070.707351,31,29,1743985.375,13799817.0,0.294028,0.26641,Normal
4e-06,udp,dns,INT,2,0,114,0,250000.0006,254,0,114000000.0,0.0,0.004,0.0,Attack
0.339395,tcp,-,FIN,10,6,560,268,44.196292,254,252,11879.96289,5279.983887,37.712001,52.282801,Normal
0.000991,udp,dns,CON,2,2,130,162,3027.245271,31,29,524722.5,653885.0,0.009,0.009,Normal
0.039689,tcp,-,FIN,72,74,4238,63516,3653.405162,31,29,842550.8125,12629796.0,0.554423,0.534452,Normal
0.010064,tcp,-,FIN,18,18,4528,2456,3477.742357,31,29,3399841.0,1844197.125,0.573882,0.510294,Normal
4e-06,udp,dns,INT,2,0,114,0,250000.0006,254,0,114000000.0,0.0,0.004,0.0,Attack
0.832527,tcp,-,FIN,12,10,1622,832,25.224408,254,252,14289.02637,7197.364258,75.684276,86.605781,Attack
3e-06,unas,-,INT,2,0,200,0,333333.3215,254,0,266666656.0,0.0,0.003,0.0,Attack
0.005421,tcp,-,FIN,22,24,2054,2478,8301.051364,31,29,2893931.0,3504888.25,0.241048,0.21013,Normal
9e-06,udp,dns,INT,2,0,114,0,111111.1072,254,0,50666664.0,0.0,0.009,0.0,Attack
6e-06,xtp,-,INT,2,0,200,0,166666.6608,254,0,133333328.0,0.0,0.006,0.0,Attack
0.434463,tcp,-,FIN,10,8,868,450,39.128764,254,252,14399.38477,7254.933105,41.868667,53.05657,Attack
5e-06,udp,dns,INT,2,0,114,0,200000.0051,254,0,91200000.0,0.0,0.005,0.0,Attack
9e-06,udp,dns,INT,2,0,114,0,111111.1072,254,0,50666664.0,0.0,0.009,0.0,Attack
9e-06,eigrp,-,INT,2,0,200,0,111111.1072,254,0,88888888.0,0.0,0.009,0.0,Attack
0.826459,tcp,-,FIN,30,14,27256,764,52.0292,254,252,255044.7188,6872.694336,28.498585,60.606691,Normal
1.549548,tcp,-,FIN,10,10,608,646,12.26164,254,252,2829.212158,3004.74707,172.062111,158.351562,Attack
0.268112,tcp,http,FIN,10,8,850,1860,63.406337,62,252,22826.28125,48576.71484,29.790222,33.186715,Attack
0.972221,tcp,-,FIN,16,18,1540,1644,33.942899,31,29,11882.07227,12778.98731,64.793731,55.927293,Normal
0.53779,tcp,-,FIN,10,8,2846,354,31.610852,254,252,38111.53125,4611.465332,57.765222,73.915141,Attack
0.006551,tcp,-,FIN,18,18,3960,2456,5342.695915,31,29,4567242.0,2833155.25,0.367294,0.35,Normal
0.001647,udp,-,CON,4,4,544,304,4250.151873,31,29,1981785.125,1107468.125,0.435,0.186333,Normal
9e-06,isis,-,INT,2,0,200,0,111111.1072,254,0,88888888.0,0.0,0.009,0.0,Attack
1.434499,tcp,-,FIN,14,12,774,642,17.427687,254,252,4009.762207,3284.770508,110.346075,126.48718,Attack
1.776514,tcp,smtp,FIN,50,24,41281,1924,41.09171,62,252,182181.5,8303.902344,37.010708,73.852047,Attack
1e-06,etherip,-,INT,2,0,200,0,1000000.003,254,0,800000000.0,0.0,0.001,0.0,Attack
3.381599,tcp,-,FIN,22,50,1180,49554,20.995985,62,252,2666.194336,114887.6641,161.028524,67.222916,Attack
0.67773,tcp,-,FIN,10,8,564,354,25.083735,254,252,5996.488281,3659.27417,75.303333,89.496289,Attack
3e-06,udp,dns,INT,2,0,114,0,333333.3215,254,0,152000000.0,0.0,0.003,0.0,Attack
8e-06,udp,dns,INT,2,0,114,0,125000.0003,254,0,57000000.0,0.0,0.008,0.0,Attack
4e-06,unas,-,INT,2,0,200,0,250000.0006,254,0,200000000.0,0.0,0.004,0.0,Attack
1e-06,sctp,-,INT,2,0,640,0,1000000.003,254,0,2560000000.0,0.0,0.001,0.0,Attack
3e-06,udp,dns,INT,2,0,114,0,333333.3215,254,0,152000000.0,0.0,0.003,0.0,Attack
0.082168,udp,-,CON,4,4,544,304,85.191317,31,29,39723.49609,22198.42383,22.025334,15.660667,Normal
1e-05,udp,dns,INT,2,0,114,0,100000.0025,254,0,45600000.0,0.0,0.01,0.0,Attack
0.01595,tcp,-,FIN,16,18,1540,1644,2068.965528,31,29,724263.3125,778934.1875,1.040533,0.911353,Normal
0.440675,tcp,-,FIN,10,8,598,354,38.577184,254,252,9784.989258,5627.730469,46.812889,55.343,Normal
0.690382,tcp,-,FIN,10,8,564,354,24.624049,254,252,5886.596191,3592.214111,72.333556,94.548711,Attack
2.441126,tcp,-,FIN,238,438,13662,548216,276.511729,31,29,44585.98047,1792500.625,10.386468,5.58505,Normal
8e-06,aris,-,INT,2,0,200,0,125000.0003,254,0,100000000.0,0.0,0.008,0.0,Attack
1.213061,ospf,-,INT,28,0,3024,0,22.257743,254,0,19230.68945,0.0,44.928184,0.0,Attack
7e-06,udp,dns,INT,2,0,114,0,142857.1409,254,0,65142856.0,0.0,0.007,0.0,Attack
0.004433,udp,-,CON,4,4,568,312,1579.066097,31,29,768779.625,422287.375,1.216667,0.975333,Normal
3e-06,udp,dns,INT,2,0,114,0,333333.3215,254,0,152000000.0,0.0,0.003,0.0,Attack
8e-06,udp,dns,INT,2,0,114,0,125000.0003,254,0,57000000.0,0.0,0.008,0.0,Attack
1.46911,tcp,smtp,FIN,22,20,5010,1808,27.908053,62,252,26045.70117,9355.324219,69.957619,72.836687,Attack
5e-06,udp,dns,INT,2,0,114,0,200000.0051,254,0,91200000.0,0.0,0.005,0.0,Attack
0.466898,tcp,-,FIN,10,8,1526,354,36.410523,254,252,23542.61523,5311.652832,51.877556,60.192145,Attack
3e-06,udp,-,INT,2,0,168,0,333333.3215,254,0,224000000.0,0.0,0.003,0.0,Attack
9e-06,udp,dns,INT,2,0,114,0,111111.1072,254,0,50666664.0,0.0,0.009,0.0,Attack
0.019745,tcp,-,FIN,40,42,2542,23508,4102.304442,31,29,1004406.188,9298152.0,0.498128,0.47935,Normal
0.578488,tcp,-,FIN,10,6,1468,268,25.929665,254,252,18282.14258,3097.730713,53.227333,102.307602,Attack
0.961662,tcp,ftp-data,FIN,8,8,364,2440,15.597996,62,252,2653.739014,17760.91797,137.364714,130.55743,Attack
0.681469,tcp,-,FIN,10,6,514,268,22.011272,254,252,5435.316895,2629.613281,67.087556,111.46,Normal
1.5497,tcp,-,FIN,60,14,68181,612,47.105891,254,252,346105.6875,2937.342773,25.102983,116.524,Attack
0.676519,tcp,-,FIN,10,8,564,354,25.128637,254,252,6007.222656,3665.824707,72.793,90.699289,Attack
0.0,arp,-,INT,1,0,46,0,0.0,0,0,0.0,0.0,60000.648,0.0,Normal
9e-06,udp,dns,INT,2,0,114,0,111111.1072,254,0,50666664.0,0.0,0.009,0.0,Attack
0.23161,tcp,http,FIN,20,6,16542,268,107.940072,254,252,542809.0625,7737.144531,10.198316,37.290801,Attack
9e-06,udp,dns,INT,2,0,114,0,111111.1072,254,0,50666664.0,0.0,0.009,0.0,Attack
0.003833,tcp,-,FIN,12,12,1064,2260,6000.521655,31,29,2037046.625,4324550.0,0.317727,0.303818,Normal
0.235361,tcp,ftp-data,FIN,6,8,320,1862,55.234301,31,29,9075.420898,55404.25391,47.0104,33.53543,Normal
3e-06,ipcomp,-,INT,2,0,200,0,333333.3215,254,0,266666656.0,0.0,0.003,0.0,Attack
0.001039,udp,dns,CON,2,2,146,178,2887.391736,31,29,562078.9375,685274.3125,0.009,0.007,Normal
9e-06,udp,-,INT,2,0,452,0,111111.1072,254,0,200888880.0,0.0,0.009,0.0,Attack
1.086086,tcp,http,FIN,10,6,1172,268,13.811061,254,252,7771.023438,1649.961426,119.864556,209.125203,Attack
1.361642,tcp,-,FIN,22,12,17762,920,24.235445,254,252,99615.02344,4958.71875,63.487811,115.972,Attack
1.849231,tcp,irc,FIN,12,12,656,866,12.437602,254,252,2604.325684,3434.941406,184.907203,160.351547,Attack
1.763638,tcp,ftp,FIN,14,12,664,682,14.175244,254,252,2798.760254,2839.584961,135.571082,149.487266,Attack
1.038212,tcp,-,FIN,12,6,4658,268,16.374306,254,252,32902.72266,1726.044434,91.12882,192.385,Attack
6e-06,3pc,-,INT,2,0,200,0,166666.6608,254,0,133333328.0,0.0,0.006,0.0,Attack
2e-06,udp,dns,INT,2,0,114,0,500000.0013,254,0,228000000.0,0.0,0.002,0.0,Attack
0.547332,tcp,ftp-data,FIN,8,10,364,3754,31.05976,62,252,4662.618164,49388.67188,78.190286,54.682,Attack
2.4e-05,argus,-,INT,2,0,180,0,41666.66519,254,0,29999998.0,0.0,0.024,0.0,Attack
2e-06,udp,-,INT,2,0,1066,0,500000.0013,254,0,2132000000.0,0.0,0.002,0.0,Normal
0.399667,tcp,-,FIN,10,6,614,268,37.531245,254,252,11069.21484,4483.73291,40.345778,64.67,Attack
0.040887,tcp,-,FIN,92,92,5278,83812,4475.750438,31,29,1021547.25,16220511.0,0.445824,0.442758,Normal
8e-06,udp,dns,INT,2,0,114,0,125000.0003,254,0,57000000.0,0.0,0.008,0.0,Attack
0.004222,tcp,ftp-data,FIN,14,6,8928,320,4500.236836,31,29,15710090.0,505921.375,0.324769,0.725,Normal
0.474343,tcp,http,FIN,10,10,1052,1342,40.055403,254,252,15971.56445,20373.44336,52.704778,49.079445,Attack
0.022045,tcp,smtp,FIN,54,42,37938,3380,4309.367296,31,29,13512724.0,1197550.5,0.409623,0.526463,Normal
1.894953,tcp,ftp,FIN,52,54,2934,3742,55.410345,31,29,12150.16895,15506.45313,37.14953,36.431,Normal
0.026988,tcp,-,FIN,60,62,3614,50036,4483.47419,31,29,1053505.25,14592856.0,0.466228,0.433393,Normal
0.00448,tcp,http,FIN,8,10,1048,824,3794.642756,31,29,1637500.0,1325000.0,0.591429,0.439222,Normal
8e-06,unas,-,INT,2,0,200,0,125000.0003,254,0,100000000.0,0.0,0.008,0.0,Attack
8e-06,cpnx,-,INT,2,0,200,0,125000.0003,254,0,100000000.0,0.0,0.008,0.0,Attack
3e-06,udp,dns,INT,2,0,114,0,333333.3215,254,0,152000000.0,0.0,0.003,0.0,Attack
3e-06,udp,dns,INT,2,0,114,0,333333.3215,254,0,152000000.0,0.0,0.003,0.0,Attack
9e-06,udp,dns,INT,2,0,114,0,111111.1072,254,0,50666664.0,0.0,0.009,0.0,Attack
6e-06,udp,dns,INT,2,0,114,0,166666.6608,254,0,76000000.0,0.0,0.006,0.0,Attack
3e-06,udp,dns,INT,2,0,114,0,333333.3215,254,0,152000000.0,0.0,0.003,0.0,Attack
0.004714,tcp,-,FIN,18,18,4528,2456,7424.692344,31,29,7258379.0,3937208.25,0.258882,0.249765,Normal
8e-06,udp,-,INT,2,0,200,0,125000.0003,254,0,100000000.0,0.0,0.008,0.0,Attack
9e-06,udp,dns,INT,2,0,114,0,111111.1072,254,0,50666664.0,0.0,0.009,0.0,Attack
0.034559,tcp,-,FIN,48,50,2958,32642,2806.794155,31,29,670621.25,7405307.0,0.744391,0.693204,Normal
9e-06,udp,dns,INT,2,0,114,0,111111.1072,254,0,50666664.0,0.0,0.009,0.0,Attack
0.433685,tcp,http,FIN,10,8,814,2602,39.198957,62,252,13521.33398,42002.83594,48.087667,57.919855,Attack
0.683125,tcp,-,FIN,10,8,564,354,24.885635,254,252,5949.130859,3630.375,73.537444,90.337289,Attack
0.125707,tcp,smtp,FIN,54,42,37808,3380,755.725613,31,29,2361555.0,210012.1719,2.365359,3.054781,Normal
0.434496,tcp,-,FIN,10,6,486,268,34.522759,254,252,8064.516602,4124.318848,45.802444,73.741203,Attack
9e-06,xtp,-,INT,2,0,200,0,111111.1072,254,0,88888888.0,0.0,0.009,0.0,Attack
0.001161,udp,dns,CON,2,2,146,178,2583.979344,31,29,503014.6563,613264.4375,0.01,0.007,Normal
0.558198,tcp,-,FIN,10,10,608,646,34.038103,254,252,7853.844238,8341.126953,62.022,54.256332,Normal
3.1e-05,udp,-,INT,2,0,168,0,32258.06495,254,0,21677420.0,0.0,0.031,0.0,Attack
8e-06,udp,dns,INT,2,0,114,0,125000.0003,254,0,57000000.0,0.0,0.008,0.0,Attack
1.142422,tcp,http,FIN,10,8,848,900,14.880666,62,252,5350.037109,5518.101074,126.935778,150.557422,Attack
0.292872,tcp,-,FIN,10,6,1612,268,51.216912,254,252,39635.0625,6118.713867,29.910778,51.605801,Attack
0.40839,udp,-,CON,4,4,568,320,17.140479,31,29,8344.964844,4701.388672,131.003336,131.016664,Normal
0.225789,tcp,ssh,FIN,32,24,3728,5474,243.590259,31,29,127977.8906,185872.6563,7.5263,9.763131,Normal
1e-05,idpr-cmtp,-,INT,2,0,200,0,100000.0025,254,0,80000000.0,0.0,0.01,0.0,Attack
9e-06,pup,-,INT,2,0,180,0,111111.1072,254,0,80000000.0,0.0,0.009,0.0,Attack
0.004669,udp,-,CON,4,4,568,320,1499.250398,31,29,729920.75,411222.9688,1.234333,1.054667,Normal
9e-06,udp,dns,INT,2,0,114,0,111111.1072,254,0,50666664.0,0.0,0.009,0.0,Attack
0.021177,tcp,smtp,FIN,52,42,37372,3380,4391.556995,31,29,13846721.0,1246635.5,0.425204,0.503805,Normal
1.020093,tcp,-,FIN,46,52,3640,19084,95.089373,31,29,27926.86719,146786.625,22.661022,19.989529,Normal
0.042719,tcp,-,FIN,48,50,2958,32642,2270.652451,31,29,542522.0625,5990777.0,0.902149,0.789224,Normal
0.445603,tcp,-,FIN,10,6,898,268,33.66225,254,252,14524.13867,4021.516846,44.564889,80.372203,Attack
9e-06,udp,dns,INT,2,0,114,0,111111.1072,254,0,50666664.0,0.0,0.009,0.0,Attack
9e-06,sctp,-,INT,2,0,104,0,111111.1072,254,0,46222220.0,0.0,0.009,0.0,Attack
0.003777,tcp,http,FIN,8,10,1052,824,4500.926794,31,29,1950754.625,1571617.75,0.490714,0.361111,Normal
9e-06,unas,-,INT,2,0,200,0,111111.1072,254,0,88888888.0,0.0,0.009,0.0,Attack
0.001063,udp,dns,CON,2,2,146,178,2822.201463,31,29,549388.5625,669802.5,0.009,0.006,Normal
6e-06,unas,-,INT,2,0,200,0,166666.6608,254,0,133333328.0,0.0,0.006,0.0,Attack
4e-06,udp,-,INT,2,0,1064,0,250000.0006,254,0,1064000000.0,0.0,0.004,0.0,Normal
6e-06,unas,-,INT,2,0,200,0,166666.6608,254,0,133333328.0,0.0,0.006,0.0,Attack
0.560076,tcp,-,FIN,12,8,1002,772,33.923968,254,252,13126.79004,9655.832031,49.096547,65.329855,Attack
8e-06,udp,dns,INT,2,0,114,0,125000.0003,254,0,57000000.0,0.0,0.008,0.0,Attack
9e-06,udp,-,INT,2,0,104,0,111111.1072,254,0,46222220.0,0.0,0.009,0.0,Normal
9e-06,udp,dns,INT,2,0,114,0,111111.1072,254,0,50666664.0,0.0,0.009,0.0,Attack
0.912364,tcp,-,FIN,14,12,774,642,27.401344,254,252,6304.501465,5164.605469,69.247075,78.898,Attack
0.001044,udp,dns,CON,2,2,146,178,2873.563127,31,29,559386.9375,681992.3125,0.005,0.008,Normal
8e-06,udp,dns,INT,2,0,114,0,125000.0003,254,0,57000000.0,0.0,0.008,0.0,Attack
8e-06,udp,dns,INT,2,0,114,0,125000.0003,254,0,57000000.0,0.0,0.008,0.0,Attack
3e-06,udp,dns,INT,2,0,114,0,333333.3215,254,0,152000000.0,0.0,0.003,0.0,Attack
1.032393,tcp,http,FIN,10,8,928,1044,16.466598,62,252,6478.15332,7082.574219,114.610111,133.630578,Attack
2.252114,tcp,-,FIN,12,10,994,828,9.324572,254,252,3239.622803,2649.95459,199.022631,241.705781,Attack
0.035621,tcp,-,FIN,48,50,2958,33044,2723.112878,31,29,650627.4375,7273013.5,0.767478,0.71598,Normal
0.992854,tcp,-,FIN,10,10,608,646,19.136751,254,252,4415.553711,4689.51123,110.317111,96.773219,Normal
6e-06,unas,-,INT,2,0,200,0,166666.6608,254,0,133333328.0,0.0,0.006,0.0,Attack
3e-06,udp,dns,INT,2,0,114,0,333333.3215,254,0,152000000.0,0.0,0.003,0.0,Attack
0.997414,tcp,http,FIN,24,10,22962,440,33.085559,254,252,176504.4375,3176.213623,40.676042,106.580555,Attack
0.850287,tcp,-,FIN,16,12,930,642,31.753983,254,252,8204.288086,5541.658203,54.239334,71.365453,Normal
8e-06,udp,dns,INT,2,0,114,0,125000.0003,254,0,57000000.0,0.0,0.008,0.0,Attack
13.828278,tcp,-,FIN,122,126,7816,15132,17.86195,31,29,4484.723633,8684.8125,115.23239,113.341987,Normal
1e-05,udp,dns,INT,2,0,114,0,100000.0025,254,0,45600000.0,0.0,0.01,0.0,Attack
0.0,arp,-,INT,1,0,46,0,0.0,0,0,0.0,0.0,60000.704,0.0,Normal
9e-06,udp,dns,INT,2,0,114,0,111111.1072,254,0,50666664.0,0.0,0.009,0.0,Attack
9e-06,udp,-,INT,2,0,168,0,111111.1072,254,0,74666664.0,0.0,0.009,0.0,Attack
3e-06,udp,dns,INT,2,0,114,0,333333.3215,254,0,152000000.0,0.0,0.003,0.0,Attack
1.729511,tcp,-,FIN,10,8,534,354,9.829368,254,252,2224.90625,1433.931274,192.167889,239.006281,Normal
1.09358,tcp,-,FIN,10,8,564,354,15.545273,254,252,3716.234619,2267.781006,115.270556,144.276859,Attack
1e-06,udp,dns,INT,2,0,114,0,1000000.003,254,0,456000000.0,0.0,0.001,0.0,Attack
6e-06,unas,-,INT,2,0,200,0,166666.6608,254,0,133333328.0,0.0,0.006,0.0,Attack
0.259873,tcp,-,FIN,10,6,1628,268,57.720501,254,252,45129.73438,6895.675781,26.636556,46.434801,Attack
8e-06,unas,-,INT,2,0,200,0,125000.0003,254,0,100000000.0,0.0,0.008,0.0,Attack
3e-06,udp,dns,INT,2,0,114,0,333333.3215,254,0,152000000.0,0.0,0.003,0.0,Attack
6e-06,unas,-,INT,2,0,200,0,166666.6608,254,0,133333328.0,0.0,0.006,0.0,Attack
5e-06,unas,-,INT,2,0,200,0,200000.0051,254,0,160000000.0,0.0,0.005,0.0,Attack
1.529365,tcp,-,FIN,12,8,676,376,12.423457,254,252,3243.17627,1720.975708,139.033185,197.496422,Attack
8e-06,udp,dns,INT,2,0,114,0,125000.0003,254,0,57000000.0,0.0,0.008,0.0,Attack
0.028635,tcp,-,FIN,60,62,3598,48710,4225.597925,31,29,988720.0625,13389209.0,0.479373,0.458984,Normal
12.853813,ospf,-,INT,42,0,2184,0,3.189715,254,0,1326.921387,0.0,313.507625,0.0,Attack
0.554515,tcp,http,FIN,10,16,802,12710,45.084443,62,252,10416.30957,171912.3906,61.612778,31.130733,Attack
0.65177,tcp,-,FIN,10,6,2516,268,23.014254,254,252,27801.21875,2749.436279,72.418889,101.922398,Normal
1.265931,tcp,-,FIN,10,8,534,354,13.428852,254,252,3039.660156,1959.032471,136.871111,171.078,Normal
2.265779,tcp,smtp,FIN,20,20,3688,1532,17.212623,62,252,12371.90332,5140.836914,119.191264,114.872156,Attack
0.869399,tcp,smtp,FIN,54,24,48279,1914,88.566928,62,252,436025.3438,16885.22656,16.403755,37.229609,Attack
3e-06,trunk-2,-,INT,2,0,200,0,333333.3215,254,0,266666656.0,0.0,0.003,0.0,Attack
5e-06,udp,dns,INT,2,0,114,0,200000.0051,254,0,91200000.0,0.0,0.005,0.0,Attack
0.002721,tcp,ftp-data,FIN,6,8,320,1888,4777.655279,31,29,785005.5,4857038.0,0.483,0.324,Normal
4.170118,tcp,-,REQ,8,0,360,0,1.67861,254,0,604.299438,0.0,595.731125,0.0,Normal
0.001053,udp,dns,CON,2,2,146,178,2849.002888,31,29,554605.875,676163.375,0.01,0.002,Normal
3e-06,udp,dns,INT,2,0,114,0,333333.3215,254,0,152000000.0,0.0,0.003,0.0,Attack
3e-06,hmp,-,INT,2,0,200,0,333333.3215,254,0,266666656.0,0.0,0.003,0.0,Attack
2e-06,udp,dns,INT,2,0,114,0,500000.0013,254,0,228000000.0,0.0,0.002,0.0,Attack
0.001757,udp,-,CON,4,4,520,304,3984.063766,31,29,1775754.125,1038133.188,0.442333,0.230667,Normal
1.528691,tcp,-,FIN,160,26,199639,1128,121.018567,254,252,1038232.0,5678.060547,9.275472,58.706879,Attack
4e-06,unas,-,INT,2,0,200,0,250000.0006,254,0,200000000.0,0.0,0.004,0.0,Attack
7e-06,udp,dns,INT,2,0,114,0,142857.1409,254,0,65142856.0,0.0,0.007,0.0,Attack
0.04605,tcp,-,FIN,66,68,3926,57474,2888.164979,31,29,671791.5,9837828.0,0.713547,0.678955,Normal
9e-06,udp,dns,INT,2,0,114,0,111111.1072,254,0,50666664.0,0.0,0.009,0.0,Attack
0.050952,tcp,-,FIN,74,72,4342,63412,2845.815743,31,29,672633.0625,9818182.0,0.703042,0.709493,Normal
1e-06,unas,-,INT,2,0,200,0,1000000.003,254,0,800000000.0,0.0,0.001,0.0,Attack
0.882,tcp,-,FIN,12,6,3666,268,19.274376,254,252,30485.25977,2031.745972,76.614362,161.982797,Attack
1.114779,tcp,http,FIN,14,18,1684,10168,27.808202,31,29,11223.74902,68921.28125,85.726154,65.543118,Normal
0.531371,tcp,-,FIN,16,12,912,694,50.811956,254,252,12872.36231,9590.286133,34.585802,42.301727,Attack
5e-06,idrp,-,INT,2,0,200,0,200000.0051,254,0,160000000.0,0.0,0.005,0.0,Attack
0.046915,tcp,-,FIN,22,14,1470,1728,746.030079,31,29,239411.7031,273686.4688,2.234048,3.551231,Normal
0.124193,tcp,-,FIN,22,14,1470,1728,281.819431,31,29,90439.88281,103387.4688,5.913952,9.501462,Normal
0.08407,tcp,-,FIN,60,62,3598,48710,1439.276843,31,29,336767.0,4560485.5,1.469281,1.369246,Normal
2.719553,tcp,-,FIN,118,28,136058,1330,53.317586,254,252,396844.625,3774.149658,23.232813,96.899258,Attack
1.915844,tcp,-,FIN,14,10,5154,838,12.005153,254,252,19984.92578,3152.657471,136.345311,207.019438,Attack
0.539932,tcp,-,FIN,10,6,558,268,27.781276,254,252,7452.790039,3318.936279,59.885222,88.029602,Attack
9e-06,udp,dns,INT,2,0,114,0,111111.1072,254,0,50666664.0,0.0,0.009,0.0,Attack
0.001701,udp,-,CON,4,4,520,304,4115.226265,31,29,1834215.125,1072310.375,0.445,0.214333,Normal
8e-06,udp,dns,INT,2,0,114,0,125000.0003,254,0,57000000.0,0.0,0.008,0.0,Attack
0.197725,tcp,-,FIN,10,6,852,268,75.862942,254,252,31033.0,9063.092773,20.236556,37.635199,Attack
0.172751,tcp,-,FIN,10,6,1370,268,86.83018,254,252,57099.52734,10373.3125,19.194556,32.091199,Attack
3e-06,unas,-,INT,2,0,200,0,333333.3215,254,0,266666656.0,0.0,0.003,0.0,Attack
0.227045,tcp,-,FIN,24,24,4248,2768,207.007422,31,29,143442.9375,93479.26563,9.858435,9.847695,Normal
0.037904,tcp,-,FIN,52,54,3182,39076,2770.156055,31,29,658716.75,8094765.5,0.75166,0.717635,Normal
0.219553,tcp,smtp,FIN,52,42,37492,3380,423.587938,31,29,1339849.625,120244.3203,4.38438,5.342537,Normal
1.103936,tcp,-,FIN,10,8,564,354,15.399444,254,252,3681.373047,2246.50708,122.659556,144.348578,Attack
0.477034,tcp,-,FIN,10,6,1550,268,31.444299,254,252,23394.55859,3756.545654,50.717222,83.771,Attack
1e-05,i-nlsp,-,INT,2,0,200,0,100000.0025,254,0,80000000.0,0.0,0.01,0.0,Attack
8e-06,udp,dns,INT,2,0,114,0,125000.0003,254,0,57000000.0,0.0,0.008,0.0,Attack
9e-06,udp,dns,INT,2,0,114,0,111111.1072,254,0,50666664.0,0.0,0.009,0.0,Attack
9e-06,sctp,-,INT,2,0,200,0,111111.1072,254,0,88888888.0,0.0,0.009,0.0,Attack
8e-06,udp,dns,INT,2,0,114,0,125000.0003,254,0,57000000.0,0.0,0.008,0.0,Attack
0.945998,tcp,-,FIN,10,8,564,354,17.970439,254,252,4295.992188,2621.570068,102.245,126.93043,Attack
0.206179,udp,-,CON,4,4,568,304,33.951082,31,29,16529.32617,8846.681641,63.683332,23.942334,Normal
0.0,arp,-,INT,1,0,46,0,0.0,0,0,0.0,0.0,60000.668,0.0,Normal
2.082087,tcp,ftp,FIN,18,12,982,682,13.928332,254,252,3565.653076,2405.278809,117.963294,184.457734,Attack
3e-06,udp,dns,INT,2,0,114,0,333333.3215,254,0,152000000.0,0.0,0.003,0.0,Attack
0.085283,tcp,-,FIN,18,20,3960,2560,433.849672,31,29,350831.9375,228134.5781,4.993824,4.462526,Normal
5e-06,udp,-,INT,2,0,228,0,200000.0051,254,0,182400000.0,0.0,0.005,0.0,Attack
2.177588,tcp,-,FIN,10,8,2530,354,7.806803,254,252,8365.21875,1138.874756,235.287778,301.286844,Attack
5e-06,udp,dns,INT,2,0,114,0,200000.0051,254,0,91200000.0,0.0,0.005,0.0,Attack
3e-06,udp,dns,INT,2,0,114,0,333333.3215,254,0,152000000.0,0.0,0.003,0.0,Attack
0.447042,tcp,http,FIN,10,10,820,3746,42.501601,62,252,13206.81348,60343.32422,49.671333,42.524889,Attack
43.251419,tcp,-,FIN,24,22,2126,1686,1.040428,254,252,376.95874,297.793701,1880.452872,2056.673875,Attack
0.60806,tcp,-,FIN,10,8,534,354,27.957767,254,252,6328.322754,4078.544922,6926.6965,8655.616,Attack
9e-06,udp,dns,INT,2,0,114,0,111111.1072,254,0,50666664.0,0.0,0.009,0.0,Attack
9e-06,udp,dns,INT,2,0,114,0,111111.1072,254,0,50666664.0,0.0,0.009,0.0,Attack
1e-05,udp,-,INT,2,0,586,0,100000.0025,254,0,234400000.0,0.0,0.01,0.0,Normal
9e-06,udp,dns,INT,2,0,114,0,111111.1072,254,0,50666664.0,0.0,0.009,0.0,Attack
0.669794,tcp,-,FIN,10,6,502,268,22.394945,254,252,5398.674805,2675.449463,73.066333,121.177797,Attack
8e-06,ipcomp,-,INT,2,0,200,0,125000.0003,254,0,100000000.0,0.0,0.008,0.0,Attack
2.334099,tcp,-,FIN,10,8,564,354,7.283324,254,252,1741.142944,1062.508423,250.926889,322.279156,Attack
9e-06,unas,-,INT,2,0,200,0,111111.1072,254,0,88888888.0,0.0,0.009,0.0,Attack
1.349454,tcp,ftp-data,FIN,8,8,364,508,11.115606,62,252,1891.135132,2638.104004,192.655714,185.742859,Attack
9e-06,unas,-,INT,2,0,200,0,111111.1072,254,0,88888888.0,0.0,0.009,0.0,Attack
0.620274,tcp,-,FIN,10,8,2516,354,27.407242,254,252,29212.89648,3998.23291,74.264625,75.473141,Normal
0.917041,tcp,-,FIN,22,56,1198,53710,83.965711,62,252,9979.924805,460184.4375,43.66862,16.449654,Attack
0.001065,udp,dns,CON,2,2,146,178,2816.901513,31,29,548356.8125,668544.625,0.006,0.007,Normal
1.096736,tcp,http,FIN,10,8,1132,354,15.50054,254,252,7432.964844,2261.255371,117.112,138.505281,Attack
3e-06,unas,-,INT,2,0,200,0,333333.3215,254,0,266666656.0,0.0,0.003,0.0,Attack
0.273934,tcp,http,FIN,10,8,886,1650,62.058743,62,252,23304.88281,42170.74219,30.437111,34.99343,Attack
6e-06,udp,dns,INT,2,0,114,0,166666.6608,254,0,76000000.0,0.0,0.006,0.0,Attack
3e-06,udp,dns,INT,2,0,114,0,333333.3215,254,0,152000000.0,0.0,0.003,0.0,Attack
4.008011,tcp,-,FIN,46,32,21164,3784,19.211525,254,252,41325.23828,7317.345215,89.06691,126.905289,Attack
0.01484,tcp,-,FIN,34,36,2230,13500,4649.595591,31,29,1167115.875,7075471.5,0.440273,0.418324,Normal
1.541395,tcp,-,FIN,10,6,588,268,9.731445,254,252,2750.755127,1162.583252,168.577444,274.747,Attack
0.526576,tcp,ssh,FIN,128,126,12752,13306,480.462475,31,29,192230.5625,200556.0469,4.146268,4.240935,Normal
3.4446,tcp,smtp,FIN,30,22,14302,2004,14.805783,62,252,32110.54883,4442.895996,118.779315,160.479375,Attack
3e-06,ib,-,INT,2,0,200,0,333333.3215,254,0,266666656.0,0.0,0.003,0.0,Attack
9e-06,udp,dns,INT,2,0,114,0,111111.1072,254,0,50666664.0,0.0,0.009,0.0,Attack
0.07155,tcp,-,FIN,60,64,3614,45800,1719.077647,31,29,397372.5,5040950.5,1.227655,1.119476,Normal
0.919573,tcp,-,FIN,10,6,534,268,16.311919,254,252,4184.550781,1948.730591,98.219222,169.645406,Attack
8e-06,unas,-,INT,2,0,200,0,125000.0003,254,0,100000000.0,0.0,0.008,0.0,Attack
0.001613,udp,-,CON,4,4,520,304,4339.739771,31,29,1934284.0,1130812.25,0.415667,0.197,Normal
8e-06,udp,dns,INT,2,0,114,0,125000.0003,254,0,57000000.0,0.0,0.008,0.0,Attack
2.872012,tcp,-,FIN,12,10,986,842,7.311947,254,252,2518.095459,2111.411865,261.091994,303.612563,Attack
0.221536,tcp,http,FIN,10,6,810,268,67.709087,254,252,26325.29297,8088.979004,22.759556,41.729801,Attack
9e-06,unas,-,INT,2,0,200,0,111111.1072,254,0,88888888.0,0.0,0.009,0.0,Attack
0.907155,tcp,-,FIN,10,8,564,354,18.739907,254,252,4479.939941,2733.821777,100.696556,121.87,Attack
0.001051,udp,dns,CON,2,2,130,162,2854.424439,31,29,494766.9063,616555.6875,0.006,0.008,Normal
9e-06,udp,dns,INT,2,0,114,0,111111.1072,254,0,50666664.0,0.0,0.009,0.0,Attack
3e-06,udp,dns,INT,2,0,114,0,333333.3215,254,0,152000000.0,0.0,0.003,0.0,Attack
2e-06,udp,dns,INT,2,0,114,0,500000.0013,254,0,228000000.0,0.0,0.002,0.0,Attack
9e-06,udp,dns,INT,2,0,114,0,111111.1072,254,0,50666664.0,0.0,0.009,0.0,Attack
5e-06,udp,-,INT,2,0,104,0,200000.0051,254,0,83200000.0,0.0,0.005,0.0,Attack
0.030906,tcp,-,FIN,68,70,4014,59460,4432.796329,31,29,1023749.438,15171423.0,0.456522,0.447368,Normal
1e-06,udp,dns,INT,2,0,114,0,1000000.003,254,0,456000000.0,0.0,0.001,0.0,Attack
9e-06,udp,dns,INT,2,0,114,0,111111.1072,254,0,50666664.0,0.0,0.009,0.0,Attack
0.658578,tcp,-,FIN,10,8,564,354,25.813192,254,252,6170.871582,3765.689209,71.135222,90.376859,Attack
8e-06,udp,dns,INT,2,0,114,0,125000.0003,254,0,57000000.0,0.0,0.008,0.0,Attack
5e-06,unas,-,INT,2,0,200,0,200000.0051,254,0,160000000.0,0.0,0.005,0.0,Attack
1e-06,udp,-,INT,2,0,78,0,1000000.003,254,0,312000000.0,0.0,0.001,0.0,Normal
0.057579,tcp,-,FIN,86,86,4966,75600,2969.832775,31,29,682054.25,10381702.0,0.681548,0.664647,Normal
1.049166,tcp,-,FIN,10,8,564,354,16.203347,254,252,3873.552979,2363.782471,114.501111,141.664422,Attack
7e-06,udp,dns,INT,2,0,114,0,142857.1409,254,0,65142856.0,0.0,0.007,0.0,Attack
0.0016,udp,-,CON,4,4,520,304,4375.000111,31,29,1950000.0,1140000.0,0.405,0.200667,Normal
4.996348,tcp,http,FIN,10,10,904,1576,3.802778,62,252,1303.352051,2272.05957,555.136,542.454438,Attack
0.033976,tcp,-,FIN,60,62,3598,48710,3561.337435,31,29,833294.125,11284436.0,0.590421,0.54659,Normal
9e-06,udp,dns,INT,2,0,114,0,111111.1072,254,0,50666664.0,0.0,0.009,0.0,Attack
3e-06,vrrp,-,INT,2,0,200,0,333333.3215,254,0,266666656.0,0.0,0.003,0.0,Attack
3e-06,udp,dns,INT,2,0,114,0,333333.3215,254,0,152000000.0,0.0,0.003,0.0,Attack
5e-06,unas,-,INT,2,0,200,0,200000.0051,254,0,160000000.0,0.0,0.005,0.0,Attack
4e-06,udp,-,INT,2,0,1064,0,250000.0006,254,0,1064000000.0,0.0,0.004,0.0,Normal
0.046253,tcp,ftp-data,FIN,6,8,320,1826,281.062853,31,29,46180.78906,276392.875,9.1882,6.525714,Normal
0.691128,tcp,-,FIN,12,8,1250,720,27.491289,254,252,13265.27051,7292.42627,60.703,85.189711,Attack
8e-06,ddp,-,INT,2,0,200,0,125000.0003,254,0,100000000.0,0.0,0.008,0.0,Attack
0.986898,tcp,http,FIN,10,8,896,354,17.225691,254,252,6541.709473,2512.924316,104.586444,129.872859,Attack
8e-06,udp,dns,INT,2,0,114,0,125000.0003,254,0,57000000.0,0.0,0.008,0.0,Attack
0.392595,tcp,-,FIN,10,6,940,268,38.207314,254,252,17239.14063,4564.500488,43.599556,70.146,Attack
0.560501,tcp,ftp-data,FIN,14,6,8928,320,33.898246,31,29,118336.9922,3810.876465,43.115463,111.975602,Normal
9e-06,udp,dns,INT,2,0,114,0,111111.1072,254,0,50666664.0,0.0,0.009,0.0,Attack
0.73206,tcp,-,FIN,14,16,790,902,39.614238,254,252,8021.200195,9245.143555,56.312309,44.4026,Attack
9e-06,udp,dns,INT,2,0,114,0,111111.1072,254,0,50666664.0,0.0,0.009,0.0,Attack
1.014149,tcp,-,FIN,60,14,68023,612,71.981537,254,252,527654.25,4488.492676,16.744305,70.634,Normal
7.224219,ospf,-,REQ,22,0,2376,0,2.906889,254,0,2511.551758,0.0,370.975969,0.0,Attack
9e-06,udp,dns,INT,2,0,114,0,111111.1072,254,0,50666664.0,0.0,0.009,0.0,Attack
0.032996,tcp,-,FIN,122,126,7814,14990,7485.756108,31,29,1879015.75,3605770.5,0.294234,0.259744,Normal
1.013971,tcp,http,FIN,12,18,1580,10168,28.600424,31,29,11432.28027,75773.375,92.147727,59.61441,Normal
0.220926,tcp,-,FIN,48,50,2958,32642,439.06104,31,29,104903.9063,1158396.875,4.795652,4.499081,Normal
7.723503,tcp,-,REQ,10,0,450,0,1.165274,254,0,419.498749,0.0,858.167,0.0,Normal
0.488658,tcp,-,FIN,8,8,364,566,30.696315,62,252,5222.466309,8120.198242,69.808283,51.34,Attack
6e-06,udp,dns,INT,2,0,114,0,166666.6608,254,0,76000000.0,0.0,0.006,0.0,Attack
0.774036,tcp,smtp,FIN,20,20,4018,1872,50.385254,62,252,39460.69922,18386.74219,40.738736,39.908789,Attack
0.753354,tcp,-,FIN,28,30,4656,3080,75.66164,31,29,47680.10547,31623.91016,27.890555,25.958793,Normal
1e-06,udp,dns,INT,2,0,114,0,1000000.003,254,0,456000000.0,0.0,0.001,0.0,Attack
1.252632,tcp,http,FIN,10,16,1474,11614,19.957976,62,252,8474.955078,69543.17188,139.164889,77.476933,Attack
0.01589,tcp,-,FIN,48,50,2974,30506,6104.46807,31,29,1466582.75,15051479.0,0.33837,0.312837,Normal
8e-06,udp,dns,INT,2,0,114,0,125000.0003,254,0,57000000.0,0.0,0.008,0.0,Attack
0.300058,tcp,-,FIN,26,28,4352,2976,176.632513,31,29,111578.4219,76518.53906,11.99008,11.093333,Normal
8e-06,udp,dns,INT,2,0,114,0,125000.0003,254,0,57000000.0,0.0,0.008,0.0,Attack
0.915717,tcp,-,FIN,10,8,2878,354,18.564687,254,252,22635.81445,2708.260254,101.699,117.963141,Normal
8e-06,udp,dns,INT,2,0,114,0,125000.0003,254,0,57000000.0,0.0,0.008,0.0,Attack
1e-06,merit-inp,-,INT,2,0,200,0,1000000.003,254,0,800000000.0,0.0,0.001,0.0,Attack
0.976114,tcp,-,FIN,10,8,636,354,17.415999,254,252,4696.172852,2540.687012,104.911333,129.293,Attack
0.020891,tcp,-,FIN,16,18,1540,1644,1579.627622,31,29,552965.375,594705.875,1.372333,1.202118,Normal
8e-06,udp,dns,INT,2,0,114,0,125000.0003,254,0,57000000.0,0.0,0.008,0.0,Attack
0.230917,tcp,http,FIN,10,6,866,268,64.958403,254,252,27022.69531,7760.36377,25.657444,36.946801,Attack
0.842862,tcp,-,FIN,10,8,564,354,20.169375,254,252,4821.666992,2942.355957,89.472,108.416141,Attack
6e-06,unas,-,INT,2,0,200,0,166666.6608,254,0,133333328.0,0.0,0.006,0.0,Attack
0.950542,tcp,http,FIN,10,8,980,1746,17.884534,254,252,7423.133301,12860.03223,105.615778,120.407711,Attack
0.231669,tcp,http,FIN,10,6,916,268,64.747551,254,252,28488.92188,7735.174316,22.491667,41.828199,Attack
0.001017,udp,dns,CON,2,2,130,162,2949.852669,31,29,511307.7813,637168.1875,0.01,0.007,Normal
1e-05,swipe,-,INT,2,0,200,0,100000.0025,254,0,80000000.0,0.0,0.01,0.0,Attack
0.077905,tcp,-,FIN,122,126,7814,14990,3170.528238,31,29,795841.125,1527193.375,0.662949,0.624266,Normal
0.120064,tcp,-,FIN,48,52,3744,19084,824.56025,31,29,244269.7344,1247134.875,2.602413,2.342608,Normal
9e-06,udp,dns,INT,2,0,114,0,111111.1072,254,0,50666664.0,0.0,0.009,0.0,Attack
2e-06,udp,dns,INT,2,0,114,0,500000.0013,254,0,228000000.0,0.0,0.002,0.0,Attack
0.05082,tcp,-,FIN,40,42,2542,23508,1593.86067,31,29,390240.0625,3612593.5,1.294872,1.225683,Normal
0.158222,udp,-,CON,2,2,168,112,18.9607,254,60,4247.196777,2831.4646,0.004,0.007,Attack
9e-06,udp,-,INT,2,0,330,0,111111.1072,254,0,146666656.0,0.0,0.009,0.0,Attack
9e-06,udp,dns,INT,2,0,114,0,111111.1072,254,0,50666664.0,0.0,0.009,0.0,Attack
0.852679,tcp,ftp,FIN,52,54,2934,3742,123.141297,31,29,27001.95508,34460.80078,17.0473,16.079377,Normal
1.00689,tcp,http,FIN,14,18,1684,10168,30.78787,31,29,12426.38184,76306.24219,77.425464,59.198882,Normal
9e-06,unas,-,INT,2,0,200,0,111111.1072,254,0,88888888.0,0.0,0.009,0.0,Attack
1.4e-05,udp,dns,INT,2,0,114,0,71428.57045,254,0,32571428.0,0.0,0.014,0.0,Attack
1.5e-05,udp,-,INT,2,0,168,0,66666.66835,254,0,44800000.0,0.0,0.015,0.0,Attack
1.62688,tcp,-,FIN,10,8,564,354,10.449449,254,252,2498.032959,1524.390137,180.764444,223.088422,Attack
0.001051,udp,dns,CON,2,2,146,178,2854.424439,31,29,555661.3125,677450.0625,0.009,0.007,Normal
3e-06,idrp,-,INT,2,0,200,0,333333.3215,254,0,266666656.0,0.0,0.003,0.0,Attack
1.140423,tcp,-,FIN,10,8,564,354,14.906749,254,252,3563.589844,2174.631592,126.713667,146.758719,Attack
0.180944,tcp,http,FIN,10,6,982,268,82.898578,254,252,39083.91797,9903.617188,18.486889,34.965199,Attack
8e-06,udp,dns,INT,2,0,114,0,125000.0003,254,0,57000000.0,0.0,0.008,0.0,Attack
1e-05,pim,-,INT,2,0,200,0,100000.0025,254,0,80000000.0,0.0,0.01,0.0,Attack
1e-05,unas,-,INT,2,0,200,0,100000.0025,254,0,80000000.0,0.0,0.01,0.0,Attack
0.103949,tcp,-,FIN,74,74,4342,63516,1414.154979,31,29,329700.125,4822211.0,1.439319,1.435681,Normal
8e-06,udp,dns,INT,2,0,114,0,125000.0003,254,0,57000000.0,0.0,0.008,0.0,Attack
0.287583,tcp,-,CON,6,2,986,86,24.3408,62,252,22866.44336,1196.176392,57.5166,0.002,Normal
0.008574,tcp,ftp-data,FIN,8,12,424,8824,2216.001962,31,29,346162.8438,7547469.5,1.178143,0.739364,Normal
0.207398,tcp,-,FIN,122,126,7818,15180,1190.94689,31,29,299096.4375,580912.0625,1.769444,1.668661,Normal
5e-06,udp,dns,INT,2,0,114,0,200000.0051,254,0,91200000.0,0.0,0.005,0.0,Attack
3e-06,udp,dns,INT,2,0,114,0,333333.3215,254,0,152000000.0,0.0,0.003,0.0,Attack
9e-06,unas,-,INT,2,0,200,0,111111.1072,254,0,88888888.0,0.0,0.009,0.0,Attack
0.509765,tcp,ssh,FIN,32,24,3728,5474,107.892846,31,29,56684.94141,82328.125,16.444032,22.133043,Normal
4.174802,tcp,pop3,FIN,22,34,1030,23658,13.174278,62,252,1885.598511,44003.04688,198.768952,125.373817,Attack
9e-06,udp,-,INT,2,0,104,0,111111.1072,254,0,46222220.0,0.0,0.009,0.0,Normal
4e-06,udp,dns,INT,2,0,114,0,250000.0006,254,0,114000000.0,0.0,0.004,0.0,Attack
58.198166,udp,dns,REQ,44,0,3432,0,0.738855,254,0,461.045471,0.0,1368.549875,0.0,Attack
8e-06,udp,dns,INT,2,0,114,0,125000.0003,254,0,57000000.0,0.0,0.008,0.0,Attack
9e-06,udp,dns,INT,2,0,114,0,111111.1072,254,0,50666664.0,0.0,0.009,0.0,Attack
8e-06,udp,dns,INT,2,0,114,0,125000.0003,254,0,57000000.0,0.0,0.008,0.0,Attack
0.013051,tcp,http,FIN,8,10,1048,824,1302.582135,31,29,562102.5,454831.0313,1.814857,1.354667,Normal
0.039974,tcp,smtp,FIN,54,42,37808,3380,2376.544736,31,29,7426427.0,660429.25,0.762019,0.963951,Normal
3.3e-05,udp,dns,INT,2,0,114,0,30303.03007,254,0,13818182.0,0.0,0.033,0.0,Attack
9e-06,udp,dns,INT,2,0,114,0,111111.1072,254,0,50666664.0,0.0,0.009,0.0,Attack
5e-06,udp,dns,INT,2,0,114,0,200000.0051,254,0,91200000.0,0.0,0.005,0.0,Attack
0.655928,tcp,ssh,FIN,108,114,9504,12298,336.927216,31,29,114841.8672,148687.0469,6.127252,5.799319,Normal
8e-06,udp,-,INT,2,0,168,0,125000.0003,254,0,84000000.0,0.0,0.008,0.0,Attack
0.615819,tcp,http,FIN,10,10,954,1334,30.853223,62,252,11159.12305,15601.98731,68.424333,57.317891,Attack
0.003915,tcp,http,FIN,8,10,1052,824,4342.273557,31,29,1881992.5,1516219.75,0.511143,0.377111,Normal
9e-06,udp,-,INT,2,0,206,0,111111.1072,254,0,91555552.0,0.0,0.009,0.0,Attack
0.025786,tcp,smtp,FIN,52,40,37492,3276,3529.046855,31,29,11408051.0,991235.5625,0.50904,0.648872,Normal
1.005734,tcp,http,FIN,14,18,1684,10168,30.82326,31,29,12440.66602,76393.96094,77.336921,59.129235,Normal
1.476315,tcp,http,FIN,64,14,75587,612,52.15689,254,252,403198.5,3083.352783,22.977889,105.940844,Attack
0.007334,udp,-,CON,4,4,568,320,954.45869,31,29,464685.0313,261794.3906,1.212667,1.971333,Normal
0.811345,tcp,smtp,FIN,20,20,3432,1860,48.068332,62,252,32154.01758,17422.92188,42.70237,42.154,Attack
1.098685,tcp,-,FIN,16,8,10030,354,20.934116,254,252,68474.58594,2257.243896,73.245665,141.466859,Normal
0.52146,tcp,-,FIN,10,6,1182,268,28.76539,254,252,16323.39941,3436.505127,56.250778,92.688,Normal
7e-06,unas,-,INT,2,0,200,0,142857.1409,254,0,114285712.0,0.0,0.007,0.0,Attack
0.752432,tcp,-,FIN,14,10,774,556,30.567547,254,252,7644.544922,5326.727051,56.538308,72.352219,Normal
0.001053,udp,dns,CON,2,2,146,178,2849.002888,31,29,554605.875,676163.375,0.009,0.006,Normal
9e-06,unas,-,INT,2,0,200,0,111111.1072,254,0,88888888.0,0.0,0.009,0.0,Attack
5e-06,unas,-,INT,2,0,200,0,200000.0051,254,0,160000000.0,0.0,0.005,0.0,Attack
0.001721,udp,-,CON,4,4,536,304,4067.402792,31,29,1868681.0,1059849.0,0.445333,0.216667,Normal
0.845561,tcp,ftp,FIN,52,54,2934,3742,124.177909,31,29,27229.25781,34750.89063,16.573589,15.943528,Normal
1.6e-05,unas,-,INT,2,0,200,0,62500.00016,254,0,50000000.0,0.0,0.016,0.0,Attack
0.001036,udp,dns,CON,2,2,146,178,2895.752973,31,29,563706.5625,687258.6875,0.01,0.007,Normal
2.387028,tcp,smtp,FIN,142,40,165975,2616,75.82651,62,252,552342.0625,8549.543945,16.929277,60.581,Attack
2e-06,udp,dns,INT,2,0,114,0,500000.0013,254,0,228000000.0,0.0,0.002,0.0,Attack
9e-06,unas,-,INT,2,0,200,0,111111.1072,254,0,88888888.0,0.0,0.009,0.0,Attack
1.237406,tcp,ftp,FIN,22,22,1182,1614,34.750114,62,252,7299.140137,9962.776367,58.924097,57.260335,Attack
3e-06,udp,dns,INT,2,0,114,0,333333.3215,254,0,152000000.0,0.0,0.003,0.0,Attack
8e-06,udp,dns,INT,2,0,114,0,125000.0003,254,0,57000000.0,0.0,0.008,0.0,Attack
9e-06,udp,dns,INT,2,0,114,0,111111.1072,254,0,50666664.0,0.0,0.009,0.0,Attack
0.001038,udp,dns,CON,2,2,146,178,2890.173445,31,29,562620.4375,685934.5,0.009,0.007,Normal
2e-05,udp,dns,INT,2,0,114,0,50000.00126,254,0,22800000.0,0.0,0.02,0.0,Attack
1.030276,tcp,-,FIN,12,8,1018,706,18.441661,254,252,7252.425781,4798.714355,89.280091,134.906281,Attack
4e-06,unas,-,INT,2,0,200,0,250000.0006,254,0,200000000.0,0.0,0.004,0.0,Attack
9e-06,udp,dns,INT,2,0,114,0,111111.1072,254,0,50666664.0,0.0,0.009,0.0,Attack
8e-06,udp,dns,INT,2,0,114,0,125000.0003,254,0,57000000.0,0.0,0.008,0.0,Attack
50.004341,ospf,-,REQ,6,0,384,0,0.099991,1,0,51.195557,0.0,10000.869,0.0,Normal
8e-06,udp,dns,INT,2,0,114,0,125000.0003,254,0,57000000.0,0.0,0.008,0.0,Attack
4e-06,scps,-,INT,2,0,200,0,250000.0006,254,0,200000000.0,0.0,0.004,0.0,Attack
0.024631,tcp,smtp,FIN,52,42,37358,3380,3775.729895,31,29,11900451.0,1071820.125,0.476294,0.588195,Normal
7e-06,tp++,-,INT,2,0,200,0,142857.1409,254,0,114285712.0,0.0,0.007,0.0,Attack
1.205129,tcp,http,FIN,14,18,1684,10168,25.723387,31,29,10382.29102,63754.16797,92.674844,70.840471,Normal
3e-06,tcp,-,REQ,2,0,90,0,333333.3215,254,0,119999992.0,0.0,0.003,0.0,Normal
1e-05,udp,dns,INT,2,0,114,0,100000.0025,254,0,45600000.0,0.0,0.01,0.0,Attack
9e-06,udp,-,INT,2,0,168,0,111111.1072,254,0,74666664.0,0.0,0.009,0.0,Attack
0.410149,tcp,http,FIN,10,6,770,268,36.572074,254,252,13517.03906,4369.144043,41.469333,73.340203,Attack
1.38169,tcp,-,FIN,12,10,694,646,15.198778,254,252,3688.236816,3369.786133,125.608185,144.712781,Attack
3e-06,xnet,-,INT,2,0,180,0,333333.3215,254,0,239999984.0,0.0,0.003,0.0,Attack
1.101037,tcp,http,FIN,14,18,1684,10168,28.155275,31,29,11363.83203,69781.48438,84.669,64.738412,Normal
1e-05,udp,-,INT,2,0,2058,0,100000.0025,254,0,823200000.0,0.0,0.01,0.0,Attack
3e-06,udp,dns,INT,2,0,114,0,333333.3215,254,0,152000000.0,0.0,0.003,0.0,Attack
0.791677,tcp,-,FIN,10,6,546,268,18.947121,254,252,4971.724609,2263.549316,83.732222,145.631797,Attack
0.436383,tcp,-,FIN,10,8,472,564,38.956604,254,252,7791.320801,9056.264648,48.487,52.280855,Attack
0.755038,tcp,-,FIN,20,24,3474,11603,56.950774,62,252,34975.72266,117821.8828,39.738841,32.515958,Attack
9e-06,snp,-,INT,2,0,200,0,111111.1072,254,0,88888888.0,0.0,0.009,0.0,Attack
0.676756,tcp,-,FIN,10,6,534,268,22.164561,254,252,5685.94873,2647.92627,71.758222,115.501,Attack
1.1e-05,udp,-,INT,2,0,1064,0,90909.0902,254,0,386909088.0,0.0,0.011,0.0,Attack
0.036124,udp,-,CON,4,4,544,304,193.776999,31,29,90355.44531,50492.75,6.628667,7.659,Normal
0.800497,tcp,ftp-data,FIN,8,10,364,3754,21.236807,62,252,3188.019531,33769.01953,114.356714,82.877444,Attack
0.751679,tcp,-,FIN,18,28,1012,16616,59.86598,62,252,10174.55566,170530.2344,44.216412,25.824074,Attack
0.001023,udp,dns,CON,2,2,130,162,2932.551349,31,29,508308.9063,633431.0625,0.006,0.004,Normal
2.91437,tcp,ftp,FIN,22,22,1166,1614,14.754475,62,252,3055.205811,4230.07373,138.735336,137.083339,Attack
3e-06,udp,-,INT,2,0,104,0,333333.3215,254,0,138666656.0,0.0,0.003,0.0,Attack
8e-06,udp,dns,INT,2,0,114,0,125000.0003,254,0,57000000.0,0.0,0.008,0.0,Attack
0.0,arp,-,INT,1,0,46,0,0.0,0,0,0.0,0.0,60000.824,0.0,Normal
2.91733,tcp,-,FIN,166,32,208647,1386,67.527499,254,252,568714.5625,3682.81958,17.20054,91.17232,Attack
9e-06,udp,dns,INT,2,0,114,0,111111.1072,254,0,50666664.0,0.0,0.009,0.0,Attack
0.555035,tcp,http,FIN,10,6,694,268,27.025323,254,252,9008.441406,3228.625244,58.429333,93.601203,Attack
3e-06,iso-tp4,-,INT,2,0,200,0,333333.3215,254,0,266666656.0,0.0,0.003,0.0,Attack
9e-06,udp,dns,INT,2,0,114,0,111111.1072,254,0,50666664.0,0.0,0.009,0.0,Attack
7e-06,unas,-,INT,2,0,200,0,142857.1409,254,0,114285712.0,0.0,0.007,0.0,Attack
0.609942,tcp,-,FIN,10,6,618,268,24.592501,254,252,7305.612305,2937.984131,64.149111,103.893,Attack
0.018345,tcp,-,FIN,16,18,1540,1644,1798.855252,31,29,629708.375,677241.75,1.203,1.050941,Normal
3e-06,udp,snmp,INT,2,0,374,0,333333.3215,254,0,498666656.0,0.0,0.003,0.0,Attack
3e-06,udp,dns,INT,2,0,114,0,333333.3215,254,0,152000000.0,0.0,0.003,0.0,Attack
0.017906,tcp,-,FIN,16,18,1540,1644,1842.957582,31,29,645146.875,693845.625,1.173467,1.026823,Normal
1.906288,tcp,-,FIN,10,8,572,354,8.917855,254,252,2161.268311,1300.957642,203.057444,262.642,Attack
3.2e-05,nvp,-,INT,2,0,180,0,31250.00008,254,0,22500000.0,0.0,0.032,0.0,Attack
1.005686,tcp,http,FIN,12,18,1580,10168,28.836037,31,29,11526.45996,76397.60156,91.394,59.124296,Normal
7e-06,iatp,-,INT,2,0,200,0,142857.1409,254,0,114285712.0,0.0,0.007,0.0,Attack
0.001005,udp,dns,CON,2,2,146,178,2985.074718,31,29,581094.5625,708457.75,0.003,0.004,Normal
8e-06,udp,dns,INT,2,0,114,0,125000.0003,254,0,57000000.0,0.0,0.008,0.0,Attack
1.496486,tcp,-,FIN,12,8,994,778,12.696411,254,252,4875.421875,3640.528564,136.044187,180.693141,Attack
3e-06,udp,dns,INT,2,0,114,0,333333.3215,254,0,152000000.0,0.0,0.003,0.0,Attack
35.883755,ospf,-,INT,20,0,1280,0,0.529488,254,0,271.097595,0.0,1888.6185,0.0,Attack
0.03295,tcp,-,FIN,48,50,2958,33044,2943.854416,31,29,703368.75,7862580.0,0.694468,0.661449,Normal
0.753989,tcp,-,FIN,12,10,1194,822,27.851866,254,252,11618.20703,7851.57373,66.461273,81.514781,Attack
9e-06,udp,dns,INT,2,0,114,0,111111.1072,254,0,50666664.0,0.0,0.009,0.0,Attack
3.007525,tcp,smtp,FIN,42,22,30993,1772,20.947457,62,252,80480.79688,4500.710938,73.354268,139.179766,Attack
5e-06,br-sat-mon,-,INT,2,0,200,0,200000.0051,254,0,160000000.0,0.0,0.005,0.0,Attack
8e-06,udp,dns,INT,2,0,114,0,125000.0003,254,0,57000000.0,0.0,0.008,0.0,Attack
9e-06,udp,dns,INT,2,0,114,0,111111.1072,254,0,50666664.0,0.0,0.009,0.0,Attack
0.034867,tcp,-,FIN,68,70,4014,59460,3929.216757,31,29,907448.3125,13447902.0,0.522409,0.512313,Normal
1.847567,tcp,http,FIN,10,10,822,1316,10.283795,62,252,3204.214111,5131.072266,205.285222,191.563219,Attack
1.006809,tcp,http,FIN,12,18,1580,10168,28.803875,31,29,11513.60352,76312.39063,100.647101,59.195764,Normal
0.02345,tcp,-,FIN,16,18,1540,1644,1407.249454,31,29,492622.5938,529808.125,1.502267,1.352765,Normal
2.22302,tcp,-,FIN,12,10,3300,690,9.446608,62,252,10886.0918,2234.797607,181.327903,229.396672,Attack
0.442284,tcp,http,FIN,10,6,824,268,33.914861,254,252,13421.24121,4051.695312,45.040889,73.990797,Attack
9e-06,unas,-,INT,2,0,200,0,111111.1072,254,0,88888888.0,0.0,0.009,0.0,Attack
0.448642,tcp,ftp-data,FIN,8,8,364,846,33.434231,62,252,5688.277344,13213.20801,64.091714,54.49543,Normal
3e-06,unas,-,INT,2,0,200,0,333333.3215,254,0,266666656.0,0.0,0.003,0.0,Attack
6e-06,udp,-,INT,2,0,168,0,166666.6608,254,0,112000000.0,0.0,0.006,0.0,Attack
0.001166,udp,dns,CON,2,2,146,178,2572.898731,31,29,500857.625,610634.625,0.01,0.006,Normal
5.090246,tcp,ftp,FIN,24,22,1268,1666,8.840437,62,252,1911.105957,2500.468506,221.315046,238.363953,Attack
2e-06,emcon,-,INT,2,0,180,0,500000.0013,254,0,360000000.0,0.0,0.002,0.0,Attack
0.004397,udp,-,CON,4,4,568,304,1591.994474,31,29,775073.875,414828.2813,1.175,0.978333,Normal
9e-06,unas,-,INT,2,0,200,0,111111.1072,254,0,88888888.0,0.0,0.009,0.0,Attack
0.85738,tcp,http,FIN,10,10,828,1332,22.160536,62,252,6960.741211,11187.57227,95.264444,86.968555,Normal
3e-06,udp,dns,INT,2,0,114,0,333333.3215,254,0,152000000.0,0.0,0.003,0.0,Attack
3e-06,udp,-,INT,2,0,168,0,333333.3215,254,0,224000000.0,0.0,0.003,0.0,Attack
5e-06,udp,-,INT,2,0,1064,0,200000.0051,254,0,851200000.0,0.0,0.005,0.0,Attack
0.18747,tcp,http,FIN,10,10,806,3778,101.349547,62,252,30980.95703,145132.5469,20.83,17.704556,Attack
9e-06,any,-,INT,2,0,200,0,111111.1072,254,0,88888888.0,0.0,0.009,0.0,Attack
8e-06,udp,dns,INT,2,0,114,0,125000.0003,254,0,57000000.0,0.0,0.008,0.0,Attack
0.542133,tcp,http,FIN,10,6,944,268,27.668489,254,252,12543.04785,3305.462158,58.248,91.246602,Attack
9e-06,unas,-,INT,2,0,200,0,111111.1072,254,0,88888888.0,0.0,0.009,0.0,Attack
4e-06,udp,dns,INT,2,0,114,0,250000.0006,254,0,114000000.0,0.0,0.004,0.0,Attack
1.125784,tcp,-,FIN,18,10,3500,556,23.983285,254,252,23492.96094,3560.185547,65.214413,117.735109,Normal
1.005981,tcp,-,FIN,14,8,8834,354,20.875146,254,252,65233.83984,2465.255371,72.722305,126.15343,Attack
3e-06,wsn,-,INT,2,0,200,0,333333.3215,254,0,266666656.0,0.0,0.003,0.0,Attack
2.740653,tcp,-,FIN,38,40,2438,18508,28.095494,31,29,6929.735352,52676.49609,74.063136,70.259177,Normal
1e-05,udp,-,INT,2,0,296,0,100000.0025,254,0,118400000.0,0.0,0.01,0.0,Attack
7e-06,udp,dns,INT,2,0,114,0,142857.1409,254,0,65142856.0,0.0,0.007,0.0,Attack
5e-06,sctp,-,INT,2,0,78,0,200000.0051,254,0,62400000.0,0.0,0.005,0.0,Attack
58.705761,ospf,-,REQ,60,0,16320,0,1.005012,254,0,2186.90625,0.0,1022.608875,0.0,Attack
9e-06,udp,dns,INT,2,0,114,0,111111.1072,254,0,50666664.0,0.0,0.009,0.0,Attack
1.156859,tcp,http,FIN,14,18,1684,10168,26.796696,31,29,10815.49219,66414.3125,88.888846,68.021353,Normal
0.746125,tcp,-,FIN,10,6,586,268,20.10387,254,252,5661.25,2401.742432,82.789333,126.059,Normal
0.809562,tcp,http,FIN,10,8,810,1318,20.999009,62,252,7203.89502,11403.69727,89.951333,102.521289,Attack
6e-06,cphb,-,INT,2,0,200,0,166666.6608,254,0,133333328.0,0.0,0.006,0.0,Attack
6e-06,udp,dns,INT,2,0,114,0,166666.6608,254,0,76000000.0,0.0,0.006,0.0,Attack
1e-06,udp,-,INT,2,0,504,0,1000000.003,254,0,2016000000.0,0.0,0.001,0.0,Attack
0.811325,tcp,http,FIN,12,30,1050,32056,50.534618,254,252,9495.578125,305554.5,73.756815,25.854724,Attack
5e-06,udp,dns,INT,2,0,114,0,200000.0051,254,0,91200000.0,0.0,0.005,0.0,Attack
0.197599,tcp,http,FIN,10,6,926,268,75.911318,254,252,33765.35547,9068.87207,20.325222,35.966199,Attack
0.477262,tcp,http,FIN,12,10,1224,3908,44.00099,62,252,18807.2793,58969.70703,43.387454,47.007445,Attack
0.001013,udp,dns,CON,2,2,146,178,2961.500406,31,29,576505.4375,702862.75,0.005,0.004,Normal
0.000952,udp,dns,CON,2,2,146,178,3151.260593,31,29,613445.375,747899.1875,0.009,0.004,Normal
5e-06,udp,dns,INT,2,0,114,0,200000.0051,254,0,91200000.0,0.0,0.005,0.0,Attack
0.001024,udp,dns,CON,2,2,146,178,2929.687507,31,29,570312.5,695312.5,0.007,0.007,Normal
1.581612,tcp,http,FIN,10,8,1700,354,10.748528,254,252,7738.939941,1568.020508,175.734667,206.873719,Attack
59.454792,udp,dns,REQ,92,0,7176,0,1.530575,254,0,955.078613,0.0,658.45,0.0,Attack
0.267582,tcp,http,FIN,10,8,840,1356,63.531927,62,252,22602.41797,35488.1875,29.731333,37.145285,Attack
0.001695,udp,-,CON,4,4,544,304,4129.793548,31,29,1925663.75,1076106.25,0.442333,0.208,Normal
7e-06,udp,dns,INT,2,0,114,0,142857.1409,254,0,65142856.0,0.0,0.007,0.0,Attack
0.0,arp,-,INT,1,0,46,0,0.0,0,0,0.0,0.0,60000.916,0.0,Normal
9e-06,udp,dns,INT,2,0,114,0,111111.1072,254,0,50666664.0,0.0,0.009,0.0,Attack
0.0,arp,-,INT,1,0,46,0,0.0,0,0,0.0,0.0,60000.68,0.0,Normal
1.070294,tcp,ftp-data,FIN,8,10,364,3754,15.883486,62,252,2384.391602,25256.61133,152.899147,108.861111,Attack
0.001044,udp,dns,CON,2,2,146,178,2873.563127,31,29,559386.9375,681992.3125,0.009,0.001,Normal
0.001749,udp,-,CON,4,4,520,304,4002.286915,31,29,1783876.5,1042881.625,0.459,0.257667,Normal
0.000108,udp,-,INT,2,0,503,0,9259.259244,64,0,18666666.0,0.0,0.108,0.0,Normal
3e-06,udp,dns,INT,2,0,114,0,333333.3215,254,0,152000000.0,0.0,0.003,0.0,Attack
0.001119,udp,dns,CON,2,2,146,178,2680.965094,31,29,521894.5313,636282.375,0.008,0.001,Normal
0.000978,udp,dns,CON,2,2,130,162,3067.484674,31,29,531697.3125,662576.6875,0.008,0.002,Normal
0.052841,tcp,-,FIN,40,42,2542,23508,1532.900581,31,29,375314.625,3474423.25,1.381526,1.273781,Normal
2.268168,tcp,ftp,FIN,16,12,896,682,11.90388,254,252,2962.743652,2207.949463,151.206602,197.525266,Attack
9e-06,xns-idp,-,INT,2,0,200,0,111111.1072,254,0,88888888.0,0.0,0.009,0.0,Attack
5e-06,udp,-,INT,2,0,2016,0,200000.0051,254,0,1612800000.0,0.0,0.005,0.0,Attack
6e-06,udp,dns,INT,2,0,114,0,166666.6608,254,0,76000000.0,0.0,0.006,0.0,Attack
1.020317,tcp,-,FIN,10,8,2516,354,16.661489,254,252,17759.1875,2430.617188,107.285,124.86243,Normal
8.897015,tcp,smtp,FIN,92,36,94167,2446,14.274451,62,252,83753.03906,2139.144531,97.76758,251.341828,Attack
2.258374,tcp,http,FIN,10,10,844,1050,8.413133,62,252,2692.202393,3347.54126,250.930444,230.525672,Attack
3e-06,nsfnet-igp,-,INT,2,0,200,0,333333.3215,254,0,266666656.0,0.0,0.003,0.0,Attack
4e-06,udp,-,INT,2,0,1064,0,250000.0006,254,0,1064000000.0,0.0,0.004,0.0,Attack
3e-06,udp,dns,INT,2,0,114,0,333333.3215,254,0,152000000.0,0.0,0.003,0.0,Attack
0.391194,tcp,http,FIN,10,8,788,1296,43.456701,62,252,14519.65039,23190.54102,43.466,42.530285,Attack
0.798179,tcp,-,FIN,12,8,1238,762,23.804185,254,252,11375.89453,6685.217285,77.7311,104.472141,Attack
7.254259,tcp,ftp,FIN,24,24,1272,1736,6.478952,62,252,1344.313721,1835.059937,315.402554,311.424,Attack
0.801761,tcp,http,FIN,10,8,882,354,21.203327,254,252,7922.560547,3093.191162,84.162,105.31643,Attack
9e-06,idpr-cmtp,-,INT,2,0,200,0,111111.1072,254,0,88888888.0,0.0,0.009,0.0,Attack
8.069858,tcp,-,FIN,116,694,5232,893517,100.2496,62,252,5142.098145,884506.3125,70.165406,11.652173,Attack
9e-06,unas,-,INT,2,0,200,0,111111.1072,254,0,88888888.0,0.0,0.009,0.0,Attack
1.008901,tcp,http,FIN,14,18,1684,10168,30.726503,31,29,12401.61328,76154.14844,77.577772,59.314353,Normal
1.221676,tcp,ftp-data,FIN,8,8,364,616,12.278215,62,252,2088.933594,3529.577393,174.525143,166.404859,Attack
0.001001,udp,dns,CON,2,2,146,178,2997.002832,31,29,583416.5625,711288.6875,0.009,0.006,Normal
8e-06,udp,dns,INT,2,0,114,0,125000.0003,254,0,57000000.0,0.0,0.008,0.0,Attack
3e-06,udp,-,INT,2,0,168,0,333333.3215,254,0,224000000.0,0.0,0.003,0.0,Attack
1e-06,unas,-,INT,2,0,200,0,1000000.003,254,0,800000000.0,0.0,0.001,0.0,Attack
0.317482,tcp,-,FIN,12,8,1130,734,59.845914,254,252,26105.41797,16202.49316,28.862,41.687855,Attack
0.454408,tcp,ftp-data,FIN,6,8,320,1910,28.608652,31,29,4700.621582,29436.10156,90.8158,64.841715,Normal
0.024415,tcp,ftp,FIN,52,54,2934,3742,4300.634959,31,29,943026.875,1203522.5,0.502292,0.451264,Normal
2e-06,udp,-,INT,2,0,1064,0,500000.0013,254,0,2128000000.0,0.0,0.002,0.0,Normal
0.161951,tcp,http,FIN,14,6,8922,268,117.319432,254,252,409259.5625,11065.0752,11.436231,30.7554,Attack
0.406459,tcp,ftp-data,FIN,6,8,320,1910,31.983545,31,29,5255.142578,32908.60938,81.2278,57.990855,Normal
0.30487,tcp,-,FIN,26,26,4352,2872,167.284411,31,29,109817.2969,72476.78906,12.18264,11.74644,Normal
0.383178,tcp,ftp-data,FIN,8,12,424,8824,49.585311,31,29,7745.747559,168882.3438,54.69457,34.790273,Normal
9e-06,udp,dns,INT,2,0,114,0,111111.1072,254,0,50666664.0,0.0,0.009,0.0,Attack
8e-06,udp,-,INT,2,0,168,0,125000.0003,254,0,84000000.0,0.0,0.008,0.0,Attack
0.443455,tcp,-,FIN,10,6,908,268,33.825303,254,252,14756.85254,4040.996094,46.137222,84.671203,Attack
0.927252,tcp,http,FIN,10,8,816,354,18.333743,254,252,6341.318359,2674.56958,103.028,116.257141,Attack
9e-06,unas,-,INT,2,0,200,0,111111.1072,254,0,88888888.0,0.0,0.009,0.0,Attack
9e-06,udp,-,INT,2,0,78,0,111111.1072,254,0,34666664.0,0.0,0.009,0.0,Attack
0.288834,tcp,http,FIN,10,6,754,268,51.932943,254,252,18806.65039,6204.255371,29.468,50.609801,Normal
0.026693,tcp,smtp,FIN,52,42,37268,3380,3484.059553,31,29,10954782.0,989023.375,0.516745,0.637854,Normal
2.434968,tcp,ftp,FIN,22,22,1194,1658,17.65937,62,252,3745.429199,5200.889648,115.950859,111.554906,Attack
0.001071,udp,dns,CON,2,2,146,178,2801.120432,31,29,545284.75,664799.25,0.009,0.007,Normal
9e-06,unas,-,INT,2,0,200,0,111111.1072,254,0,88888888.0,0.0,0.009,0.0,Attack
0.57654,tcp,-,FIN,10,6,646,268,26.017276,254,252,8075.762207,3108.197266,64.06,94.649398,Attack
9e-06,udp,dns,INT,2,0,114,0,111111.1072,254,0,50666664.0,0.0,0.009,0.0,Attack
0.029753,tcp,-,FIN,68,70,4014,59460,4604.57776,31,29,1063422.25,15759352.0,0.446212,0.429103,Normal
8e-06,udp,dns,INT,2,0,114,0,125000.0003,254,0,57000000.0,0.0,0.008,0.0,Attack
0.00102,udp,dns,CON,2,2,146,178,2941.176566,31,29,572549.0625,698039.25,0.009,0.009,Normal
0.914897,tcp,-,FIN,10,10,608,646,20.767365,254,252,4791.795898,5089.097168,101.655222,88.696109,Attack
5e-06,udp,dns,INT,2,0,114,0,200000.0051,254,0,91200000.0,0.0,0.005,0.0,Attack
9e-06,udp,dns,INT,2,0,114,0,111111.1072,254,0,50666664.0,0.0,0.009,0.0,Attack
0.973417,tcp,smtp,FIN,58,24,53630,2018,83.212027,62,252,433162.7813,15894.52441,17.382446,41.841523,Attack
7e-06,ifmp,-,INT,2,0,200,0,142857.1409,254,0,114285712.0,0.0,0.007,0.0,Attack
8e-06,udp,dns,INT,2,0,114,0,125000.0003,254,0,57000000.0,0.0,0.008,0.0,Attack
0.494826,tcp,http,FIN,10,6,1390,268,30.313687,254,252,20225.29102,3621.475098,48.270111,77.830203,Attack
6e-06,pvp,-,INT,2,0,200,0,166666.6608,254,0,133333328.0,0.0,0.006,0.0,Attack
0.003081,tcp,ftp-data,FIN,6,8,320,1826,4219.409359,31,29,693281.4375,4149302.25,0.551,0.363857,Normal
0.521677,tcp,-,FIN,10,6,2516,268,28.753423,254,252,34734.13672,3435.075684,57.855444,87.211203,Normal
3e-06,idpr-cmtp,-,INT,2,0,200,0,333333.3215,254,0,266666656.0,0.0,0.003,0.0,Attack
6e-06,unas,-,INT,2,0,200,0,166666.6608,254,0,133333328.0,0.0,0.006,0.0,Attack
0.011159,tcp,-,FIN,38,40,2438,19266,6900.259888,31,29,1701944.625,13467157.0,0.310229,0.272538,Normal
3e-06,unas,-,INT,2,0,200,0,333333.3215,254,0,266666656.0,0.0,0.003,0.0,Attack
0.001068,udp,dns,CON,2,2,146,178,2808.988808,31,29,546816.5,666666.6875,0.008,0.002,Normal
1.299773,tcp,ftp,FIN,52,54,2934,3742,80.783338,31,29,17713.86328,22607.02539,25.479254,24.514,Normal
7e-06,udp,dns,INT,2,0,114,0,142857.1409,254,0,65142856.0,0.0,0.007,0.0,Attack
0.20037,tcp,http,FIN,10,6,936,268,74.861507,254,252,33657.73438,8943.455078,20.455333,38.424801,Attack
5e-06,udp,dns,INT,2,0,114,0,200000.0051,254,0,91200000.0,0.0,0.005,0.0,Attack
0.004428,udp,-,CON,4,4,568,312,1580.849074,31,29,769647.6875,422764.2188,1.181333,0.992,Normal
3e-06,chaos,-,INT,2,0,200,0,333333.3215,254,0,266666656.0,0.0,0.003,0.0,Attack
0.022057,tcp,ftp,FIN,52,54,2934,3740,4760.393408,31,29,1043840.938,1331459.375,0.443714,0.405038,Normal
1.537257,tcp,-,FIN,10,8,564,354,11.058659,254,252,2643.669922,1613.263184,170.702333,201.907578,Attack
8e-06,udp,dns,INT,2,0,114,0,125000.0003,254,0,57000000.0,0.0,0.008,0.0,Attack
9e-06,udp,dns,INT,2,0,114,0,111111.1072,254,0,50666664.0,0.0,0.009,0.0,Attack
0.222585,tcp,ftp-data,FIN,8,12,424,8824,85.360652,31,29,13334.23242,290729.4063,31.720144,20.187363,Normal
9e-06,unas,-,INT,2,0,200,0,111111.1072,254,0,88888888.0,0.0,0.009,0.0,Attack
0.240756,tcp,http,FIN,10,8,802,1812,70.610907,62,252,23991.09375,52700.66016,26.750667,32.437285,Attack
0.552711,tcp,-,FIN,10,8,538,354,30.757484,254,252,7019.943359,4486.974121,61.412333,69.950141,Attack
1.799438,tcp,-,FIN,12,8,1076,766,10.558852,254,252,4388.036621,2983.153564,163.573724,241.453,Attack
2e-06,udp,-,INT,2,0,1064,0,500000.0013,254,0,2128000000.0,0.0,0.002,0.0,Attack
6e-06,pvp,-,INT,2,0,200,0,166666.6608,254,0,133333328.0,0.0,0.006,0.0,Attack
2e-06,udp,dns,INT,2,0,114,0,500000.0013,254,0,228000000.0,0.0,0.002,0.0,Attack
0.001142,udp,dns,CON,2,2,146,178,2626.970309,31,29,511383.5625,623467.625,0.009,0.002,Normal
0.036616,tcp,-,FIN,60,62,3614,50036,3304.566194,31,29,776491.125,10755735.0,0.625724,0.590082,Normal
0.751996,tcp,smtp,FIN,20,20,3302,1732,51.861979,62,252,33372.51953,17510.73242,39.578735,38.171105,Attack
9e-06,unas,-,INT,2,0,200,0,111111.1072,254,0,88888888.0,0.0,0.009,0.0,Attack
0.001903,udp,-,CON,4,4,544,304,3678.402416,31,29,1715186.5,958486.5625,0.440667,0.281,Normal
1.035303,tcp,-,FIN,12,8,1174,738,18.352115,254,252,8322.201172,4991.775391,94.117364,121.115141,Attack
3e-06,ipv6-route,-,INT,2,0,200,0,333333.3215,254,0,266666656.0,0.0,0.003,0.0,Attack
2.292833,tcp,-,FIN,16,18,1540,1644,14.392674,31,29,5038.308105,5418.624023,152.835529,142.099375,Normal
9e-06,udp,dns,INT,2,0,114,0,111111.1072,254,0,50666664.0,0.0,0.009,0.0,Attack
0.0,arp,-,INT,1,0,46,0,0.0,0,0,0.0,0.0,60000.704,0.0,Normal
9e-06,unas,-,INT,2,0,200,0,111111.1072,254,0,88888888.0,0.0,0.009,0.0,Attack
1.514577,tcp,-,FIN,10,8,564,354,11.224256,254,252,2683.257324,1637.420898,163.36,202.711,Attack
9e-06,snp,-,INT,2,0,200,0,111111.1072,254,0,88888888.0,0.0,0.009,0.0,Attack
8e-06,unas,-,INT,2,0,200,0,125000.0003,254,0,100000000.0,0.0,0.008,0.0,Attack
0.018224,tcp,-,FIN,16,18,1540,1644,1810.798854,31,29,633889.375,681738.3125,1.194133,1.044706,Normal
0.01796,tcp,-,FIN,16,18,1540,1644,1837.416401,31,29,643207.125,691759.4375,1.176533,1.029529,Normal
1e-06,udp,dns,INT,2,0,114,0,1000000.003,254,0,456000000.0,0.0,0.001,0.0,Attack
0.750889,tcp,http,FIN,12,10,1384,3676,27.96685,62,252,13519.97461,35254.21094,68.262634,75.989664,Attack
0.021497,tcp,smtp,FIN,52,42,37268,3380,4326.185047,31,29,13602642.0,1228078.375,0.414902,0.511317,Normal
0.034874,tcp,-,FIN,28,42,2198,34406,1978.551376,31,29,486322.1875,7704766.0,1.329654,0.837488,Normal
0.469353,tcp,-,FIN,10,6,1018,268,31.958889,254,252,15630.02734,3818.021973,52.046333,82.168,Attack
6e-06,udp,-,INT,2,0,340,0,166666.6608,254,0,226666656.0,0.0,0.006,0.0,Attack
5e-06,udp,dns,INT,2,0,114,0,200000.0051,254,0,91200000.0,0.0,0.005,0.0,Attack
0.0,arp,-,INT,1,0,46,0,0.0,0,0,0.0,0.0,60000.62,0.0,Normal
4e-06,udp,-,INT,2,0,904,0,250000.0006,254,0,904000000.0,0.0,0.004,0.0,Normal
0.655802,tcp,http,FIN,10,8,816,1450,25.922458,62,252,8966.121094,15480.28223,68.615333,83.05043,Attack
8e-06,ipv6-no,-,INT,2,0,200,0,125000.0003,254,0,100000000.0,0.0,0.008,0.0,Attack
0.452181,tcp,-,FIN,10,8,998,354,37.595564,254,252,15905.13477,5484.529297,48.827222,61.99157,Attack
0.001063,udp,dns,CON,2,2,130,162,2822.201463,31,29,489181.5938,609595.5,0.007,0.007,Normal
0.003884,tcp,http,FIN,8,10,1032,822,4376.930993,31,29,1859938.25,1524201.875,0.504857,0.375333,Normal
6e-06,udp,dns,INT,2,0,114,0,166666.6608,254,0,76000000.0,0.0,0.006,0.0,Attack
0.482657,tcp,-,FIN,10,6,1612,268,31.077971,254,252,24050.20703,3712.781738,51.139222,80.369,Attack
3e-06,udp,dns,INT,2,0,114,0,333333.3215,254,0,152000000.0,0.0,0.003,0.0,Attack
0.699439,tcp,-,FIN,10,8,2510,576,24.305194,254,252,25837.84961,5764.620117,73.700556,83.20357,Attack
9e-06,ipv6-opts,-,INT,2,0,200,0,111111.1072,254,0,88888888.0,0.0,0.009,0.0,Attack
0.970523,tcp,http,FIN,10,14,800,10490,23.698563,62,252,5934.944336,80294.85156,99.017,67.378077,Attack
0.455245,tcp,ftp-data,FIN,14,6,8928,320,41.73577,31,29,145697.375,4691.979004,35.018846,90.926398,Normal
2.095332,tcp,smtp,FIN,24,22,5509,1706,21.476311,62,252,20159.09766,6219.539551,91.101391,96.050141,Attack
5e-06,udp,-,INT,2,0,104,0,200000.0051,254,0,83200000.0,0.0,0.005,0.0,Attack
0.940903,tcp,http,FIN,10,6,872,268,15.942132,254,252,6674.439453,1904.553345,98.029444,159.170594,Attack
0.36903,tcp,http,FIN,10,8,820,1304,46.066716,62,252,15998.69922,24735.11719,41.003333,41.657715,Attack
58.881458,ospf,-,REQ,68,0,18496,0,1.137879,254,0,2476.025635,0.0,919.770813,0.0,Attack
0.001021,udp,dns,CON,2,2,130,162,2938.295862,31,29,509304.625,634671.875,0.001,0.008,Normal
9e-06,udp,dns,INT,2,0,114,0,111111.1072,254,0,50666664.0,0.0,0.009,0.0,Attack
6.085835,tcp,smtp,FIN,142,40,162129,2524,29.741194,62,252,211623.2188,3235.053223,43.470251,149.852438,Attack
8e-06,udp,dns,INT,2,0,114,0,125000.0003,254,0,57000000.0,0.0,0.008,0.0,Attack
9e-06,udp,-,INT,2,0,168,0,111111.1072,254,0,74666664.0,0.0,0.009,0.0,Attack
1e-05,udp,-,INT,2,0,892,0,100000.0025,254,0,356800000.0,0.0,0.01,0.0,Attack
1e-06,unas,-,INT,2,0,200,0,1000000.003,254,0,800000000.0,0.0,0.001,0.0,Attack
1e-06,unas,-,INT,2,0,200,0,1000000.003,254,0,800000000.0,0.0,0.001,0.0,Attack
56.709965,ospf,-,INT,66,0,7128,0,1.146183,254,0,990.302124,0.0,872.460875,0.0,Attack
0.91662,tcp,smtp,FIN,20,20,2508,1650,42.54762,62,252,20798.14844,13685.06055,48.243159,45.351316,Attack
9e-06,sprite-rpc,-,INT,2,0,200,0,111111.1072,254,0,88888888.0,0.0,0.009,0.0,Attack
2.036314,tcp,-,FIN,10,8,564,354,8.348418,254,252,1995.762939,1217.886841,223.607889,277.281281,Attack
0.034961,tcp,-,FIN,78,80,4550,72810,4490.718218,31,29,1027888.188,16452619.0,0.455553,0.440936,Normal
3e-06,sat-mon,-,INT,2,0,200,0,333333.3215,254,0,266666656.0,0.0,0.003,0.0,Attack
1e-05,udp,dns,INT,2,0,114,0,100000.0025,254,0,45600000.0,0.0,0.01,0.0,Attack
0.001,udp,dns,CON,2,2,146,178,2999.999858,31,29,584000.0,711999.9375,0.009,0.005,Normal
0.486323,tcp,-,FIN,10,6,546,268,30.843699,254,252,8093.386719,3684.793945,49.646667,76.616398,Attack
30.984032,arp,-,CON,4,4,184,112,0.225923,0,0,35.631256,21.688591,15491.293,15491.292,Normal
1.141818,tcp,smtp,FIN,24,20,6951,1614,37.65924,62,252,46676.4375,10747.77246,49.644259,58.450156,Attack
0.739593,tcp,http,FIN,10,8,792,2446,22.985614,62,252,7712.349609,23158.68164,82.177,91.684,Attack
3e-06,udp,-,INT,2,0,168,0,333333.3215,254,0,224000000.0,0.0,0.003,0.0,Attack
3e-06,udp,dns,INT,2,0,114,0,333333.3215,254,0,152000000.0,0.0,0.003,0.0,Attack
0.004588,tcp,ftp-data,FIN,10,12,528,8824,4577.157792,31,29,829991.25,14104621.0,0.475889,0.368727,Normal
5e-06,udp,dns,INT,2,0,114,0,200000.0051,254,0,91200000.0,0.0,0.005,0.0,Attack
0.43166,tcp,-,FIN,10,6,756,268,34.749572,254,252,12621.04492,4151.415527,45.539556,75.205602,Attack
0.740019,ospf,-,INT,18,0,2858,0,22.972382,254,0,29188.43945,0.0,43.530531,0.0,Attack
2.188169,tcp,smtp,FIN,22,24,3909,1928,20.565139,62,252,13644.28418,6756.333496,104.198525,92.129391,Attack
0.576463,tcp,ftp-data,FIN,8,8,364,676,26.020751,62,252,4426.99707,8215.618164,82.216286,75.578141,Attack
0.00422,tcp,ftp-data,FIN,14,8,8928,424,4976.303315,31,29,15717536.0,703317.5625,0.324615,0.512143,Normal
8e-06,crudp,-,INT,2,0,200,0,125000.0003,254,0,100000000.0,0.0,0.008,0.0,Attack
7e-06,udp,-,INT,2,0,570,0,142857.1409,254,0,325714272.0,0.0,0.007,0.0,Attack
8e-06,unas,-,INT,2,0,200,0,125000.0003,254,0,100000000.0,0.0,0.008,0.0,Attack
9e-06,udp,dns,INT,2,0,114,0,111111.1072,254,0,50666664.0,0.0,0.009,0.0,Attack
0.001133,udp,dns,CON,2,2,132,164,2647.83757,31,29,466019.4063,578993.8125,0.001,0.006,Normal
0.001774,udp,-,CON,4,4,520,304,3945.884997,31,29,1758737.375,1028184.875,0.446,0.236,Normal
3e-06,udp,dns,INT,2,0,114,0,333333.3215,254,0,152000000.0,0.0,0.003,0.0,Attack
0.0,arp,-,INT,1,0,46,0,0.0,0,0,0.0,0.0,60000.656,0.0,Normal
3e-06,udp,dns,INT,2,0,114,0,333333.3215,254,0,152000000.0,0.0,0.003,0.0,Attack
8e-06,unas,-,INT,2,0,200,0,125000.0003,254,0,100000000.0,0.0,0.008,0.0,Attack
0.001027,udp,dns,CON,2,2,146,178,2921.129446,31,29,568646.5625,693281.375,0.009,0.007,Normal
0.000946,udp,dns,CON,2,2,146,178,3171.247406,31,29,617336.1875,752642.6875,0.001,0.002,Normal
1e-05,udp,-,INT,2,0,1120,0,100000.0025,254,0,448000000.0,0.0,0.01,0.0,Attack
4e-06,udp,dns,INT,2,0,114,0,250000.0006,254,0,114000000.0,0.0,0.004,0.0,Attack
0.017205,tcp,-,FIN,16,18,1540,1644,1918.047088,31,29,671432.75,722115.6875,1.125133,0.982882,Normal
0.001091,udp,dns,CON,2,2,146,178,2749.770747,31,29,535288.6875,652612.25,0.009,0.005,Normal
5e-06,unas,-,INT,2,0,200,0,200000.0051,254,0,160000000.0,0.0,0.005,0.0,Attack
0.512282,tcp,-,FIN,8,8,364,442,29.280747,254,252,4981.630859,6043.546387,73.183145,63.372855,Attack
3e-06,unas,-,INT,2,0,200,0,333333.3215,254,0,266666656.0,0.0,0.003,0.0,Attack
8e-06,udp,dns,INT,2,0,114,0,125000.0003,254,0,57000000.0,0.0,0.008,0.0,Attack
4e-06,unas,-,INT,2,0,200,0,250000.0006,254,0,200000000.0,0.0,0.004,0.0,Attack
7e-06,udp,-,INT,2,0,2962,0,142857.1409,254,0,1692571392.0,0.0,0.007,0.0,Attack
0.0,arp,-,INT,1,0,46,0,0.0,0,0,0.0,0.0,60000.668,0.0,Normal
14.772945,tcp,-,FIN,28,30,4256,3080,3.858405,31,29,2222.440918,1612.677734,568.17818,509.392812,Normal
6e-06,unas,-,INT,2,0,200,0,166666.6608,254,0,133333328.0,0.0,0.006,0.0,Attack
9e-06,udp,dns,INT,2,0,114,0,111111.1072,254,0,50666664.0,0.0,0.009,0.0,Attack
0.825171,tcp,-,FIN,10,8,564,354,20.601791,254,252,4925.040039,3005.437744,91.571778,110.69543,Attack
0.001079,udp,dns,CON,2,2,146,178,2780.352305,31,29,541241.9375,659870.25,0.002,0.006,Normal
1e-05,dcn,-,INT,2,0,200,0,100000.0025,254,0,80000000.0,0.0,0.01,0.0,Attack
8e-06,igp,-,INT,2,0,180,0,125000.0003,254,0,90000000.0,0.0,0.008,0.0,Attack
0.028705,tcp,smtp,FIN,54,42,37914,3380,3309.527856,31,29,10370876.0,919700.375,0.545404,0.681341,Normal
0.059953,tcp,-,FIN,90,92,5174,83812,3019.031555,31,29,682801.5,11062132.0,0.685414,0.660611,Normal
1.320381,tcp,-,FIN,74,16,90963,698,67.404785,254,252,543685.5,3968.55127,17.545959,82.763734,Attack
3.128052,tcp,http,FIN,38,188,1996,249301,71.929751,62,252,4971.78418,634196.625,84.541945,15.25146,Attack
8e-06,unas,-,INT,2,0,200,0,125000.0003,254,0,100000000.0,0.0,0.008,0.0,Attack
5e-06,unas,-,INT,2,0,200,0,200000.0051,254,0,160000000.0,0.0,0.005,0.0,Attack
4e-06,unas,-,INT,2,0,200,0,250000.0006,254,0,200000000.0,0.0,0.004,0.0,Attack
0.009893,tcp,-,FIN,34,36,2230,13500,6974.628436,31,29,1750732.875,10613565.0,0.2995,0.265371,Normal
4e-06,udp,-,INT,2,0,104,0,250000.0006,254,0,104000000.0,0.0,0.004,0.0,Attack
0.558098,tcp,-,FIN,10,6,756,268,26.876999,254,252,9761.726562,3210.905518,62.010889,85.683602,Attack
0.936231,tcp,-,FIN,18,14,2786,1980,33.111486,254,252,22490.17578,15714.07031,55.072412,67.281461,Attack
0.806841,tcp,-,FIN,16,18,1540,1644,40.900251,31,29,14317.56641,15398.3252,53.768799,47.40141,Normal
3e-06,pnni,-,INT,2,0,200,0,333333.3215,254,0,266666656.0,0.0,0.003,0.0,Attack
3e-06,br-sat-mon,-,INT,2,0,200,0,333333.3215,254,0,266666656.0,0.0,0.003,0.0,Attack
4e-06,udp,dns,INT,2,0,114,0,250000.0006,254,0,114000000.0,0.0,0.004,0.0,Attack
5e-06,udp,dns,INT,2,0,114,0,200000.0051,254,0,91200000.0,0.0,0.005,0.0,Attack
0.003177,tcp,ftp-data,FIN,10,12,528,8824,6610.009491,31,29,1198615.0,20368902.0,0.316222,0.246818,Normal
1e-06,snp,-,INT,2,0,200,0,1000000.003,254,0,800000000.0,0.0,0.001,0.0,Attack
0.000974,udp,dns,CON,2,2,146,178,3080.082059,31,29,599589.3125,731006.125,0.01,0.004,Normal
1.279335,ospf,-,INT,28,0,3024,0,21.104714,254,0,18234.47266,0.0,47.382777,0.0,Attack
7e-06,udp,dns,INT,2,0,114,0,142857.1409,254,0,65142856.0,0.0,0.007,0.0,Attack
0.845696,tcp,smtp,FIN,50,24,41137,1928,86.319437,62,252,381366.375,17481.45898,17.259102,35.235566,Attack
0.203895,tcp,http,FIN,10,12,832,8420,102.994187,62,252,29387.67383,302861.75,22.655,17.467273,Attack
9e-06,kryptolan,-,INT,2,0,200,0,111111.1072,254,0,88888888.0,0.0,0.009,0.0,Attack
3e-06,udp,dns,INT,2,0,114,0,333333.3215,254,0,152000000.0,0.0,0.003,0.0,Attack
0.143363,tcp,ftp-data,FIN,6,8,320,1910,90.678907,31,29,14899.24219,93301.61719,28.6084,20.415428,Normal
5e-06,udp,dns,INT,2,0,114,0,200000.0051,254,0,91200000.0,0.0,0.005,0.0,Attack
2.161595,tcp,ftp,FIN,24,22,1284,1610,20.81796,62,252,4555.89502,5688.39209,93.982389,99.420765,Attack
5e-06,udp,dns,INT,2,0,114,0,200000.0051,254,0,91200000.0,0.0,0.005,0.0,Attack
0.956854,tcp,-,FIN,10,8,534,354,17.766556,254,252,4021.512207,2591.826904,106.317111,126.831711,Normal
0.001272,udp,dns,CON,2,2,130,162,2358.490523,31,29,408805.0313,509433.9375,0.001,0.007,Normal
8e-06,udp,-,INT,2,0,168,0,125000.0003,254,0,84000000.0,0.0,0.008,0.0,Attack
0.244513,tcp,http,FIN,12,22,926,21928,134.962146,62,252,27777.66406,684855.1875,22.228455,9.265572,Attack
0.158367,tcp,-,FIN,62,62,3702,48710,776.676993,31,29,184028.25,2420959.0,2.587262,2.586525,Normal
0.545583,tcp,http,FIN,12,10,1282,4042,38.490935,62,252,17243.93945,53344.76953,49.598454,57.825891,Attack
5e-06,udp,dns,INT,2,0,114,0,200000.0051,254,0,91200000.0,0.0,0.005,0.0,Attack
7.298472,tcp,pop3,FIN,74,376,3250,476224,61.519727,62,252,3515.256348,520610.9063,101.367665,19.319825,Attack
1e-05,sctp,-,INT,2,0,200,0,100000.0025,254,0,80000000.0,0.0,0.01,0.0,Attack
1.293621,tcp,-,FIN,10,8,554,354,13.141408,254,252,3085.911621,1917.099487,143.735667,156.149859,Normal
9e-06,udp,dns,INT,2,0,114,0,111111.1072,254,0,50666664.0,0.0,0.009,0.0,Attack
0.792895,tcp,-,FIN,122,126,7818,15180,311.51665,31,29,78234.82031,151949.5,6.660025,6.338712,Normal
1e-05,unas,-,INT,2,0,200,0,100000.0025,254,0,80000000.0,0.0,0.01,0.0,Attack
0.411337,tcp,-,FIN,8,8,364,442,36.466451,254,252,6204.158691,7526.675293,58.762431,51.653855,Attack
3.25424,ospf,-,REQ,8,0,864,0,2.15104,254,0,1858.498413,0.0,568.887625,0.0,Attack
0.012785,tcp,ssh,FIN,70,60,12472,12716,10089.94932,31,29,7692765.0,7824795.0,0.188015,0.20439,Normal
1.6e-05,udp,dns,INT,2,0,114,0,62500.00016,254,0,28500000.0,0.0,0.016,0.0,Attack
7e-06,udp,dns,INT,2,0,114,0,142857.1409,254,0,65142856.0,0.0,0.007,0.0,Attack
8e-06,udp,dns,INT,2,0,114,0,125000.0003,254,0,57000000.0,0.0,0.008,0.0,Attack
4e-06,udp,dns,INT,2,0,114,0,250000.0006,254,0,114000000.0,0.0,0.004,0.0,Attack
0.848329,tcp,http,FIN,10,8,1278,354,20.039395,254,252,10854.2793,2923.394043,88.373222,110.65043,Attack
5e-06,unas,-,INT,2,0,200,0,200000.0051,254,0,160000000.0,0.0,0.005,0.0,Attack
0.635,tcp,-,FIN,10,6,582,268,23.622048,254,252,6601.574707,2822.047363,70.555556,107.608797,Attack
1.433464,tcp,http,FIN,10,10,818,1698,13.254605,62,252,4113.113281,8533.174805,159.172667,152.725672,Attack
7e-06,unas,-,INT,2,0,200,0,142857.1409,254,0,114285712.0,0.0,0.007,0.0,Attack
0.068938,udp,-,CON,4,2,228,91,72.528937,254,60,19843.91797,5338.129883,3.87,0.008,Attack
9e-06,udp,-,INT,2,0,168,0,111111.1072,254,0,74666664.0,0.0,0.009,0.0,Attack
2.090429,tcp,smtp,FIN,84,30,86834,2286,54.055888,62,252,328357.4688,8457.59375,25.185892,68.230898,Attack
9e-06,unas,-,INT,2,0,200,0,111111.1072,254,0,88888888.0,0.0,0.009,0.0,Attack
0.902491,tcp,-,FIN,12,8,1004,730,21.052842,254,252,8164.070801,5664.322754,80.574817,113.65943,Attack
0.001068,udp,dns,CON,2,2,146,178,2808.988808,31,29,546816.5,666666.6875,0.008,0.007,Normal
0.280022,tcp,http,FIN,10,8,762,970,60.709517,62,252,19598.46094,24255.23828,31.113556,34.920145,Attack
1e-06,udp,dns,INT,2,0,114,0,1000000.003,254,0,456000000.0,0.0,0.001,0.0,Attack
1e-06,udp,dns,INT,2,0,114,0,1000000.003,254,0,456000000.0,0.0,0.001,0.0,Attack
1.198105,tcp,-,FIN,12,8,1048,712,15.858377,254,252,6416.799805,4159.902832,5506.967668,8269.432,Attack
9e-06,udp,dns,INT,2,0,114,0,111111.1072,254,0,50666664.0,0.0,0.009,0.0,Attack
4e-06,udp,-,INT,2,0,104,0,250000.0006,254,0,104000000.0,0.0,0.004,0.0,Normal
1.117578,tcp,smtp,FIN,52,26,45657,1972,68.898992,62,252,320543.1563,13579.36523,21.913294,43.276879,Attack
1.272968,tcp,-,FIN,12,10,994,808,16.496879,254,252,5731.487305,4575.134277,107.992548,129.881781,Attack
0.001004,udp,dns,CON,2,2,146,178,2988.047923,31,29,581673.3125,709163.375,0.009,0.002,Normal
1e-05,udp,-,INT,2,0,168,0,100000.0025,254,0,67200000.0,0.0,0.01,0.0,Attack
0.055901,tcp,-,FIN,48,50,2958,32642,1735.210511,31,29,414590.0938,4578093.5,1.2085,1.153562,Normal
0.001063,udp,dns,CON,2,2,146,178,2822.201463,31,29,549388.5625,669802.5,0.006,0.007,Normal
1e-05,wb-expak,-,INT,2,0,200,0,100000.0025,254,0,80000000.0,0.0,0.01,0.0,Attack
5e-06,unas,-,INT,2,0,200,0,200000.0051,254,0,160000000.0,0.0,0.005,0.0,Attack
0.993029,tcp,ftp-data,FIN,10,8,450,2126,17.119339,62,252,3262.744629,14992.5127,110.238556,133.533422,Attack
9e-06,udp,dns,INT,2,0,114,0,111111.1072,254,0,50666664.0,0.0,0.009,0.0,Attack
9e-06,udp,dns,INT,2,0,114,0,111111.1072,254,0,50666664.0,0.0,0.009,0.0,Attack
5.8e-05,udp,-,INT,2,0,503,0,17241.37888,64,0,34758620.0,0.0,0.058,0.0,Normal
9e-06,udp,dns,INT,2,0,114,0,111111.1072,254,0,50666664.0,0.0,0.009,0.0,Attack
38.714535,tcp,-,FIN,26,18,7360,1564,1.110694,254,252,1462.396484,305.415009,1547.110041,2275.75725,Attack
1e-05,udp,-,INT,2,0,1984,0,100000.0025,254,0,793600000.0,0.0,0.01,0.0,Attack
1.21353,tcp,ftp,FIN,14,12,810,682,20.601057,254,252,4964.030762,4126.803711,93.348462,100.198094,Attack
3e-06,bbn-rcc,-,INT,2,0,180,0,333333.3215,254,0,239999984.0,0.0,0.003,0.0,Attack
9e-06,udp,dns,INT,2,0,114,0,111111.1072,254,0,50666664.0,0.0,0.009,0.0,Attack
0.664738,tcp,-,FIN,10,8,588,354,25.573986,254,252,6378.452637,3730.793213,71.275778,82.97157,Attack
3e-06,udp,dns,INT,2,0,114,0,333333.3215,254,0,152000000.0,0.0,0.003,0.0,Attack
7.974248,tcp,-,FIN,446,858,25056,1094788,163.400989,31,29,25080.73438,1097044.375,17.918944,9.304275,Normal
2.299269,tcp,smtp,FIN,92,30,98137,2162,52.625422,62,252,337745.625,7271.876465,25.547433,77.246516,Attack
0.026356,tcp,smtp,FIN,52,42,37268,3380,3528.608226,31,29,11094855.0,1001669.438,0.541667,0.629512,Normal
9e-06,crtp,-,INT,2,0,200,0,111111.1072,254,0,88888888.0,0.0,0.009,0.0,Attack
2e-06,udp,dns,INT,2,0,114,0,500000.0013,254,0,228000000.0,0.0,0.002,0.0,Attack
1.000346,tcp,-,FIN,20,10,6110,556,28.989971,254,252,46423.94141,4006.614014,4951.377998,9904.061,Normal
0.527581,tcp,-,FIN,10,6,534,268,28.431654,254,252,7293.666992,3396.63501,56.429222,89.211398,Normal
59.760056,ospf,-,INT,180,0,48960,0,2.995312,254,0,6517.79834,0.0,333.854969,0.0,Attack
0.74556,tcp,-,FIN,12,8,1066,746,25.4842,254,252,10494.125,7006.813965,67.778185,95.058859,Attack
0.708868,tcp,-,FIN,10,6,718,268,21.160497,254,252,7301.782227,2527.974121,73.927222,103.027797,Attack
9e-06,udp,dns,INT,2,0,114,0,111111.1072,254,0,50666664.0,0.0,0.009,0.0,Attack
0.001065,udp,dns,CON,2,2,146,178,2816.901513,31,29,548356.8125,668544.625,0.009,0.007,Normal
0.049924,tcp,-,FIN,68,70,4014,59460,2744.17108,31,29,633763.3125,9392036.0,0.751591,0.726441,Normal
0.115594,tcp,-,CON,6,2,986,86,60.556777,62,252,56888.76563,2975.933105,23.1188,0.001,Normal
30.322762,ospf,-,INT,42,0,18480,0,1.35212,254,0,4759.460938,0.0,739.579562,0.0,Attack
0.685673,tcp,http,FIN,10,12,768,4314,30.626844,62,252,8073.819336,46144.44531,76.185889,49.870637,Attack
0.000915,udp,dns,CON,2,2,130,162,3278.688588,31,29,568306.0,708196.75,0.001,0.006,Normal
1e-06,udp,dns,INT,2,0,114,0,1000000.003,254,0,456000000.0,0.0,0.001,0.0,Attack
0.721939,tcp,-,FIN,10,6,534,268,20.777378,254,252,5330.089844,2482.204102,75.759222,125.245,Attack
8e-06,udp,dns,INT,2,0,114,0,125000.0003,254,0,57000000.0,0.0,0.008,0.0,Attack
0.480536,tcp,-,FIN,14,14,4706,1248,56.187256,254,252,72752.09375,19295.11914,36.964309,36.034922,Attack
0.00583,tcp,-,FIN,22,24,1958,2308,7718.696193,31,29,2564665.5,3035334.5,0.2741,0.227522,Normal
5.529466,tcp,ftp,FIN,24,24,1300,1730,8.499916,62,252,1802.705688,2398.784912,240.411565,233.511703,Attack
5e-06,udp,dns,INT,2,0,114,0,200000.0051,254,0,91200000.0,0.0,0.005,0.0,Attack
0.65046,tcp,http,FIN,10,8,864,2752,26.13535,62,252,9568.613281,29615.96484,72.273333,83.87957,Attack
1.91791,tcp,ftp,FIN,14,12,756,682,13.035023,254,252,2928.1875,2611.175781,143.198764,161.164906,Normal
9e-06,udp,dns,INT,2,0,114,0,111111.1072,254,0,50666664.0,0.0,0.009,0.0,Attack
0.571865,tcp,http,FIN,10,12,856,6672,36.721952,62,252,10785.76172,85558.64844,63.540556,48.70309,Attack
3.1e-05,udp,dns,INT,2,0,114,0,32258.06495,254,0,14709678.0,0.0,0.031,0.0,Attack
0.035947,tcp,-,FIN,60,62,3614,50036,3366.066827,31,29,790942.25,10955908.0,0.603458,0.580508,Normal
9e-06,uti,-,INT,2,0,200,0,111111.1072,254,0,88888888.0,0.0,0.009,0.0,Attack
0.223379,tcp,ftp-data,FIN,8,12,424,8824,85.057234,31,29,13286.83496,289696.0,31.865,20.261363,Normal
1.052357,tcp,-,FIN,16,10,1512,556,23.756198,254,252,10779.61231,3808.593506,68.290199,109.146219,Attack
0.851833,tcp,-,CON,6,2,978,86,8.217573,62,252,7654.08252,403.835022,170.3666,0.005,Normal
1.825764,tcp,-,FIN,24,60,1252,59742,45.460422,62,252,5258.072754,257413.3438,79.381041,29.829474,Attack
1.431707,pim,-,INT,8,0,480,0,4.889268,254,0,2346.848877,0.0,204.529578,0.0,Attack
6e-06,irtp,-,INT,2,0,200,0,166666.6608,254,0,133333328.0,0.0,0.006,0.0,Attack
7e-06,unas,-,INT,2,0,200,0,142857.1409,254,0,114285712.0,0.0,0.007,0.0,Attack
0.119659,tcp,-,FIN,72,74,4238,63516,1211.776808,31,29,279460.8125,4189104.0,1.680338,1.630959,Normal
9e-06,udp,dns,INT,2,0,114,0,111111.1072,254,0,50666664.0,0.0,0.009,0.0,Attack
0.632855,tcp,-,FIN,10,8,564,354,26.862394,254,252,6421.692383,3918.749268,69.768,89.42857,Attack
0.373307,tcp,-,FIN,60,62,3598,48710,324.130015,31,29,75841.0625,1027036.75,6.320915,6.212933,Normal
2e-06,unas,-,INT,2,0,200,0,500000.0013,254,0,400000000.0,0.0,0.002,0.0,Attack
1e-05,udp,-,INT,2,0,168,0,100000.0025,254,0,67200000.0,0.0,0.01,0.0,Attack
1.139842,tcp,smtp,FIN,52,42,37492,3380,81.590253,31,29,258077.8594,23161.10352,22.790019,27.788781,Normal
59.30122,ospf,-,INT,196,0,53312,0,3.288297,254,0,7155.333496,0.0,304.108656,0.0,Attack
3e-06,udp,-,INT,2,0,78,0,333333.3215,254,0,104000000.0,0.0,0.003,0.0,Attack
1.174356,tcp,http,FIN,12,18,1580,10168,24.694386,31,29,9870.942383,65424.79688,106.723001,69.048708,Normal
8e-06,udp,dns,INT,2,0,114,0,125000.0003,254,0,57000000.0,0.0,0.008,0.0,Attack
0.093936,tcp,-,FIN,68,70,4014,59460,1458.439846,31,29,336825.0938,4991569.0,1.418333,1.353913,Normal
9e-06,udp,dns,INT,2,0,114,0,111111.1072,254,0,50666664.0,0.0,0.009,0.0,Attack
1.5e-05,sun-nd,-,INT,1,0,60,0,0.0,0,0,0.0,0.0,0.0,0.0,Attack
0.025,tcp,-,FIN,60,62,3614,50036,4839.999928,31,29,1137280.0,15753280.0,0.416186,0.406933,Normal
0.001065,udp,dns,CON,2,2,146,178,2816.901513,31,29,548356.8125,668544.625,0.008,0.007,Normal
1e-05,udp,dns,INT,2,0,114,0,100000.0025,254,0,45600000.0,0.0,0.01,0.0,Attack
1.4e-05,mobile,-,INT,1,0,60,0,0.0,0,0,0.0,0.0,0.0,0.0,Attack
9e-06,prm,-,INT,2,0,200,0,111111.1072,254,0,88888888.0,0.0,0.009,0.0,Attack
0.294722,tcp,http,FIN,10,18,830,15802,91.611759,62,252,20276.73633,405127.5625,32.746889,16.775823,Attack
3e-06,udp,dns,INT,2,0,114,0,333333.3215,254,0,152000000.0,0.0,0.003,0.0,Attack
0.017473,tcp,ssh,FIN,108,114,9504,12298,12648.08622,31,29,4311109.0,5581640.5,0.161887,0.156667,Normal
3e-06,trunk-2,-,INT,2,0,200,0,333333.3215,254,0,266666656.0,0.0,0.003,0.0,Attack
0.828189,tcp,-,FIN,14,10,774,556,27.771438,254,252,6945.274414,4839.475098,63.706846,77.520891,Normal
1.497805,tcp,-,FIN,10,8,564,354,11.349942,254,252,2713.303711,1655.756226,160.634444,201.281281,Attack
9e-06,chaos,-,INT,2,0,200,0,111111.1072,254,0,88888888.0,0.0,0.009,0.0,Attack
0.342096,tcp,http,FIN,10,8,854,1056,49.693653,62,252,17983.25586,21607.96875,38.010667,39.551855,Attack
4e-06,i-nlsp,-,INT,2,0,200,0,250000.0006,254,0,200000000.0,0.0,0.004,0.0,Attack
3e-06,unas,-,INT,2,0,200,0,333333.3215,254,0,266666656.0,0.0,0.003,0.0,Attack
1.324248,tcp,-,FIN,10,8,564,354,12.837475,254,252,3068.911621,1872.761108,141.174222,174.453422,Attack
0.737661,tcp,-,FIN,16,10,3472,556,33.890906,254,252,35300.76953,5433.390137,47.986334,74.938219,Normal
0.068195,tcp,-,FIN,48,50,2958,33044,1422.391665,31,29,339848.9688,3798988.25,1.475652,1.381082,Normal
0.046362,tcp,ftp-data,FIN,6,8,320,1882,280.402045,31,29,46072.21094,284198.25,9.2092,6.549571,Normal
0.070739,tcp,-,FIN,48,50,2958,33044,1371.237911,31,29,327626.9063,3662364.5,1.531022,1.43302,Normal
0.614659,tcp,-,FIN,12,8,1466,740,30.911448,254,252,17492.625,8433.944336,55.783362,65.594711,Normal
0.202978,tcp,-,FIN,22,24,2054,2478,221.698903,31,29,77289.16406,93606.20313,10.1315,8.79887,Normal
9e-06,smp,-,INT,2,0,200,0,111111.1072,254,0,88888888.0,0.0,0.009,0.0,Attack
3e-06,unas,-,INT,2,0,200,0,333333.3215,254,0,266666656.0,0.0,0.003,0.0,Attack
0.63497,tcp,-,FIN,10,8,564,354,26.772918,254,252,6400.302246,3905.696289,70.016889,87.039141,Attack
1.207166,tcp,-,FIN,60,14,68189,612,60.472216,254,252,444366.4063,3770.81543,20.093254,84.588766,Attack
9e-06,udp,dns,INT,2,0,114,0,111111.1072,254,0,50666664.0,0.0,0.009,0.0,Attack
8e-06,udp,-,INT,2,0,78,0,125000.0003,254,0,39000000.0,0.0,0.008,0.0,Attack
5e-06,udp,dns,INT,2,0,114,0,200000.0051,254,0,91200000.0,0.0,0.005,0.0,Attack
1.62615,tcp,-,FIN,12,10,1110,852,12.913938,254,252,5008.147949,3773.32959,147.71546,158.685438,Attack
0.709164,tcp,-,FIN,10,8,534,354,23.971887,254,252,5426.107422,3497.075195,6260.8607,7814.28,Normal
0.833093,tcp,-,FIN,32,12,27216,642,51.614887,254,252,253186.625,5656.03125,26.870483,65.586633,Normal
2.198165,tcp,smtp,FIN,22,22,3166,1842,19.561771,62,252,11001.9043,6401.703613,104.628951,102.300953,Attack
1e-05,udp,-,INT,2,0,930,0,100000.0025,254,0,372000000.0,0.0,0.01,0.0,Attack
1.999025,tcp,-,FIN,10,8,592,354,8.504146,254,252,2133.039795,1240.604858,213.689,271.699844,Attack
0.281824,tcp,-,CON,6,2,978,86,24.838198,62,252,23135.00781,1220.619995,56.3648,0.009,Normal
0.356938,tcp,-,CON,6,2,978,86,19.611249,62,252,18266.47656,963.752808,71.3876,0.007,Normal
0.302722,tcp,ftp-data,FIN,14,6,8928,320,62.763854,31,29,219105.3125,7055.978516,23.286308,60.413199,Normal
9e-06,pup,-,INT,2,0,180,0,111111.1072,254,0,80000000.0,0.0,0.009,0.0,Attack
2.969025,tcp,http,FIN,14,14,1708,2926,9.093895,62,252,4273.457031,7320.921875,228.386534,214.454922,Attack
6e-06,udp,dns,INT,2,0,114,0,166666.6608,254,0,76000000.0,0.0,0.006,0.0,Attack
1e-05,unas,-,INT,2,0,200,0,100000.0025,254,0,80000000.0,0.0,0.01,0.0,Attack
1.582582,tcp,ftp,FIN,52,54,2934,3742,66.347273,31,29,14548.37695,18567.12695,31.64546,29.850037,Normal
0.001076,udp,dns,CON,2,2,146,178,2788.103975,31,29,542750.9375,661710.0,0.01,0.008,Normal
0.00105,udp,dns,CON,2,2,146,178,2857.142959,31,29,556190.5,678095.25,0.009,0.007,Normal
0.584357,tcp,-,FIN,10,6,614,268,25.669239,254,252,7570.714355,3066.618408,55.702333,98.115797,Normal
9e-06,leaf-1,-,INT,2,0,200,0,111111.1072,254,0,88888888.0,0.0,0.009,0.0,Attack
6e-06,udp,dns,INT,2,0,114,0,166666.6608,254,0,76000000.0,0.0,0.006,0.0,Attack
8e-06,udp,dns,INT,2,0,114,0,125000.0003,254,0,57000000.0,0.0,0.008,0.0,Attack
0.185786,tcp,-,FIN,10,6,1612,268,80.738056,254,252,62480.49219,9645.506836,18.577556,30.562199,Normal
1.39513,tcp,-,FIN,10,8,534,354,12.185244,254,252,2758.165771,1777.612061,153.457667,191.265719,Attack
0.605738,tcp,http,FIN,10,10,808,4730,31.366697,62,252,9614.717773,56222.32813,67.304222,48.423556,Attack
3e-06,udp,dns,INT,2,0,114,0,333333.3215,254,0,152000000.0,0.0,0.003,0.0,Attack
9e-06,udp,dns,INT,2,0,114,0,111111.1072,254,0,50666664.0,0.0,0.009,0.0,Attack
9e-06,udp,dns,INT,2,0,114,0,111111.1072,254,0,50666664.0,0.0,0.009,0.0,Attack
8e-06,udp,-,INT,2,0,104,0,125000.0003,254,0,52000000.0,0.0,0.008,0.0,Attack
0.221482,tcp,ftp-data,FIN,8,12,424,8824,85.785755,31,29,13400.6377,292177.25,31.585286,20.089454,Normal
1.180617,tcp,-,FIN,60,14,68197,612,61.832077,254,252,454413.25,3855.611084,19.588915,85.307539,Normal
9e-06,udp,dns,INT,2,0,114,0,111111.1072,254,0,50666664.0,0.0,0.009,0.0,Attack
0.766768,tcp,-,FIN,10,8,564,354,22.170983,254,252,5300.168945,3234.355225,80.711444,105.227289,Attack
1.352829,tcp,-,FIN,12,10,1490,794,15.523026,254,252,8077.887207,4228.176758,122.919452,132.648781,Normal
0.414647,tcp,-,FIN,28,30,4456,3080,137.466322,31,29,82904.25,57456.09766,15.935732,14.280207,Normal
0.357397,tcp,ftp-data,FIN,6,8,320,1888,36.374117,31,29,5976.547363,36978.48828,71.4164,50.987145,Normal
3e-06,ipcomp,-,INT,2,0,200,0,333333.3215,254,0,266666656.0,0.0,0.003,0.0,Attack
2.146296,ospf,-,INT,18,0,2858,0,7.920622,254,0,10063.84961,0.0,126.252703,0.0,Attack
9e-06,udp,dns,INT,2,0,114,0,111111.1072,254,0,50666664.0,0.0,0.009,0.0,Attack
0.001677,udp,-,CON,4,4,528,304,4174.120543,31,29,1889087.75,1087656.5,0.438333,0.197667,Normal
1.279698,tcp,http,FIN,10,14,804,8790,17.97299,62,252,4526.067871,51030.78906,142.119,89.147309,Attack
1.218246,tcp,http,FIN,12,18,1580,10168,23.804716,31,29,9515.319336,63067.72266,110.712997,71.630704,Normal
3e-06,udp,dns,INT,2,0,114,0,333333.3215,254,0,152000000.0,0.0,0.003,0.0,Attack
0.520488,tcp,ftp,FIN,12,12,760,682,44.189297,254,252,10713.02246,9621.739258,47.317091,45.439727,Normal
1.439011,tcp,smtp,FIN,24,20,6001,1844,29.881634,62,252,31971.95898,9740.023438,62.565697,70.309156,Attack
9e-06,unas,-,INT,2,0,200,0,111111.1072,254,0,88888888.0,0.0,0.009,0.0,Attack
0.040819,tcp,-,FIN,68,70,4014,59460,3356.280126,31,29,775129.25,11487003.0,0.613712,0.584304,Normal
0.016696,tcp,-,FIN,48,50,2958,33044,5809.774632,31,29,1388116.875,15517010.0,0.348723,0.336292,Normal
0.527737,tcp,-,FIN,10,6,534,268,28.423248,254,252,7291.510254,3395.630615,58.637444,95.237398,Normal
0.784932,tcp,http,FIN,10,6,876,268,19.109935,254,252,8041.460938,2283.000244,87.214667,142.221797,Attack
1e-05,udp,-,INT,2,0,1774,0,100000.0025,254,0,709600000.0,0.0,0.01,0.0,Attack
1.461509,tcp,-,FIN,10,8,756,354,11.631814,254,252,3727.654053,1696.876343,162.374333,202.169719,Attack
4e-06,unas,-,INT,2,0,200,0,250000.0006,254,0,200000000.0,0.0,0.004,0.0,Attack
1e-06,udp,dns,INT,2,0,114,0,1000000.003,254,0,456000000.0,0.0,0.001,0.0,Attack
5e-06,tcf,-,INT,2,0,200,0,200000.0051,254,0,160000000.0,0.0,0.005,0.0,Attack
3e-06,udp,dns,INT,2,0,114,0,333333.3215,254,0,152000000.0,0.0,0.003,0.0,Attack
4e-06,udp,dns,INT,2,0,114,0,250000.0006,254,0,114000000.0,0.0,0.004,0.0,Attack
0.046426,tcp,ftp-data,FIN,6,8,320,1946,280.015519,31,29,46008.70313,293456.25,9.219,6.557286,Normal
4e-06,udp,-,INT,2,0,1064,0,250000.0006,254,0,1064000000.0,0.0,0.004,0.0,Attack
1e-06,udp,dns,INT,2,0,114,0,1000000.003,254,0,456000000.0,0.0,0.001,0.0,Attack
9e-06,udp,dns,INT,2,0,114,0,111111.1072,254,0,50666664.0,0.0,0.009,0.0,Attack
2e-06,udp,-,INT,2,0,78,0,500000.0013,254,0,156000000.0,0.0,0.002,0.0,Normal
4.159573,tcp,-,FIN,126,126,135382,135330,60.342731,254,252,258311.125,258211.1094,32.713552,32.386352,Attack
0.049743,tcp,-,FIN,40,42,2558,23162,1628.369807,31,29,401262.5,3636451.25,1.267436,1.199585,Normal
2.158345,tcp,http,FIN,10,8,842,354,7.876405,254,252,2809.560059,1149.028564,236.294333,294.108,Attack
1.006046,tcp,http,FIN,14,18,1684,10168,30.813699,31,29,12436.80664,76370.25781,77.360462,59.148118,Normal
1.279335,ospf,-,INT,28,0,3024,0,21.104714,254,0,18234.47266,0.0,47.382777,0.0,Attack
9e-06,udp,dns,INT,2,0,114,0,111111.1072,254,0,50666664.0,0.0,0.009,0.0,Attack
0.885091,tcp,-,FIN,10,8,756,354,19.207064,254,252,6155.299316,2801.97168,98.235667,111.219859,Attack
0.796369,tcp,-,FIN,14,10,774,556,28.881083,254,252,7222.782227,5032.842773,61.188075,80.722,Attack
2e-06,prm,-,INT,2,0,200,0,500000.0013,254,0,400000000.0,0.0,0.002,0.0,Attack
1.361839,tcp,-,FIN,122,126,7820,15306,181.372387,31,29,45561.91797,89202.90625,11.251719,10.890912,Normal
8e-06,udp,dns,INT,2,0,114,0,125000.0003,254,0,57000000.0,0.0,0.008,0.0,Attack
5e-06,udp,dns,INT,2,0,114,0,200000.0051,254,0,91200000.0,0.0,0.005,0.0,Attack
1.501548,tcp,-,FIN,16,12,924,642,17.981443,254,252,4619.23291,3138.094727,98.199935,126.327633,Attack
59.49836,ospf,-,REQ,74,0,20128,0,1.226925,254,0,2669.787842,0.0,828.756313,0.0,Attack
9e-06,unas,-,INT,2,0,200,0,111111.1072,254,0,88888888.0,0.0,0.009,0.0,Attack
9e-06,pipe,-,INT,2,0,200,0,111111.1072,254,0,88888888.0,0.0,0.009,0.0,Attack
0.202553,tcp,-,FIN,10,6,852,268,74.05469,254,252,30293.30469,8847.067383,20.612778,37.213801,Attack
0.552967,tcp,http,FIN,10,6,1136,268,27.126392,254,252,14800.15918,3240.699707,58.293889,96.415797,Attack
0.113994,tcp,-,FIN,66,68,3926,57474,1166.728049,31,29,271382.6875,3974174.0,1.748754,1.692672,Normal
0.0,arp,-,INT,1,0,46,0,0.0,0,0,0.0,0.0,60000.708,0.0,Normal
6e-06,udp,-,INT,2,0,1064,0,166666.6608,254,0,709333312.0,0.0,0.006,0.0,Attack
1e-05,unas,-,INT,2,0,200,0,100000.0025,254,0,80000000.0,0.0,0.01,0.0,Attack
5e-06,udp,dns,INT,2,0,118,0,200000.0051,62,0,94400000.0,0.0,0.005,0.0,Attack
0.204309,tcp,http,FIN,10,6,906,268,73.418204,254,252,31951.60156,8771.02832,21.545111,35.927,Attack
0.004458,udp,-,CON,4,4,568,312,1570.210874,31,29,764468.375,419919.25,1.193667,1.015,Normal
9e-06,unas,-,INT,2,0,200,0,111111.1072,254,0,88888888.0,0.0,0.009,0.0,Attack
0.889038,tcp,-,FIN,22,56,1204,54114,86.610469,62,252,10348.26367,478251.75,42.335143,15.798764,Attack
0.489855,tcp,http,FIN,10,16,856,14620,51.035511,62,252,12591.48145,223854.0,54.428333,25.141867,Attack
7e-06,iplt,-,INT,2,0,200,0,142857.1409,254,0,114285712.0,0.0,0.007,0.0,Attack
7.51162,tcp,-,FIN,10,8,2516,354,2.26316,254,252,2412.262695,330.155151,834.624444,1060.767625,Attack
0.505619,tcp,-,FIN,10,6,506,268,29.666607,254,252,7214.918945,3544.170654,54.781444,85.378797,Normal
0.028308,tcp,-,FIN,68,70,4014,59460,4839.621237,31,29,1117705.25,16563798.0,0.417224,0.407868,Normal
8e-06,ddp,-,INT,2,0,200,0,125000.0003,254,0,100000000.0,0.0,0.008,0.0,Attack
0.281345,tcp,ftp-data,FIN,14,6,8928,320,67.532742,31,29,235753.25,7592.102051,21.641924,56.152,Normal
8e-06,udp,dns,INT,2,0,114,0,125000.0003,254,0,57000000.0,0.0,0.008,0.0,Attack
0.044018,tcp,-,FIN,60,62,3614,50036,2748.875437,31,29,645917.5625,8947067.0,0.753466,0.724083,Normal
2e-06,udp,-,INT,2,0,78,0,500000.0013,254,0,156000000.0,0.0,0.002,0.0,Attack
8e-06,a/n,-,INT,2,0,200,0,125000.0003,254,0,100000000.0,0.0,0.008,0.0,Attack
1.6e-05,udp,-,INT,2,0,168,0,62500.00016,254,0,42000000.0,0.0,0.016,0.0,Attack
1e-06,udp,dns,INT,2,0,114,0,1000000.003,254,0,456000000.0,0.0,0.001,0.0,Attack
3e-06,unas,-,INT,2,0,200,0,333333.3215,254,0,266666656.0,0.0,0.003,0.0,Attack
0.033771,tcp,ftp,FIN,52,54,2934,3742,3109.176439,31,29,681768.375,870095.625,0.656,0.619321,Normal
0.348786,sctp,-,CON,2,2,152,82,8.601263,254,60,1743.189209,940.404724,0.015,0.007,Attack
0.805593,tcp,-,FIN,8,8,364,566,18.619824,62,252,3167.852783,4925.563965,115.08471,100.81757,Attack
6e-06,udp,dns,INT,2,0,168,0,166666.6608,254,0,112000000.0,0.0,0.006,0.0,Attack
1e-05,udp,-,INT,2,0,168,0,100000.0025,254,0,67200000.0,0.0,0.01,0.0,Attack
2.544337,tcp,-,FIN,20,38,1128,31804,22.402692,62,252,3370.622559,97370.75,133.906313,66.207701,Attack
0.429785,tcp,-,FIN,10,6,490,268,34.90117,254,252,8208.754883,4169.526367,47.641667,71.682398,Normal
2.224469,tcp,smtp,FIN,68,26,66719,1926,41.807731,62,252,236417.7813,6660.466309,33.191433,85.308359,Attack
0.528646,tcp,-,FIN,10,6,754,268,28.374376,254,252,10275.30762,3389.791992,56.612444,87.033797,Normal
0.5608,tcp,http,FIN,16,6,12022,268,37.446504,254,252,160784.5938,3195.435059,35.792134,101.415,Attack
7e-06,udp,dns,INT,2,0,114,0,142857.1409,254,0,65142856.0,0.0,0.007,0.0,Attack
0.117174,tcp,-,FIN,70,70,4118,59460,1186.269996,31,29,277194.5938,4001638.5,1.693246,1.689304,Normal
0.033968,tcp,-,FIN,60,62,3598,48710,3562.175998,31,29,833490.3125,11287093.0,0.579948,0.546607,Normal
9e-06,unas,-,INT,2,0,200,0,111111.1072,254,0,88888888.0,0.0,0.009,0.0,Attack
58.809574,ospf,-,REQ,30,0,3240,0,0.493117,254,0,426.05307,0.0,2044.502875,0.0,Attack
6e-06,udp,dns,INT,2,0,114,0,166666.6608,254,0,76000000.0,0.0,0.006,0.0,Attack
9e-06,udp,dns,INT,2,0,114,0,111111.1072,254,0,50666664.0,0.0,0.009,0.0,Attack
0.414805,tcp,smtp,FIN,54,44,37808,3484,233.844821,31,29,715671.25,65669.41406,7.970211,9.635372,Normal
0.186486,tcp,http,FIN,10,6,1578,268,80.43499,254,252,60958.99609,9609.299805,19.114556,36.01,Attack
3e-06,udp,dns,INT,2,0,156,0,333333.3215,254,0,208000000.0,0.0,0.003,0.0,Attack
0.758477,tcp,http,FIN,10,8,810,1722,22.413337,62,252,7689.093262,15895.01172,84.275222,65.04357,Attack
0.017778,tcp,-,FIN,48,50,2958,33044,5456.18184,31,29,1303633.75,14572618.0,0.379783,0.358063,Normal
2.052657,tcp,-,FIN,12,10,1110,828,10.230643,254,252,3967.540771,2907.451416,184.259631,218.264109,Attack
0.293803,tcp,ssh,FIN,62,58,5928,8010,405.033296,31,29,158827.5156,214347.7031,4.816443,5.141702,Normal
3e-06,udp,dns,INT,2,0,114,0,333333.3215,254,0,152000000.0,0.0,0.003,0.0,Attack
8e-06,unas,-,INT,2,0,200,0,125000.0003,254,0,100000000.0,0.0,0.008,0.0,Attack
0.018109,tcp,-,FIN,16,18,1540,1644,1822.298369,31,29,637914.875,686067.75,1.1868,1.037941,Normal
0.448468,tcp,-,FIN,10,6,586,268,33.447202,254,252,9418.732422,3995.825684,48.132444,80.025797,Normal
3e-06,udp,-,INT,2,0,168,0,333333.3215,254,0,224000000.0,0.0,0.003,0.0,Attack
1.453895,tcp,-,FIN,10,8,2322,354,11.692729,254,252,11500.14258,1705.762817,10626.2487,13277.807,Attack
0.277295,tcp,-,FIN,60,62,3598,48710,436.358401,31,29,102100.6563,1382643.125,4.774655,4.536131,Normal
9e-06,udp,dns,INT,2,0,114,0,111111.1072,254,0,50666664.0,0.0,0.009,0.0,Attack
1e-06,udp,dns,INT,2,0,114,0,1000000.003,254,0,456000000.0,0.0,0.001,0.0,Attack
0.82398,tcp,pop3,FIN,20,22,960,4614,49.758491,62,252,8854.583984,42768.03125,43.367368,38.579475,Attack
8e-06,udp,dns,INT,2,0,114,0,125000.0003,254,0,57000000.0,0.0,0.008,0.0,Attack
0.004868,tcp,-,FIN,18,18,4016,2456,7189.811285,31,29,6233361.0,3812654.25,0.268176,0.257059,Normal
3e-06,unas,-,INT,2,0,200,0,333333.3215,254,0,266666656.0,0.0,0.003,0.0,Attack
0.863957,tcp,-,FIN,204,388,11826,485110,684.061832,31,29,108977.6484,4480408.0,4.275421,2.231251,Normal
9e-06,udp,dns,INT,2,0,114,0,111111.1072,254,0,50666664.0,0.0,0.009,0.0,Attack
0.001052,udp,dns,CON,2,2,130,162,2851.711087,31,29,494296.5938,615969.625,0.009,0.007,Normal
0.722158,tcp,-,FIN,10,6,2516,268,20.771077,254,252,25091.46094,2481.451416,8845.3042,14743.396,Attack
1e-05,udp,-,INT,2,0,1064,0,100000.0025,254,0,425600000.0,0.0,0.01,0.0,Attack
1e-05,sctp,-,INT,2,0,152,0,100000.0025,254,0,60800000.0,0.0,0.01,0.0,Attack
7e-06,udp,-,INT,2,0,168,0,142857.1409,254,0,96000000.0,0.0,0.007,0.0,Attack
0.479843,tcp,ftp-data,FIN,8,12,364,8656,39.596285,62,252,5318.40625,132293.2813,68.549002,38.394456,Attack
0.001763,udp,-,CON,4,4,544,304,3970.504739,31,29,1851389.625,1034600.063,0.446,0.235,Normal
0.004846,udp,-,CON,4,4,568,312,1444.490268,31,29,703260.375,386297.9688,1.264333,1.075667,Normal
2.050286,tcp,-,FIN,12,10,994,826,10.242473,254,252,3558.527832,2903.009521,186.389639,213.648672,Attack
0.727235,tcp,-,FIN,46,12,50497,526,78.379064,254,252,543428.1875,5313.275391,15.049999,60.505816,Attack
0.001071,udp,dns,CON,2,2,132,164,2801.120432,31,29,492997.1875,612511.6875,0.009,0.007,Normal
8e-06,udp,dns,INT,2,0,114,0,125000.0003,254,0,57000000.0,0.0,0.008,0.0,Attack
2.005213,tcp,http,FIN,20,78,1226,96849,48.373913,62,252,4647.885254,381437.7813,105.537527,24.356961,Attack
6e-06,udp,dns,INT,2,0,114,0,166666.6608,254,0,76000000.0,0.0,0.006,0.0,Attack
2.869167,tcp,-,FIN,10,8,1202,354,5.925064,254,252,3016.90332,864.362366,314.132889,395.095,Attack
3e-06,udp,-,INT,2,0,168,0,333333.3215,254,0,224000000.0,0.0,0.003,0.0,Attack
0.331214,tcp,-,FIN,28,28,4616,2976,166.055777,31,29,107531.6797,69320.74219,12.255185,12.246814,Normal
0.656641,tcp,http,FIN,10,6,796,268,22.843532,254,252,8735.367188,2729.040771,67.389889,104.204203,Attack
9e-06,udp,dns,INT,2,0,114,0,111111.1072,254,0,50666664.0,0.0,0.009,0.0,Attack
0.777038,tcp,-,FIN,10,8,564,354,21.877953,254,252,5230.117676,3191.607178,82.437333,102.794141,Attack
1e-06,udp,dns,INT,2,0,114,0,1000000.003,254,0,456000000.0,0.0,0.001,0.0,Attack
3e-06,unas,-,INT,2,0,200,0,333333.3215,254,0,266666656.0,0.0,0.003,0.0,Attack
1.524712,tcp,-,FIN,16,12,1378,678,17.708263,254,252,6778.985352,3263.567139,101.647469,129.489,Normal
7e-06,udp,dns,INT,2,0,114,0,142857.1409,254,0,65142856.0,0.0,0.007,0.0,Attack
1.279335,ospf,-,INT,28,0,3024,0,21.104714,254,0,18234.47266,0.0,47.382777,0.0,Attack
9e-06,udp,dns,INT,2,0,114,0,111111.1072,254,0,50666664.0,0.0,0.009,0.0,Attack
6e-06,unas,-,INT,2,0,200,0,166666.6608,254,0,133333328.0,0.0,0.006,0.0,Attack
5e-06,leaf-1,-,INT,2,0,200,0,200000.0051,254,0,160000000.0,0.0,0.005,0.0,Attack
8e-06,aris,-,INT,2,0,200,0,125000.0003,254,0,100000000.0,0.0,0.008,0.0,Attack
0.368646,tcp,-,FIN,10,6,756,268,40.689442,254,252,14778.40527,4861.032227,35.731444,66.226797,Attack
9e-06,udp,dns,INT,2,0,114,0,111111.1072,254,0,50666664.0,0.0,0.009,0.0,Attack
0.001776,udp,-,CON,4,4,544,304,3941.441399,31,29,1837837.875,1027027.0,0.468333,0.213333,Normal
0.001003,udp,dns,CON,2,2,130,162,2991.027057,31,29,518444.6875,646061.875,0.008,0.007,Normal
2.366951,tcp,-,FIN,12,10,994,858,8.872174,254,252,3082.446533,2612.643799,207.991267,250.934219,Attack
3e-06,udp,dns,INT,2,0,114,0,333333.3215,254,0,152000000.0,0.0,0.003,0.0,Attack
7.153545,ospf,-,INT,20,0,900,0,2.656026,254,0,956.169312,0.0,376.502375,0.0,Attack
43.513657,ospf,-,INT,42,0,18480,0,0.942233,254,0,3316.659912,0.0,1061.3085,0.0,Attack
0.387342,tcp,http,FIN,10,8,836,2006,43.888862,62,252,15552.14746,36267.69141,43.038,52.083285,Attack
4e-06,unas,-,INT,2,0,200,0,250000.0006,254,0,200000000.0,0.0,0.004,0.0,Attack
0.653097,tcp,-,FIN,10,8,564,354,26.029825,254,252,6222.65918,3797.292236,71.003889,92.30343,Attack
0.723928,tcp,-,FIN,10,8,2512,354,23.482999,254,252,24985.91016,3425.755127,80.436444,89.51443,Attack
1.131023,tcp,-,FIN,10,6,534,268,13.262329,254,252,3402.229492,1584.40625,120.797667,206.083,Attack
8e-06,udp,-,INT,2,0,176,0,125000.0003,254,0,88000000.0,0.0,0.008,0.0,Attack
8e-06,udp,dns,INT,2,0,114,0,125000.0003,254,0,57000000.0,0.0,0.008,0.0,Attack
1.772401,tcp,smtp,FIN,72,26,72818,1976,54.728022,62,252,324111.75,8575.9375,25.320015,67.406922,Attack
6e-06,unas,-,INT,2,0,200,0,166666.6608,254,0,133333328.0,0.0,0.006,0.0,Attack
2.087127,tcp,http,FIN,10,8,1016,354,8.145168,254,252,3507.213623,1188.236328,231.903,279.363844,Attack
7e-06,udp,dns,INT,2,0,114,0,142857.1409,254,0,65142856.0,0.0,0.007,0.0,Attack
0.022895,tcp,-,FIN,40,42,2542,23508,3537.890234,31,29,866215.3125,8018868.5,0.578308,0.546659,Normal
3.448658,tcp,http,FIN,48,272,2568,351713,92.499749,62,252,5834.15332,812884.3125,74.951349,12.399203,Attack
0.005425,tcp,-,FIN,18,18,3936,2456,6451.612787,31,29,5482765.0,3421198.0,0.300765,0.285588,Normal
8e-06,udp,dns,INT,2,0,114,0,125000.0003,254,0,57000000.0,0.0,0.008,0.0,Attack
1e-06,scps,-,INT,2,0,200,0,1000000.003,254,0,800000000.0,0.0,0.001,0.0,Attack
9e-06,udp,-,INT,2,0,1064,0,111111.1072,254,0,472888864.0,0.0,0.009,0.0,Attack
0.2206,tcp,-,FIN,10,6,804,268,67.996375,254,252,26255.66797,8123.300293,22.295556,35.059,Attack
1.243117,tcp,-,FIN,12,10,994,848,16.89302,254,252,5869.117676,4916.67334,112.924817,120.076891,Attack
9e-06,unas,-,INT,2,0,200,0,111111.1072,254,0,88888888.0,0.0,0.009,0.0,Attack
0.200464,tcp,http,FIN,10,6,1036,268,74.826404,254,252,37233.61719,8939.260742,21.699444,38.603801,Attack
0.051808,tcp,-,FIN,42,42,2646,23508,1602.069191,31,29,398857.3125,3543699.75,1.28735,1.24961,Normal
3e-06,udp,dns,INT,2,0,114,0,333333.3215,254,0,152000000.0,0.0,0.003,0.0,Attack
4e-06,gmtp,-,INT,2,0,200,0,250000.0006,254,0,200000000.0,0.0,0.004,0.0,Attack
0.034617,tcp,-,FIN,78,80,4550,72810,4535.343994,31,29,1038102.688,16616114.0,0.445403,0.436128,Normal
8e-06,udp,dns,INT,2,0,114,0,125000.0003,254,0,57000000.0,0.0,0.008,0.0,Attack
5e-06,udp,dns,INT,2,0,114,0,200000.0051,254,0,91200000.0,0.0,0.005,0.0,Attack
3e-06,udp,dns,INT,2,0,114,0,333333.3215,254,0,152000000.0,0.0,0.003,0.0,Attack
3e-06,udp,dns,INT,2,0,114,0,333333.3215,254,0,152000000.0,0.0,0.003,0.0,Attack
8e-06,udp,-,INT,2,0,168,0,125000.0003,254,0,84000000.0,0.0,0.008,0.0,Attack
9e-06,unas,-,INT,2,0,200,0,111111.1072,254,0,88888888.0,0.0,0.009,0.0,Attack
51.983376,udp,dns,REQ,60,0,16260,0,1.134978,254,0,2460.632812,0.0,884.782938,0.0,Attack
5e-06,udp,dns,INT,2,0,114,0,200000.0051,254,0,91200000.0,0.0,0.005,0.0,Attack
5e-06,unas,-,INT,2,0,200,0,200000.0051,254,0,160000000.0,0.0,0.005,0.0,Attack
0.029884,tcp,-,FIN,72,74,4238,63516,4852.094868,31,29,1118993.5,16773658.0,0.416408,0.405972,Normal
0.000925,udp,dns,CON,2,2,146,178,3243.243242,31,29,631351.375,769729.75,0.001,0.004,Normal
9e-06,unas,-,INT,2,0,200,0,111111.1072,254,0,88888888.0,0.0,0.009,0.0,Attack
3e-06,udp,-,INT,2,0,2968,0,333333.3215,254,0,3957333248.0,0.0,0.003,0.0,Attack
0.010626,tcp,-,FIN,34,36,2230,13500,6493.506278,31,29,1629964.125,9881423.0,0.31203,0.294941,Normal
3e-06,udp,dns,INT,2,0,114,0,333333.3215,254,0,152000000.0,0.0,0.003,0.0,Attack
3e-06,udp,dns,INT,2,0,114,0,333333.3215,254,0,152000000.0,0.0,0.003,0.0,Attack
0.619477,tcp,-,FIN,10,6,2530,268,24.213975,254,252,29405.45117,2892.762939,63.601,102.400203,Normal
1.180263,tcp,-,CON,6,2,978,86,5.930881,62,252,5524.192383,291.460449,236.0526,0.003,Normal
9e-06,sctp,-,INT,2,0,200,0,111111.1072,254,0,88888888.0,0.0,0.009,0.0,Attack
5e-06,udp,dns,INT,2,0,114,0,200000.0051,254,0,91200000.0,0.0,0.005,0.0,Attack
9e-06,udp,dns,INT,2,0,114,0,111111.1072,254,0,50666664.0,0.0,0.009,0.0,Attack
3e-06,udp,dns,INT,2,0,114,0,333333.3215,254,0,152000000.0,0.0,0.003,0.0,Attack
3e-06,udp,dns,INT,2,0,114,0,333333.3215,254,0,152000000.0,0.0,0.003,0.0,Attack
0.996513,tcp,-,FIN,12,8,2497,356,19.066485,254,252,18376.07813,2504.733887,81.015634,131.167141,Attack
8e-06,udp,-,INT,2,0,104,0,125000.0003,254,0,52000000.0,0.0,0.008,0.0,Normal
0.75263,tcp,http,FIN,10,8,840,2596,22.58746,62,252,8035.821289,24149.98047,83.503778,95.610711,Attack
1e-06,mtp,-,INT,2,0,200,0,1000000.003,254,0,800000000.0,0.0,0.001,0.0,Attack
38.602303,tcp,-,FIN,20,16,1176,708,0.906682,254,252,231.69603,137.608368,2030.844421,2567.76225,Attack
59.555244,udp,dns,CON,58,58,5568,5220,1.93098,254,60,735.048645,689.108093,1036.985938,1035.790125,Attack
0.964571,tcp,-,FIN,10,8,564,354,17.624415,254,252,4213.271973,2571.091309,107.174556,128.244,Attack
9e-06,ipv6,-,INT,2,0,200,0,111111.1072,254,0,88888888.0,0.0,0.009,0.0,Attack
0.172982,tcp,-,CON,6,2,986,86,40.466636,62,252,38015.51563,1988.646118,34.5964,0.007,Normal
1.098936,tcp,ftp-data,FIN,8,12,364,9136,17.289451,62,252,2322.246338,60968.06641,156.990857,92.493002,Attack
0.23472,sctp,-,CON,4,2,536,440,21.301976,254,60,13701.43066,7498.29541,78.24,0.004,Attack
0.971504,tcp,-,FIN,28,86,1430,94042,116.314501,62,252,11355.58887,765402.9375,35.981628,11.340847,Attack
9e-06,udp,-,INT,2,0,168,0,111111.1072,254,0,74666664.0,0.0,0.009,0.0,Attack
0.682549,tcp,-,FIN,10,6,588,268,21.976444,254,252,6212.008301,2625.452637,70.964333,118.537797,Attack
0.618109,tcp,http,FIN,10,8,808,1196,27.50324,62,252,9422.286133,13551.00781,68.678778,75.045141,Attack
2e-06,udp,dns,INT,2,0,114,0,500000.0013,254,0,228000000.0,0.0,0.002,0.0,Attack
5e-06,ipnip,-,INT,2,0,180,0,200000.0051,254,0,144000000.0,0.0,0.005,0.0,Attack
3e-06,udp,dns,INT,2,0,114,0,333333.3215,254,0,152000000.0,0.0,0.003,0.0,Attack
3e-06,wsn,-,INT,2,0,200,0,333333.3215,254,0,266666656.0,0.0,0.003,0.0,Attack
3e-06,udp,dns,INT,2,0,114,0,333333.3215,254,0,152000000.0,0.0,0.003,0.0,Attack
0.001045,udp,dns,CON,2,2,146,178,2870.813285,31,29,558851.625,681339.6875,0.009,0.009,Normal
3e-06,sm,-,INT,2,0,200,0,333333.3215,254,0,266666656.0,0.0,0.003,0.0,Attack
0.010144,tcp,-,FIN,22,24,2054,2478,4436.119899,31,29,1546530.0,1873028.375,0.4902,0.345478,Normal
0.004738,tcp,-,FIN,18,18,3960,2456,7387.082812,31,29,6314900.5,3917264.5,0.260941,0.246471,Normal
3e-06,tcp,-,REQ,2,0,90,0,333333.3215,254,0,119999992.0,0.0,0.003,0.0,Normal
4e-06,udp,dns,INT,2,0,114,0,250000.0006,254,0,114000000.0,0.0,0.004,0.0,Attack
1.624061,tcp,-,FIN,10,8,1294,354,10.467587,254,252,5738.700684,1527.036255,176.249444,216.213719,Normal
0.03986,tcp,-,FIN,90,92,5174,83812,4540.893243,31,29,1026994.5,16638435.0,0.444371,0.431538,Normal
1.315859,tcp,ssh,FIN,32,24,3728,5474,41.797793,31,29,21959.80078,31893.99609,42.447066,57.178609,Normal
3e-06,udp,dns,INT,2,0,114,0,333333.3215,254,0,152000000.0,0.0,0.003,0.0,Attack
0.184726,tcp,http,FIN,10,6,822,268,81.201347,254,252,32047.46484,9700.854492,19.117444,35.517398,Attack
3e-06,idpr,-,INT,2,0,200,0,333333.3215,254,0,266666656.0,0.0,0.003,0.0,Attack
0.515634,tcp,http,FIN,10,8,806,354,32.969121,254,252,11263.80371,4809.612793,54.272333,65.104145,Attack
1e-06,leaf-2,-,INT,2,0,200,0,1000000.003,254,0,800000000.0,0.0,0.001,0.0,Attack
7e-06,gmtp,-,INT,2,0,200,0,142857.1409,254,0,114285712.0,0.0,0.007,0.0,Attack
0.001035,udp,dns,CON,2,2,146,178,2898.550823,31,29,564251.25,687922.75,0.006,0.002,Normal
0.0,arp,-,INT,1,0,46,0,0.0,0,0,0.0,0.0,60000.744,0.0,Normal
0.669039,tcp,smtp,FIN,32,22,18297,2006,79.218101,62,252,211957.75,22898.51563,21.581903,31.412857,Attack
0.370097,tcp,-,FIN,28,28,4480,2976,148.609684,31,29,93380.92188,62037.78906,13.695815,13.687037,Normal
1e-05,sctp,-,INT,2,0,78,0,100000.0025,254,0,31200000.0,0.0,0.01,0.0,Attack
0.220867,tcp,http,FIN,10,6,838,268,67.914177,254,252,27346.77539,8113.480469,23.179556,40.820398,Attack
9e-06,udp,dns,INT,2,0,114,0,111111.1072,254,0,50666664.0,0.0,0.009,0.0,Attack
9e-06,udp,-,INT,2,0,104,0,111111.1072,254,0,46222220.0,0.0,0.009,0.0,Normal
0.018131,tcp,-,FIN,16,18,1540,1644,1820.087051,31,29,637140.75,685235.1875,1.187467,1.103312,Normal
0.017972,tcp,-,FIN,16,18,1540,1644,1836.189634,31,29,642777.625,691297.5625,1.177667,1.030177,Normal
9e-06,udp,dns,INT,2,0,114,0,111111.1072,254,0,50666664.0,0.0,0.009,0.0,Attack
2e-06,udp,dns,INT,2,0,114,0,500000.0013,254,0,228000000.0,0.0,0.002,0.0,Attack
0.025552,udp,-,INT,3,0,158,0,78.271757,254,0,33187.22656,0.0,0.003,0.0,Attack
5e-06,udp,-,INT,2,0,1064,0,200000.0051,254,0,851200000.0,0.0,0.005,0.0,Attack
7e-06,udp,dns,INT,2,0,114,0,142857.1409,254,0,65142856.0,0.0,0.007,0.0,Attack
4e-06,udp,dns,INT,2,0,114,0,250000.0006,254,0,114000000.0,0.0,0.004,0.0,Attack
1e-06,udp,-,INT,2,0,104,0,1000000.003,254,0,416000000.0,0.0,0.001,0.0,Normal
0.334926,tcp,http,FIN,10,8,806,1420,50.757479,62,252,17341.14258,29690.14063,37.214,41.555855,Attack
59.603756,udp,dns,REQ,84,0,6552,0,1.39253,254,0,868.938538,0.0,729.677563,0.0,Attack
9e-06,udp,dns,INT,2,0,114,0,111111.1072,254,0,50666664.0,0.0,0.009,0.0,Attack
9e-06,udp,dns,INT,2,0,114,0,111111.1072,254,0,50666664.0,0.0,0.009,0.0,Attack
0.443905,tcp,-,FIN,14,6,7858,268,42.801951,254,252,131505.6094,4036.899902,34.146537,67.307797,Normal
0.866264,tcp,-,FIN,12,10,1066,808,24.242033,254,252,9031.888672,6723.123535,76.859179,90.343219,Attack
0.001113,udp,dns,CON,2,2,146,178,2695.417846,31,29,524708.0,639712.5,0.009,0.004,Normal
4e-06,unas,-,INT,2,0,200,0,250000.0006,254,0,200000000.0,0.0,0.004,0.0,Attack
1.117827,tcp,http,FIN,14,18,1684,10168,27.732376,31,29,11193.14453,68733.35156,85.888536,65.726118,Normal
0.153018,tcp,-,FIN,90,92,5174,83812,1182.867393,31,29,267524.0938,4334183.0,1.71573,1.6933,Normal
1.877955,tcp,-,FIN,20,28,1096,18500,25.027224,62,252,4438.871094,75997.5625,98.839739,67.812372,Attack
1.049455,tcp,-,FIN,10,8,534,354,16.198883,254,252,3666.664795,2363.131348,112.336,136.705719,Attack
1.847643,tcp,http,FIN,60,14,68193,612,39.509797,254,252,290346.125,2463.679443,31.31383,134.904766,Attack
1e-06,udp,dns,INT,2,0,114,0,1000000.003,254,0,456000000.0,0.0,0.001,0.0,Attack
12.364369,tcp,-,FIN,16,18,1272,2572,2.668959,31,29,771.895386,1572.259766,824.268383,727.275688,Normal
1.011487,tcp,-,FIN,10,8,564,354,16.806939,254,252,4017.846924,2451.835693,112.387444,133.603719,Attack
0.005949,tcp,ssh,FIN,32,24,3728,5474,9245.251463,31,29,4857287.0,7054631.0,0.1983,0.230217,Normal
2e-06,udp,dns,INT,2,0,114,0,500000.0013,254,0,228000000.0,0.0,0.002,0.0,Attack
1.1774,tcp,ftp,FIN,22,22,1170,1658,36.521149,62,252,7589.604492,10755.90332,56.066668,54.93643,Attack
5e-06,udp,-,INT,2,0,104,0,200000.0051,254,0,83200000.0,0.0,0.005,0.0,Attack
0.005758,tcp,-,FIN,22,24,1920,4312,7815.213518,31,29,2546717.5,5742271.5,0.258429,0.224609,Normal
9e-06,udp,dns,INT,2,0,114,0,111111.1072,254,0,50666664.0,0.0,0.009,0.0,Attack
9e-06,tcf,-,INT,2,0,200,0,111111.1072,254,0,88888888.0,0.0,0.009,0.0,Attack
0.006753,tcp,-,FIN,22,24,1920,4312,6663.705054,31,29,2171479.25,4896194.5,0.31785,0.269435,Normal
9e-06,udp,dns,INT,2,0,114,0,111111.1072,254,0,50666664.0,0.0,0.009,0.0,Attack
1.767116,tcp,-,FIN,10,8,526,354,9.620195,254,252,2145.869385,1403.416626,196.248333,246.027,Attack
0.276684,tcp,-,FIN,20,10,18340,490,104.812716,254,252,503766.0625,12751.00879,13.773842,29.280666,Attack
9e-06,ipv6,-,INT,2,0,200,0,111111.1072,254,0,88888888.0,0.0,0.009,0.0,Attack
7e-06,unas,-,INT,2,0,200,0,142857.1409,254,0,114285712.0,0.0,0.007,0.0,Attack
9e-06,unas,-,INT,2,0,200,0,111111.1072,254,0,88888888.0,0.0,0.009,0.0,Attack
0.38716,tcp,http,FIN,10,6,816,268,38.743672,254,252,15187.51953,4628.577148,35.014778,67.246797,Attack
9e-06,pvp,-,INT,2,0,200,0,111111.1072,254,0,88888888.0,0.0,0.009,0.0,Attack
2e-06,udp,dns,INT,2,0,114,0,500000.0013,254,0,228000000.0,0.0,0.002,0.0,Attack
0.715131,tcp,-,FIN,32,12,26474,642,60.128845,254,252,286906.875,6589.00293,22.405839,58.117816,Attack
7e-06,udp,-,INT,2,0,142,0,142857.1409,254,0,81142856.0,0.0,0.007,0.0,Attack
0.143264,tcp,ftp-data,FIN,6,8,320,1946,90.741571,31,29,14909.53809,95097.16406,28.5912,20.389715,Normal
8e-06,udp,dns,INT,2,0,114,0,125000.0003,254,0,57000000.0,0.0,0.008,0.0,Attack
0.068879,tcp,-,FIN,68,70,4014,59460,1988.99517,31,29,459356.25,6807416.0,1.037818,0.990928,Normal
6e-06,ttp,-,INT,2,0,200,0,166666.6608,254,0,133333328.0,0.0,0.006,0.0,Attack
1.283847,tcp,http,FIN,12,18,1580,10168,22.588362,31,29,9029.113281,59845.13672,116.682179,75.490412,Normal
2.869367,tcp,-,FIN,54,254,2560,316290,106.992243,62,252,7006.423828,878368.0,54.121754,11.243734,Attack
8e-06,udp,dns,INT,2,0,114,0,125000.0003,254,0,57000000.0,0.0,0.008,0.0,Attack
6e-06,udp,dns,INT,2,0,114,0,166666.6608,254,0,76000000.0,0.0,0.006,0.0,Attack
1e-06,udp,-,INT,2,0,168,0,1000000.003,254,0,672000000.0,0.0,0.001,0.0,Attack
0.107512,tcp,ssh,FIN,106,114,9400,12298,2036.981971,31,29,692908.6875,907136.0,1.060584,0.990269,Normal
5e-06,unas,-,INT,2,0,200,0,200000.0051,254,0,160000000.0,0.0,0.005,0.0,Attack
0.131001,tcp,-,FIN,82,86,4758,75600,1274.799471,31,29,287020.7188,4563080.0,1.613235,1.535741,Normal
9e-06,udp,dns,INT,2,0,114,0,111111.1072,254,0,50666664.0,0.0,0.009,0.0,Attack
36.641712,tcp,-,FIN,34,18,18780,1606,1.391856,254,252,3979.726807,331.207245,1109.236726,2153.4315,Attack
6e-06,unas,-,INT,2,0,200,0,166666.6608,254,0,133333328.0,0.0,0.006,0.0,Attack
9e-06,vines,-,INT,2,0,200,0,111111.1072,254,0,88888888.0,0.0,0.009,0.0,Attack
9e-06,udp,dns,INT,2,0,114,0,111111.1072,254,0,50666664.0,0.0,0.009,0.0,Attack
9e-06,udp,dns,INT,2,0,114,0,111111.1072,254,0,50666664.0,0.0,0.009,0.0,Attack
3e-06,udp,dns,INT,2,0,114,0,333333.3215,254,0,152000000.0,0.0,0.003,0.0,Attack
6e-06,udp,dns,INT,2,0,114,0,166666.6608,254,0,76000000.0,0.0,0.006,0.0,Attack
0.011884,udp,-,CON,4,4,568,320,589.027256,31,29,286772.125,161561.7656,3.605667,1.523333,Normal
2e-06,udp,dns,INT,2,0,114,0,500000.0013,254,0,228000000.0,0.0,0.002,0.0,Attack
0.334082,tcp,http,FIN,10,10,810,3802,56.872264,62,252,17456.79102,81943.95313,37.120222,33.739,Attack
0.527863,tcp,-,FIN,10,6,2516,268,28.416463,254,252,34327.08594,3394.820068,58.638333,89.229203,Attack
5e-06,ipnip,-,INT,2,0,180,0,200000.0051,254,0,144000000.0,0.0,0.005,0.0,Attack
1e-05,udp,dns,INT,2,0,114,0,100000.0025,254,0,45600000.0,0.0,0.01,0.0,Attack
3e-06,unas,-,INT,2,0,200,0,333333.3215,254,0,266666656.0,0.0,0.003,0.0,Attack
5e-06,unas,-,INT,2,0,200,0,200000.0051,254,0,160000000.0,0.0,0.005,0.0,Attack
6.194809,ospf,-,INT,82,0,5248,0,13.075464,254,0,6694.637207,0.0,76.479125,0.0,Attack
0.636288,tcp,-,FIN,14,6,7858,268,29.860693,254,252,91744.61719,2816.334717,48.863691,110.773203,Normal
5e-06,udp,-,INT,2,0,168,0,200000.0051,254,0,134400000.0,0.0,0.005,0.0,Attack
6e-06,udp,dns,INT,2,0,114,0,166666.6608,254,0,76000000.0,0.0,0.006,0.0,Attack
0.275329,tcp,-,FIN,10,6,546,268,54.480278,254,252,14295.625,6508.577148,28.673667,44.748,Attack
4e-06,pgm,-,INT,2,0,200,0,250000.0006,254,0,200000000.0,0.0,0.004,0.0,Attack
9e-06,udp,dns,INT,2,0,114,0,111111.1072,254,0,50666664.0,0.0,0.009,0.0,Attack
9e-06,udp,dns,INT,2,0,114,0,111111.1072,254,0,50666664.0,0.0,0.009,0.0,Attack
0.644259,tcp,http,FIN,10,8,844,1276,26.386904,62,252,9437.199219,13870.19824,71.584333,81.68643,Normal
8e-06,udp,dns,INT,2,0,114,0,125000.0003,254,0,57000000.0,0.0,0.008,0.0,Attack
9e-06,udp,dns,INT,2,0,114,0,111111.1072,254,0,50666664.0,0.0,0.009,0.0,Attack
2.054942,tcp,http,FIN,12,16,1204,9670,13.139058,62,252,4297.931641,35294.42969,186.778452,131.728798,Attack
0.387059,tcp,-,FIN,10,6,1668,268,38.753781,254,252,31044.36328,4629.785156,39.142444,63.124602,Attack
3e-06,udp,-,INT,2,0,104,0,333333.3215,254,0,138666656.0,0.0,0.003,0.0,Normal
9e-06,udp,dns,INT,2,0,114,0,111111.1072,254,0,50666664.0,0.0,0.009,0.0,Attack
8e-06,udp,-,INT,2,0,2992,0,125000.0003,254,0,1496000000.0,0.0,0.008,0.0,Attack
3.2e-05,udp,dns,INT,2,0,114,0,31250.00008,254,0,14250000.0,0.0,0.032,0.0,Attack
9e-06,udp,dns,INT,2,0,114,0,111111.1072,254,0,50666664.0,0.0,0.009,0.0,Attack
9e-06,unas,-,INT,2,0,200,0,111111.1072,254,0,88888888.0,0.0,0.009,0.0,Attack
1.323417,tcp,-,FIN,10,8,2516,354,12.845536,254,252,13691.83008,1873.937012,146.935111,173.021578,Normal
1.755589,tcp,-,FIN,156,28,195095,1214,104.23852,254,252,883327.5,5336.101074,11.227303,63.158668,Attack
0.296516,tcp,ftp-data,FIN,14,6,8928,320,64.077486,31,29,223691.125,7203.658691,22.808924,58.83,Normal
0.189062,tcp,-,FIN,10,6,534,268,79.339053,254,252,20353.11133,9478.37207,20.103333,32.180801,Attack
5e-06,netblt,-,INT,2,0,200,0,200000.0051,254,0,160000000.0,0.0,0.005,0.0,Attack
0.704575,tcp,-,FIN,10,8,708,354,24.12802,254,252,7244.083496,3519.852295,72.907,91.22143,Attack
0.030906,tcp,-,FIN,72,74,4238,63516,4691.64575,31,29,1081990.625,16218987.0,0.430592,0.420333,Normal
0.001657,udp,-,CON,4,4,536,304,4224.501999,31,29,1940856.875,1100784.5,0.43,0.198,Normal
25.080828,tcp,smtp,FIN,28,34,3239,2294,2.432137,254,252,996.458313,710.343384,928.919583,755.46825,Attack
3e-06,cftp,-,INT,2,0,200,0,333333.3215,254,0,266666656.0,0.0,0.003,0.0,Attack
2.884863,tcp,smtp,FIN,94,30,104328,2364,42.636342,62,252,286236.125,6339.295898,31.019151,96.412586,Attack
0.005145,tcp,-,FIN,18,18,3936,2456,6802.721316,31,29,5781147.0,3607386.0,0.283824,0.272941,Normal
0.448432,tcp,-,FIN,10,8,926,354,37.909873,254,252,14878.50977,5530.381348,48.704333,56.508715,Attack
0.027255,tcp,-,FIN,48,50,2958,32642,3558.979932,31,29,850339.375,9389837.0,0.596889,0.557833,Normal
0.004501,udp,-,CON,4,4,568,320,1555.209937,31,29,757165.0625,426571.875,1.164667,1.004,Normal
0.0,arp,-,INT,1,0,46,0,0.0,0,0,0.0,0.0,0.0,0.0,Normal
10.038711,rvd,-,INT,4,0,400,0,0.298843,254,0,239.074524,0.0,3346.237,0.0,Attack
0.017899,tcp,-,FIN,16,18,1540,1644,1843.678505,31,29,645399.1875,694117.0,1.173133,1.025941,Normal
6e-06,udp,-,INT,2,0,75,0,166666.6608,254,0,50666664.0,0.0,0.006,0.0,Attack
1.556843,tcp,-,FIN,10,8,588,354,10.919534,254,252,2723.460205,1592.967285,169.844222,212.87,Attack
0.090327,tcp,-,FIN,16,18,1540,1644,365.339259,31,29,127890.8828,137544.7031,6.001133,5.285882,Normal
0.013625,tcp,-,FIN,16,18,1540,1644,2422.018407,31,29,847853.25,911853.25,0.886733,0.754353,Normal
1e-06,udp,dns,INT,2,0,114,0,1000000.003,254,0,456000000.0,0.0,0.001,0.0,Attack
0.001069,udp,dns,CON,2,2,146,178,2806.361109,31,29,546304.9375,666043.0625,0.008,0.006,Normal
1e-05,udp,dns,INT,2,0,114,0,100000.0025,254,0,45600000.0,0.0,0.01,0.0,Attack
0.067898,tcp,-,FIN,48,50,2958,32642,1428.613555,31,29,341335.5313,3769183.25,1.438106,1.374367,Normal
0.004621,udp,-,CON,4,4,568,304,1514.823622,31,29,737502.6875,394719.75,1.215,1.037,Normal
4e-06,unas,-,INT,2,0,200,0,250000.0006,254,0,200000000.0,0.0,0.004,0.0,Attack
1.600044,tcp,http,FIN,14,18,1684,10168,19.374467,31,29,7819.784668,48018.67969,123.051236,94.088529,Normal
5e-06,udp,dns,INT,2,0,114,0,200000.0051,254,0,91200000.0,0.0,0.005,0.0,Attack
0.230766,tcp,ssh,FIN,32,24,3728,5474,238.336672,31,29,125217.7578,181863.875,7.444065,10.001261,Normal
8e-06,udp,dns,INT,2,0,114,0,125000.0003,254,0,57000000.0,0.0,0.008,0.0,Attack
0.030047,tcp,-,FIN,72,74,4238,63516,4825.773043,31,29,1112923.125,16682664.0,0.416465,0.409069,Normal
50.004345,ospf,-,REQ,6,0,384,0,0.099991,1,0,51.195553,0.0,10000.871,0.0,Normal
5e-06,udp,dns,INT,2,0,114,0,200000.0051,254,0,91200000.0,0.0,0.005,0.0,Attack
1.391406,tcp,-,FIN,12,10,1112,812,15.092647,254,252,5864.571289,4202.942871,126.398639,141.848109,Normal
0.950683,tcp,-,FIN,10,8,564,354,17.881881,254,252,4274.821289,2608.650879,105.494444,130.574859,Attack
6e-06,larp,-,INT,2,0,200,0,166666.6608,254,0,133333328.0,0.0,0.006,0.0,Attack
0.90242,tcp,ssh,FIN,38,12,42778,564,54.298443,254,252,369256.0,4583.231934,23.180217,72.211547,Attack
2e-06,udp,dns,INT,2,0,114,0,500000.0013,254,0,228000000.0,0.0,0.002,0.0,Attack
2.35059,tcp,http,FIN,22,34,2536,36428,23.398381,62,252,8239.633789,120334.0469,111.932857,69.191426,Attack
5.8e-05,udp,-,INT,2,0,503,0,17241.37888,64,0,34758620.0,0.0,0.058,0.0,Normal
0.523485,tcp,-,FIN,10,6,534,268,28.654116,254,252,7350.73584,3423.21167,55.123222,83.415602,Normal
59.976814,tcp,smtp,CON,4694,732,6300546,31476,90.45162,62,252,840218.5625,4192.687012,12.85703,82.513703,Attack
5e-06,udp,dns,INT,2,0,114,0,200000.0051,254,0,91200000.0,0.0,0.005,0.0,Attack
9e-06,udp,dns,INT,2,0,114,0,111111.1072,254,0,50666664.0,0.0,0.009,0.0,Attack
0.018529,tcp,-,FIN,16,18,1540,1644,1780.991982,31,29,623455.125,670516.5,1.214667,1.063177,Normal
0.111206,udp,-,CON,4,4,544,304,62.946242,31,29,29350.93359,16401.99219,21.019666,33.018,Normal
0.040726,tcp,-,FIN,30,42,2302,34406,1743.358112,31,29,437263.6875,6597653.0,1.443179,0.981927,Normal
5e-06,udp,dns,INT,2,0,114,0,200000.0051,254,0,91200000.0,0.0,0.005,0.0,Attack
2e-06,unas,-,INT,2,0,200,0,500000.0013,254,0,400000000.0,0.0,0.002,0.0,Attack
0.000891,udp,dns,CON,2,2,130,162,3367.003464,31,29,583613.9375,727272.75,0.005,0.004,Normal
0.024218,tcp,-,FIN,48,50,2958,32642,4005.285247,31,29,956974.125,10567346.0,0.5195,0.494229,Normal
1.437665,tcp,-,FIN,10,8,588,354,11.82473,254,252,2949.226807,1725.019409,159.740556,194.378578,Attack
5e-06,udp,dns,INT,2,0,114,0,200000.0051,254,0,91200000.0,0.0,0.005,0.0,Attack
0.001086,udp,dns,CON,2,2,132,164,2762.430929,31,29,486187.8438,604051.5625,0.001,0.002,Normal
0.707577,tcp,ftp-data,FIN,8,8,364,1656,21.199107,62,252,3606.674561,16382.66992,101.078143,91.284,Attack
0.793231,tcp,dns,FIN,10,8,518,354,21.431336,254,252,4709.851074,3126.453613,88.136778,99.201141,Attack
9e-06,udp,dns,INT,2,0,114,0,111111.1072,254,0,50666664.0,0.0,0.009,0.0,Attack
3e-06,unas,-,INT,2,0,200,0,333333.3215,254,0,266666656.0,0.0,0.003,0.0,Attack
0.022149,tcp,-,FIN,22,24,2054,2478,2031.694404,31,29,708293.8125,857826.5,1.037762,0.938739,Normal
1e-06,udp,-,INT,2,0,104,0,1000000.003,254,0,416000000.0,0.0,0.001,0.0,Attack
6.61542,tcp,ftp,FIN,24,24,1268,1708,7.104613,62,252,1470.503784,1979.61731,287.62697,283.079469,Attack
1.00692,tcp,http,FIN,14,18,1684,10168,30.786955,31,29,12426.0127,76303.97656,77.429308,59.203294,Normal
0.893751,tcp,ftp-data,FIN,8,12,424,8824,21.258717,31,29,3320.835449,72404.95313,127.605862,81.208091,Normal
1e-06,udp,dns,INT,2,0,114,0,1000000.003,254,0,456000000.0,0.0,0.001,0.0,Attack
13.753861,ospf,-,INT,20,0,1280,0,1.38143,254,0,707.292297,0.0,723.887438,0.0,Attack
0.477999,tcp,-,FIN,10,6,2028,268,31.380819,254,252,30560.73242,3748.961914,47.027889,79.157398,Attack
0.581817,tcp,http,FIN,10,10,826,1422,32.656318,62,252,10230.02148,17600.03711,64.646333,54.211777,Attack
0.882565,tcp,ftp,FIN,52,54,2934,3742,118.971404,31,29,26087.5957,33293.86328,17.299,16.641887,Normal
8e-06,udp,dns,INT,2,0,114,0,125000.0003,254,0,57000000.0,0.0,0.008,0.0,Attack
0.005713,tcp,-,FIN,22,24,1920,4312,7876.772326,31,29,2566777.5,5787502.0,0.255905,0.223826,Normal
0.689394,tcp,-,FIN,10,10,608,646,27.560437,254,252,6359.208496,6753.757812,76.497889,68.087781,Normal
1.532921,tcp,-,FIN,10,8,564,354,11.089939,254,252,2651.147705,1617.826416,170.324556,200.407281,Attack
0.0,arp,-,INT,1,0,46,0,0.0,0,0,0.0,0.0,0.0,0.0,Normal
0.001002,udp,dns,CON,2,2,130,162,2994.012136,31,29,518962.0938,646706.625,0.009,0.004,Normal
4e-06,udp,-,INT,2,0,168,0,250000.0006,254,0,168000000.0,0.0,0.004,0.0,Attack
9e-06,udp,dns,INT,2,0,114,0,111111.1072,254,0,50666664.0,0.0,0.009,0.0,Attack
1.090903,tcp,smtp,FIN,50,24,41165,1918,66.917038,62,252,295842.9688,13486.0752,22.263327,45.437086,Attack
0.0,arp,-,INT,1,0,46,0,0.0,0,0,0.0,0.0,60000.776,0.0,Normal
5e-06,ipnip,-,INT,2,0,180,0,200000.0051,254,0,144000000.0,0.0,0.005,0.0,Attack
0.046456,tcp,ftp-data,FIN,6,8,320,1888,279.834672,31,29,45978.98828,284484.2188,9.222,6.569286,Normal
8e-06,udp,dns,INT,2,0,114,0,125000.0003,254,0,57000000.0,0.0,0.008,0.0,Attack
4e-06,unas,-,INT,2,0,200,0,250000.0006,254,0,200000000.0,0.0,0.004,0.0,Attack
9e-06,unas,-,INT,2,0,200,0,111111.1072,254,0,88888888.0,0.0,0.009,0.0,Attack
0.048945,tcp,-,FIN,54,54,3286,39076,2186.127351,31,29,527285.75,6268751.0,0.934942,0.931077,Normal
0.004262,tcp,-,FIN,22,14,1470,1728,8212.107268,31,29,2635382.5,3012670.25,0.202952,0.270692,Normal
0.18655,tcp,http,FIN,10,6,970,268,80.407395,254,252,37437.68359,9606.003906,18.801333,36.082199,Attack
0.207186,tcp,-,FIN,10,6,738,268,72.398715,254,252,25677.41016,8649.233398,21.063,37.205199,Normal
9e-06,udp,-,INT,2,0,934,0,111111.1072,254,0,415111104.0,0.0,0.009,0.0,Attack
57.113773,tcp,-,FIN,20,12,1068,536,0.542776,254,252,142.172363,68.915077,3004.565474,5185.9855,Normal
0.004467,udp,-,CON,4,4,568,304,1567.04731,31,29,762928.1875,408327.75,1.187,0.992,Normal
2.835301,tcp,smtp,FIN,22,20,4540,1616,14.460546,62,252,12228.68457,4333.931641,135.014339,143.170047,Attack
0.15671,udp,dns,CON,2,2,144,414,19.143641,62,252,3675.579102,10567.29004,0.004,0.009,Attack
3e-06,ipcomp,-,INT,2,0,200,0,333333.3215,254,0,266666656.0,0.0,0.003,0.0,Attack
4e-06,unas,-,INT,2,0,200,0,250000.0006,254,0,200000000.0,0.0,0.004,0.0,Attack
0.002839,tcp,ftp-data,FIN,6,8,320,1882,4579.077197,31,29,752377.625,4641071.0,0.5034,0.332714,Normal
3e-06,udp,dns,INT,2,0,114,0,333333.3215,254,0,152000000.0,0.0,0.003,0.0,Attack
0.361079,tcp,-,CON,6,2,978,86,19.386339,62,252,18056.99023,952.700073,72.2158,0.002,Normal
8e-06,unas,-,INT,2,0,200,0,125000.0003,254,0,100000000.0,0.0,0.008,0.0,Attack
8e-06,udp,dns,INT,2,0,114,0,125000.0003,254,0,57000000.0,0.0,0.008,0.0,Attack
0.00132,udp,dns,CON,2,2,146,178,2272.727205,31,29,442424.2188,539393.9375,0.009,0.002,Normal
3e-06,udp,-,INT,2,0,168,0,333333.3215,254,0,224000000.0,0.0,0.003,0.0,Attack
0.615133,tcp,-,FIN,14,12,812,678,40.641618,254,252,9806.009766,8089.307617,47.317923,48.662547,Attack
3e-06,udp,dns,INT,2,0,114,0,333333.3215,254,0,152000000.0,0.0,0.003,0.0,Attack
1.005305,tcp,http,FIN,12,18,1580,10168,28.846965,31,29,11530.82813,76426.55469,91.36082,59.106468,Normal
3e-06,udp,dns,INT,2,0,114,0,333333.3215,254,0,152000000.0,0.0,0.003,0.0,Attack
7.130887,tcp,-,REQ,4,0,180,0,0.420705,254,0,151.453812,0.0,2376.96225,0.0,Normal
1.497671,tcp,-,FIN,10,8,564,354,11.350958,254,252,2713.546631,1655.904419,163.498111,206.258141,Attack
5e-06,udp,-,INT,2,0,2094,0,200000.0051,254,0,1675200000.0,0.0,0.005,0.0,Normal
1.409759,tcp,-,FIN,12,10,1162,830,14.896163,254,252,6049.260742,4239.022461,128.148909,142.358891,Attack
0.275639,tcp,http,FIN,10,6,1098,268,54.419005,254,252,28704.21094,6501.257324,26.025556,48.113602,Attack
0.0,arp,-,INT,1,0,46,0,0.0,0,0,0.0,0.0,60000.748,0.0,Normal
1e-05,udp,dns,INT,2,0,114,0,100000.0025,254,0,45600000.0,0.0,0.01,0.0,Attack
0.302037,tcp,-,CON,6,2,978,86,23.175968,62,252,21586.75977,1138.93335,60.4074,0.002,Normal
3e-06,udp,dns,INT,2,0,114,0,333333.3215,254,0,152000000.0,0.0,0.003,0.0,Attack
1.031641,tcp,ftp,FIN,52,54,2934,3740,101.779591,31,29,22317.8418,28467.26758,20.22202,19.45485,Normal
0.564319,tcp,-,FIN,10,6,622,268,26.58071,254,252,7938.771973,3175.508789,62.702111,79.473203,Normal
3.664339,tcp,http,FIN,44,228,2276,301843,73.956038,62,252,4857.628906,656096.5,85.217187,15.644291,Attack
0.742644,tcp,ftp,FIN,10,10,578,690,25.584263,62,252,5612.379395,6689.611816,82.516,63.948667,Attack
0.185891,tcp,-,FIN,10,6,732,268,80.692448,254,252,28360.70508,9640.057617,18.858889,35.537,Attack
0.87064,tcp,-,FIN,16,10,2174,556,28.71451,254,252,18735.64258,4603.510254,56.486134,90.578891,Normal
8e-06,udp,dns,INT,2,0,114,0,125000.0003,254,0,57000000.0,0.0,0.008,0.0,Attack
0.506439,tcp,-,FIN,10,8,453,444,33.567717,254,252,6445.001465,6144.866699,56.271,52.68143,Attack
3e-06,udp,dns,INT,2,0,114,0,333333.3215,254,0,152000000.0,0.0,0.003,0.0,Attack
2.253719,tcp,http,FIN,12,10,898,1954,9.317931,62,252,2924.943115,6243.901367,204.829097,245.551328,Attack
8e-06,udp,dns,INT,2,0,114,0,125000.0003,254,0,57000000.0,0.0,0.008,0.0,Attack
1.369748,tcp,ftp,FIN,12,14,824,768,18.251532,254,252,4415.410645,4170.110352,124.511636,93.594695,Attack
9e-06,any,-,INT,2,0,200,0,111111.1072,254,0,88888888.0,0.0,0.009,0.0,Attack
9e-06,gre,-,INT,2,0,200,0,111111.1072,254,0,88888888.0,0.0,0.009,0.0,Attack
0.042947,tcp,-,FIN,90,92,5174,83812,4214.496766,31,29,953174.8125,15442475.0,0.4845,0.441213,Normal
0.01708,tcp,-,FIN,16,18,1540,1644,1932.084346,31,29,676346.625,727400.5,1.1168,0.977941,Normal
0.888601,tcp,http,FIN,10,8,828,1078,19.131196,62,252,6716.175293,8498.75293,98.720889,109.722711,Normal
0.782301,tcp,-,FIN,10,8,564,354,21.730766,254,252,5194.931152,3170.135254,86.922333,107.161859,Attack
2.033671,tcp,smtp,FIN,50,24,41246,1992,35.89568,62,252,159010.9844,7509.572754,41.503491,89.855367,Attack
1e-06,sat-expak,-,INT,2,0,200,0,1000000.003,254,0,800000000.0,0.0,0.001,0.0,Attack
29.942314,ospf,-,INT,20,0,1280,0,0.634553,254,0,324.891388,0.0,1575.911375,0.0,Attack
0.044954,tcp,-,FIN,40,42,2542,23508,1801.841956,31,29,441162.0938,4083997.25,1.174526,1.082976,Normal
6e-06,udp,dns,INT,2,0,114,0,166666.6608,254,0,76000000.0,0.0,0.006,0.0,Attack
2e-06,udp,dns,INT,2,0,114,0,500000.0013,254,0,228000000.0,0.0,0.002,0.0,Attack
9e-06,udp,dns,INT,2,0,114,0,111111.1072,254,0,50666664.0,0.0,0.009,0.0,Attack
5.052801,ospf,-,INT,42,0,2688,0,8.114311,254,0,4154.527344,0.0,123.239047,0.0,Attack
1e-06,udp,-,INT,2,0,168,0,1000000.003,254,0,672000000.0,0.0,0.001,0.0,Attack
8e-06,unas,-,INT,2,0,200,0,125000.0003,254,0,100000000.0,0.0,0.008,0.0,Attack
9e-06,udp,dns,INT,2,0,114,0,111111.1072,254,0,50666664.0,0.0,0.009,0.0,Attack
0.852641,tcp,ftp,FIN,52,54,2934,3742,123.146789,31,29,27003.1582,34462.33594,16.712235,16.077227,Normal
8e-06,udp,dns,INT,2,0,114,0,125000.0003,254,0,57000000.0,0.0,0.008,0.0,Attack
0.003956,tcp,http,FIN,8,10,1052,824,4297.270127,31,29,1862487.375,1500505.625,0.512286,0.380667,Normal
9e-06,sctp,-,INT,2,0,440,0,111111.1072,254,0,195555552.0,0.0,0.009,0.0,Attack
2.436219,tcp,-,FIN,38,156,1882,185686,79.221122,62,252,6019.163574,605843.75,65.843758,15.135542,Attack
9e-06,udp,dns,INT,2,0,114,0,111111.1072,254,0,50666664.0,0.0,0.009,0.0,Attack
0.017334,tcp,-,FIN,48,50,2974,30506,5595.938851,31,29,1344409.875,13797624.0,0.361149,0.349208,Normal
6e-06,udp,dns,INT,2,0,114,0,166666.6608,254,0,76000000.0,0.0,0.006,0.0,Attack
5e-06,udp,dns,INT,2,0,114,0,200000.0051,254,0,91200000.0,0.0,0.005,0.0,Attack
0.37118,tcp,-,FIN,10,6,684,268,40.41166,254,252,13276.57715,4827.846191,41.142444,56.496398,Attack
4e-06,stp,-,INT,2,0,200,0,250000.0006,254,0,200000000.0,0.0,0.004,0.0,Attack
1.443546,tcp,http,FIN,10,8,1412,1736,11.776555,254,252,7043.765625,8418.15918,160.385,197.857141,Attack
0.151529,tcp,-,FIN,86,86,4966,75600,1128.496861,31,29,259171.5156,3944908.25,1.799786,1.798131,Normal
3e-06,udp,-,INT,2,0,104,0,333333.3215,254,0,138666656.0,0.0,0.003,0.0,Attack
8e-06,udp,dns,INT,2,0,114,0,125000.0003,254,0,57000000.0,0.0,0.008,0.0,Attack
4e-06,sccopmce,-,INT,2,0,200,0,250000.0006,254,0,200000000.0,0.0,0.004,0.0,Attack
0.0,arp,-,INT,1,0,46,0,0.0,0,0,0.0,0.0,60000.7,0.0,Normal
9e-06,udp,dns,INT,2,0,114,0,111111.1072,254,0,50666664.0,0.0,0.009,0.0,Attack
0.537769,tcp,http,FIN,10,6,788,268,27.893016,254,252,10562.15527,3332.285645,52.701333,87.354398,Attack
8e-06,netblt,-,INT,2,0,200,0,125000.0003,254,0,100000000.0,0.0,0.008,0.0,Attack
0.016252,tcp,-,FIN,16,18,1540,1644,2030.519335,31,29,710804.8125,764459.75,1.0624,0.986938,Normal
0.010875,tcp,-,FIN,38,40,2438,19266,7080.459974,31,29,1746390.875,13818851.0,0.285351,0.272605,Normal
0.818439,tcp,http,FIN,10,10,832,1306,23.214925,62,252,7321.254395,11495.05371,90.937667,83.697664,Attack
9e-06,udp,dns,INT,2,0,114,0,111111.1072,254,0,50666664.0,0.0,0.009,0.0,Attack
0.524364,tcp,http,FIN,10,10,792,4470,36.234372,62,252,10877.93945,61377.21094,58.262667,51.864111,Attack
4e-06,unas,-,INT,2,0,200,0,250000.0006,254,0,200000000.0,0.0,0.004,0.0,Attack
1e-05,udp,-,INT,2,0,1064,0,100000.0025,254,0,425600000.0,0.0,0.01,0.0,Normal
9e-06,udp,dns,INT,2,0,114,0,111111.1072,254,0,50666664.0,0.0,0.009,0.0,Attack
8e-06,udp,dns,INT,2,0,114,0,125000.0003,254,0,57000000.0,0.0,0.008,0.0,Attack
9e-06,unas,-,INT,2,0,200,0,111111.1072,254,0,88888888.0,0.0,0.009,0.0,Attack
5e-06,unas,-,INT,2,0,200,0,200000.0051,254,0,160000000.0,0.0,0.005,0.0,Attack
9e-06,udp,dns,INT,2,0,114,0,111111.1072,254,0,50666664.0,0.0,0.009,0.0,Attack
0.115971,tcp,-,FIN,66,68,3926,57474,1146.838444,31,29,266756.3438,3906425.0,1.779215,1.722985,Normal
5e-06,udp,dns,INT,2,0,114,0,200000.0051,254,0,91200000.0,0.0,0.005,0.0,Attack
4.052111,tcp,-,FIN,174,192,13776,45624,90.076502,31,29,27041.70703,89606.625,23.556796,21.323752,Normal
0.00102,udp,dns,CON,2,2,146,178,2941.176566,31,29,572549.0625,698039.25,0.008,0.006,Normal
58.809574,ospf,-,REQ,30,0,3240,0,0.493117,254,0,426.05307,0.0,2044.502875,0.0,Attack
1.499931,tcp,-,FIN,10,8,564,354,11.333855,254,252,2709.458008,1653.409424,160.566444,200.154281,Attack
59.423801,ospf,-,INT,32,0,3456,0,0.521676,254,0,450.728485,0.0,1916.896625,0.0,Attack
4e-06,udp,dns,INT,2,0,114,0,250000.0006,254,0,114000000.0,0.0,0.004,0.0,Attack
0.610615,tcp,-,FIN,12,6,5002,268,27.840783,254,252,60083.68359,2934.746094,50.036728,107.955203,Attack
0.515494,tcp,-,FIN,10,8,1396,354,32.978076,254,252,19507.50195,4810.919434,57.175111,64.657855,Normal
0.499019,tcp,http,FIN,10,6,710,268,30.058976,254,252,10244.09863,3591.045654,50.282556,86.228797,Attack
7e-06,udp,dns,INT,2,0,114,0,142857.1409,254,0,65142856.0,0.0,0.007,0.0,Attack
0.001064,udp,dns,CON,2,2,130,162,2819.548997,31,29,488721.8125,609022.5625,0.009,0.007,Normal
0.707626,tcp,http,FIN,10,8,950,1698,24.023991,254,252,9666.123047,16799.83594,78.601222,90.984711,Attack
1.849222,tcp,ftp-data,FIN,8,10,364,3754,9.193056,62,252,1380.039917,14618.04004,264.17458,194.065778,Attack
3e-06,unas,-,INT,2,0,200,0,333333.3215,254,0,266666656.0,0.0,0.003,0.0,Attack
0.948423,tcp,-,FIN,10,8,564,354,17.924491,254,252,4285.007812,2614.866943,105.344111,128.080711,Attack
0.217049,tcp,-,FIN,22,24,2054,2478,207.326454,31,29,72278.60938,87537.83594,10.314286,9.410739,Normal
4e-06,udp,dns,INT,2,0,114,0,250000.0006,254,0,114000000.0,0.0,0.004,0.0,Attack
5e-06,micp,-,INT,2,0,200,0,200000.0051,254,0,160000000.0,0.0,0.005,0.0,Attack
9e-06,udp,dns,INT,2,0,114,0,111111.1072,254,0,50666664.0,0.0,0.009,0.0,Attack
0.392806,tcp,http,FIN,10,8,818,1302,43.278362,62,252,15009.9541,23217.56836,43.645111,41.581855,Normal
2e-06,udp,dns,INT,2,0,114,0,500000.0013,254,0,228000000.0,0.0,0.002,0.0,Attack
0.503834,tcp,-,FIN,10,8,490,354,33.741271,254,252,7002.306152,4922.255859,54.314667,60.535855,Normal
1e-05,fire,-,INT,2,0,200,0,100000.0025,254,0,80000000.0,0.0,0.01,0.0,Attack
0.020465,tcp,ftp,FIN,52,54,2934,3740,5130.71107,31,29,1125042.75,1435035.5,0.411184,0.376075,Normal
7e-06,irtp,-,INT,2,0,200,0,142857.1409,254,0,114285712.0,0.0,0.007,0.0,Attack
0.836424,tcp,-,FIN,12,10,1070,818,25.106884,254,252,9382.800781,7049.056641,74.043908,86.233,Attack
0.730184,tcp,-,FIN,16,10,972,556,34.237945,254,252,9992.001953,5489.027344,47.195068,69.916219,Attack
0.004693,tcp,-,FIN,18,18,3960,2456,7457.915868,31,29,6375452.5,3954826.25,0.257882,0.247824,Normal
5e-06,udp,-,INT,2,0,168,0,200000.0051,254,0,134400000.0,0.0,0.005,0.0,Attack
9e-06,unas,-,INT,2,0,200,0,111111.1072,254,0,88888888.0,0.0,0.009,0.0,Attack
1.338446,tcp,-,FIN,12,10,1018,808,15.689837,254,252,5582.593262,4351.314941,121.66427,132.206891,Attack
16.170187,ospf,-,REQ,16,0,4352,0,0.927633,254,0,2018.529541,0.0,1290.972,0.0,Attack
1e-05,unas,-,INT,2,0,200,0,100000.0025,254,0,80000000.0,0.0,0.01,0.0,Attack
0.93651,tcp,-,FIN,30,14,25942,764,45.915152,254,252,214225.1563,6065.071289,32.293447,65.971539,Normal
4e-06,udp,dns,INT,2,0,114,0,250000.0006,254,0,114000000.0,0.0,0.004,0.0,Attack
3e-06,udp,-,INT,2,0,168,0,333333.3215,254,0,224000000.0,0.0,0.003,0.0,Attack
0.018039,tcp,ssh,FIN,108,114,9504,12298,12251.23392,31,29,4175841.5,5406508.5,0.175525,0.159972,Normal
0.869356,tcp,-,FIN,12,8,3052,752,21.855259,254,252,25747.79492,6055.057129,75.860543,112.405,Attack
3e-06,ipnip,-,INT,2,0,180,0,333333.3215,254,0,239999984.0,0.0,0.003,0.0,Attack
4e-06,udp,dns,INT,2,0,114,0,250000.0006,254,0,114000000.0,0.0,0.004,0.0,Attack
1.227135,sctp,-,CON,4,2,568,432,4.074532,254,60,2777.200684,1408.158081,409.045,0.008,Attack
0.000997,udp,dns,CON,2,2,146,178,3009.027007,31,29,585757.25,714142.4375,0.005,0.004,Normal
33.964092,tcp,-,FIN,24,18,3300,1500,1.207157,254,252,745.022095,333.764252,1476.682386,1992.041875,Attack
9e-06,ipnip,-,INT,2,0,180,0,111111.1072,254,0,80000000.0,0.0,0.009,0.0,Attack
0.001029,udp,dns,CON,2,2,146,178,2915.451794,31,29,567541.3125,691933.875,0.009,0.002,Normal
0.711892,sctp,-,CON,4,2,504,368,7.023537,254,60,4247.835449,2067.729248,237.297328,0.006,Attack
1e-05,udp,dns,INT,2,0,114,0,100000.0025,254,0,45600000.0,0.0,0.01,0.0,Attack
1.429271,tcp,-,FIN,12,10,994,848,14.692805,254,252,5104.700195,4276.306152,125.180358,148.901672,Normal
1e-06,unas,-,INT,2,0,200,0,1000000.003,254,0,800000000.0,0.0,0.001,0.0,Attack
5e-06,udp,dns,INT,2,0,114,0,200000.0051,254,0,91200000.0,0.0,0.005,0.0,Attack
0.388076,tcp,http,FIN,10,6,868,268,38.652222,254,252,16120.55371,4617.652344,43.119556,67.762398,Attack
9e-06,udp,dns,INT,2,0,114,0,111111.1072,254,0,50666664.0,0.0,0.009,0.0,Attack
9e-06,udp,dns,INT,2,0,114,0,111111.1072,254,0,50666664.0,0.0,0.009,0.0,Attack
1e-06,udp,dns,INT,2,0,268,0,1000000.003,254,0,1072000000.0,0.0,0.001,0.0,Attack
8e-06,udp,dns,INT,2,0,114,0,125000.0003,254,0,57000000.0,0.0,0.008,0.0,Attack
0.001092,udp,dns,CON,2,2,146,178,2747.252623,31,29,534798.5,652014.625,0.005,0.007,Normal
3.322526,tcp,ftp,FIN,20,20,1032,1172,11.738057,254,252,2362.05835,2682.296631,174.869793,171.181628,Attack
0.332773,tcp,-,FIN,16,18,1540,1644,99.166699,31,29,34714.35547,37334.75781,22.163533,19.546059,Normal
9e-06,udp,dns,INT,2,0,114,0,111111.1072,254,0,50666664.0,0.0,0.009,0.0,Attack
2e-06,udp,dns,INT,2,0,114,0,500000.0013,254,0,228000000.0,0.0,0.002,0.0,Attack
0.338723,tcp,smtp,FIN,52,42,37210,3380,274.560626,31,29,861943.25,77939.78906,6.635039,8.249707,Normal
0.000931,udp,dns,CON,2,2,132,164,3222.341611,31,29,567132.125,704618.6875,0.001,0.002,Normal
0.004178,tcp,ftp-data,FIN,8,12,424,8824,4547.630284,31,29,710387.75,15488750.0,0.548571,0.336364,Normal
8e-06,udp,dns,INT,2,0,114,0,125000.0003,254,0,57000000.0,0.0,0.008,0.0,Attack
1.293671,tcp,ftp,FIN,52,54,2934,3742,81.164376,31,29,17797.41602,22713.6582,25.359843,24.398943,Normal
4e-06,unas,-,INT,2,0,200,0,250000.0006,254,0,200000000.0,0.0,0.004,0.0,Attack
9e-06,udp,dns,INT,2,0,114,0,111111.1072,254,0,50666664.0,0.0,0.009,0.0,Attack
3e-06,unas,-,INT,2,0,200,0,333333.3215,254,0,266666656.0,0.0,0.003,0.0,Attack
0.139006,sctp,-,CON,4,2,536,440,35.969669,254,60,23135.69141,12661.32324,46.335332,0.007,Attack
6.05719,tcp,http,FIN,14,18,1684,10168,5.117885,31,29,2065.644287,12684.42969,465.910702,378.508758,Normal
9e-06,udp,-,INT,2,0,104,0,111111.1072,254,0,46222220.0,0.0,0.009,0.0,Attack
9e-06,udp,dns,INT,2,0,114,0,111111.1072,254,0,50666664.0,0.0,0.009,0.0,Attack
0.395381,tcp,-,FIN,28,30,4840,3080,144.164741,31,29,94450.67188,60255.80469,14.632518,13.613725,Normal
9e-06,udp,dns,INT,2,0,114,0,111111.1072,254,0,50666664.0,0.0,0.009,0.0,Attack
9e-06,udp,-,INT,2,0,104,0,111111.1072,254,0,46222220.0,0.0,0.009,0.0,Attack
9e-06,udp,dns,INT,2,0,114,0,111111.1072,254,0,50666664.0,0.0,0.009,0.0,Attack
0.223419,tcp,ftp-data,FIN,8,12,424,8824,85.042008,31,29,13284.45703,289644.125,31.873142,20.266545,Normal
3e-06,swipe,-,INT,2,0,200,0,333333.3215,254,0,266666656.0,0.0,0.003,0.0,Attack
5e-06,unas,-,INT,2,0,200,0,200000.0051,254,0,160000000.0,0.0,0.005,0.0,Attack
9e-06,udp,dns,INT,2,0,114,0,111111.1072,254,0,50666664.0,0.0,0.009,0.0,Attack
9e-06,pipe,-,INT,2,0,200,0,111111.1072,254,0,88888888.0,0.0,0.009,0.0,Attack
3e-06,udp,dns,INT,2,0,114,0,333333.3215,254,0,152000000.0,0.0,0.003,0.0,Attack
9e-06,tcp,-,REQ,2,0,90,0,111111.1072,254,0,40000000.0,0.0,0.009,0.0,Normal
9e-06,udp,dns,INT,2,0,114,0,111111.1072,254,0,50666664.0,0.0,0.009,0.0,Attack
1.1e-05,udp,-,INT,2,0,1064,0,90909.0902,254,0,386909088.0,0.0,0.011,0.0,Attack
0.01898,tcp,-,FIN,16,18,1540,1644,1738.672271,31,29,608640.6875,654583.75,1.2446,1.088,Normal
0.293732,tcp,http,FIN,12,6,4910,268,57.875889,254,252,122587.9453,6100.799805,22.964455,47.037602,Attack
3e-06,udp,dns,INT,2,0,114,0,333333.3215,254,0,152000000.0,0.0,0.003,0.0,Attack
2e-06,udp,dns,INT,2,0,114,0,500000.0013,254,0,228000000.0,0.0,0.002,0.0,Attack
0.000994,udp,dns,CON,2,2,130,162,3018.108646,31,29,523138.8438,651911.4375,0.002,0.007,Normal
3e-06,pgm,-,INT,2,0,200,0,333333.3215,254,0,266666656.0,0.0,0.003,0.0,Attack
1.203735,tcp,http,FIN,10,10,774,2472,15.784205,62,252,4632.249023,14787.30762,133.748333,130.440109,Attack
0.642891,tcp,-,FIN,10,8,566,354,26.443052,254,252,6346.33252,3857.574707,68.236556,79.554711,Normal
2.038492,tcp,-,FIN,40,42,2558,23162,39.735256,31,29,9791.551758,88736.1875,53.636238,49.708438,Normal
1.428904,tcp,-,CON,6,2,978,86,4.898859,62,252,4562.9375,240.743942,285.7808,0.008,Normal
6e-06,udp,-,INT,2,0,1394,0,166666.6608,254,0,929333312.0,0.0,0.006,0.0,Normal
8e-06,udp,dns,INT,2,0,114,0,125000.0003,254,0,57000000.0,0.0,0.008,0.0,Attack
0.653865,tcp,-,FIN,10,6,756,268,22.940516,254,252,8331.995117,2740.626953,72.651667,105.397398,Attack
0.000987,udp,dns,CON,2,2,146,178,3039.513836,31,29,591692.0,721377.9375,0.006,0.007,Normal
0.533947,tcp,http,FIN,10,6,780,268,28.092676,254,252,10517.89844,3356.138428,53.982333,88.309797,Attack
9e-06,udp,dns,INT,2,0,114,0,111111.1072,254,0,50666664.0,0.0,0.009,0.0,Attack
8e-06,qnx,-,INT,2,0,200,0,125000.0003,254,0,100000000.0,0.0,0.008,0.0,Attack
9e-06,udp,dns,INT,2,0,114,0,111111.1072,254,0,50666664.0,0.0,0.009,0.0,Attack
0.069872,tcp,-,FIN,48,50,2958,33044,1388.252819,31,29,331692.25,3707808.5,1.480021,1.416163,Normal
1.044929,tcp,http,FIN,14,18,1684,10168,29.667087,31,29,11974.01856,73528.4375,80.34931,61.434471,Normal
0.030907,tcp,-,FIN,52,54,3182,39076,3397.288697,31,29,807842.875,9927331.0,0.599863,0.582481,Normal
0.001047,udp,dns,CON,2,2,132,164,2865.329359,31,29,504297.9688,626552.0,0.009,0.007,Normal
1e-05,micp,-,INT,2,0,200,0,100000.0025,254,0,80000000.0,0.0,0.01,0.0,Attack
0.216242,tcp,http,FIN,10,6,814,268,69.366728,254,252,27117.76563,8287.011719,23.454111,41.799398,Attack
9e-06,udp,dns,INT,2,0,114,0,111111.1072,254,0,50666664.0,0.0,0.009,0.0,Attack
2.715056,tcp,smtp,FIN,38,24,30920,1946,22.467309,254,252,88711.25,5495.282715,73.379894,111.141609,Attack
0.265215,tcp,-,FIN,16,8,7216,812,86.72209,254,252,204060.8438,21446.75,16.849333,37.035855,Attack
5e-06,udp,dns,INT,2,0,114,0,200000.0051,254,0,91200000.0,0.0,0.005,0.0,Attack
1.312582,tcp,ftp,FIN,22,22,1162,1654,32.759858,62,252,6765.291504,9623.779297,62.503908,60.276048,Attack
9e-06,udp,-,INT,2,0,168,0,111111.1072,254,0,74666664.0,0.0,0.009,0.0,Attack
1.159695,tcp,http,FIN,14,18,1684,10168,26.731166,31,29,10789.04297,66251.89844,89.180538,68.185118,Normal
1.4758,tcp,smtp,FIN,24,20,6599,1820,29.136739,62,252,34286.48828,9372.543945,64.16522,74.581102,Attack
1.774389,tcp,-,FIN,18,18,1016,2850,19.725099,62,252,4328.250488,12137.13574,104.375824,99.366586,Attack
0.270823,tcp,-,FIN,122,126,7810,15494,912.034791,31,29,228813.6563,454082.5625,2.272941,2.162432,Normal
9e-06,unas,-,INT,2,0,200,0,111111.1072,254,0,88888888.0,0.0,0.009,0.0,Attack
8e-06,udp,dns,INT,2,0,114,0,125000.0003,254,0,57000000.0,0.0,0.008,0.0,Attack
0.076701,tcp,-,FIN,66,68,3926,57474,1734.006068,31,29,403332.4063,5906468.0,1.174969,1.136269,Normal
0.004698,tcp,-,FIN,18,18,3744,2456,7449.978846,31,29,6021286.0,3950617.25,0.257412,0.245588,Normal
3e-06,udp,dns,INT,2,0,114,0,333333.3215,254,0,152000000.0,0.0,0.003,0.0,Attack
0.585629,tcp,-,FIN,10,6,1526,268,25.613486,254,252,18769.5625,3059.957764,64.981222,96.811203,Attack
6e-06,l2tp,-,INT,2,0,200,0,166666.6608,254,0,133333328.0,0.0,0.006,0.0,Attack
2.794757,tcp,smtp,FIN,118,36,134624,2364,54.74537,62,252,382098.3438,6580.894531,23.878213,77.708313,Attack
9e-06,udp,dns,INT,2,0,114,0,111111.1072,254,0,50666664.0,0.0,0.009,0.0,Attack
2e-06,udp,-,INT,2,0,340,0,500000.0013,254,0,680000000.0,0.0,0.002,0.0,Attack
0.030912,tcp,-,FIN,72,74,4222,64070,4690.734886,31,29,1077639.75,16357401.0,0.430535,0.415219,Normal
30.050091,ospf,-,INT,20,0,1280,0,0.632278,254,0,323.726135,0.0,1581.583625,0.0,Attack
1e-06,ggp,-,INT,2,0,180,0,1000000.003,254,0,720000000.0,0.0,0.001,0.0,Attack
1.1e-05,udp,dns,INT,2,0,114,0,90909.0902,254,0,41454544.0,0.0,0.011,0.0,Attack
3e-06,udp,dns,INT,2,0,114,0,333333.3215,254,0,152000000.0,0.0,0.003,0.0,Attack
8e-06,unas,-,INT,2,0,200,0,125000.0003,254,0,100000000.0,0.0,0.008,0.0,Attack
2.460036,tcp,ftp,FIN,26,22,1354,1648,19.105411,62,252,4234.084473,5118.624023,98.40144,115.080523,Attack
1.756602,tcp,-,FIN,16,18,1540,1644,18.78627,31,29,6576.333008,7072.746094,117.084802,103.295937,Normal
1.418786,tcp,-,FIN,10,8,534,354,11.982074,254,252,2712.177734,1747.973267,157.642889,185.887,Attack
1.004825,tcp,http,FIN,12,18,1580,10168,28.860747,31,29,11536.33691,76463.0625,91.315724,59.076414,Normal
8e-06,chaos,-,INT,2,0,200,0,125000.0003,254,0,100000000.0,0.0,0.008,0.0,Attack
9e-06,udp,dns,INT,2,0,114,0,111111.1072,254,0,50666664.0,0.0,0.009,0.0,Attack
5e-06,udp,dns,INT,2,0,114,0,200000.0051,254,0,91200000.0,0.0,0.005,0.0,Attack
9e-06,tcf,-,INT,2,0,200,0,111111.1072,254,0,88888888.0,0.0,0.009,0.0,Attack
1.572467,tcp,http,FIN,154,26,195618,1128,113.83387,254,252,988754.625,5519.98877,9.499612,61.249879,Attack
0.573702,tcp,http,FIN,10,8,800,898,29.63211,62,252,10040.05566,10960.39453,63.744667,65.254855,Attack
6e-06,udp,dns,INT,2,0,114,0,166666.6608,254,0,76000000.0,0.0,0.006,0.0,Attack
0.307277,tcp,-,FIN,28,8,29406,354,113.903744,254,252,738252.5,8070.894043,10.569556,40.952855,Attack
6e-06,udp,dns,INT,2,0,114,0,166666.6608,254,0,76000000.0,0.0,0.006,0.0,Attack
0.007676,tcp,ftp-data,FIN,8,12,424,8824,2475.247597,31,29,386659.7188,8430433.0,1.05,0.651727,Normal
5e-06,srp,-,INT,2,0,200,0,200000.0051,254,0,160000000.0,0.0,0.005,0.0,Attack
8e-06,sun-nd,-,INT,2,0,200,0,125000.0003,254,0,100000000.0,0.0,0.008,0.0,Attack
0.004743,udp,-,CON,4,4,568,320,1475.859153,31,29,718532.5625,404807.0938,1.228,1.068667,Normal
0.01823,tcp,-,FIN,16,18,1540,1644,1810.202911,31,29,633680.75,681514.0,1.194933,1.045765,Normal
0.001044,udp,dns,CON,2,2,146,178,2873.563127,31,29,559386.9375,681992.3125,0.009,0.007,Normal
5e-06,unas,-,INT,2,0,200,0,200000.0051,254,0,160000000.0,0.0,0.005,0.0,Attack
8e-06,ddp,-,INT,2,0,200,0,125000.0003,254,0,100000000.0,0.0,0.008,0.0,Attack
0.625753,tcp,http,FIN,14,8,8524,354,33.559568,62,252,101202.875,3963.225098,43.694306,82.735141,Attack
0.844735,tcp,-,FIN,10,6,2150,268,17.757048,254,252,18325.27344,2121.375244,93.759889,162.817594,Attack
1.175743,tcp,ftp-data,FIN,8,6,364,268,11.056838,62,252,2170.54248,1524.142578,167.843286,217.492,Attack
1e-05,trunk-1,-,INT,2,0,200,0,100000.0025,254,0,80000000.0,0.0,0.01,0.0,Attack
9e-06,udp,dns,INT,2,0,114,0,111111.1072,254,0,50666664.0,0.0,0.009,0.0,Attack
1.455027,tcp,http,FIN,10,10,890,956,13.058177,62,252,4404.041992,4733.932617,161.669667,153.434781,Attack
9e-06,unas,-,INT,2,0,200,0,111111.1072,254,0,88888888.0,0.0,0.009,0.0,Attack
3e-06,unas,-,INT,2,0,200,0,333333.3215,254,0,266666656.0,0.0,0.003,0.0,Attack
4e-06,unas,-,INT,2,0,200,0,250000.0006,254,0,200000000.0,0.0,0.004,0.0,Attack
1.152385,tcp,http,FIN,14,18,1684,10168,26.900732,31,29,10857.48242,66672.16406,88.618695,67.754765,Normal
0.794091,tcp,-,FIN,122,126,7818,15180,311.04748,31,29,78116.99219,151720.6563,6.559959,6.348024,Normal
8e-06,udp,-,INT,2,0,104,0,125000.0003,254,0,52000000.0,0.0,0.008,0.0,Normal
0.231131,tcp,http,FIN,10,10,956,4622,82.204463,62,252,29801.28125,143987.6094,25.681222,23.988222,Attack
9e-06,sat-expak,-,INT,2,0,200,0,111111.1072,254,0,88888888.0,0.0,0.009,0.0,Attack
6e-06,unas,-,INT,2,0,200,0,166666.6608,254,0,133333328.0,0.0,0.006,0.0,Attack
0.001018,udp,dns,CON,2,2,146,178,2946.954953,31,29,573673.875,699410.625,0.009,0.001,Normal
1e-05,udp,-,INT,2,0,1066,0,100000.0025,254,0,426400000.0,0.0,0.01,0.0,Normal
5e-06,udp,dns,INT,2,0,114,0,200000.0051,254,0,91200000.0,0.0,0.005,0.0,Attack
3.709507,tcp,ftp,FIN,24,28,1272,1860,13.748458,62,252,2628.920898,3868.977783,161.282914,142.293764,Attack
1.084752,tcp,http,FIN,14,18,1684,10168,28.577962,31,29,11534.43359,70829.09375,83.41531,63.780765,Normal
0.004681,tcp,-,FIN,18,18,3936,2456,7477.034789,31,29,6354198.0,3964964.75,0.256882,0.243471,Normal
5e-06,udp,-,INT,2,0,2640,0,200000.0051,254,0,2112000000.0,0.0,0.005,0.0,Attack
6e-06,dgp,-,INT,2,0,200,0,166666.6608,254,0,133333328.0,0.0,0.006,0.0,Attack
0.413115,tcp,ftp-data,FIN,8,8,364,856,36.309503,62,252,6177.456543,14504.43555,59.016429,53.816715,Attack
1.213902,tcp,ssh,FIN,108,114,9504,12298,182.057531,31,29,62054.43359,80342.5625,11.341972,10.737256,Normal
3.081309,tcp,ftp,FIN,22,24,1174,1706,14.604182,62,252,2910.451416,4244.949219,146.728994,129.312827,Attack
0.666937,tcp,http,FIN,10,6,836,268,22.49088,254,252,9032.337891,2686.9104,72.595556,121.516797,Attack
28.579126,tcp,http,FIN,8,10,1052,824,0.59484,31,29,257.810547,207.704041,4082.67,3175.39025,Normal
2e-06,udp,dns,INT,2,0,114,0,500000.0013,254,0,228000000.0,0.0,0.002,0.0,Attack
0.226868,tcp,http,FIN,10,6,830,268,66.117741,254,252,26341.30859,7898.866211,24.265778,35.893,Attack
0.872843,tcp,-,FIN,12,10,1862,814,24.059309,254,252,15645.42481,6718.275391,77.467089,88.725336,Attack
1.68882,tcp,http,FIN,10,8,2808,354,10.0662,254,252,11975.22559,1468.480957,187.646667,227.545422,Attack
9e-06,unas,-,INT,2,0,200,0,111111.1072,254,0,88888888.0,0.0,0.009,0.0,Attack
3e-06,udp,-,INT,2,0,104,0,333333.3215,254,0,138666656.0,0.0,0.003,0.0,Attack
8e-06,udp,dns,INT,2,0,114,0,125000.0003,254,0,57000000.0,0.0,0.008,0.0,Attack
0.003819,tcp,http,FIN,8,10,1032,822,4451.427103,31,29,1891594.625,1550144.0,0.497429,0.371667,Normal
1.068718,tcp,http,FIN,10,8,768,354,15.90691,254,252,5180.038574,2320.537354,118.746444,131.942141,Attack
0.748587,tcp,http,FIN,10,8,566,354,22.709451,254,252,5450.268066,3312.908203,80.985667,96.77743,Attack
0.316312,tcp,http,FIN,10,8,966,1156,53.744407,62,252,22003.5918,25594.98242,35.145778,43.115855,Attack
0.00354,tcp,ftp-data,FIN,10,12,528,8824,5932.203479,31,29,1075706.25,18280226.0,0.358222,0.276545,Normal
0.613827,tcp,http,FIN,10,6,822,268,24.436853,254,252,9644.411133,2919.389404,63.579,110.765797,Attack
8e-06,udp,-,INT,2,0,168,0,125000.0003,254,0,84000000.0,0.0,0.008,0.0,Attack
0.001714,udp,-,CON,4,4,520,304,4084.013972,31,29,1820303.375,1064177.375,0.443,0.205667,Normal
0.835573,tcp,-,FIN,12,10,1582,498,25.132453,254,252,13892.2627,4298.846191,74.566544,90.538109,Attack
0.936794,tcp,ftp-data,FIN,8,8,364,510,16.012058,62,252,2724.184814,3817.274658,133.82771,119.750141,Attack
0.026348,tcp,smtp,FIN,54,42,37938,3380,3605.586708,31,29,11305905.0,1001973.563,0.509941,0.629878,Normal
8e-06,udp,-,INT,2,0,78,0,125000.0003,254,0,39000000.0,0.0,0.008,0.0,Attack
0.410782,tcp,ssh,FIN,32,24,3728,5474,133.890966,31,29,70343.88281,102166.1094,13.251033,17.831043,Normal
1.491092,tcp,smtp,FIN,60,26,58506,1944,57.005203,62,252,308665.0625,10032.91602,25.272745,57.37916,Attack
8e-06,udp,dns,INT,2,0,114,0,125000.0003,254,0,57000000.0,0.0,0.008,0.0,Attack
8e-06,udp,-,INT,2,0,168,0,125000.0003,254,0,84000000.0,0.0,0.008,0.0,Attack
1.700094,tcp,-,FIN,36,14,35070,982,28.821936,254,252,160442.8906,4291.527344,48.574114,121.308617,Attack
0.286923,tcp,-,FIN,10,6,3082,268,52.278836,254,252,77344.79688,6245.578125,29.304333,42.27,Attack
6e-06,udp,dns,INT,2,0,114,0,166666.6608,254,0,76000000.0,0.0,0.006,0.0,Attack
1e-05,unas,-,INT,2,0,200,0,100000.0025,254,0,80000000.0,0.0,0.01,0.0,Attack
0.677238,tcp,-,FIN,10,6,514,268,22.148787,254,252,5469.273926,2646.041748,75.232444,115.613797,Normal
8e-06,udp,dns,INT,2,0,114,0,125000.0003,254,0,57000000.0,0.0,0.008,0.0,Attack
0.000939,udp,dns,CON,2,2,146,178,3194.888211,31,29,621938.25,758253.5,0.003,0.005,Normal
0.017684,tcp,-,FIN,42,42,2646,23508,4693.508359,31,29,1168513.875,10381814.0,0.435025,0.4305,Normal
1.238009,tcp,-,FIN,10,8,514,354,13.731726,254,252,2991.900879,2003.216553,129.379444,162.974719,Normal
9e-06,ipv6,-,INT,2,0,86,0,111111.1072,254,0,38222220.0,0.0,0.009,0.0,Attack
1.317139,tcp,http,FIN,10,10,868,1284,14.425205,62,252,4749.688477,7021.27832,146.236444,134.423672,Attack
1e-06,udp,-,INT,2,0,260,0,1000000.003,254,0,1040000000.0,0.0,0.001,0.0,Normal
8e-06,udp,dns,INT,2,0,114,0,125000.0003,254,0,57000000.0,0.0,0.008,0.0,Attack
0.001042,udp,dns,CON,2,2,146,178,2879.078645,31,29,560460.625,683301.3125,0.01,0.007,Normal
8e-06,udp,-,INT,2,0,1280,0,125000.0003,254,0,640000000.0,0.0,0.008,0.0,Attack
29.972811,tcp,-,CON,12,4,1956,172,0.500454,62,252,478.567078,34.431206,2724.801,9654.573,Normal
8e-06,udp,dns,INT,2,0,114,0,125000.0003,254,0,57000000.0,0.0,0.008,0.0,Attack
0.673167,tcp,http,FIN,10,10,836,1398,28.224795,62,252,8948.745117,14962.11231,74.767333,64.914668,Attack
0.001085,udp,dns,CON,2,2,146,178,2764.976968,31,29,538248.875,656221.1875,0.009,0.003,Normal
9e-06,udp,dns,INT,2,0,114,0,111111.1072,254,0,50666664.0,0.0,0.009,0.0,Attack
4e-06,aes-sp3-d,-,INT,2,0,200,0,250000.0006,254,0,200000000.0,0.0,0.004,0.0,Attack
3e-06,unas,-,INT,2,0,200,0,333333.3215,254,0,266666656.0,0.0,0.003,0.0,Attack
4e-06,udp,-,INT,2,0,264,0,250000.0006,254,0,264000000.0,0.0,0.004,0.0,Attack
6e-06,snp,-,INT,2,0,200,0,166666.6608,254,0,133333328.0,0.0,0.006,0.0,Attack
0.305252,tcp,-,FIN,226,438,13038,548216,2171.976042,31,29,340204.1875,14334780.0,1.373667,0.698883,Normal
1.165885,tcp,http,FIN,14,18,1684,10168,26.589244,31,29,10731.76172,65900.15625,89.658462,68.549824,Normal
0.020451,tcp,smtp,FIN,52,40,37372,3276,4449.660172,31,29,14338272.0,1249816.625,0.40214,0.510744,Normal
1.015065,tcp,http,FIN,14,18,1684,10168,30.539918,31,29,12326.30469,75691.71094,78.054921,59.67759,Normal
0.025896,tcp,-,FIN,64,66,3806,51808,4981.464368,31,29,1157553.25,15762743.0,0.41271,0.388969,Normal
4e-06,udp,-,INT,2,0,1890,0,250000.0006,254,0,1890000000.0,0.0,0.004,0.0,Attack
0.211265,tcp,http,FIN,10,10,764,4222,89.934443,62,252,26052.58789,143895.1094,23.473889,20.823444,Attack
1e-06,udp,dns,INT,2,0,114,0,1000000.003,254,0,456000000.0,0.0,0.001,0.0,Attack
3e-06,udp,dns,INT,2,0,114,0,333333.3215,254,0,152000000.0,0.0,0.003,0.0,Attack
1e-06,etherip,-,INT,2,0,200,0,1000000.003,254,0,800000000.0,0.0,0.001,0.0,Attack
7e-06,udp,dns,INT,2,0,114,0,142857.1409,254,0,65142856.0,0.0,0.007,0.0,Attack
2.393356,tcp,pop3,FIN,20,22,960,5032,17.130756,62,252,3048.438965,16057.78613,125.921164,108.815237,Attack
3e-06,unas,-,INT,2,0,200,0,333333.3215,254,0,266666656.0,0.0,0.003,0.0,Attack
9e-06,udp,dns,INT,2,0,114,0,111111.1072,254,0,50666664.0,0.0,0.009,0.0,Attack
6e-06,unas,-,INT,2,0,200,0,166666.6608,254,0,133333328.0,0.0,0.006,0.0,Attack
1.066107,tcp,-,FIN,10,6,756,268,14.069882,254,252,5110.181152,1680.881836,113.603667,194.136797,Attack
3e-06,udp,dns,INT,2,0,114,0,333333.3215,254,0,152000000.0,0.0,0.003,0.0,Attack
9e-06,udp,dns,INT,2,0,114,0,111111.1072,254,0,50666664.0,0.0,0.009,0.0,Attack
0.031824,tcp,-,FIN,72,74,4238,63516,4556.309678,31,29,1050779.25,15751131.0,0.450243,0.427493,Normal
5e-06,udp,-,INT,2,0,744,0,200000.0051,254,0,595200000.0,0.0,0.005,0.0,Attack
8e-06,udp,dns,INT,2,0,114,0,125000.0003,254,0,57000000.0,0.0,0.008,0.0,Attack
8e-06,udp,dns,INT,2,0,114,0,125000.0003,254,0,57000000.0,0.0,0.008,0.0,Attack
2.3e-05,udp,-,INT,2,0,168,0,43478.25991,254,0,29217390.0,0.0,0.023,0.0,Attack
0.933568,tcp,-,FIN,14,12,3358,678,26.778981,254,252,26727.56641,5330.088379,71.812921,74.800453,Normal
0.194874,tcp,-,FIN,22,14,1470,1728,179.603228,31,29,57637.24219,65888.72656,9.279715,14.936462,Normal
0.004453,tcp,-,FIN,12,12,1064,2260,5165.057094,31,29,1753424.625,3722434.25,0.4106,0.350818,Normal
8e-06,udp,dns,INT,2,0,114,0,125000.0003,254,0,57000000.0,0.0,0.008,0.0,Attack
7e-06,unas,-,INT,2,0,200,0,142857.1409,254,0,114285712.0,0.0,0.007,0.0,Attack
8e-06,udp,dns,INT,2,0,114,0,125000.0003,254,0,57000000.0,0.0,0.008,0.0,Attack
9e-06,pri-enc,-,INT,2,0,200,0,111111.1072,254,0,88888888.0,0.0,0.009,0.0,Attack
0.018239,tcp,-,FIN,16,18,1540,1644,1809.30964,31,29,633368.0,681177.6875,1.1952,1.046471,Normal
0.001029,udp,dns,CON,2,2,146,178,2915.451794,31,29,567541.3125,691933.875,0.01,0.001,Normal
0.016169,tcp,http,FIN,8,10,1042,824,1051.394617,31,29,451233.8438,367122.25,1.750286,1.873375,Normal
0.917088,tcp,-,FIN,10,8,472,564,18.536935,254,252,3707.386963,4309.291992,101.797,119.013859,Attack
9e-06,udp,dns,INT,2,0,114,0,111111.1072,254,0,50666664.0,0.0,0.009,0.0,Attack
1.29921,tcp,http,FIN,14,18,1684,10168,23.860655,31,29,9630.467773,59137.47656,99.912846,76.396706,Normal
9e-06,udp,dns,INT,2,0,114,0,111111.1072,254,0,50666664.0,0.0,0.009,0.0,Attack
2.421199,tcp,-,FIN,10,8,564,354,7.021314,254,252,1678.507202,1024.285889,269.022111,333.269563,Attack
0.018859,tcp,-,FIN,48,50,2958,33044,5143.432605,31,29,1228909.25,13737313.0,0.394617,0.382375,Normal
0.601379,tcp,ftp-data,FIN,8,8,364,716,24.942674,62,252,4243.580566,8340.830078,85.911288,82.91743,Attack
1.005659,tcp,http,FIN,14,18,1684,10168,30.825559,31,29,12441.59277,76399.65625,77.332538,62.820434,Normal
3e-06,udp,dns,INT,2,0,114,0,333333.3215,254,0,152000000.0,0.0,0.003,0.0,Attack
0.0506,tcp,-,FIN,68,72,4014,59564,2747.035588,31,29,625296.4375,9286482.0,0.750418,0.705197,Normal
0.782744,tcp,http,FIN,10,8,840,1112,21.718468,62,252,7726.664062,9944.50293,86.971556,95.895,Normal
4e-06,udp,-,INT,2,0,168,0,250000.0006,254,0,168000000.0,0.0,0.004,0.0,Attack
9e-06,udp,dns,INT,2,0,114,0,111111.1072,254,0,50666664.0,0.0,0.009,0.0,Attack
3e-06,udp,dns,INT,2,0,114,0,333333.3215,254,0,152000000.0,0.0,0.003,0.0,Attack
4.546167,tcp,-,FIN,250,48,334747,2074,65.329762,254,252,586707.875,3574.0,18.170318,93.965469,Attack
9e-06,udp,dns,INT,2,0,114,0,111111.1072,254,0,50666664.0,0.0,0.009,0.0,Attack
9e-06,udp,dns,INT,2,0,114,0,111111.1072,254,0,50666664.0,0.0,0.009,0.0,Attack
8e-06,udp,dns,INT,2,0,114,0,125000.0003,254,0,57000000.0,0.0,0.008,0.0,Attack
0.007254,tcp,-,FIN,22,24,1920,4312,6203.474098,31,29,2021505.375,4558037.0,0.329143,0.293696,Normal
1.174902,tcp,http,FIN,14,18,1684,10168,26.38518,31,29,10649.39941,65394.39063,90.349308,69.081,Normal
1.87372,tcp,-,FIN,14,12,800,678,13.342441,254,252,3172.298828,2655.679443,144.132303,158.884453,Attack
2.917582,tcp,smtp,FIN,22,22,2733,1792,14.738232,254,252,7153.869141,4691.556152,138.932481,128.221,Attack
9e-06,ddx,-,INT,2,0,200,0,111111.1072,254,0,88888888.0,0.0,0.009,0.0,Attack
5e-06,unas,-,INT,2,0,200,0,200000.0051,254,0,160000000.0,0.0,0.005,0.0,Attack
1.3e-05,udp,dns,INT,2,0,114,0,76923.07779,254,0,35076924.0,0.0,0.013,0.0,Attack
0.045056,tcp,-,FIN,28,42,2198,34406,1531.427545,31,29,376420.4375,5963601.0,1.655407,1.087537,Normal
0.002645,udp,-,CON,4,4,528,304,2646.502952,31,29,1197731.625,689603.0625,0.737333,0.532667,Normal
8e-06,ddp,-,INT,2,0,200,0,125000.0003,254,0,100000000.0,0.0,0.008,0.0,Attack
8e-06,ipcomp,-,INT,2,0,200,0,125000.0003,254,0,100000000.0,0.0,0.008,0.0,Attack
9e-06,udp,dns,INT,2,0,114,0,111111.1072,254,0,50666664.0,0.0,0.009,0.0,Attack
8e-06,udp,dns,INT,2,0,114,0,125000.0003,254,0,57000000.0,0.0,0.008,0.0,Attack
0.386504,tcp,-,FIN,10,6,598,268,38.809431,254,252,11156.41797,4636.433105,42.944889,59.022398,Normal
6e-06,udp,-,INT,2,0,244,0,166666.6608,254,0,162666656.0,0.0,0.006,0.0,Attack
0.410012,tcp,-,FIN,10,6,620,268,36.584294,254,252,10887.48633,4370.603516,33.191111,74.015,Attack
0.000108,udp,-,INT,2,0,503,0,9259.259244,64,0,18666666.0,0.0,0.108,0.0,Normal
9e-06,udp,dns,INT,2,0,114,0,111111.1072,254,0,50666664.0,0.0,0.009,0.0,Attack
7e-06,udp,dns,INT,2,0,114,0,142857.1409,254,0,65142856.0,0.0,0.007,0.0,Attack
0.05011,tcp,-,FIN,40,42,2542,23508,1616.443788,31,29,395769.3125,3663779.5,1.27659,1.207463,Normal
9e-06,unas,-,INT,2,0,200,0,111111.1072,254,0,88888888.0,0.0,0.009,0.0,Attack
0.001063,udp,dns,CON,2,2,130,162,2822.201463,31,29,489181.5938,609595.5,0.009,0.007,Normal
0.656718,tcp,-,FIN,10,8,564,354,25.886301,254,252,6188.348633,3776.354492,71.951,91.383711,Attack
4e-06,unas,-,INT,2,0,200,0,250000.0006,254,0,200000000.0,0.0,0.004,0.0,Attack
2.923864,tcp,pop3,FIN,28,48,1274,41524,25.650989,62,252,3362.673584,111247.3125,108.291262,60.211343,Attack
0.046077,tcp,smtp,FIN,54,42,37914,3380,2061.766092,31,29,6460837.0,572953.9375,0.878731,1.111854,Normal
1.016111,tcp,http,FIN,10,8,1134,354,16.730455,254,252,8038.491699,2440.678223,109.829222,135.826422,Attack
0.812524,tcp,http,FIN,10,8,1102,354,20.922458,254,252,9767.095703,3052.217529,90.147,101.01257,Attack
0.298735,tcp,-,FIN,10,6,1526,268,50.211727,254,252,36795.15234,5998.62793,31.749667,49.384602,Normal
0.978915,tcp,-,FIN,122,126,7816,15092,252.320177,31,29,63351.77344,122364.0469,8.223176,7.827152,Normal
0.001732,udp,-,CON,4,4,520,304,4041.570361,31,29,1801385.625,1053117.75,0.451333,0.217667,Normal
59.49752,ospf,-,INT,54,0,14688,0,0.890793,254,0,1938.366455,0.0,1122.594375,0.0,Attack
9e-06,leaf-1,-,INT,2,0,200,0,111111.1072,254,0,88888888.0,0.0,0.009,0.0,Attack
3e-06,udp,dns,INT,2,0,114,0,333333.3215,254,0,152000000.0,0.0,0.003,0.0,Attack
0.004166,tcp,ftp-data,FIN,14,8,8928,424,5040.80646,31,29,15921267.0,712434.0,0.320462,0.514143,Normal
0.676707,tcp,http,FIN,10,6,890,268,22.166165,254,252,9469.385742,2648.11792,66.902111,119.389797,Attack
9e-06,unas,-,INT,2,0,200,0,111111.1072,254,0,88888888.0,0.0,0.009,0.0,Attack
0.0,arp,-,INT,1,0,46,0,0.0,0,0,0.0,0.0,0.0,0.0,Normal
3e-06,udp,dns,INT,2,0,114,0,333333.3215,254,0,152000000.0,0.0,0.003,0.0,Attack
0.265277,tcp,ftp-data,FIN,14,6,8928,320,71.623247,31,29,250032.9844,8051.960938,20.405923,52.927602,Normal
3.808783,tcp,-,FIN,432,858,24328,1094788,338.428307,31,29,50981.11328,2296824.0,8.836364,4.448975,Normal
8e-06,udp,dns,INT,2,0,114,0,125000.0003,254,0,57000000.0,0.0,0.008,0.0,Attack
9e-06,udp,dns,INT,2,0,114,0,111111.1072,254,0,50666664.0,0.0,0.009,0.0,Attack
9e-06,udp,dns,INT,2,0,114,0,111111.1072,254,0,50666664.0,0.0,0.009,0.0,Attack
1.475813,tcp,smtp,FIN,20,20,4022,1700,26.426112,62,252,20712.65039,8754.496094,77.674368,73.304734,Attack
3e-06,udp,dns,INT,2,0,114,0,333333.3215,254,0,152000000.0,0.0,0.003,0.0,Attack
0.000944,udp,dns,CON,2,2,146,178,3177.966006,31,29,618644.0625,754237.25,0.001,0.006,Normal
4e-06,udp,-,INT,2,0,1066,0,250000.0006,254,0,1066000000.0,0.0,0.004,0.0,Normal
5.052801,ospf,-,INT,42,0,2688,0,8.114311,254,0,4154.527344,0.0,123.239047,0.0,Attack
9e-06,udp,dns,INT,2,0,114,0,111111.1072,254,0,50666664.0,0.0,0.009,0.0,Attack
0.006097,tcp,-,FIN,22,24,2054,2478,7380.678911,31,29,2573068.75,3116286.75,0.273429,0.253091,Normal
0.699842,tcp,http,FIN,10,6,852,268,21.43341,254,252,8767.693359,2560.578125,62.156889,120.985797,Attack
9e-06,udp,dns,INT,2,0,114,0,111111.1072,254,0,50666664.0,0.0,0.009,0.0,Attack
0.004674,udp,-,CON,4,4,568,320,1497.646491,31,29,729139.875,410783.0313,1.205333,1.064,Normal
9e-06,udp,dns,INT,2,0,114,0,111111.1072,254,0,50666664.0,0.0,0.009,0.0,Attack
8.830426,tcp,-,FIN,10,8,924,354,1.925162,254,252,753.757507,280.847137,981.048889,1237.775,Normal
2.11558,tcp,http,FIN,10,10,1014,592,8.980988,62,252,3452.480957,2015.522827,235.064444,224.072781,Attack
5e-06,udp,-,INT,2,0,168,0,200000.0051,254,0,134400000.0,0.0,0.005,0.0,Attack
0.723365,tcp,http,FIN,10,10,796,978,26.266131,62,252,7929.606445,9743.352539,80.373889,73.424,Attack
5e-06,udp,dns,INT,2,0,114,0,200000.0051,254,0,91200000.0,0.0,0.005,0.0,Attack
0.064964,tcp,-,FIN,72,74,4238,63516,2232.005542,31,29,514746.6563,7716028.0,0.910028,0.880959,Normal
0.063838,tcp,-,FIN,40,44,2542,23612,1300.166094,31,29,310661.375,2891820.0,1.671658,1.465605,Normal
0.010141,tcp,ssh,FIN,62,58,5928,8010,11734.54277,31,29,4601518.5,6210038.5,0.174845,0.16875,Normal
1.074054,tcp,http,FIN,10,8,866,1252,15.827882,62,252,5809.763672,8163.462891,119.214,142.331,Attack
7e-06,udp,-,INT,2,0,168,0,142857.1409,254,0,96000000.0,0.0,0.007,0.0,Attack
0.164848,tcp,-,FIN,66,68,3926,57474,806.803844,31,29,187663.7813,2748180.25,2.570734,2.451925,Normal
1.064177,tcp,-,FIN,10,6,534,268,14.095399,254,252,3615.939697,1683.930298,118.241889,184.321406,Attack
0.005005,tcp,ftp-data,FIN,8,12,424,8824,3796.203675,31,29,593007.0,12929470.0,0.670143,0.409636,Normal
0.644349,tcp,http,FIN,10,6,866,268,23.279311,254,252,9684.193359,2781.101562,64.130778,108.921398,Attack
0.444784,tcp,-,FIN,10,6,1018,268,33.724236,254,252,16493.40039,4028.922119,43.442667,72.735,Attack
6e-06,hmp,-,INT,2,0,200,0,166666.6608,254,0,133333328.0,0.0,0.006,0.0,Attack
0.031965,tcp,-,FIN,72,74,4238,63516,4536.211667,31,29,1046144.25,15681652.0,0.452229,0.429699,Normal
9e-06,pipe,-,INT,2,0,200,0,111111.1072,254,0,88888888.0,0.0,0.009,0.0,Attack
0.914716,tcp,-,FIN,10,8,564,354,18.585003,254,252,4442.90918,2711.224121,97.995667,121.768711,Attack
6e-06,3pc,-,INT,2,0,200,0,166666.6608,254,0,133333328.0,0.0,0.006,0.0,Attack
0.001055,udp,dns,CON,2,2,146,178,2843.601894,31,29,553554.5,674881.5,0.009,0.006,Normal
9e-06,narp,-,INT,2,0,200,0,111111.1072,254,0,88888888.0,0.0,0.009,0.0,Attack
2.298434,tcp,-,FIN,18,20,1010,5134,16.097917,62,252,3320.521729,16978.51563,135.202,119.142577,Attack
1e-06,udp,-,INT,2,0,104,0,1000000.003,254,0,416000000.0,0.0,0.001,0.0,Normal
2.199879,tcp,ftp,FIN,24,22,1248,1652,20.455671,62,252,4349.330078,5734.86084,95.603738,102.357049,Attack
0.014293,tcp,-,FIN,40,42,2558,23162,5667.109734,31,29,1396487.75,12655705.0,0.357333,0.33778,Normal
6e-06,udp,-,INT,2,0,104,0,166666.6608,254,0,69333328.0,0.0,0.006,0.0,Attack
0.0,arp,-,INT,1,0,46,0,0.0,0,0,0.0,0.0,60000.688,0.0,Normal
0.728384,tcp,-,FIN,18,14,2346,1882,42.559967,254,252,24338.81055,19198.66406,41.823882,53.048922,Attack
6e-06,unas,-,INT,2,0,200,0,166666.6608,254,0,133333328.0,0.0,0.006,0.0,Attack
7e-06,udp,dns,INT,2,0,114,0,142857.1409,254,0,65142856.0,0.0,0.007,0.0,Attack
1e-06,sep,-,INT,2,0,104,0,1000000.003,254,0,416000000.0,0.0,0.001,0.0,Attack
8e-06,udp,dns,INT,2,0,114,0,125000.0003,254,0,57000000.0,0.0,0.008,0.0,Attack
0.002588,udp,-,CON,4,4,520,304,2704.791433,31,29,1205564.125,704791.375,0.426,0.508667,Normal
3e-06,udp,-,INT,2,0,104,0,333333.3215,254,0,138666656.0,0.0,0.003,0.0,Attack
6e-06,udp,-,INT,2,0,148,0,166666.6608,254,0,98666664.0,0.0,0.006,0.0,Attack
9e-06,udp,dns,INT,2,0,114,0,111111.1072,254,0,50666664.0,0.0,0.009,0.0,Attack
1.035965,tcp,http,FIN,12,18,1580,10168,27.993225,31,29,11189.56738,74164.67188,94.147366,60.906707,Normal
0.212181,udp,dns,CON,2,2,142,482,14.138872,62,252,2676.959717,9086.582031,0.005,0.003,Attack
0.004989,tcp,http,FIN,8,10,1040,824,3407.496467,31,29,1459210.25,1189817.625,0.659571,0.55475,Normal
7.219727,tcp,pop3,FIN,100,562,4418,723016,91.554708,62,252,4846.720703,799731.0625,72.926534,12.687684,Attack
9e-06,udp,dns,INT,2,0,114,0,111111.1072,254,0,50666664.0,0.0,0.009,0.0,Attack
0.013196,tcp,-,FIN,40,42,2542,23508,6138.223752,31,29,1502879.625,13912701.0,0.330487,0.316275,Normal
1e-05,udp,-,INT,2,0,1064,0,100000.0025,254,0,425600000.0,0.0,0.01,0.0,Normal
0.054081,tcp,-,FIN,16,18,1540,1644,610.195813,31,29,213605.5156,229729.4844,3.840786,3.151647,Normal
0.983669,tcp,-,FIN,26,10,19370,524,35.581075,254,252,151473.7188,3838.689697,37.117361,102.225555,Attack
4e-06,hmp,-,INT,2,0,200,0,250000.0006,254,0,200000000.0,0.0,0.004,0.0,Attack
3.221803,tcp,-,FIN,62,10,71587,440,22.03735,254,252,174890.8906,983.300354,52.071213,354.060344,Attack
1e-06,vmtp,-,INT,2,0,200,0,1000000.003,254,0,800000000.0,0.0,0.001,0.0,Attack
1.325143,pim,-,INT,8,0,480,0,5.282449,254,0,2535.575439,0.0,189.306141,0.0,Attack
3e-06,udp,-,INT,2,0,168,0,333333.3215,254,0,224000000.0,0.0,0.003,0.0,Attack
9e-06,unas,-,INT,2,0,200,0,111111.1072,254,0,88888888.0,0.0,0.009,0.0,Attack
1e-05,unas,-,INT,2,0,200,0,100000.0025,254,0,80000000.0,0.0,0.01,0.0,Attack
8e-06,udp,dns,INT,2,0,114,0,125000.0003,254,0,57000000.0,0.0,0.008,0.0,Attack
1.005871,tcp,http,FIN,12,18,1580,10168,28.830733,31,29,11524.33984,76383.54688,91.31427,59.140059,Normal
56.709965,ospf,-,INT,66,0,7128,0,1.146183,254,0,990.302124,0.0,872.460875,0.0,Attack
31.959324,tcp,-,FIN,32,22,1806,1198,1.658358,254,252,438.056824,286.364014,1029.826321,1520.766,Normal
8e-06,udp,dns,INT,2,0,114,0,125000.0003,254,0,57000000.0,0.0,0.008,0.0,Attack
0.016066,tcp,-,FIN,16,18,1540,1644,2054.027155,31,29,719034.0,773310.125,1.0498,0.918706,Normal
3e-06,ipv6-route,-,INT,2,0,200,0,333333.3215,254,0,266666656.0,0.0,0.003,0.0,Attack
1.037868,cbt,-,INT,4,0,360,0,2.890541,254,0,2081.189453,0.0,345.956,0.0,Attack
3e-06,udp,dns,INT,2,0,114,0,333333.3215,254,0,152000000.0,0.0,0.003,0.0,Attack
8e-06,udp,dns,INT,2,0,114,0,125000.0003,254,0,57000000.0,0.0,0.008,0.0,Attack
2e-06,udp,-,INT,2,0,1064,0,500000.0013,254,0,2128000000.0,0.0,0.002,0.0,Attack
0.199311,tcp,http,FIN,10,6,630,268,75.259267,254,252,22758.40234,8990.973633,20.840889,33.010801,Attack
3e-06,unas,-,INT,2,0,200,0,333333.3215,254,0,266666656.0,0.0,0.003,0.0,Attack
9e-06,udp,dns,INT,2,0,114,0,111111.1072,254,0,50666664.0,0.0,0.009,0.0,Attack
0.580378,tcp,-,FIN,10,8,828,354,29.291255,254,252,10282.95313,4273.077148,63.823667,74.735859,Attack
9e-06,unas,-,INT,2,0,200,0,111111.1072,254,0,88888888.0,0.0,0.009,0.0,Attack
9e-06,mfe-nsp,-,INT,2,0,200,0,111111.1072,254,0,88888888.0,0.0,0.009,0.0,Attack
8e-06,unas,-,INT,2,0,200,0,125000.0003,254,0,100000000.0,0.0,0.008,0.0,Attack
6e-06,udp,dns,INT,2,0,114,0,166666.6608,254,0,76000000.0,0.0,0.006,0.0,Attack
0.0,arp,-,INT,1,0,46,0,0.0,0,0,0.0,0.0,60000.72,0.0,Normal
5e-06,udp,dns,INT,2,0,114,0,200000.0051,254,0,91200000.0,0.0,0.005,0.0,Attack
8.122586,tcp,-,FIN,88,300,6344,380562,47.644923,62,252,6177.342773,373569.6875,93.363058,26.845783,Attack
0.899301,tcp,-,FIN,10,8,564,354,18.903571,254,252,4519.06543,2757.69751,99.813,122.557141,Attack
1.223859,tcp,-,FIN,122,126,7814,16912,201.820642,31,29,50659.43359,109672.7656,10.111736,9.786544,Normal
9e-06,udp,dns,INT,2,0,114,0,111111.1072,254,0,50666664.0,0.0,0.009,0.0,Attack
0.001002,udp,dns,CON,2,2,130,162,2994.012136,31,29,518962.0938,646706.625,0.009,0.007,Normal
9e-06,udp,-,INT,2,0,168,0,111111.1072,254,0,74666664.0,0.0,0.009,0.0,Attack
0.146289,tcp,-,FIN,12,6,4246,268,116.208323,254,252,212893.6406,12249.72461,11.922364,28.090199,Attack
5.386483,tcp,ftp,FIN,26,24,1342,1738,9.096844,62,252,1917.39209,2474.341797,215.459325,230.774734,Attack
0.987377,tcp,-,FIN,32,12,26222,642,43.549729,254,252,205822.0938,4772.240234,31.141872,75.118453,Attack
0.921349,tcp,-,FIN,20,8,14564,468,29.304857,254,252,120136.8906,3559.997314,48.455213,119.160859,Attack
0.02462,tcp,-,FIN,60,62,3598,48918,4914.703439,31,29,1149959.375,15638993.0,0.426456,0.394869,Normal
5e-06,udp,-,INT,2,0,1768,0,200000.0051,254,0,1414400000.0,0.0,0.005,0.0,Attack
1e-05,udp,-,INT,2,0,1064,0,100000.0025,254,0,425600000.0,0.0,0.01,0.0,Attack
3e-06,udp,dns,INT,2,0,114,0,333333.3215,254,0,152000000.0,0.0,0.003,0.0,Attack
0.004201,tcp,-,FIN,22,14,1470,1728,8331.349499,31,29,2673649.0,3056415.0,0.200048,0.269538,Normal
30.98317,arp,-,CON,4,4,184,112,0.225929,0,0,35.632248,21.689196,10327.723,10327.709,Normal
9e-06,aes-sp3-d,-,INT,2,0,200,0,111111.1072,254,0,88888888.0,0.0,0.009,0.0,Attack
1.345244,tcp,-,FIN,12,10,1112,844,15.61055,254,252,6065.813965,4519.625977,122.206097,142.248562,Attack
1.181204,tcp,ftp,FIN,14,12,738,682,21.164846,254,252,4646.106934,4239.742188,90.792462,102.85418,Normal
27.99671,ospf,-,INT,20,0,900,0,0.678651,254,0,244.314423,0.0,1473.511,0.0,Attack
0.284873,tcp,-,FIN,10,6,486,268,52.655041,254,252,12300.21777,6290.522461,31.558222,42.814,Attack
0.875327,tcp,-,FIN,10,8,564,354,19.421314,254,252,4642.836426,2833.226807,94.380556,101.524859,Attack
9e-06,udp,dns,INT,2,0,114,0,111111.1072,254,0,50666664.0,0.0,0.009,0.0,Attack
7.885632,tcp,-,REQ,6,0,270,0,0.634065,254,0,228.263245,0.0,1577.126375,0.0,Normal
2.74652,tcp,ftp,FIN,24,22,1284,1616,16.38437,62,252,3585.628418,4494.414551,119.36335,127.030953,Attack
0.035807,udp,-,CON,4,4,528,304,195.492509,31,29,88474.32031,50939.76172,6.556,7.708333,Normal
9e-06,udp,-,INT,2,0,184,0,111111.1072,254,0,81777776.0,0.0,0.009,0.0,Attack
9e-06,unas,-,INT,2,0,200,0,111111.1072,254,0,88888888.0,0.0,0.009,0.0,Attack
8e-06,tcp,-,REQ,2,0,90,0,125000.0003,254,0,45000000.0,0.0,0.008,0.0,Normal
1.243673,tcp,-,FIN,10,8,564,354,13.669188,254,252,3267.73999,1994.093384,138.185889,163.307422,Attack
0.004689,udp,-,CON,4,4,568,312,1492.855594,31,29,726807.4375,399232.25,1.206333,1.061667,Normal
1.5e-05,udp,-,INT,2,0,154,0,66666.66835,254,0,41066668.0,0.0,0.015,0.0,Attack
4e-06,udp,dns,INT,2,0,114,0,250000.0006,254,0,114000000.0,0.0,0.004,0.0,Attack
3e-06,tp++,-,INT,2,0,200,0,333333.3215,254,0,266666656.0,0.0,0.003,0.0,Attack
2e-06,udp,dns,INT,2,0,114,0,500000.0013,254,0,228000000.0,0.0,0.002,0.0,Attack
9e-06,unas,-,INT,2,0,200,0,111111.1072,254,0,88888888.0,0.0,0.009,0.0,Attack
0.015648,tcp,-,FIN,34,36,2230,13500,4409.509219,31,29,1106850.75,6710122.5,0.463212,0.45603,Normal
3.918895,tcp,-,FIN,236,438,13558,548216,171.732082,31,29,27560.83008,1116569.875,16.674799,8.965089,Normal
0.123675,tcp,-,FIN,16,18,1540,1644,266.828373,31,29,93406.10156,100456.8359,8.223867,7.240235,Normal
3e-06,udp,dns,INT,2,0,114,0,333333.3215,254,0,152000000.0,0.0,0.003,0.0,Attack
4e-06,bbn-rcc,-,INT,2,0,180,0,250000.0006,254,0,180000000.0,0.0,0.004,0.0,Attack
8e-06,udp,dns,INT,2,0,114,0,125000.0003,254,0,57000000.0,0.0,0.008,0.0,Attack
9e-06,unas,-,INT,2,0,200,0,111111.1072,254,0,88888888.0,0.0,0.009,0.0,Attack
0.363847,tcp,ftp-data,FIN,8,10,364,3754,46.722937,62,252,7013.9375,74294.96875,51.978143,33.906667,Attack
9e-06,unas,-,INT,2,0,200,0,111111.1072,254,0,88888888.0,0.0,0.009,0.0,Attack
2e-06,udp,dns,INT,2,0,114,0,500000.0013,254,0,228000000.0,0.0,0.002,0.0,Attack
6e-06,3pc,-,INT,2,0,200,0,166666.6608,254,0,133333328.0,0.0,0.006,0.0,Attack
1.834104,tcp,http,FIN,14,18,1684,10168,16.901986,31,29,6821.859863,41890.75391,141.058543,107.858647,Normal
9e-06,unas,-,INT,2,0,200,0,111111.1072,254,0,88888888.0,0.0,0.009,0.0,Attack
1.71183,tcp,-,FIN,12,10,1110,814,12.267573,254,252,4757.481934,3425.57373,152.349278,173.920672,Attack
8e-06,udp,dns,INT,2,0,114,0,125000.0003,254,0,57000000.0,0.0,0.008,0.0,Attack
0.787342,tcp,ftp-data,FIN,8,8,364,830,19.051441,62,252,3241.285156,7386.878906,112.335143,108.533859,Attack
4.155517,tcp,ftp,FIN,24,22,1260,1644,10.828977,62,252,2325.583008,3022.487793,180.674645,194.032187,Attack
0.148863,tcp,-,FIN,22,16,1470,1832,248.550676,31,29,75451.92188,92326.5,7.088714,9.866866,Normal
3e-06,unas,-,INT,2,0,200,0,333333.3215,254,0,266666656.0,0.0,0.003,0.0,Attack
0.227221,tcp,ftp-data,FIN,14,6,8928,320,83.619033,31,29,291909.6563,9400.540039,17.478538,45.306,Normal
0.005086,udp,-,CON,4,4,568,312,1376.327152,31,29,670074.6875,368069.2188,1.342333,1.112333,Normal
0.018003,tcp,-,FIN,16,18,1540,1644,1833.027834,31,29,641670.8125,690107.1875,1.179933,1.032588,Normal
0.385215,tcp,-,FIN,28,30,4616,3080,147.96931,31,29,92457.45313,61845.98047,14.255296,13.264621,Normal
8e-06,udp,dns,INT,2,0,114,0,125000.0003,254,0,57000000.0,0.0,0.008,0.0,Attack
6e-06,udp,dns,INT,2,0,114,0,166666.6608,254,0,76000000.0,0.0,0.006,0.0,Attack
8e-06,udp,-,INT,2,0,168,0,125000.0003,254,0,84000000.0,0.0,0.008,0.0,Attack
0.329156,tcp,ftp-data,FIN,6,8,320,1888,39.494949,31,29,6489.324219,40151.17188,65.756,46.936,Normal
0.352351,tcp,-,CON,6,2,978,86,19.866553,62,252,18504.27539,976.299194,70.4702,0.002,Normal
0.597746,tcp,-,FIN,10,8,498,354,28.440173,254,252,6009.241211,4148.919434,66.416222,72.304,Attack
0.00551,tcp,-,FIN,22,24,2054,2478,8166.969078,31,29,2847187.0,3448275.75,0.245381,0.223,Normal
0.965143,tcp,smtp,FIN,24,20,9602,1860,44.552982,62,252,76274.70313,14646.53418,41.962738,48.698422,Attack
6e-06,udp,dns,INT,2,0,114,0,166666.6608,254,0,76000000.0,0.0,0.006,0.0,Attack
7e-06,udp,dns,INT,2,0,114,0,142857.1409,254,0,65142856.0,0.0,0.007,0.0,Attack
9e-06,udp,-,INT,2,0,168,0,111111.1072,254,0,74666664.0,0.0,0.009,0.0,Attack
0.0,arp,-,INT,1,0,46,0,0.0,0,0,0.0,0.0,60000.672,0.0,Normal
1.009974,tcp,http,FIN,14,18,1684,10168,30.693859,31,29,12388.4375,76073.24219,77.664538,59.377412,Normal
1.008741,tcp,http,FIN,10,8,758,1044,16.85269,62,252,5416.652832,7248.639648,112.082333,135.758141,Attack
0.000987,udp,dns,CON,2,2,130,162,3039.513836,31,29,526849.0625,656535.0,0.009,0.007,Normal
0.005961,tcp,-,FIN,22,24,2054,2478,7549.068963,31,29,2631773.25,3187384.75,0.267143,0.234174,Normal
4e-06,ipnip,-,INT,2,0,180,0,250000.0006,254,0,180000000.0,0.0,0.004,0.0,Attack
0.00106,udp,dns,CON,2,2,146,178,2830.188576,31,29,550943.375,671698.0625,0.008,0.008,Normal
3e-06,ib,-,INT,2,0,200,0,333333.3215,254,0,266666656.0,0.0,0.003,0.0,Attack
6e-06,unas,-,INT,2,0,200,0,166666.6608,254,0,133333328.0,0.0,0.006,0.0,Attack
9e-06,unas,-,INT,2,0,200,0,111111.1072,254,0,88888888.0,0.0,0.009,0.0,Attack
0.826666,tcp,-,FIN,10,8,534,354,20.564533,254,252,4654.842285,3000.002441,91.840222,124.920836,Normal
1.213128,tcp,http,FIN,14,18,1684,10168,25.553776,31,29,10313.83398,63333.79688,93.291079,71.333412,Normal
1.028406,tcp,-,FIN,60,14,68185,612,70.983637,254,252,521576.0938,4426.267578,16.80639,73.293695,Attack
9e-06,udp,dns,INT,2,0,114,0,111111.1072,254,0,50666664.0,0.0,0.009,0.0,Attack
9e-06,unas,-,INT,2,0,200,0,111111.1072,254,0,88888888.0,0.0,0.009,0.0,Attack
0.674562,tcp,http,FIN,10,6,922,268,22.236652,254,252,9843.424805,2656.538818,74.939111,121.342203,Attack
0.16143,tcp,http,FIN,10,6,884,268,92.919531,254,252,39447.4375,11100.78711,17.099667,23.160199,Attack
3.402495,tcp,-,FIN,28,28,4178,3360,16.164609,254,252,9473.048828,7617.939453,126.018335,119.378109,Attack
1e-06,iplt,-,INT,2,0,200,0,1000000.003,254,0,800000000.0,0.0,0.001,0.0,Attack
9e-06,unas,-,INT,2,0,200,0,111111.1072,254,0,88888888.0,0.0,0.009,0.0,Attack
5e-06,unas,-,INT,2,0,200,0,200000.0051,254,0,160000000.0,0.0,0.005,0.0,Attack
0.87285,tcp,http,FIN,10,8,856,1122,19.476428,62,252,7066.506348,9000.401367,96.983333,106.570711,Normal
0.567529,tcp,http,FIN,10,6,566,268,26.430366,254,252,7189.05957,3157.547852,59.784,88.414797,Attack
7e-06,udp,dns,INT,2,0,114,0,142857.1409,254,0,65142856.0,0.0,0.007,0.0,Attack
9e-06,unas,-,INT,2,0,200,0,111111.1072,254,0,88888888.0,0.0,0.009,0.0,Attack
0.034601,tcp,-,FIN,60,62,3598,48710,3497.008837,31,29,818242.25,11080605.0,0.601228,0.566717,Normal
6e-06,unas,-,INT,2,0,200,0,166666.6608,254,0,133333328.0,0.0,0.006,0.0,Attack
0.935794,tcp,-,FIN,122,126,7816,15092,263.946981,31,29,66270.99219,128002.5313,7.730992,7.482528,Normal
1.027718,tcp,-,FIN,10,8,1282,354,16.541503,254,252,8983.009766,2413.113525,112.736333,138.026281,Normal
9e-06,udp,dns,INT,2,0,114,0,111111.1072,254,0,50666664.0,0.0,0.009,0.0,Attack
8e-06,udp,dns,INT,2,0,114,0,125000.0003,254,0,57000000.0,0.0,0.008,0.0,Attack
8e-06,unas,-,INT,2,0,200,0,125000.0003,254,0,100000000.0,0.0,0.008,0.0,Attack
0.295971,tcp,ftp-data,FIN,14,6,8928,320,64.195477,31,29,224103.0313,7216.92334,22.767001,59.061398,Normal
0.67803,tcp,-,FIN,10,8,564,354,25.072636,254,252,5993.834961,3657.655273,72.263556,94.798,Attack
0.520904,tcp,-,FIN,10,8,2516,354,32.635572,254,252,34785.67969,4760.954102,56.729444,72.867141,Attack
0.021231,tcp,smtp,FIN,52,42,37358,3380,4380.387298,31,29,13806227.0,1243464.75,0.409667,0.504415,Normal
0.604501,tcp,http,FIN,10,6,866,268,24.813854,254,252,10322.56348,2964.428467,62.063222,113.396797,Attack
0.003938,tcp,ftp-data,FIN,6,8,320,1910,3301.167952,31,29,542407.3125,3396648.0,0.7206,0.484857,Normal
0.699864,tcp,http,FIN,10,8,832,1216,24.290435,62,252,8561.664062,12162.36328,77.762667,79.28457,Attack
0.152516,tcp,ssh,FIN,128,126,12752,13306,1658.84227,31,29,663694.25,692438.8125,1.229968,1.265775,Normal
9e-06,unas,-,INT,2,0,200,0,111111.1072,254,0,88888888.0,0.0,0.009,0.0,Attack
0.001107,udp,dns,CON,2,2,146,178,2710.026984,31,29,527551.9375,643179.75,0.009,0.007,Normal
9e-06,unas,-,INT,2,0,200,0,111111.1072,254,0,88888888.0,0.0,0.009,0.0,Attack
7e-06,sctp,-,INT,2,0,1080,0,142857.1409,254,0,617142848.0,0.0,0.007,0.0,Attack
0.774283,tcp,-,FIN,10,6,534,268,19.372762,254,252,4969.759277,2314.39917,80.106,132.89,Attack
1.138007,tcp,http,FIN,10,10,828,1370,16.695854,62,252,5244.255859,8667.78418,126.445222,115.492,Attack
0.021647,tcp,ftp,FIN,52,54,2934,3740,4850.556506,31,29,1063611.5,1356677.5,0.42654,0.397811,Normal
0.189801,tcp,http,FIN,10,6,878,268,79.030145,254,252,33340.18359,9441.467773,19.935778,34.706801,Attack
1e-05,udp,-,INT,2,0,104,0,100000.0025,254,0,41600000.0,0.0,0.01,0.0,Normal
10.500966,tcp,ftp,FIN,36,40,1836,2132,7.1422,254,252,1359.874878,1583.854248,300.027593,266.4834,Attack
5e-06,udp,dns,INT,2,0,114,0,200000.0051,254,0,91200000.0,0.0,0.005,0.0,Attack
2e-05,udp,-,INT,2,0,168,0,50000.00126,254,0,33600000.0,0.0,0.02,0.0,Attack
0.000995,udp,dns,CON,2,2,146,178,3015.075348,31,29,586934.6875,715577.875,0.009,0.004,Normal
6e-06,udp,dns,INT,2,0,114,0,166666.6608,254,0,76000000.0,0.0,0.006,0.0,Attack
3.922782,tcp,ftp,FIN,24,24,1272,1722,11.981293,62,252,2485.990967,3366.998291,170.555736,166.761527,Attack
6e-06,udp,dns,INT,2,0,114,0,166666.6608,254,0,76000000.0,0.0,0.006,0.0,Attack
0.000979,udp,dns,CON,2,2,146,178,3064.351366,31,29,596527.0625,727272.75,0.009,0.007,Normal
2e-06,udp,dns,INT,2,0,114,0,500000.0013,254,0,228000000.0,0.0,0.002,0.0,Attack
1.34451,tcp,-,FIN,10,10,608,646,14.131543,254,252,3260.66748,3462.97168,149.320778,136.582,Attack
0.00422,tcp,http,FIN,8,10,1058,822,4028.436017,31,29,1755450.25,1402843.625,0.554429,0.408222,Normal
1.980685,tcp,ftp-data,FIN,8,8,364,1114,7.573138,62,252,1288.443115,3938.031494,282.924866,268.080438,Attack
10.194065,tcp,-,FIN,10,8,564,354,1.667637,254,252,398.66333,243.278809,1132.673889,1442.120625,Attack
2.090943,tcp,-,FIN,12,10,3064,800,10.043315,254,252,10747.30371,2754.737793,4820.775583,5781.621,Attack
9e-06,iatp,-,INT,2,0,200,0,111111.1072,254,0,88888888.0,0.0,0.009,0.0,Attack
6e-06,udp,dns,INT,2,0,114,0,166666.6608,254,0,76000000.0,0.0,0.006,0.0,Attack
9e-06,udp,dns,INT,2,0,114,0,111111.1072,254,0,50666664.0,0.0,0.009,0.0,Attack
9e-06,udp,dns,INT,2,0,114,0,111111.1072,254,0,50666664.0,0.0,0.009,0.0,Attack
9e-06,tcp,-,REQ,2,0,90,0,111111.1072,254,0,40000000.0,0.0,0.009,0.0,Normal
9e-06,unas,-,INT,2,0,200,0,111111.1072,254,0,88888888.0,0.0,0.009,0.0,Attack
9e-06,unas,-,INT,2,0,200,0,111111.1072,254,0,88888888.0,0.0,0.009,0.0,Attack
0.004372,udp,-,CON,4,4,568,304,1601.097812,31,29,779505.875,417200.3438,1.196,0.983667,Normal
5e-06,udp,dns,INT,2,0,114,0,200000.0051,254,0,91200000.0,0.0,0.005,0.0,Attack
0.057184,tcp,-,FIN,40,42,2542,23508,1416.480145,31,29,346810.3125,3210548.5,1.458179,1.381463,Normal
0.185716,tcp,http,FIN,10,6,812,268,80.768484,254,252,31488.93945,9649.141602,19.026111,35.654199,Attack
3.389917,tcp,-,FIN,234,438,13454,548216,197.939956,31,29,31616.11523,1290804.5,14.547674,7.773874,Normal
0.018421,tcp,-,FIN,16,18,1540,1644,1791.433702,31,29,627110.375,674447.625,1.207667,1.056059,Normal
1.487397,tcp,-,CON,6,2,978,86,4.706208,62,252,4383.49707,231.27652,297.4794,0.005,Normal
9e-06,udp,dns,INT,2,0,114,0,111111.1072,254,0,50666664.0,0.0,0.009,0.0,Attack
1e-06,udp,dns,INT,2,0,114,0,1000000.003,254,0,456000000.0,0.0,0.001,0.0,Attack
9e-06,unas,-,INT,2,0,200,0,111111.1072,254,0,88888888.0,0.0,0.009,0.0,Attack
3e-06,swipe,-,INT,2,0,200,0,333333.3215,254,0,266666656.0,0.0,0.003,0.0,Attack
0.57236,tcp,-,FIN,10,8,638,354,29.701587,254,252,8036.899902,4332.9375,59.507222,72.774711,Attack
9e-06,udp,dns,INT,2,0,114,0,111111.1072,254,0,50666664.0,0.0,0.009,0.0,Attack
0.051999,tcp,-,FIN,72,74,4238,63516,2788.515219,31,29,643089.3125,9639878.0,0.7374,0.704521,Normal
0.873509,tcp,-,FIN,24,66,1256,68242,101.887904,62,252,11026.79004,615531.1875,37.97865,13.304754,Attack
0.048803,tcp,smtp,FIN,52,42,37492,3380,1905.620492,31,29,6027662.0,540950.3125,0.950118,1.178683,Normal
5e-06,tcp,-,REQ,2,0,90,0,200000.0051,254,0,72000000.0,0.0,0.005,0.0,Normal
9e-06,unas,-,INT,2,0,200,0,111111.1072,254,0,88888888.0,0.0,0.009,0.0,Attack
9e-06,unas,-,INT,2,0,200,0,111111.1072,254,0,88888888.0,0.0,0.009,0.0,Attack
9e-06,udp,dns,INT,2,0,114,0,111111.1072,254,0,50666664.0,0.0,0.009,0.0,Attack
0.178245,tcp,-,CON,6,2,986,86,39.27179,62,252,36893.04297,1929.927979,35.649,0.006,Normal
0.145002,tcp,-,FIN,22,24,2054,2478,310.340563,31,29,108191.6172,131032.6797,6.889191,6.278522,Normal
9e-06,ipv6,-,INT,2,0,200,0,111111.1072,254,0,88888888.0,0.0,0.009,0.0,Attack
0.070478,tcp,-,FIN,48,50,2958,33044,1376.316018,31,29,328840.2188,3675927.25,1.492979,1.428163,Normal
3e-06,udp,dns,INT,2,0,114,0,333333.3215,254,0,152000000.0,0.0,0.003,0.0,Attack
59.968586,tcp,-,CON,754,374,362674,16082,18.793173,254,252,48317.69922,2139.653564,79.735085,160.361453,Attack
4e-06,udp,dns,INT,2,0,114,0,250000.0006,254,0,114000000.0,0.0,0.004,0.0,Attack
8.669847,ospf,-,INT,40,0,10880,0,4.49835,254,0,9788.408203,0.0,222.303766,0.0,Attack
6.379027,tcp,pop3,FIN,64,306,2846,385870,57.845814,62,252,3514.015625,482341.9063,101.2544,20.435893,Attack
0.843712,tcp,-,FIN,10,8,550,354,20.149056,254,252,4693.544922,2939.391846,93.675,111.195141,Attack
1.588468,tcp,ftp,FIN,64,20,68214,1026,52.251605,254,252,338182.4688,4910.391602,25.199207,78.884156,Normal
3e-06,unas,-,INT,2,0,200,0,333333.3215,254,0,266666656.0,0.0,0.003,0.0,Attack
5e-06,udp,-,INT,2,0,91,0,200000.0051,254,0,73600000.0,0.0,0.005,0.0,Attack
0.001045,udp,dns,CON,2,2,146,178,2870.813285,31,29,558851.625,681339.6875,0.005,0.007,Normal
0.001065,udp,dns,CON,2,2,132,164,2816.901513,31,29,495774.6563,615962.4375,0.006,0.005,Normal
1.482245,tcp,-,FIN,240,438,13766,548216,456.739618,31,29,73990.46875,2952089.75,6.200602,3.40637,Normal
0.494848,tcp,-,FIN,16,18,1540,1644,66.687143,31,29,23344.54102,25106.69922,32.966867,29.080824,Normal
6e-06,unas,-,INT,2,0,200,0,166666.6608,254,0,133333328.0,0.0,0.006,0.0,Attack
0.649643,tcp,-,FIN,12,10,1614,818,32.325446,254,252,18225.39453,9075.753906,54.622908,66.217109,Attack
1.615084,tcp,-,FIN,10,8,558,354,10.525768,254,252,2491.51123,1535.523804,175.277,216.823281,Attack
0.004569,udp,-,CON,4,4,568,320,1532.063876,31,29,745896.25,420223.25,1.167,1.036667,Normal
9e-06,udp,dns,INT,2,0,114,0,111111.1072,254,0,50666664.0,0.0,0.009,0.0,Attack
1e-06,xnet,-,INT,2,0,180,0,1000000.003,254,0,720000000.0,0.0,0.001,0.0,Attack
9e-06,udp,dns,INT,2,0,114,0,111111.1072,254,0,50666664.0,0.0,0.009,0.0,Attack
1.108737,tcp,-,FIN,12,10,1020,824,18.94047,254,252,6746.415039,5353.839355,100.670912,113.854219,Attack
9e-06,unas,-,INT,2,0,200,0,111111.1072,254,0,88888888.0,0.0,0.009,0.0,Attack
5e-06,udp,dns,INT,2,0,114,0,200000.0051,254,0,91200000.0,0.0,0.005,0.0,Attack
28.430037,tcp,http,FIN,326,746,17434,1087900,37.671425,31,29,4890.883789,305716.6563,87.476109,38.160505,Normal
0.007975,tcp,-,FIN,24,24,2062,2308,5893.41696,31,29,1983197.5,2218934.25,0.347455,0.319783,Normal
9e-06,eigrp,-,INT,2,0,200,0,111111.1072,254,0,88888888.0,0.0,0.009,0.0,Attack
0.0,arp,-,INT,1,0,46,0,0.0,0,0,0.0,0.0,60000.792,0.0,Normal
1.005704,tcp,-,FIN,10,8,564,354,16.903581,254,252,4040.950195,2465.934082,104.46,136.644859,Attack
0.271384,tcp,http,FIN,10,6,1042,268,55.272234,254,252,27650.85547,6603.189453,28.162,50.084199,Attack
9e-06,udp,dns,INT,2,0,114,0,111111.1072,254,0,50666664.0,0.0,0.009,0.0,Attack
6e-06,unas,-,INT,2,0,200,0,166666.6608,254,0,133333328.0,0.0,0.006,0.0,Attack
1.6e-05,udp,dns,INT,2,0,114,0,62500.00016,254,0,28500000.0,0.0,0.016,0.0,Attack
6e-06,udp,dns,INT,2,0,114,0,166666.6608,254,0,76000000.0,0.0,0.006,0.0,Attack
0.017796,tcp,-,FIN,16,18,1540,1644,1854.349243,31,29,649134.625,698134.375,1.164533,1.02,Normal
9e-06,ddx,-,INT,2,0,200,0,111111.1072,254,0,88888888.0,0.0,0.009,0.0,Attack
1e-05,udp,dns,INT,2,0,114,0,100000.0025,254,0,45600000.0,0.0,0.01,0.0,Attack
0.819478,tcp,-,FIN,22,18,5432,2228,47.591273,254,252,50627.35156,20549.66797,39.022763,47.710531,Attack
0.001075,udp,dns,CON,2,2,146,178,2790.69758,31,29,543255.8125,662325.5625,0.005,0.009,Normal
0.004069,tcp,http,FIN,8,10,1052,824,4177.930678,31,29,1810764.25,1458835.125,0.528857,0.389667,Normal
2.046909,tcp,http,FIN,12,22,900,20076,16.121869,62,252,3224.373779,74899.27344,186.076812,95.021903,Attack
4.211985,tcp,smtp,FIN,20,20,2546,1828,9.259292,62,252,4594.508301,3299.156982,221.683414,216.767469,Attack
0.040958,tcp,-,FIN,66,66,3910,54798,3198.398478,31,29,752185.1875,10541140.0,0.625046,0.631422,Normal
9e-06,udp,-,INT,2,0,168,0,111111.1072,254,0,74666664.0,0.0,0.009,0.0,Attack
1.4e-05,udp,dns,INT,2,0,114,0,71428.57045,254,0,32571428.0,0.0,0.014,0.0,Attack
9e-06,unas,-,INT,2,0,200,0,111111.1072,254,0,88888888.0,0.0,0.009,0.0,Attack
1.380881,tcp,http,FIN,354,746,18890,1087890,795.868752,31,29,109130.3359,6294138.5,3.921932,1.852917,Normal
2.764352,tcp,smtp,FIN,50,26,41365,2150,27.131132,62,252,117316.4609,5984.766113,56.415346,105.534117,Attack
51.983376,udp,dns,REQ,60,0,16260,0,1.134978,254,0,2460.632812,0.0,884.782938,0.0,Attack
1e-06,unas,-,INT,2,0,200,0,1000000.003,254,0,800000000.0,0.0,0.001,0.0,Attack
1.750366,udp,-,CON,4,4,568,312,3.999164,31,29,1947.021362,1069.490601,435.684,487.971,Normal
0.004108,tcp,-,FIN,12,12,1064,2260,5598.831438,31,29,1900681.5,4035053.5,0.342545,0.315182,Normal
1.039987,tcp,smtp,FIN,64,26,59763,2044,85.577995,62,252,452544.125,15123.2666,16.507731,40.55332,Attack
0.0,arp,-,INT,1,0,46,0,0.0,0,0,0.0,0.0,60000.612,0.0,Normal
0.799544,tcp,-,FIN,10,8,992,354,21.26212,254,252,8935.09375,3101.768066,88.753444,101.354711,Normal
0.001013,udp,dns,CON,2,2,146,178,2961.500406,31,29,576505.4375,702862.75,0.009,0.004,Normal
0.511912,tcp,-,FIN,10,6,534,268,29.301912,254,252,7516.916992,3500.601807,54.019333,81.217203,Normal
0.598567,tcp,http,FIN,10,6,826,268,25.059851,254,252,9943.749023,2993.816895,62.603667,103.479203,Attack
0.879885,tcp,http,FIN,14,36,974,41926,55.689095,62,252,8228.347656,370612.0625,67.682233,23.819086,Attack
3e-06,udp,dns,INT,2,0,114,0,333333.3215,254,0,152000000.0,0.0,0.003,0.0,Attack
0.693927,tcp,-,FIN,10,6,544,268,21.616107,254,252,5649.009277,2582.404297,72.653444,119.883203,Normal
0.760549,tcp,-,FIN,12,8,1482,706,24.981954,254,252,14294.93652,6500.567383,65.866092,94.753859,Attack
8e-06,cftp,-,INT,2,0,200,0,125000.0003,254,0,100000000.0,0.0,0.008,0.0,Attack
1e-05,ipcv,-,INT,2,0,200,0,100000.0025,254,0,80000000.0,0.0,0.01,0.0,Attack
0.59318,tcp,-,FIN,10,6,588,268,25.287434,254,252,7147.914551,3021.005371,65.811333,103.996398,Attack
1.654166,tcp,ftp-data,FIN,8,8,364,790,9.068014,62,252,1542.771362,3346.70166,236.171848,224.547859,Attack
9e-06,gre,-,INT,2,0,156,0,111111.1072,254,0,69333328.0,0.0,0.009,0.0,Attack
9e-06,udp,-,INT,2,0,1064,0,111111.1072,254,0,472888864.0,0.0,0.009,0.0,Normal
0.037029,tcp,-,FIN,72,74,4238,63618,3915.849543,31,29,903075.9375,13558886.0,0.516662,0.498583,Normal
8e-06,udp,dns,INT,2,0,114,0,125000.0003,254,0,57000000.0,0.0,0.008,0.0,Attack
0.062272,tcp,smtp,FIN,52,42,37210,3380,1493.448073,31,29,4688463.5,423946.5625,1.212667,1.275244,Normal
1e-06,ipv6-frag,-,INT,2,0,200,0,1000000.003,254,0,800000000.0,0.0,0.001,0.0,Attack
5e-06,udp,dns,INT,2,0,114,0,200000.0051,254,0,91200000.0,0.0,0.005,0.0,Attack
59.814823,udp,dns,REQ,70,0,12320,0,1.15356,254,0,1624.212769,0.0,878.2395,0.0,Attack
1.7e-05,udp,-,INT,2,0,1350,0,58823.52838,254,0,317647040.0,0.0,0.017,0.0,Attack
8e-06,udp,dns,INT,2,0,114,0,125000.0003,254,0,57000000.0,0.0,0.008,0.0,Attack
3.372139,tcp,smtp,FIN,22,24,2663,2048,13.344646,62,252,6030.59375,4656.984863,160.531661,140.956219,Attack
3e-06,udp,-,INT,2,0,168,0,333333.3215,254,0,224000000.0,0.0,0.003,0.0,Attack
9e-06,xns-idp,-,INT,2,0,200,0,111111.1072,254,0,88888888.0,0.0,0.009,0.0,Attack
0.676582,tcp,http,FIN,12,10,1330,2084,31.038367,62,252,14425.45117,22182.08594,61.507452,66.110664,Attack
0.081922,tcp,-,FIN,60,62,3614,50036,1477.014683,31,29,347061.8438,4807402.0,1.431807,1.333557,Normal
4.264696,ospf,-,INT,42,0,2688,0,9.613815,254,0,4922.273438,0.0,104.016977,0.0,Attack
0.002892,tcp,ftp-data,FIN,6,8,320,1930,4495.159211,31,29,738589.25,4672199.5,0.517,0.338429,Normal
0.23472,sctp,-,CON,4,2,536,440,21.301976,254,60,13701.43066,7498.29541,78.24,0.004,Attack
1e-06,udp,dns,INT,2,0,114,0,1000000.003,254,0,456000000.0,0.0,0.001,0.0,Attack
0.535115,tcp,-,FIN,16,12,912,694,50.456444,254,252,12782.29883,9523.186523,35.142465,45.909363,Attack
9e-06,unas,-,INT,2,0,200,0,111111.1072,254,0,88888888.0,0.0,0.009,0.0,Attack
0.012935,tcp,-,FIN,38,40,2438,19266,5952.84134,31,29,1468264.5,11618091.0,0.341135,0.317538,Normal
0.234138,udp,-,CON,4,4,528,304,29.896899,31,29,13530.48242,7790.277832,19.996666,60.701,Normal
8e-06,udp,dns,INT,2,0,114,0,125000.0003,254,0,57000000.0,0.0,0.008,0.0,Attack
4e-06,unas,-,INT,2,0,200,0,250000.0006,254,0,200000000.0,0.0,0.004,0.0,Attack
34.104462,tcp,-,FIN,66,66,3910,51808,3.84114,31,29,903.342224,11968.87402,524.678603,532.871867,Normal
0.742121,tcp,http,FIN,10,8,828,1210,22.907316,62,252,8041.81543,11415.92871,82.346889,80.305,Normal
5e-06,udp,dns,INT,2,0,114,0,200000.0051,254,0,91200000.0,0.0,0.005,0.0,Attack
0.514569,tcp,-,FIN,10,6,1222,268,29.15061,254,252,17101.69141,3482.526367,53.599222,86.611398,Normal
4e-06,aris,-,INT,2,0,200,0,250000.0006,254,0,200000000.0,0.0,0.004,0.0,Attack
0.001709,udp,-,CON,4,4,520,304,4095.962612,31,29,1825629.0,1067290.875,0.446333,0.212,Normal
0.552733,tcp,-,FIN,10,6,910,268,27.137876,254,252,11853.82422,3242.071533,56.075667,93.698203,Normal
0.109167,sctp,-,CON,4,2,536,440,45.801386,254,60,29459.45117,16122.08789,36.389,0.009,Attack
0.79945,tcp,-,FIN,12,8,1058,750,23.76634,254,252,9706.673828,6574.52002,69.01582,102.19243,Attack
4e-06,udp,snmp,INT,2,0,124,0,250000.0006,254,0,124000000.0,0.0,0.004,0.0,Attack
0.001231,udp,dns,CON,2,2,146,178,2437.043166,31,29,474411.0625,578391.5625,0.001,0.002,Normal
8e-06,unas,-,INT,2,0,200,0,125000.0003,254,0,100000000.0,0.0,0.008,0.0,Attack
0.716899,tcp,http,FIN,12,22,858,21860,46.03159,62,252,8782.269531,232858.4688,65.079548,30.78738,Attack
0.000947,udp,dns,CON,2,2,130,162,3167.89865,31,29,549102.4375,684266.125,0.001,0.002,Normal
3e-06,unas,-,INT,2,0,200,0,333333.3215,254,0,266666656.0,0.0,0.003,0.0,Attack
23.268108,sctp,-,CON,250,24,248562,1652,11.732797,254,60,85118.39063,544.608093,93.446219,306.675,Attack
3e-06,unas,-,INT,2,0,200,0,333333.3215,254,0,266666656.0,0.0,0.003,0.0,Attack
0.293862,tcp,http,FIN,10,8,874,1330,57.850286,62,252,21425.02344,31688.3457,32.651333,38.17343,Normal
1.31816,tcp,-,FIN,16,18,1540,1644,25.034896,31,29,8763.730469,9425.258789,100.540694,73.058063,Normal
0.903468,tcp,-,FIN,10,10,640,958,21.030075,254,252,5100.34668,7641.665039,100.373778,93.231336,Attack
0.265411,tcp,http,FIN,10,8,820,928,64.051606,62,252,22244.74609,24475.24805,29.490111,34.03957,Attack
1e-05,unas,-,INT,2,0,200,0,100000.0025,254,0,80000000.0,0.0,0.01,0.0,Attack
9e-06,unas,-,INT,2,0,200,0,111111.1072,254,0,88888888.0,0.0,0.009,0.0,Attack
3e-06,udp,-,INT,2,0,1064,0,333333.3215,254,0,1418666624.0,0.0,0.003,0.0,Normal
0.760398,tcp,-,FIN,28,30,4480,3080,74.960747,31,29,45449.88281,31330.96289,28.151408,26.200172,Normal
0.00495,tcp,ftp-data,FIN,14,6,8928,320,3838.383859,31,29,13399596.0,431515.1563,0.380769,0.8796,Normal
59.760056,ospf,-,INT,180,0,48960,0,2.995312,254,0,6517.79834,0.0,333.854969,0.0,Attack
8e-06,udp,-,INT,2,0,162,0,125000.0003,254,0,81000000.0,0.0,0.008,0.0,Normal
1.160381,tcp,-,FIN,10,8,534,354,14.650361,254,252,3316.152344,2137.229248,121.808,156.626281,Attack
5e-06,udp,dns,INT,2,0,114,0,200000.0051,254,0,91200000.0,0.0,0.005,0.0,Attack
1.092953,tcp,http,FIN,14,18,1684,10168,28.363526,31,29,11447.88477,70297.625,84.041231,64.259765,Normal
8e-06,udp,-,INT,2,0,104,0,125000.0003,254,0,52000000.0,0.0,0.008,0.0,Attack
9e-06,udp,dns,INT,2,0,114,0,111111.1072,254,0,50666664.0,0.0,0.009,0.0,Attack
0.673948,tcp,-,FIN,10,8,534,354,25.224498,254,252,5709.639648,3679.809082,70.955111,86.106289,Normal
3e-06,udp,dns,INT,2,0,114,0,333333.3215,254,0,152000000.0,0.0,0.003,0.0,Attack
0.268116,tcp,http,FIN,24,8,22608,354,115.621598,254,252,646466.4375,9249.727539,10.973913,35.267285,Attack
0.024868,tcp,-,FIN,60,62,3614,50036,4865.690789,31,29,1143316.75,15836899.0,0.423276,0.397492,Normal
0.027284,tcp,smtp,FIN,54,42,37808,3380,3481.894142,31,29,10880516.0,967600.0625,0.539,0.65361,Normal
0.003876,tcp,http,FIN,8,10,1052,824,4385.964975,31,29,1900928.875,1531475.75,0.506,0.372444,Normal
9e-06,tcp,-,REQ,2,0,90,0,111111.1072,254,0,40000000.0,0.0,0.009,0.0,Normal
8e-06,udp,dns,INT,2,0,114,0,125000.0003,254,0,57000000.0,0.0,0.008,0.0,Attack
9e-06,udp,dns,INT,2,0,114,0,111111.1072,254,0,50666664.0,0.0,0.009,0.0,Attack
0.935988,tcp,-,FIN,10,10,608,646,20.299405,254,252,4683.820801,4974.422852,103.998667,93.192664,Normal
9e-06,l2tp,-,INT,2,0,200,0,111111.1072,254,0,88888888.0,0.0,0.009,0.0,Attack
1.049279,tcp,-,FIN,10,8,574,354,16.201602,254,252,3941.754395,2363.527832,116.586556,117.590859,Attack
3.11608,tcp,ftp,FIN,52,54,2934,3742,33.696182,31,29,7388.770508,9429.795898,61.092569,58.784527,Normal
7e-06,udp,dns,INT,2,0,114,0,142857.1409,254,0,65142856.0,0.0,0.007,0.0,Attack
9e-06,udp,dns,INT,2,0,114,0,111111.1072,254,0,50666664.0,0.0,0.009,0.0,Attack
0.365344,tcp,-,FIN,28,30,5048,3080,156.017348,31,29,106595.4297,65209.77734,13.519666,12.579862,Normal
4e-06,udp,dns,INT,2,0,114,0,250000.0006,254,0,114000000.0,0.0,0.004,0.0,Attack
0.004521,udp,-,CON,4,4,568,312,1548.329947,31,29,753815.5,414067.6563,1.165,1.007,Normal
0.001073,udp,dns,CON,2,2,146,178,2795.899292,31,29,544268.375,663560.125,0.008,0.005,Normal
1.206199,tcp,ftp-data,FIN,8,12,364,9098,15.751961,62,252,2115.737061,55314.25391,172.314143,100.600817,Attack
0.487232,tcp,-,FIN,10,8,1612,354,34.890976,254,252,23824.37891,5089.977539,49.711222,61.57057,Normal
0.004778,tcp,-,FIN,18,18,4096,2456,7325.240594,31,29,6478024.0,3884470.5,0.263235,0.249471,Normal
8e-06,udp,dns,INT,2,0,114,0,125000.0003,254,0,57000000.0,0.0,0.008,0.0,Attack
0.036036,udp,-,CON,4,4,544,304,194.250196,31,29,90576.09375,50616.05078,6.658,7.67,Normal
0.200716,tcp,ssh,FIN,126,124,12648,13202,1240.558776,31,29,500129.5313,521971.3438,1.672633,1.724103,Normal
0.465948,tcp,http,FIN,10,6,1210,268,32.192434,254,252,18697.36523,3845.922852,51.772,78.150398,Attack
0.005546,tcp,-,FIN,22,24,2054,2478,8113.956217,31,29,2828705.5,3425892.5,0.273158,0.215913,Normal
5e-06,unas,-,INT,2,0,200,0,200000.0051,254,0,160000000.0,0.0,0.005,0.0,Attack
0.017504,tcp,-,FIN,16,18,1540,1644,1885.283453,31,29,659963.4375,709780.625,1.1462,1.002941,Normal
5e-06,udp,dns,INT,2,0,114,0,200000.0051,254,0,91200000.0,0.0,0.005,0.0,Attack
9e-06,udp,dns,INT,2,0,114,0,111111.1072,254,0,50666664.0,0.0,0.009,0.0,Attack
0.0,arp,-,INT,1,0,46,0,0.0,0,0,0.0,0.0,60000.6,0.0,Normal
4e-06,unas,-,INT,2,0,200,0,250000.0006,254,0,200000000.0,0.0,0.004,0.0,Attack
7e-06,l2tp,-,INT,2,0,200,0,142857.1409,254,0,114285712.0,0.0,0.007,0.0,Attack
0.742187,tcp,-,FIN,10,8,564,354,22.905278,254,252,5475.708984,3341.47583,82.465222,97.604141,Attack
0.356283,tcp,ftp-data,FIN,6,8,320,1932,36.487847,31,29,5995.233887,37969.81641,71.1932,50.82943,Normal
1.5581,tcp,-,FIN,50,54,3848,19188,66.106156,31,29,19367.17773,96697.25781,31.790857,29.386737,Normal
0.244846,tcp,http,FIN,10,12,836,6658,85.768197,62,252,24603.2207,199439.6406,27.205111,21.409,Attack
6e-06,sctp,-,INT,2,0,78,0,166666.6608,254,0,52000000.0,0.0,0.006,0.0,Attack
9e-06,udp,dns,INT,2,0,114,0,111111.1072,254,0,50666664.0,0.0,0.009,0.0,Attack
0.468995,tcp,-,FIN,22,24,1958,2308,95.949849,31,29,31880.9375,37731.74609,22.31681,20.364434,Normal
0.052014,tcp,-,FIN,48,50,2958,33044,1864.882506,31,29,445572.3438,4980813.0,1.122348,1.050898,Normal
0.056989,tcp,-,FIN,48,50,2974,30506,1702.082881,31,29,408921.0313,4196740.0,1.231957,1.175292,Normal
3e-06,unas,-,INT,2,0,200,0,333333.3215,254,0,266666656.0,0.0,0.003,0.0,Attack
1.201019,tcp,-,FIN,14,8,1192,754,17.485151,254,252,7373.738281,4396.266602,90.806233,163.719,Attack
3e-06,udp,dns,INT,2,0,114,0,333333.3215,254,0,152000000.0,0.0,0.003,0.0,Attack
1.062363,tcp,-,FIN,12,8,3386,750,17.884659,254,252,23374.30664,4947.461426,90.134729,145.587859,Attack
0.001046,udp,dns,CON,2,2,146,178,2868.068701,31,29,558317.375,680688.3125,0.009,0.006,Normal
1.213249,tcp,-,FIN,10,8,1332,354,14.011963,254,252,7906.044434,2044.098145,134.710778,145.347859,Attack
3e-06,udp,dns,INT,2,0,114,0,333333.3215,254,0,152000000.0,0.0,0.003,0.0,Attack
4e-06,unas,-,INT,2,0,200,0,250000.0006,254,0,200000000.0,0.0,0.004,0.0,Attack
4e-06,udp,-,INT,2,0,1064,0,250000.0006,254,0,1064000000.0,0.0,0.004,0.0,Normal
6e-06,unas,-,INT,2,0,200,0,166666.6608,254,0,133333328.0,0.0,0.006,0.0,Attack
0.056865,tcp,-,FIN,60,62,3614,50036,2127.846683,31,29,499991.2188,6925736.5,0.975138,0.911183,Normal
1.48799,tcp,-,FIN,18,24,1006,9984,27.553948,62,252,5112.9375,51441.20703,87.528824,62.521872,Attack
5e-06,unas,-,INT,2,0,200,0,200000.0051,254,0,160000000.0,0.0,0.005,0.0,Attack
7.6e-05,udp,-,INT,2,0,503,0,13157.89532,64,0,26526316.0,0.0,0.076,0.0,Normal
9e-06,udp,dns,INT,2,0,114,0,111111.1072,254,0,50666664.0,0.0,0.009,0.0,Attack
0.178265,tcp,-,FIN,10,6,724,268,84.144389,254,252,29259.80859,10052.44922,18.407889,34.169,Attack
1.205035,tcp,-,FIN,22,10,17794,800,25.725394,254,252,112766.8516,4779.944336,57.336717,116.643891,Attack
9e-06,cphb,-,INT,2,0,200,0,111111.1072,254,0,88888888.0,0.0,0.009,0.0,Attack
9e-06,udp,dns,INT,2,0,114,0,111111.1072,254,0,50666664.0,0.0,0.009,0.0,Attack
1e-05,udp,dns,INT,2,0,114,0,100000.0025,254,0,45600000.0,0.0,0.01,0.0,Attack
1.07003,tcp,http,FIN,14,18,1684,10168,28.971151,31,29,11693.13086,71803.59375,82.283925,62.913471,Normal
0.680719,tcp,-,FIN,10,6,534,268,22.035524,254,252,5652.846191,2632.510498,69.757,109.886,Normal
59.687565,ospf,-,INT,106,0,28832,0,1.75916,254,0,3827.933105,0.0,568.453062,0.0,Attack
1.232194,tcp,-,FIN,60,14,68181,612,59.24392,254,252,435288.625,3694.223633,20.872661,90.036383,Attack
9e-06,udp,dns,INT,2,0,114,0,111111.1072,254,0,50666664.0,0.0,0.009,0.0,Attack
3e-06,udp,-,INT,2,0,168,0,333333.3215,254,0,224000000.0,0.0,0.003,0.0,Attack
0.872342,tcp,http,FIN,16,32,1054,35582,53.877952,62,252,9069.836914,316123.7188,58.156133,25.131936,Attack
1.599496,tcp,-,FIN,12,10,994,808,13.129136,254,252,4561.437012,3641.146973,138.885903,172.121109,Attack
0.001032,udp,dns,CON,2,2,146,178,2906.976908,31,29,565891.5,689922.5,0.009,0.007,Normal
3e-06,tcp,-,REQ,2,0,90,0,333333.3215,254,0,119999992.0,0.0,0.003,0.0,Normal
45.531391,udp,-,INT,6,0,312,0,0.109814,254,0,45.68277,0.0,9106.278,0.0,Attack
9e-06,sep,-,INT,2,0,200,0,111111.1072,254,0,88888888.0,0.0,0.009,0.0,Attack
1.144401,tcp,http,FIN,10,12,788,4332,18.350212,62,252,4963.29541,27759.50195,127.141111,95.399094,Attack
3e-06,udp,dns,INT,2,0,114,0,333333.3215,254,0,152000000.0,0.0,0.003,0.0,Attack
7e-06,udp,dns,INT,2,0,114,0,142857.1409,254,0,65142856.0,0.0,0.007,0.0,Attack
4.431627,tcp,-,FIN,28,74,1452,82510,22.790728,62,252,2529.09375,146934.75,164.134339,58.659727,Attack
5e-06,udp,dns,INT,2,0,114,0,200000.0051,254,0,91200000.0,0.0,0.005,0.0,Attack
2.891043,tcp,smtp,FIN,92,30,99412,2254,41.853408,62,252,272101.125,6029.657715,31.769703,95.709586,Attack
8e-06,egp,-,INT,2,0,180,0,125000.0003,254,0,90000000.0,0.0,0.008,0.0,Attack
0.655277,tcp,-,FIN,12,8,994,718,28.995371,254,252,11134.22266,7679.194824,57.689001,84.293141,Attack
0.247784,tcp,-,FIN,30,42,2302,34406,286.539885,31,29,71869.04688,1084396.125,8.526448,6.032073,Normal
4e-06,unas,-,INT,2,0,200,0,250000.0006,254,0,200000000.0,0.0,0.004,0.0,Attack
1.596205,tcp,ftp-data,FIN,8,8,364,790,9.397289,62,252,1598.792114,3468.226318,228.012866,218.092719,Attack
1e-05,mtp,-,INT,2,0,200,0,100000.0025,254,0,80000000.0,0.0,0.01,0.0,Attack
1e-05,udp,-,INT,2,0,1064,0,100000.0025,254,0,425600000.0,0.0,0.01,0.0,Normal
0.013285,tcp,-,FIN,16,18,1540,1644,2484.004539,31,29,869552.125,935190.0625,0.8644,0.753294,Normal
0.261378,udp,-,CON,4,4,568,320,26.781138,31,29,13038.58789,7345.683594,82.01,81.927,Normal
9e-06,unas,-,INT,2,0,200,0,111111.1072,254,0,88888888.0,0.0,0.009,0.0,Attack
0.74884,tcp,-,FIN,10,8,564,354,22.70178,254,252,5427.060547,3311.789062,81.923889,102.87843,Attack
1.193377,tcp,smtp,FIN,20,20,2630,1774,32.680368,62,252,16752.45898,11302.37988,62.809319,56.557051,Attack
4e-06,udp,-,INT,2,0,168,0,250000.0006,254,0,168000000.0,0.0,0.004,0.0,Attack
0.004005,tcp,http,FIN,8,10,1042,824,4244.694137,31,29,1821722.875,1482147.375,0.522429,0.384333,Normal
0.023909,tcp,-,FIN,50,48,3078,30402,4057.049531,31,29,1009494.313,9960768.0,0.48149,0.497426,Normal
0.022304,tcp,smtp,FIN,54,42,37938,3380,4259.325618,31,29,13355810.0,1183644.125,0.4225,0.531171,Normal
0.626595,tcp,-,FIN,10,8,564,354,27.130761,254,252,6485.848145,3957.899414,69.621667,87.591141,Attack
0.047917,tcp,-,FIN,40,42,2558,23162,1690.42299,31,29,416553.625,3775027.5,1.220769,1.156171,Normal
1e-05,i-nlsp,-,INT,2,0,200,0,100000.0025,254,0,80000000.0,0.0,0.01,0.0,Attack
9e-06,unas,-,INT,2,0,200,0,111111.1072,254,0,88888888.0,0.0,0.009,0.0,Attack
4e-06,udp,dns,INT,2,0,114,0,250000.0006,254,0,114000000.0,0.0,0.004,0.0,Attack
3e-06,unas,-,INT,2,0,200,0,333333.3215,254,0,266666656.0,0.0,0.003,0.0,Attack
0.927926,tcp,-,FIN,10,8,2958,526,18.320426,254,252,22958.72656,3974.454834,98.155,117.785,Attack
0.354072,udp,-,CON,4,4,544,304,19.76999,31,29,9218.463867,5151.494629,52.002,74.313664,Normal
3e-06,udp,dns,INT,2,0,114,0,333333.3215,254,0,152000000.0,0.0,0.003,0.0,Attack
9e-06,udp,dns,INT,2,0,114,0,111111.1072,254,0,50666664.0,0.0,0.009,0.0,Attack
2e-06,xtp,-,INT,2,0,200,0,500000.0013,254,0,400000000.0,0.0,0.002,0.0,Attack
0.066636,tcp,-,FIN,74,74,4342,63516,2206.014649,31,29,514316.5625,7522420.0,0.908479,0.918069,Normal
1.382204,tcp,http,FIN,10,12,848,5572,15.193126,62,252,4421.922852,29564.375,153.578222,113.667908,Attack
1e-05,udp,-,INT,2,0,1664,0,100000.0025,254,0,665600000.0,0.0,0.01,0.0,Attack
0.0,arp,-,INT,1,0,46,0,0.0,0,0,0.0,0.0,60000.676,0.0,Normal
0.000991,udp,dns,CON,2,2,130,162,3027.245271,31,29,524722.5,653885.0,0.004,0.007,Normal
0.277814,tcp,http,FIN,10,8,990,992,61.19202,62,252,25657.45508,24995.14063,30.868222,37.314855,Attack
1.335682,tcp,http,FIN,10,8,812,354,12.72758,254,252,4378.287598,1856.72937,143.101333,180.371578,Attack
3e-06,unas,-,INT,2,0,200,0,333333.3215,254,0,266666656.0,0.0,0.003,0.0,Attack
9e-06,udp,dns,INT,2,0,114,0,111111.1072,254,0,50666664.0,0.0,0.009,0.0,Attack
9.962986,tcp,-,REQ,10,0,450,0,0.903344,254,0,325.203705,0.0,1106.9985,0.0,Normal
0.001033,udp,dns,CON,2,2,146,178,2904.162775,31,29,565343.6875,689254.625,0.008,0.006,Normal
0.010088,tcp,-,FIN,38,40,2438,18508,7632.830749,31,29,1882632.75,14310864.0,0.264081,0.244718,Normal
3e-06,udp,dns,INT,2,0,114,0,333333.3215,254,0,152000000.0,0.0,0.003,0.0,Attack
0.000986,udp,dns,CON,2,2,130,162,3042.596172,31,29,527383.3125,657200.75,0.001,0.004,Normal
9e-06,udp,dns,INT,2,0,114,0,111111.1072,254,0,50666664.0,0.0,0.009,0.0,Attack
0.004783,udp,-,CON,4,4,568,312,1463.516662,31,29,712523.5625,391386.1563,1.289667,0.991667,Normal
0.001068,udp,dns,CON,2,2,130,162,2808.988808,31,29,486891.4063,606741.5625,0.009,0.007,Normal
8e-06,udp,-,INT,2,0,168,0,125000.0003,254,0,84000000.0,0.0,0.008,0.0,Attack
0.227453,tcp,ftp-data,FIN,8,12,424,8824,83.533743,31,29,13048.84961,284507.125,32.447999,20.632273,Normal
8e-06,irtp,-,INT,2,0,200,0,125000.0003,254,0,100000000.0,0.0,0.008,0.0,Attack
8e-06,udp,dns,INT,2,0,114,0,125000.0003,254,0,57000000.0,0.0,0.008,0.0,Attack
0.15283,tcp,-,FIN,66,68,3926,57474,870.247961,31,29,202420.9844,2964287.0,2.346169,2.272313,Normal
9e-06,udp,dns,INT,2,0,114,0,111111.1072,254,0,50666664.0,0.0,0.009,0.0,Attack
3e-06,udp,dns,INT,2,0,114,0,333333.3215,254,0,152000000.0,0.0,0.003,0.0,Attack
9e-06,idpr-cmtp,-,INT,2,0,200,0,111111.1072,254,0,88888888.0,0.0,0.009,0.0,Attack
1.848144,tcp,-,FIN,36,14,34710,1028,26.513085,254,252,146075.1875,4133.876953,51.156856,132.961766,Attack
1.165497,tcp,-,FIN,10,8,710,354,14.586053,254,252,4386.111816,2127.847656,125.097778,148.109719,Normal
4e-06,udp,dns,INT,2,0,114,0,250000.0006,254,0,114000000.0,0.0,0.004,0.0,Attack
1.331549,tcp,-,FIN,12,10,2032,796,15.771105,254,252,11192.97852,4307.764648,5875.919167,7044.597,Attack
6e-06,udp,dns,INT,2,0,114,0,166666.6608,254,0,76000000.0,0.0,0.006,0.0,Attack
7e-06,unas,-,INT,2,0,200,0,142857.1409,254,0,114285712.0,0.0,0.007,0.0,Attack
0.001087,udp,dns,CON,2,2,146,178,2759.889575,31,29,537258.5,655013.8125,0.009,0.007,Normal
3e-06,udp,dns,INT,2,0,114,0,333333.3215,254,0,152000000.0,0.0,0.003,0.0,Attack
1e-05,udp,dns,INT,2,0,114,0,100000.0025,254,0,45600000.0,0.0,0.01,0.0,Attack
0.016966,tcp,-,FIN,48,50,2958,33044,5717.31692,31,29,1366026.125,15270069.0,0.361935,0.332469,Normal
0.732627,tcp,http,FIN,56,12,66931,526,91.451724,254,252,717811.4375,5274.170898,12.978907,62.162184,Attack
0.222234,tcp,http,FIN,10,8,796,1204,76.495947,62,252,25810.63281,37941.98828,24.692667,29.126572,Attack
2.41912,tcp,-,FIN,10,6,1426,268,6.200602,254,252,4246.171875,740.765198,261.439,467.798187,Attack
0.185019,tcp,http,FIN,10,6,1024,268,81.072754,254,252,39866.17578,9685.491211,19.041667,35.581199,Attack
0.481217,tcp,http,FIN,10,12,880,8104,43.639356,62,252,13166.61719,123503.5313,53.468556,33.410544,Attack
2.74798,tcp,http,FIN,14,42,964,46252,20.014701,62,252,2608.461426,131444.9063,211.349154,63.186197,Attack
5.765976,tcp,ssh,FIN,622,682,48672,85554,225.980825,31,29,67421.71875,118528.4141,9.390335,8.477726,Normal
0.581931,tcp,-,FIN,14,8,928,956,36.086753,254,252,11850.20215,11506.51856,44.116463,75.791,Attack
2.7e-05,secure-vmtp,-,INT,2,0,200,0,37037.03698,254,0,29629630.0,0.0,0.027,0.0,Attack
8e-06,udp,dns,INT,2,0,114,0,125000.0003,254,0,57000000.0,0.0,0.008,0.0,Attack
7e-06,udp,-,INT,2,0,1066,0,142857.1409,254,0,609142848.0,0.0,0.007,0.0,Normal
1.008992,tcp,http,FIN,12,18,1580,10168,28.741557,31,29,11488.69434,76147.28906,91.695639,59.296764,Normal
0.716969,tcp,-,FIN,10,6,490,268,20.921406,254,252,4920.714844,2499.410645,76.636778,125.098797,Attack
2.103625,tcp,-,FIN,24,62,1268,63924,40.40644,62,252,4624.398438,239179.5,91.461954,33.184279,Attack
1.409184,tcp,http,FIN,14,18,1684,10168,21.998547,31,29,8878.897461,54522.33594,108.371846,82.863706,Normal
1e-05,trunk-1,-,INT,2,0,200,0,100000.0025,254,0,80000000.0,0.0,0.01,0.0,Attack
0.631835,tcp,-,FIN,10,8,564,354,26.905759,254,252,6432.059082,3925.075439,69.663,88.429859,Attack
50.004341,ospf,-,REQ,6,0,384,0,0.099991,1,0,51.195557,0.0,10000.87,0.0,Normal
8e-06,udp,dns,INT,2,0,114,0,125000.0003,254,0,57000000.0,0.0,0.008,0.0,Attack
3e-06,udp,dns,INT,2,0,114,0,333333.3215,254,0,152000000.0,0.0,0.003,0.0,Attack
1e-05,unas,-,INT,2,0,200,0,100000.0025,254,0,80000000.0,0.0,0.01,0.0,Attack
1.149682,tcp,http,FIN,14,18,1684,10168,26.963977,31,29,10883.00879,66828.91406,88.410849,67.596235,Normal
1.169305,tcp,-,FIN,10,8,564,354,14.538551,254,252,3475.568848,2120.917969,125.455444,154.319141,Attack
1e-05,udp,-,INT,2,0,168,0,100000.0025,254,0,67200000.0,0.0,0.01,0.0,Attack
0.214336,tcp,-,FIN,10,6,566,268,69.983579,254,252,19035.5332,8360.705078,21.780111,37.273801,Normal
15.602136,ospf,-,INT,20,0,900,0,1.217782,254,0,438.40152,0.0,821.165062,0.0,Attack
0.001112,udp,dns,CON,2,2,132,164,2697.841802,31,29,474820.1563,589928.0625,0.012,0.007,Normal
9e-06,cpnx,-,INT,2,0,200,0,111111.1072,254,0,88888888.0,0.0,0.009,0.0,Attack
1.538282,tcp,-,FIN,12,10,3052,836,13.651593,254,252,14551.29785,3916.056885,134.781821,164.239891,Attack
1e-05,udp,-,INT,2,0,104,0,100000.0025,254,0,41600000.0,0.0,0.01,0.0,Normal
2.88521,tcp,-,FIN,110,24,140627,1042,46.097164,254,252,386381.5625,2769.989014,26.469816,122.396867,Attack
3e-06,udp,dns,INT,2,0,114,0,333333.3215,254,0,152000000.0,0.0,0.003,0.0,Attack
8.359689,tcp,ftp,FIN,24,22,1276,1610,5.382976,62,252,1170.37854,1470.868164,363.442992,394.953531,Attack
8e-06,udp,dns,INT,2,0,114,0,125000.0003,254,0,57000000.0,0.0,0.008,0.0,Attack
9e-06,udp,-,INT,2,0,168,0,111111.1072,254,0,74666664.0,0.0,0.009,0.0,Attack
8e-06,udp,dns,INT,2,0,114,0,125000.0003,254,0,57000000.0,0.0,0.008,0.0,Attack
9e-06,udp,-,INT,2,0,104,0,111111.1072,254,0,46222220.0,0.0,0.009,0.0,Attack
2e-06,unas,-,INT,2,0,200,0,500000.0013,254,0,400000000.0,0.0,0.002,0.0,Attack
8e-06,udp,dns,INT,2,0,114,0,125000.0003,254,0,57000000.0,0.0,0.008,0.0,Attack
1.10385,tcp,-,FIN,10,8,564,354,15.400643,254,252,3681.659668,2246.682129,114.980444,146.428719,Attack
6e-06,udp,-,INT,2,0,232,0,166666.6608,254,0,154666656.0,0.0,0.006,0.0,Attack
0.751148,tcp,-,FIN,18,12,2708,2646,38.607572,254,252,27243.63281,25837.78516,44.185176,62.751,Attack
0.121151,tcp,-,FIN,50,50,3848,18980,817.162052,31,29,249077.5938,1228285.375,2.516062,2.460388,Normal
0.000951,udp,dns,CON,2,2,146,178,3154.574054,31,29,614090.4375,748685.5625,0.008,0.002,Normal
0.001082,udp,dns,CON,2,2,146,178,2772.643321,31,29,539741.25,658040.6875,0.007,0.007,Normal
1e-05,unas,-,INT,2,0,200,0,100000.0025,254,0,80000000.0,0.0,0.01,0.0,Attack
3e-06,udp,dns,INT,2,0,114,0,333333.3215,254,0,152000000.0,0.0,0.003,0.0,Attack
5e-06,udp,dns,INT,2,0,114,0,200000.0051,254,0,91200000.0,0.0,0.005,0.0,Attack
0.001184,udp,dns,CON,2,2,146,178,2533.783673,31,29,493243.2188,601351.3125,0.01,0.007,Normal
1.416647,tcp,-,FIN,10,10,608,646,13.411951,254,252,3094.631348,3286.634033,11773.2062,11773.135,Attack
0.55833,tcp,-,FIN,10,6,588,268,26.865832,254,252,7594.075195,3209.571289,56.329556,79.883398,Normal
0.259745,tcp,-,FIN,24,24,4408,2768,180.946696,31,29,130127.625,81710.90625,11.279957,11.268348,Normal
6e-06,unas,-,INT,2,0,200,0,166666.6608,254,0,133333328.0,0.0,0.006,0.0,Attack
1e-05,rsvp,-,INT,2,0,200,0,100000.0025,254,0,80000000.0,0.0,0.01,0.0,Attack
0.000948,udp,dns,CON,2,2,130,162,3164.556959,31,29,548523.1875,683544.3125,0.004,0.007,Normal
59.993935,arp,-,INT,2,0,92,0,0.016668,0,0,6.133954,0.0,60000.708,0.0,Normal
1.318099,tcp,-,CON,6,2,978,86,5.310678,62,252,4946.517578,260.981903,263.6198,0.007,Normal
0.625299,tcp,-,FIN,10,8,564,354,27.186995,254,252,6499.291016,3966.102783,69.050889,88.464859,Attack
0.799157,tcp,-,FIN,22,42,1172,36674,78.833068,62,252,11201.80371,358387.625,38.055094,19.056513,Attack
0.01084,tcp,-,FIN,38,40,2438,18508,7103.32126,31,29,1752029.625,13318082.0,0.284568,0.265128,Normal
8e-06,udp,-,INT,2,0,168,0,125000.0003,254,0,84000000.0,0.0,0.008,0.0,Attack
3e-06,udp,dns,INT,2,0,114,0,333333.3215,254,0,152000000.0,0.0,0.003,0.0,Attack
1.813736,tcp,http,FIN,10,10,848,1374,10.475615,62,252,3369.840088,5456.141602,201.526222,182.143219,Attack
9e-06,udp,dns,INT,2,0,114,0,111111.1072,254,0,50666664.0,0.0,0.009,0.0,Attack
9e-06,unas,-,INT,2,0,200,0,111111.1072,254,0,88888888.0,0.0,0.009,0.0,Attack
1e-06,udp,dns,INT,2,0,114,0,1000000.003,254,0,456000000.0,0.0,0.001,0.0,Attack
1e-05,unas,-,INT,2,0,200,0,100000.0025,254,0,80000000.0,0.0,0.01,0.0,Attack
9e-06,bbn-rcc,-,INT,2,0,180,0,111111.1072,254,0,80000000.0,0.0,0.009,0.0,Attack
9e-06,udp,dns,INT,2,0,114,0,111111.1072,254,0,50666664.0,0.0,0.009,0.0,Attack
0.847338,tcp,-,FIN,10,10,608,646,22.423165,254,252,5173.850098,5494.855469,94.148667,83.702891,Attack
2.437146,tcp,ftp-data,FIN,8,8,364,522,6.15474,62,252,1047.126465,1500.115356,348.057143,326.514437,Attack
9e-06,udp,dns,INT,2,0,114,0,111111.1072,254,0,50666664.0,0.0,0.009,0.0,Attack
0.501405,tcp,-,FIN,10,6,534,268,29.915936,254,252,7674.435059,3573.957275,52.267333,84.18,Normal
0.035596,tcp,-,FIN,72,74,4238,63516,4073.491613,31,29,939431.4375,14082032.0,0.503829,0.479521,Normal
9e-06,udp,dns,INT,2,0,114,0,111111.1072,254,0,50666664.0,0.0,0.009,0.0,Attack
0.001009,udp,dns,CON,2,2,146,178,2973.240834,31,29,578790.875,705649.1875,0.006,0.007,Normal
9e-06,udp,dns,INT,2,0,114,0,111111.1072,254,0,50666664.0,0.0,0.009,0.0,Attack
2.1e-05,udp,-,INT,2,0,142,0,47619.048,254,0,27047620.0,0.0,0.021,0.0,Attack
9e-06,udp,dns,INT,2,0,114,0,111111.1072,254,0,50666664.0,0.0,0.009,0.0,Attack
0.37749,tcp,http,FIN,10,18,958,15720,71.525071,254,252,18289.22461,314646.7188,41.943333,19.109529,Attack
3e-06,udp,dns,INT,2,0,114,0,333333.3215,254,0,152000000.0,0.0,0.003,0.0,Attack
1.251065,tcp,http,FIN,14,18,1684,10168,24.778888,31,29,10001.0791,61413.27344,96.208154,73.561882,Normal
7.67445,tcp,http,FIN,238,1502,11042,2067975,226.596045,62,252,11462.4502,2154264.0,32.381646,5.110077,Attack
0.974887,tcp,-,FIN,10,8,564,354,17.437918,254,252,4168.687988,2543.884521,108.212778,128.258289,Attack
0.0,arp,-,INT,1,0,46,0,0.0,0,0,0.0,0.0,60000.856,0.0,Normal
8e-06,udp,dns,INT,2,0,114,0,125000.0003,254,0,57000000.0,0.0,0.008,0.0,Attack
8e-06,udp,dns,INT,2,0,114,0,125000.0003,254,0,57000000.0,0.0,0.008,0.0,Attack
3e-06,iso-ip,-,INT,2,0,200,0,333333.3215,254,0,266666656.0,0.0,0.003,0.0,Attack
2e-06,udp,dns,INT,2,0,114,0,500000.0013,254,0,228000000.0,0.0,0.002,0.0,Attack
6e-06,udp,dns,INT,2,0,114,0,166666.6608,254,0,76000000.0,0.0,0.006,0.0,Attack
1e-05,udp,dns,INT,2,0,114,0,100000.0025,254,0,45600000.0,0.0,0.01,0.0,Attack
0.577869,tcp,http,FIN,10,6,1086,268,25.95744,254,252,13539.40039,3101.048828,64.207667,92.624398,Attack
0.004514,udp,-,CON,4,4,568,312,1550.731089,31,29,754984.5,414709.8125,1.241,1.019,Normal
0.0009,udp,dns,CON,2,2,130,162,3333.333391,31,29,577777.8125,720000.0,0.003,0.002,Normal
9e-06,udp,dns,INT,2,0,114,0,111111.1072,254,0,50666664.0,0.0,0.009,0.0,Attack
5e-06,udp,dns,INT,2,0,114,0,200000.0051,254,0,91200000.0,0.0,0.005,0.0,Attack
1e-06,unas,-,INT,2,0,200,0,1000000.003,254,0,800000000.0,0.0,0.001,0.0,Attack
6e-06,unas,-,INT,2,0,200,0,166666.6608,254,0,133333328.0,0.0,0.006,0.0,Attack
0.0,arp,-,INT,1,0,46,0,0.0,0,0,0.0,0.0,60000.76,0.0,Normal
1e-06,udp,dns,INT,2,0,114,0,1000000.003,254,0,456000000.0,0.0,0.001,0.0,Attack
3e-06,udp,dns,INT,2,0,114,0,333333.3215,254,0,152000000.0,0.0,0.003,0.0,Attack
0.761416,tcp,-,FIN,10,6,1612,268,19.700137,254,252,15245.2793,2353.509766,84.601778,117.656,Normal
8e-06,udp,dns,INT,2,0,114,0,125000.0003,254,0,57000000.0,0.0,0.008,0.0,Attack
0.070502,tcp,-,FIN,48,50,2958,32642,1375.847531,31,29,328728.2813,3629968.0,1.493213,1.427449,Normal
7e-06,udp,dns,INT,2,0,114,0,142857.1409,254,0,65142856.0,0.0,0.007,0.0,Attack
9e-06,udp,dns,INT,2,0,114,0,111111.1072,254,0,50666664.0,0.0,0.009,0.0,Attack
0.481852,tcp,-,FIN,10,6,534,268,31.129891,254,252,7985.854492,3718.984375,50.119111,82.099,Attack
9e-06,udp,dns,INT,2,0,114,0,111111.1072,254,0,50666664.0,0.0,0.009,0.0,Attack
0.123563,tcp,-,FIN,68,70,4014,59460,1108.746154,31,29,256063.7031,3794728.25,1.867379,1.781768,Normal
0.111958,tcp,-,FIN,48,50,2958,32642,866.39635,31,29,207006.2031,2285857.25,2.375553,2.274775,Normal
1.232247,tcp,smtp,FIN,14,12,1114,736,20.28814,254,252,6719.432129,4382.238281,94.788233,102.235094,Attack
0.040951,tcp,-,FIN,66,68,3926,57474,3247.784043,31,29,755439.4375,11062783.0,0.625431,0.604194,Normal
3e-06,crtp,-,INT,2,0,200,0,333333.3215,254,0,266666656.0,0.0,0.003,0.0,Attack
0.332589,tcp,ftp-data,FIN,8,12,424,8824,57.127566,31,29,8923.926758,194570.4688,47.443,30.192453,Normal
1.531988,tcp,smtp,FIN,20,20,3002,1788,25.457118,62,252,14893.06641,8872.131836,80.630948,77.879156,Attack
0.575429,tcp,-,FIN,20,8,17930,354,46.921512,254,252,236818.0938,4309.827637,28.465368,63.677855,Normal
5e-06,wb-mon,-,INT,2,0,200,0,200000.0051,254,0,160000000.0,0.0,0.005,0.0,Attack
5e-06,ipv6,-,INT,2,0,200,0,200000.0051,254,0,160000000.0,0.0,0.005,0.0,Attack
1.619463,tcp,http,FIN,10,14,792,11340,14.202239,62,252,3522.155273,52017.24219,179.940333,116.056695,Attack
0.042999,tcp,-,FIN,64,66,3806,54798,3000.069814,31,29,697132.5,10040792.0,0.688548,0.651954,Normal
3.305801,tcp,smtp,FIN,346,68,437489,3904,124.931903,62,252,1055659.5,9309.695312,9.607044,48.731984,Attack
6e-06,unas,-,INT,2,0,200,0,166666.6608,254,0,133333328.0,0.0,0.006,0.0,Attack
4e-06,unas,-,INT,2,0,200,0,250000.0006,254,0,200000000.0,0.0,0.004,0.0,Attack
0.523085,tcp,-,FIN,12,8,1122,750,36.322969,254,252,15737.4043,10048.08008,42.74518,72.264,Attack
8e-06,udp,dns,INT,2,0,114,0,125000.0003,254,0,57000000.0,0.0,0.008,0.0,Attack
7e-06,udp,-,INT,2,0,104,0,142857.1409,254,0,59428572.0,0.0,0.007,0.0,Attack
3e-06,udp,dns,INT,2,0,114,0,333333.3215,254,0,152000000.0,0.0,0.003,0.0,Attack
0.489927,tcp,http,FIN,10,6,1044,268,30.616807,254,252,15349.22559,3657.687744,47.739778,90.836602,Attack
6e-06,udp,dns,INT,2,0,114,0,166666.6608,254,0,76000000.0,0.0,0.006,0.0,Attack
9e-06,iatp,-,INT,2,0,200,0,111111.1072,254,0,88888888.0,0.0,0.009,0.0,Attack
1.824128,tcp,http,FIN,10,10,834,1236,10.415936,62,252,3293.628418,4881.236328,202.680889,194.983563,Normal
0.025303,tcp,-,FIN,64,66,3806,51808,5098.209581,31,29,1184681.625,16132158.0,0.409197,0.385625,Normal
0.001026,udp,dns,CON,2,2,146,178,2923.976572,31,29,569200.75,693957.125,0.009,0.007,Normal
1.994134,tcp,-,FIN,16,18,1540,1644,16.548537,31,29,5792.991211,6230.273438,132.863797,132.902859,Normal
6e-06,udp,dns,INT,2,0,114,0,166666.6608,254,0,76000000.0,0.0,0.006,0.0,Attack
0.490007,tcp,-,FIN,10,6,588,268,30.611807,254,252,8652.9375,3657.090576,52.144556,90.034797,Attack
1.178753,tcp,http,FIN,14,18,1684,10168,26.298978,31,29,10614.60742,65180.74609,90.643464,69.308588,Normal
4e-06,udp,dns,INT,2,0,114,0,250000.0006,254,0,114000000.0,0.0,0.004,0.0,Attack
1e-05,udp,-,INT,2,0,984,0,100000.0025,254,0,393600000.0,0.0,0.01,0.0,Attack
0.058899,tcp,-,FIN,64,66,3806,51808,2190.189976,31,29,508939.0313,6930372.5,0.945081,0.897262,Normal
3e-06,udp,dns,INT,2,0,114,0,333333.3215,254,0,152000000.0,0.0,0.003,0.0,Attack
0.018166,tcp,-,FIN,16,18,1540,1644,1816.580423,31,29,635913.25,683915.0,1.190333,1.041353,Normal
1.204013,tcp,http,FIN,12,10,942,1326,17.441672,62,252,5740.801758,7933.469238,109.455726,127.716555,Normal
8e-06,udp,dns,INT,2,0,114,0,125000.0003,254,0,57000000.0,0.0,0.008,0.0,Attack
0.111854,tcp,-,FIN,22,14,1470,1728,312.907893,31,29,100416.6094,114792.4922,5.5927,8.508615,Normal
9e-06,udp,dns,INT,2,0,114,0,111111.1072,254,0,50666664.0,0.0,0.009,0.0,Attack
1.010785,tcp,http,FIN,14,18,1684,10168,30.669233,31,29,12378.49805,76012.21094,77.723692,59.426529,Normal
2.395139,tcp,-,FIN,10,8,564,354,7.097709,254,252,1696.77002,1035.430542,262.546,328.969156,Attack
0.000996,udp,dns,CON,2,2,146,178,3012.048141,31,29,586345.375,714859.4375,0.01,0.006,Normal
0.162742,tcp,-,FIN,16,18,1540,1644,202.77494,31,29,70983.51563,76341.69531,10.829067,9.539059,Normal
9e-06,udp,dns,INT,2,0,114,0,111111.1072,254,0,50666664.0,0.0,0.009,0.0,Attack
5e-06,udp,dns,INT,2,0,114,0,200000.0051,254,0,91200000.0,0.0,0.005,0.0,Attack
0.02162,udp,-,CON,2,2,85,94,138.760408,254,60,15911.19336,17391.30469,0.009,0.002,Attack
0.001129,udp,dns,CON,2,2,130,162,2657.21882,31,29,460584.5938,573959.25,0.009,0.001,Normal
1e-06,udp,dns,INT,2,0,114,0,1000000.003,254,0,456000000.0,0.0,0.001,0.0,Attack
8e-06,tcp,-,REQ,2,0,90,0,125000.0003,254,0,45000000.0,0.0,0.008,0.0,Normal
1.067691,tcp,ftp-data,FIN,8,8,364,736,14.049009,62,252,2390.204834,4825.366211,152.357424,149.791422,Attack
58.411156,ospf,-,REQ,50,0,13600,0,0.838881,254,0,1825.404785,0.0,1242.1865,0.0,Attack
0.451352,tcp,http,FIN,10,6,1100,268,33.233485,254,252,17547.2793,3970.293701,47.880333,83.187398,Attack
0.001016,udp,dns,CON,2,2,146,178,2952.755752,31,29,574803.125,700787.375,0.001,0.008,Normal
8e-06,udp,dns,INT,2,0,114,0,125000.0003,254,0,57000000.0,0.0,0.008,0.0,Attack
0.02508,tcp,ssh,FIN,108,114,9504,12298,8811.802542,31,29,3003509.0,3888676.25,0.245248,0.223309,Normal
3e-06,unas,-,INT,2,0,200,0,333333.3215,254,0,266666656.0,0.0,0.003,0.0,Attack
0.19284,tcp,-,FIN,10,6,634,268,77.784694,254,252,23688.03125,9292.677734,19.452556,36.689602,Attack
9e-06,udp,dns,INT,2,0,114,0,111111.1072,254,0,50666664.0,0.0,0.009,0.0,Attack
0.924256,tcp,-,FIN,10,8,534,354,18.393172,254,252,4163.348633,2683.239258,102.593778,118.808141,Normal
0.015858,tcp,-,FIN,48,50,2958,32642,6116.786424,31,29,1461470.5,16138227.0,0.337848,0.320396,Normal
0.372034,tcp,-,FIN,10,6,1612,268,40.318894,254,252,31201.44727,4816.763672,38.221778,61.825,Attack
9e-06,udp,-,INT,2,0,104,0,111111.1072,254,0,46222220.0,0.0,0.009,0.0,Normal
0.815325,tcp,-,FIN,12,8,1072,710,23.30359,254,252,9645.233398,6103.087402,69.604088,102.686859,Attack
1.916419,tcp,-,FIN,10,8,742,354,8.870711,254,252,2788.53418,1294.0802,212.835444,255.755859,Attack
8e-06,udp,dns,INT,2,0,114,0,125000.0003,254,0,57000000.0,0.0,0.008,0.0,Attack
0.644238,tcp,-,FIN,10,8,564,354,26.387764,254,252,6308.227539,3849.509033,69.737556,90.958,Attack
1e-05,unas,-,INT,2,0,200,0,100000.0025,254,0,80000000.0,0.0,0.01,0.0,Attack
0.051037,tcp,-,FIN,40,42,2558,23162,1587.083923,31,29,391088.8438,3544252.25,1.334263,1.231878,Normal
0.034034,tcp,-,FIN,78,80,4550,72810,4613.034181,31,29,1055885.375,16900746.0,0.436312,0.423734,Normal
8e-06,udp,dns,INT,2,0,114,0,125000.0003,254,0,57000000.0,0.0,0.008,0.0,Attack
0.04003,tcp,-,FIN,90,92,5174,83812,4521.608921,31,29,1022633.063,16567775.0,0.451125,0.433352,Normal
8e-06,unas,-,INT,2,0,200,0,125000.0003,254,0,100000000.0,0.0,0.008,0.0,Attack
3e-06,udp,dns,INT,2,0,114,0,333333.3215,254,0,152000000.0,0.0,0.003,0.0,Attack
8e-06,udp,-,INT,2,0,78,0,125000.0003,254,0,39000000.0,0.0,0.008,0.0,Normal
0.038942,tcp,-,FIN,60,62,3598,48710,3107.184904,31,29,727029.9375,9845411.0,0.654458,0.628,Normal
0.421083,tcp,-,FIN,10,6,756,268,35.62243,254,252,12938.06641,4255.692871,46.772444,66.514398,Attack
6e-06,udp,dns,INT,2,0,114,0,166666.6608,254,0,76000000.0,0.0,0.006,0.0,Attack
0.001042,udp,dns,CON,2,2,146,178,2879.078645,31,29,560460.625,683301.3125,0.009,0.007,Normal
0.003916,tcp,http,FIN,8,10,1032,822,4341.164436,31,29,1844739.5,1511746.625,0.511286,0.376778,Normal
1.670774,tcp,ftp-data,FIN,10,20,450,19300,17.357225,62,252,1939.220947,87791.64844,185.628,83.803211,Attack
7e-06,l2tp,-,INT,2,0,200,0,142857.1409,254,0,114285712.0,0.0,0.007,0.0,Attack
0.0,arp,-,INT,1,0,46,0,0.0,0,0,0.0,0.0,0.0,0.0,Normal
4e-06,udp,dns,INT,2,0,114,0,250000.0006,254,0,114000000.0,0.0,0.004,0.0,Attack
0.018332,tcp,-,FIN,16,18,1540,1644,1800.130838,31,29,630154.875,677722.0,1.201,1.050529,Normal
3e-06,udp,-,INT,2,0,1064,0,333333.3215,254,0,1418666624.0,0.0,0.003,0.0,Attack
8e-06,udp,dns,INT,2,0,114,0,125000.0003,254,0,57000000.0,0.0,0.008,0.0,Attack
7e-06,fire,-,INT,2,0,200,0,142857.1409,254,0,114285712.0,0.0,0.007,0.0,Attack
6e-06,udp,dns,INT,2,0,114,0,166666.6608,254,0,76000000.0,0.0,0.006,0.0,Attack
0.004403,udp,-,CON,4,4,568,312,1589.825036,31,29,774017.6875,425164.625,1.186667,0.977667,Normal
5.168921,tcp,-,FIN,26,40,1354,23064,12.575158,62,252,2015.120728,34804.94141,206.75684,130.688282,Attack
0.599191,tcp,-,FIN,16,10,904,556,41.722922,254,252,11321.93262,6689.019043,39.058267,61.791109,Normal
0.601373,tcp,-,FIN,12,8,1454,764,31.594367,254,252,17732.75391,8899.634766,53.302727,72.435141,Attack
9e-06,udp,dns,INT,2,0,114,0,111111.1072,254,0,50666664.0,0.0,0.009,0.0,Attack
1.479334,tcp,-,FIN,14,12,667,572,16.899497,254,252,3352.860107,2839.115479,111.104075,125.887547,Attack
12.57899,tcp,-,FIN,454,858,25472,1094788,104.221404,31,29,16164.0957,695453.625,27.828936,14.67735,Normal
9e-06,udp,dns,INT,2,0,114,0,111111.1072,254,0,50666664.0,0.0,0.009,0.0,Attack
8e-06,udp,dns,INT,2,0,114,0,125000.0003,254,0,57000000.0,0.0,0.008,0.0,Attack
2.407671,tcp,smtp,FIN,24,22,6237,1750,18.690261,62,252,19863.17969,5552.253906,104.681348,111.629664,Attack
2.161014,tcp,-,FIN,60,16,70349,698,34.705928,254,252,256090.875,2424.787598,36.627356,139.086406,Attack
6e-06,udp,-,INT,2,0,334,0,166666.6608,254,0,222666656.0,0.0,0.006,0.0,Normal
0.001075,udp,dns,CON,2,2,132,164,2790.69758,31,29,491162.7813,610232.5625,0.008,0.007,Normal
1.558703,tcp,ftp,FIN,14,12,810,682,16.038977,254,252,3864.751709,3212.927734,117.999079,136.695906,Normal
3e-06,udp,-,INT,2,0,104,0,333333.3215,254,0,138666656.0,0.0,0.003,0.0,Attack
0.388098,udp,-,CON,4,4,528,304,18.036681,31,29,8162.886719,4699.84375,124.354,7.645667,Normal
9e-06,udp,dns,INT,2,0,114,0,111111.1072,254,0,50666664.0,0.0,0.009,0.0,Attack
0.710912,tcp,-,FIN,22,24,2054,2478,63.298975,31,29,22067.42969,26726.23438,33.836953,30.882523,Normal
4e-06,udp,dns,INT,2,0,114,0,250000.0006,254,0,114000000.0,0.0,0.004,0.0,Attack
0.097147,tcp,-,FIN,22,24,2054,2478,463.215526,31,29,161487.2188,195579.8906,4.8394,4.198913,Normal
1.962423,tcp,-,FIN,12,10,1110,832,10.701057,254,252,4149.97168,3053.368164,171.502088,200.017781,Attack
9e-06,udp,dns,INT,2,0,114,0,111111.1072,254,0,50666664.0,0.0,0.009,0.0,Attack
0.273974,tcp,http,FIN,10,6,826,268,54.74972,254,252,21724.68945,6540.766602,28.812111,38.794398,Attack
0.90886,tcp,-,FIN,122,126,7820,15306,271.769021,31,29,68270.14063,133661.9531,7.634563,7.325299,Normal
9e-06,ipv6-route,-,INT,2,0,200,0,111111.1072,254,0,88888888.0,0.0,0.009,0.0,Attack
4e-06,leaf-1,-,INT,2,0,200,0,250000.0006,254,0,200000000.0,0.0,0.004,0.0,Attack
0.027564,tcp,ftp-data,FIN,8,12,424,8824,689.304882,31,29,107676.6797,2347699.75,3.880143,2.458545,Normal
5e-06,udp,-,INT,2,0,1942,0,200000.0051,254,0,1553600000.0,0.0,0.005,0.0,Attack
0.325675,tcp,smtp,FIN,52,40,37268,3276,279.419658,31,29,897876.6875,78483.14844,6.639429,8.336359,Normal
9e-06,udp,dns,INT,2,0,114,0,111111.1072,254,0,50666664.0,0.0,0.009,0.0,Attack
9e-06,udp,dns,INT,2,0,114,0,111111.1072,254,0,50666664.0,0.0,0.009,0.0,Attack
0.718947,tcp,smtp,FIN,24,20,4263,1686,59.809694,62,252,45466.49609,17826.07031,31.21713,37.361105,Attack
0.109943,tcp,-,FIN,60,62,3614,50036,1100.570271,31,29,258606.7344,3582147.0,1.85817,1.792689,Normal
0.444621,tcp,-,FIN,10,6,1534,268,33.736598,254,252,24848.12891,4030.398926,49.402333,77.208203,Attack
0.668558,tcp,http,FIN,10,6,694,268,22.436348,254,252,7478.782715,2680.395752,69.357333,120.905203,Attack
47.485291,ospf,-,REQ,70,0,19040,0,1.453082,254,0,3161.905518,0.0,693.785,0.0,Attack
1.047554,tcp,-,FIN,10,8,1506,354,16.22828,254,252,10355.55176,2367.419678,110.617444,134.450281,Normal
3e-06,udp,dns,INT,2,0,466,0,333333.3215,254,0,621333312.0,0.0,0.003,0.0,Attack
0.020931,tcp,ftp,FIN,52,54,2934,3742,5016.482755,31,29,1099995.25,1403850.75,0.403941,0.384811,Normal
7e-06,udp,dns,INT,2,0,114,0,142857.1409,254,0,65142856.0,0.0,0.007,0.0,Attack
0.233692,tcp,-,FIN,10,6,990,268,64.187048,254,252,30501.68555,7668.212891,25.965778,44.483398,Attack
8e-06,udp,dns,INT,2,0,114,0,125000.0003,254,0,57000000.0,0.0,0.008,0.0,Attack
0.001022,udp,dns,CON,2,2,146,178,2935.420795,31,29,571428.5625,696673.1875,0.009,0.005,Normal
0.001064,udp,dns,CON,2,2,130,162,2819.548997,31,29,488721.8125,609022.5625,0.009,0.007,Normal
5e-06,unas,-,INT,2,0,200,0,200000.0051,254,0,160000000.0,0.0,0.005,0.0,Attack
0.028879,tcp,-,FIN,48,50,2958,33044,3358.84208,31,29,802520.875,8970948.0,0.619261,0.568469,Normal
4.578811,tcp,smtp,FIN,280,60,360959,3354,74.036685,62,252,628407.6875,5763.941406,16.411509,75.138422,Attack
7e-06,udp,-,INT,2,0,104,0,142857.1409,254,0,59428572.0,0.0,0.007,0.0,Attack
1.272968,tcp,pop3,FIN,20,24,932,7060,33.779324,62,252,5568.089355,42521.09766,66.998316,52.51439,Attack
15.602136,ospf,-,INT,20,0,900,0,1.217782,254,0,438.40152,0.0,821.165062,0.0,Attack
6.277782,tcp,ftp,FIN,28,22,1452,1660,7.805305,62,252,1785.343994,2019.821655,232.504777,295.574149,Attack
1.321203,tcp,http,FIN,40,220,2228,282265,196.033464,62,252,13157.70606,1701370.625,33.876999,6.030285,Attack
3e-06,udp,dns,INT,2,0,114,0,333333.3215,254,0,152000000.0,0.0,0.003,0.0,Attack
3e-06,udp,dns,INT,2,0,114,0,333333.3215,254,0,152000000.0,0.0,0.003,0.0,Attack
0.673205,tcp,-,CON,6,2,986,86,10.398021,62,252,9768.198242,510.988464,134.641,0.008,Normal
5e-06,udp,dns,INT,2,0,114,0,200000.0051,254,0,91200000.0,0.0,0.005,0.0,Attack
1.395141,tcp,http,FIN,10,10,804,1292,13.618695,62,252,4151.551758,6668.859863,154.912333,146.739672,Attack
0.0,arp,-,INT,1,0,46,0,0.0,0,0,0.0,0.0,60000.68,0.0,Normal
1e-06,udp,dns,INT,2,0,114,0,1000000.003,254,0,456000000.0,0.0,0.001,0.0,Attack
0.820485,tcp,-,FIN,10,6,588,268,18.28187,254,252,5167.675293,2184.073975,91.165,136.708406,Normal
7e-06,udp,-,INT,2,0,168,0,142857.1409,254,0,96000000.0,0.0,0.007,0.0,Attack
3e-06,wb-mon,-,INT,2,0,200,0,333333.3215,254,0,266666656.0,0.0,0.003,0.0,Attack
9e-06,egp,-,INT,2,0,180,0,111111.1072,254,0,80000000.0,0.0,0.009,0.0,Attack
1.268561,tcp,ftp-data,FIN,8,8,364,768,11.824421,62,252,2011.728271,4237.872559,181.097857,171.229859,Attack
0.142756,tcp,smtp,FIN,52,42,37152,3380,651.461234,31,29,2041973.75,184930.9375,2.791784,3.469146,Normal
0.410782,tcp,-,FIN,12,8,1550,744,46.253243,254,252,27674.04492,12678.25684,36.433545,49.122715,Attack
9e-06,udp,-,INT,2,0,674,0,111111.1072,254,0,299555552.0,0.0,0.009,0.0,Attack
1.574346,tcp,-,FIN,36,14,34706,966,31.124036,254,252,171459.1406,4558.083496,43.710457,114.738922,Attack
0.543583,tcp,-,FIN,12,8,1058,750,34.953265,254,252,14275.64941,9669.176758,46.761635,73.12457,Attack
0.22353,tcp,ftp-data,FIN,8,12,424,8824,84.999778,31,29,13277.86035,289500.3125,31.887142,20.175636,Normal
0.466139,ospf,-,INT,20,0,1040,0,40.760375,254,0,16956.31641,0.0,24.533631,0.0,Attack
0.728174,tcp,-,FIN,30,14,26148,764,59.051822,254,252,277702.875,7800.333984,25.109449,51.753152,Normal
0.987626,tcp,-,FIN,10,8,564,354,17.212993,254,252,4114.917969,2511.072021,102.926556,129.595,Attack
7e-06,udp,dns,INT,2,0,114,0,142857.1409,254,0,65142856.0,0.0,0.007,0.0,Attack
3e-06,udp,dns,INT,2,0,114,0,333333.3215,254,0,152000000.0,0.0,0.003,0.0,Attack
1.586794,tcp,-,FIN,24,62,1250,63218,53.567129,62,252,6039.851562,313583.2188,68.991046,24.882114,Attack
1.507907,tcp,smtp,FIN,24,20,5835,1834,28.516347,62,252,29667.61133,9247.254883,65.561171,74.869,Attack
3e-06,unas,-,INT,2,0,200,0,333333.3215,254,0,266666656.0,0.0,0.003,0.0,Attack
1e-05,udp,dns,INT,2,0,116,0,100000.0025,254,0,46400000.0,0.0,0.01,0.0,Attack
8e-06,udp,dns,INT,2,0,114,0,125000.0003,254,0,57000000.0,0.0,0.008,0.0,Attack
5e-06,smp,-,INT,2,0,200,0,200000.0051,254,0,160000000.0,0.0,0.005,0.0,Attack
3e-06,udp,dns,INT,2,0,114,0,333333.3215,254,0,152000000.0,0.0,0.003,0.0,Attack
0.845817,tcp,pop3,FIN,20,20,968,2708,46.109263,62,252,8701.645508,24336.23242,44.470002,40.839684,Attack
8e-06,udp,dns,INT,2,0,114,0,125000.0003,254,0,57000000.0,0.0,0.008,0.0,Attack
3e-06,udp,dns,INT,2,0,114,0,333333.3215,254,0,152000000.0,0.0,0.003,0.0,Attack
9e-06,prm,-,INT,2,0,200,0,111111.1072,254,0,88888888.0,0.0,0.009,0.0,Attack
0.017938,tcp,-,FIN,16,18,1540,1644,1839.670054,31,29,643996.0,692607.875,1.1758,1.027588,Normal
1.019386,tcp,pop3,FIN,26,72,1226,72248,95.155314,62,252,9252.62793,559120.875,40.775441,14.229691,Attack
0.657481,tcp,-,FIN,10,6,756,268,22.814347,254,252,8286.170898,2725.553955,70.259222,116.445797,Attack
9e-06,ipv6,-,INT,2,0,86,0,111111.1072,254,0,38222220.0,0.0,0.009,0.0,Attack
1.134149,tcp,http,FIN,14,18,1684,10168,27.33327,31,29,11032.06055,67744.1875,87.216695,66.684706,Normal
0.035858,tcp,-,FIN,78,80,4550,72810,4378.381203,31,29,1002175.188,16041050.0,0.467579,0.446076,Normal
0.400544,tcp,-,FIN,10,6,756,268,37.44907,254,252,13601.50195,4473.915527,41.276889,63.740398,Attack
0.317557,tcp,-,CON,6,2,986,86,22.043286,62,252,20708.09375,1083.27002,63.5114,0.003,Normal
0.020496,tcp,smtp,FIN,52,42,37372,3380,4537.470814,31,29,14306792.0,1288056.25,0.411082,0.486707,Normal
2e-06,udp,dns,INT,2,0,114,0,500000.0013,254,0,228000000.0,0.0,0.002,0.0,Attack
6e-06,unas,-,INT,2,0,200,0,166666.6608,254,0,133333328.0,0.0,0.006,0.0,Attack
5e-06,unas,-,INT,2,0,200,0,200000.0051,254,0,160000000.0,0.0,0.005,0.0,Attack
5e-06,udp,dns,INT,2,0,114,0,200000.0051,254,0,91200000.0,0.0,0.005,0.0,Attack
5.96156,tcp,ftp,FIN,24,24,1272,1740,7.883843,62,252,1635.813477,2238.340332,259.155258,255.243125,Attack
0.001077,udp,dns,CON,2,2,146,178,2785.515187,31,29,542246.9375,661095.625,0.01,0.005,Normal
6e-06,udp,dns,INT,2,0,114,0,166666.6608,254,0,76000000.0,0.0,0.006,0.0,Attack
4e-06,udp,-,INT,2,0,168,0,250000.0006,254,0,168000000.0,0.0,0.004,0.0,Attack
8e-06,udp,dns,INT,2,0,114,0,125000.0003,254,0,57000000.0,0.0,0.008,0.0,Attack
1.078311,tcp,-,FIN,30,14,27008,764,39.87718,254,252,193695.5156,5267.49707,37.183139,73.287234,Attack
3e-06,unas,-,INT,2,0,200,0,333333.3215,254,0,266666656.0,0.0,0.003,0.0,Attack
0.341341,tcp,-,FIN,10,6,576,268,43.944327,254,252,12163.79004,5249.882324,36.148444,53.871602,Normal
9e-06,udp,dns,INT,2,0,114,0,111111.1072,254,0,50666664.0,0.0,0.009,0.0,Attack
8e-06,udp,dns,INT,2,0,114,0,125000.0003,254,0,57000000.0,0.0,0.008,0.0,Attack
3e-06,udp,dns,INT,2,0,114,0,333333.3215,254,0,152000000.0,0.0,0.003,0.0,Attack
9e-06,udp,dns,INT,2,0,114,0,111111.1072,254,0,50666664.0,0.0,0.009,0.0,Attack
4e-06,udp,-,INT,2,0,1064,0,250000.0006,254,0,1064000000.0,0.0,0.004,0.0,Attack
0.6243,tcp,-,FIN,10,6,2516,268,24.02691,254,252,29024.50781,2870.414795,69.316778,106.018797,Normal
8e-06,udp,dns,INT,2,0,114,0,125000.0003,254,0,57000000.0,0.0,0.008,0.0,Attack
1.438549,tcp,-,FIN,20,34,1124,25454,36.842679,62,252,5939.317871,137394.0,75.713107,42.455001,Attack
0.0,arp,-,INT,1,0,46,0,0.0,0,0,0.0,0.0,60000.7,0.0,Normal
6e-06,udp,dns,INT,2,0,114,0,166666.6608,254,0,76000000.0,0.0,0.006,0.0,Attack
0.083839,tcp,-,FIN,16,18,1540,1644,393.611568,31,29,137787.9063,148188.7969,5.5668,4.904059,Normal
1.042043,tcp,-,FIN,10,8,564,354,16.314106,254,252,3900.031006,2379.940186,113.352111,140.265859,Attack
8e-06,unas,-,INT,2,0,200,0,125000.0003,254,0,100000000.0,0.0,0.008,0.0,Attack
5e-06,udp,dns,INT,2,0,114,0,200000.0051,254,0,91200000.0,0.0,0.005,0.0,Attack
0.581534,tcp,-,FIN,10,6,534,268,25.793847,254,252,6616.981445,3081.504883,62.306778,88.512203,Normal
0.036084,udp,-,CON,4,4,520,304,193.991797,31,29,86464.91406,50548.71875,7.002667,7.654,Normal
0.018378,tcp,-,FIN,16,18,1540,1644,1795.625135,31,29,628577.625,676025.6875,1.2048,1.054353,Normal
8e-06,udp,dns,INT,2,0,114,0,125000.0003,254,0,57000000.0,0.0,0.008,0.0,Attack
1.182819,tcp,http,FIN,14,18,1684,10168,26.208574,31,29,10578.11914,64956.68359,90.959541,69.546469,Normal
0.001755,udp,-,CON,4,4,544,304,3988.604044,31,29,1859829.125,1039316.25,0.455333,0.216667,Normal
3e-06,udp,dns,INT,2,0,114,0,333333.3215,254,0,152000000.0,0.0,0.003,0.0,Attack
0.311881,tcp,-,FIN,122,126,7820,15306,791.968717,31,29,198947.6719,389507.5313,2.662667,2.4906,Normal
4e-06,udp,-,INT,2,0,1064,0,250000.0006,254,0,1064000000.0,0.0,0.004,0.0,Normal
9e-06,crtp,-,INT,2,0,200,0,111111.1072,254,0,88888888.0,0.0,0.009,0.0,Attack
0.004789,tcp,-,FIN,12,12,1064,2260,4802.672881,31,29,1630403.0,3461265.5,0.402455,0.4204,Normal
0.658687,tcp,-,FIN,10,8,564,354,25.80892,254,252,6169.850098,3765.065918,71.431333,86.846289,Attack
0.822676,tcp,http,FIN,10,8,786,354,20.664271,254,252,6884.849121,3014.55249,88.514333,107.26157,Attack
4e-06,hmp,-,INT,2,0,200,0,250000.0006,254,0,200000000.0,0.0,0.004,0.0,Attack
8e-06,udp,dns,INT,2,0,114,0,125000.0003,254,0,57000000.0,0.0,0.008,0.0,Attack
0.854992,tcp,-,FIN,14,12,1698,604,29.240041,254,252,14755.69434,5183.674316,65.768618,68.136367,Attack
9e-06,udp,dns,INT,2,0,114,0,111111.1072,254,0,50666664.0,0.0,0.009,0.0,Attack
0.48823,tcp,http,FIN,10,6,1038,268,30.723225,254,252,15320.64844,3670.401367,54.247778,83.979797,Attack
0.07985,tcp,ftp,FIN,52,54,2934,3742,1314.965509,31,29,288340.625,367989.9688,1.556627,1.496472,Normal
6e-06,udp,dns,INT,2,0,114,0,166666.6608,254,0,76000000.0,0.0,0.006,0.0,Attack
0.191085,tcp,-,FIN,22,24,2054,2478,235.497297,31,29,82099.59375,99432.19531,9.082238,8.281478,Normal
8e-06,vines,-,INT,2,0,200,0,125000.0003,254,0,100000000.0,0.0,0.008,0.0,Attack
0.193645,tcp,smtp,FIN,54,42,37914,3380,490.588447,31,29,1537328.625,136331.9531,3.646849,4.71122,Normal
0.596994,tcp,http,FIN,10,8,846,1290,28.475999,62,252,10211.1582,15129.13086,66.332667,65.934711,Attack
0.001022,udp,dns,CON,2,2,146,178,2935.420795,31,29,571428.5625,696673.1875,0.009,0.002,Normal
2.5e-05,udp,-,INT,2,0,168,0,40000.00101,254,0,26880000.0,0.0,0.025,0.0,Attack
0.065004,tcp,-,FIN,84,86,4862,75600,2599.840067,31,29,591348.25,9195865.0,0.788732,0.758294,Normal
0.005566,tcp,-,FIN,22,24,2054,2478,8084.800565,31,29,2818541.25,3413582.5,0.248143,0.225773,Normal
9e-06,i-nlsp,-,INT,2,0,200,0,111111.1072,254,0,88888888.0,0.0,0.009,0.0,Attack
8e-06,unas,-,INT,2,0,200,0,125000.0003,254,0,100000000.0,0.0,0.008,0.0,Attack
4e-06,udp,-,INT,2,0,1064,0,250000.0006,254,0,1064000000.0,0.0,0.004,0.0,Normal
8e-06,udp,dns,INT,2,0,114,0,125000.0003,254,0,57000000.0,0.0,0.008,0.0,Attack
0.331451,tcp,-,FIN,28,30,4256,3080,171.971122,31,29,99055.36719,71877.89844,12.264445,11.412655,Normal
0.00106,udp,dns,CON,2,2,146,178,2830.188576,31,29,550943.375,671698.0625,0.009,0.007,Normal
1e-05,udp,dns,INT,2,0,114,0,100000.0025,254,0,45600000.0,0.0,0.01,0.0,Attack
0.759305,tcp,-,FIN,10,8,1294,354,22.388895,254,252,12274.38281,3266.144775,78.172556,95.76243,Attack
0.798891,tcp,pop3,FIN,22,32,1046,19212,66.341966,62,252,10003.86816,186378.3594,38.042429,25.256355,Attack
0.42843,tcp,-,FIN,10,6,538,268,35.011555,254,252,9056.322266,4182.713867,44.878667,77.025398,Attack
0.00102,udp,dns,CON,2,2,146,178,2941.176566,31,29,572549.0625,698039.25,0.001,0.007,Normal
0.723287,tcp,-,FIN,10,8,564,354,23.50381,254,252,5618.792969,3428.791016,75.732444,94.58943,Attack
3e-06,udp,dns,INT,2,0,114,0,333333.3215,254,0,152000000.0,0.0,0.003,0.0,Attack
0.669917,tcp,http,FIN,10,6,510,268,22.390834,254,252,5481.276367,2674.958252,68.652778,115.472203,Attack
0.787887,tcp,-,FIN,122,126,7820,15306,313.496741,31,29,78752.41406,154184.5469,6.507958,6.298248,Normal
7e-06,udp,dns,INT,2,0,114,0,142857.1409,254,0,65142856.0,0.0,0.007,0.0,Attack
1e-05,udp,dns,INT,2,0,114,0,100000.0025,254,0,45600000.0,0.0,0.01,0.0,Attack
0.0,arp,-,INT,1,0,46,0,0.0,0,0,0.0,0.0,60000.648,0.0,Normal
2.284041,tcp,smtp,FIN,54,24,48357,1952,33.71218,62,252,166238.7031,6553.297852,43.077868,97.250609,Attack
0.063932,tcp,-,FIN,48,50,2958,33044,1517.237027,31,29,362510.1563,4052305.5,1.353681,1.294551,Normal
0.657109,tcp,ftp-data,FIN,8,8,364,668,22.827262,62,252,3883.678223,7122.105957,93.872717,85.061711,Attack
3e-06,unas,-,INT,2,0,200,0,333333.3215,254,0,266666656.0,0.0,0.003,0.0,Attack
9e-06,udp,dns,INT,2,0,114,0,111111.1072,254,0,50666664.0,0.0,0.009,0.0,Attack
0.005561,udp,-,CON,4,4,568,304,1258.766363,31,29,612839.375,327998.5625,1.529333,1.390333,Normal
0.0,arp,-,INT,1,0,46,0,0.0,0,0,0.0,0.0,60000.784,0.0,Normal
9e-06,udp,dns,INT,2,0,114,0,111111.1072,254,0,50666664.0,0.0,0.009,0.0,Attack
1.044637,tcp,-,FIN,10,8,2516,354,16.273596,254,252,17345.73828,2374.030518,109.142778,142.559859,Normal
0.001033,udp,dns,CON,2,2,146,178,2904.162775,31,29,565343.6875,689254.625,0.008,0.002,Normal
9e-06,udp,dns,INT,2,0,114,0,111111.1072,254,0,50666664.0,0.0,0.009,0.0,Attack
1.056908,tcp,-,FIN,10,8,588,354,16.084654,254,252,4011.701904,2346.467285,117.434222,128.39157,Attack
4e-06,sctp,-,INT,2,0,640,0,250000.0006,254,0,640000000.0,0.0,0.004,0.0,Attack
0.016732,tcp,-,FIN,48,50,2958,32642,5797.274748,31,29,1385130.25,15295243.0,0.349596,0.330531,Normal
1.080582,tcp,-,FIN,56,90,3722,95042,134.186945,31,29,27066.89453,695817.625,19.640928,12.274216,Normal
1e-06,udp,dns,INT,2,0,114,0,1000000.003,254,0,456000000.0,0.0,0.001,0.0,Attack
0.533183,tcp,http,FIN,10,8,1366,3208,31.883989,62,252,18455.20313,42116.875,59.242556,64.061715,Attack
5e-06,udp,dns,INT,2,0,114,0,200000.0051,254,0,91200000.0,0.0,0.005,0.0,Attack
0.033184,tcp,-,FIN,48,50,2958,32642,2923.095524,31,29,698408.875,7712150.5,0.713587,0.679896,Normal
8e-06,sctp,-,INT,2,0,640,0,125000.0003,254,0,320000000.0,0.0,0.008,0.0,Attack
0.044084,tcp,-,FIN,72,72,4238,63412,3243.807179,31,29,758551.8125,11347790.0,0.63387,0.61331,Normal
3e-06,udp,dns,INT,2,0,114,0,333333.3215,254,0,152000000.0,0.0,0.003,0.0,Attack
0.780411,tcp,-,FIN,12,10,2018,826,26.908898,254,252,18964.36523,7626.750488,70.946455,78.967664,Attack
7.6e-05,udp,-,INT,2,0,503,0,13157.89532,64,0,26526316.0,0.0,0.076,0.0,Normal
6e-06,udp,dns,INT,2,0,114,0,166666.6608,254,0,76000000.0,0.0,0.006,0.0,Attack
1e-06,udp,dns,INT,2,0,114,0,1000000.003,254,0,456000000.0,0.0,0.001,0.0,Attack
3e-06,udp,dns,INT,2,0,114,0,333333.3215,254,0,152000000.0,0.0,0.003,0.0,Attack
3e-06,udp,dns,INT,2,0,114,0,333333.3215,254,0,152000000.0,0.0,0.003,0.0,Attack
5e-06,udp,dns,INT,2,0,114,0,200000.0051,254,0,91200000.0,0.0,0.005,0.0,Attack
3e-06,ifmp,-,INT,2,0,200,0,333333.3215,254,0,266666656.0,0.0,0.003,0.0,Attack
0.461406,tcp,-,FIN,10,8,510,354,36.843908,254,252,7958.28418,5374.875977,49.577222,56.56057,Attack
0.00557,tcp,-,FIN,18,18,3736,2456,6283.662435,31,29,5068581.5,3332136.5,0.309176,0.300471,Normal
0.906076,tcp,-,FIN,60,14,68183,612,80.567192,254,252,591976.8125,5023.86084,14.929525,65.947461,Attack
9e-06,udp,-,INT,2,0,168,0,111111.1072,254,0,74666664.0,0.0,0.009,0.0,Attack
1e-05,udp,-,INT,2,0,1430,0,100000.0025,254,0,572000000.0,0.0,0.01,0.0,Attack
0.028729,tcp,smtp,FIN,52,42,37492,3380,3237.147224,31,29,10239410.0,918932.125,0.556706,0.686634,Normal
0.416978,tcp,http,FIN,10,8,838,354,40.769537,254,252,14485.17676,5947.556152,46.330889,56.806715,Attack
59.995987,arp,-,INT,2,0,92,0,0.016668,0,0,6.133744,0.0,59998.324,0.0,Normal
4e-06,udp,dns,INT,2,0,114,0,250000.0006,254,0,114000000.0,0.0,0.004,0.0,Attack
2.001714,tcp,-,FIN,122,126,7816,15092,123.394252,31,29,30981.44922,59840.71484,16.540181,16.00984,Normal
0.004638,tcp,-,FIN,18,18,3936,2456,7546.356309,31,29,6413109.0,4001725.0,0.254706,0.244647,Normal
2.407509,tcp,-,FIN,16,12,2286,642,11.214911,254,252,7124.375977,1957.209595,159.081532,214.076812,Normal
1.304935,tcp,-,FIN,10,8,564,354,13.027469,254,252,3114.331299,1900.477783,141.694556,174.217422,Attack
0.050868,tcp,-,FIN,72,74,4238,63516,2850.515012,31,29,657387.75,9854211.0,0.712,0.698569,Normal
8e-06,unas,-,INT,2,0,200,0,125000.0003,254,0,100000000.0,0.0,0.008,0.0,Attack
9e-06,unas,-,INT,2,0,200,0,111111.1072,254,0,88888888.0,0.0,0.009,0.0,Attack
0.854802,tcp,http,FIN,10,8,824,3136,19.887646,62,252,6944.29834,25680.80078,94.962444,105.76457,Attack
2e-06,udp,-,INT,2,0,1268,0,500000.0013,254,0,2536000000.0,0.0,0.002,0.0,Attack
1.297501,tcp,-,FIN,10,8,564,354,13.10211,254,252,3132.175049,1911.366577,140.623889,171.142422,Attack
0.246981,tcp,http,FIN,10,10,786,4214,76.928996,62,252,22932.93945,122859.6563,27.442333,20.046444,Attack
1.327752,tcp,-,FIN,60,14,68023,612,54.980147,254,252,403027.0625,3428.351074,21.385491,92.450383,Normal
9e-06,udp,dns,INT,2,0,114,0,111111.1072,254,0,50666664.0,0.0,0.009,0.0,Attack
2.634656,tcp,smtp,FIN,50,26,41293,2168,28.466715,62,252,122879.0391,6330.997559,53.768488,101.177078,Attack
8e-06,udp,dns,INT,2,0,114,0,125000.0003,254,0,57000000.0,0.0,0.008,0.0,Attack
0.944624,tcp,smtp,FIN,40,22,31217,1998,64.575958,62,252,257770.2813,16158.81055,24.221128,42.626523,Attack
0.695763,tcp,-,FIN,230,438,13246,548216,958.659785,31,29,151649.3438,6289095.5,3.063657,1.5947,Normal
1.55226,tcp,ftp,FIN,14,12,948,682,16.105549,254,252,4540.476562,3226.263672,117.438769,132.659,Attack
9.691561,tcp,-,FIN,10,8,1806,354,1.754103,254,252,1342.19873,255.892731,1076.840111,1360.089375,Attack
0.03599,udp,-,CON,4,4,528,304,194.498473,31,29,88024.45313,50680.74609,7.007,7.630667,Normal
20.515936,tcp,http,FIN,1622,256,2162286,11018,91.489855,254,252,842643.6875,4279.600098,12.642715,80.26968,Attack
4e-06,udp,-,INT,2,0,168,0,250000.0006,254,0,168000000.0,0.0,0.004,0.0,Attack
0.505064,tcp,-,FIN,10,6,2516,268,29.699206,254,252,35876.64063,3548.065186,51.026556,87.039398,Normal
6e-06,a/n,-,INT,2,0,200,0,166666.6608,254,0,133333328.0,0.0,0.006,0.0,Attack
3e-06,udp,dns,INT,2,0,114,0,333333.3215,254,0,152000000.0,0.0,0.003,0.0,Attack
6e-06,udp,dns,INT,2,0,114,0,166666.6608,254,0,76000000.0,0.0,0.006,0.0,Attack
1.526519,tcp,ftp,FIN,64,20,68216,1026,54.372073,254,252,351917.0313,5109.664551,24.026524,77.742789,Normal
6e-06,unas,-,INT,2,0,200,0,166666.6608,254,0,133333328.0,0.0,0.006,0.0,Attack
9e-06,unas,-,INT,2,0,200,0,111111.1072,254,0,88888888.0,0.0,0.009,0.0,Attack
9e-06,udp,dns,INT,2,0,114,0,111111.1072,254,0,50666664.0,0.0,0.009,0.0,Attack
1.306102,tcp,-,FIN,12,10,1498,832,16.078376,254,252,8415.881836,4587.696777,118.724,131.684328,Attack
1.740544,tcp,-,FIN,20,12,9258,642,17.810524,254,252,40428.74219,2707.199707,89.980262,151.598734,Attack
0.975587,tcp,-,FIN,34,10,36750,440,44.076028,254,252,292500.8125,3247.275635,29.559849,102.611109,Attack
8e-06,udp,dns,INT,2,0,114,0,125000.0003,254,0,57000000.0,0.0,0.008,0.0,Attack
1.143512,tcp,http,FIN,10,8,824,354,14.866481,254,252,5191.025391,2168.757324,127.041222,140.138859,Attack
2.91437,tcp,ftp,FIN,22,22,1166,1614,14.754475,62,252,3055.205811,4230.07373,138.735336,137.083339,Attack
1.020847,tcp,http,FIN,12,18,1580,10168,28.407784,31,29,11355.27734,75262.99219,92.185365,60.017997,Normal
7e-06,unas,-,INT,2,0,200,0,142857.1409,254,0,114285712.0,0.0,0.007,0.0,Attack
0.461487,tcp,-,CON,6,2,986,86,15.168358,62,252,14249.58887,745.416443,92.2974,0.001,Normal
1.13858,tcp,-,FIN,28,30,4256,3080,50.06236,31,29,28835.91992,20924.31055,42.158185,39.244484,Normal
0.02778,tcp,smtp,FIN,52,40,37152,3276,3275.737927,31,29,10493304.0,920086.375,0.5488,0.69859,Normal
0.804674,tcp,-,FIN,10,8,534,354,21.126567,254,252,4782.060547,3081.993408,85.772444,99.898859,Normal
0.619064,tcp,-,CON,6,2,978,86,11.307394,62,252,10532.0293,555.677612,123.8128,0.002,Normal
3e-06,udp,dns,INT,2,0,114,0,333333.3215,254,0,152000000.0,0.0,0.003,0.0,Attack
0.016485,tcp,-,FIN,48,50,2958,32642,5884.137084,31,29,1405884.125,15524416.0,0.359244,0.326653,Normal
4e-06,udp,-,INT,2,0,104,0,250000.0006,254,0,104000000.0,0.0,0.004,0.0,Normal
0.516777,tcp,smtp,FIN,52,42,37358,3380,179.961577,31,29,567207.9375,51085.86719,10.125941,12.591512,Normal
0.376445,tcp,http,FIN,10,6,942,268,39.846459,254,252,18021.22461,4760.32373,39.110889,62.617199,Attack
0.004881,tcp,-,FIN,18,18,3960,2456,7170.661535,31,29,6129891.0,3802499.25,0.269941,0.257765,Normal
1.206137,tcp,-,FIN,10,6,534,268,12.436399,254,252,3190.35083,1485.735107,132.217444,218.590594,Normal
9e-06,udp,dns,INT,2,0,114,0,111111.1072,254,0,50666664.0,0.0,0.009,0.0,Attack
0.467509,tcp,ssh,FIN,126,126,12648,13306,536.888058,31,29,214721.0,225895.1094,3.832041,3.804738,Normal
9e-06,ipv6,-,INT,2,0,200,0,111111.1072,254,0,88888888.0,0.0,0.009,0.0,Attack
0.001094,udp,dns,CON,2,2,146,178,2742.230477,31,29,533820.875,650822.6875,0.013,0.006,Normal
3e-06,unas,-,INT,2,0,200,0,333333.3215,254,0,266666656.0,0.0,0.003,0.0,Attack
0.004576,udp,-,CON,4,4,568,320,1529.720307,31,29,744755.25,419580.4375,1.175333,1.046,Normal
1e-05,unas,-,INT,2,0,200,0,100000.0025,254,0,80000000.0,0.0,0.01,0.0,Attack
0.850737,tcp,-,FIN,30,16,25860,850,52.895315,254,252,235071.4844,7494.678223,29.335759,51.534535,Normal
2.6e-05,udp,dns,INT,2,0,114,0,38461.5389,254,0,17538462.0,0.0,0.026,0.0,Attack
0.272042,tcp,-,FIN,22,24,2054,2478,165.415631,31,29,57667.56641,69842.15625,12.937285,11.800565,Normal
5e-06,udp,dns,INT,2,0,114,0,200000.0051,254,0,91200000.0,0.0,0.005,0.0,Attack
3.311416,tcp,-,FIN,226,438,13038,548216,200.216469,31,29,31360.60352,1321404.5,14.716,7.576508,Normal
1.037711,tcp,http,FIN,12,18,1580,10168,27.946123,31,29,11170.74023,74039.88281,94.304361,61.009706,Normal
2.108169,tcp,smtp,FIN,28,20,9191,1706,22.294227,62,252,33632.97656,6151.309082,78.080336,105.153312,Attack
1.570564,tcp,ftp,FIN,22,22,1178,1612,27.378699,62,252,5730.425293,7839.222168,74.788759,72.84667,Attack
0.936098,tcp,-,FIN,10,6,534,268,16.023964,254,252,4110.680664,1914.329468,97.584111,169.131406,Attack
1.7e-05,udp,dns,INT,2,0,114,0,58823.52838,254,0,26823528.0,0.0,0.017,0.0,Attack
4e-06,udp,dns,INT,2,0,114,0,250000.0006,254,0,114000000.0,0.0,0.004,0.0,Attack
9e-06,udp,dns,INT,2,0,114,0,111111.1072,254,0,50666664.0,0.0,0.009,0.0,Attack
8e-06,udp,dns,INT,2,0,114,0,125000.0003,254,0,57000000.0,0.0,0.008,0.0,Attack
5e-06,unas,-,INT,2,0,200,0,200000.0051,254,0,160000000.0,0.0,0.005,0.0,Attack
0.857489,tcp,-,CON,6,2,978,86,8.16337,62,252,7603.596191,401.171326,171.4978,0.002,Normal
0.001039,udp,dns,CON,2,2,146,178,2887.391736,31,29,562078.9375,685274.3125,0.01,0.004,Normal
1.363444,tcp,-,FIN,10,8,564,354,12.468426,254,252,2980.687256,1818.92334,146.329111,184.447141,Attack
7e-06,udp,dns,INT,2,0,114,0,142857.1409,254,0,65142856.0,0.0,0.007,0.0,Attack
2.094532,tcp,smtp,FIN,20,20,3990,1860,18.619911,62,252,14479.60645,6749.001465,110.238525,106.397688,Attack
0.001063,udp,dns,CON,2,2,146,178,2822.201463,31,29,549388.5625,669802.5,0.008,0.007,Normal
8e-06,udp,dns,INT,2,0,114,0,125000.0003,254,0,57000000.0,0.0,0.008,0.0,Attack
9e-06,aris,-,INT,2,0,200,0,111111.1072,254,0,88888888.0,0.0,0.009,0.0,Attack
0.004625,tcp,ftp-data,FIN,14,6,8928,320,4108.108055,31,29,14341189.0,461837.8438,0.355769,0.8006,Normal
3e-06,udp,-,INT,2,0,78,0,333333.3215,254,0,104000000.0,0.0,0.003,0.0,Attack
0.902774,tcp,-,FIN,34,16,28906,850,54.277152,254,252,248620.375,7062.675781,27.356788,56.377535,Normal
5e-06,udp,dns,INT,2,0,114,0,200000.0051,254,0,91200000.0,0.0,0.005,0.0,Attack
8e-06,eigrp,-,INT,2,0,200,0,125000.0003,254,0,100000000.0,0.0,0.008,0.0,Attack
0.365928,tcp,http,FIN,10,8,846,1864,46.457227,62,252,16659.01563,35657.28906,40.658667,49.34457,Attack
0.004183,tcp,-,FIN,22,14,1470,1728,8367.200667,31,29,2685154.25,3069567.25,0.20915,0.273692,Normal
6e-06,udp,-,INT,2,0,104,0,166666.6608,254,0,69333328.0,0.0,0.006,0.0,Normal
0.03473,tcp,-,FIN,48,50,2974,30506,2792.97449,31,29,671004.9375,6886496.0,0.74837,0.712125,Normal
6e-06,sctp,-,INT,2,0,78,0,166666.6608,254,0,52000000.0,0.0,0.006,0.0,Attack
0.185962,tcp,http,FIN,10,6,944,268,80.661638,254,252,36566.60938,9636.376953,19.436222,35.952801,Attack
3.954189,tcp,-,FIN,10,8,1726,354,4.299238,254,252,3144.007568,627.182983,435.915333,552.399,Normal
1e-05,udp,dns,INT,2,0,114,0,100000.0025,254,0,45600000.0,0.0,0.01,0.0,Attack
9e-06,udp,dns,INT,2,0,114,0,111111.1072,254,0,50666664.0,0.0,0.009,0.0,Attack
9e-06,udp,dns,INT,2,0,114,0,111111.1072,254,0,50666664.0,0.0,0.009,0.0,Attack
1.048156,tcp,smtp,FIN,24,20,5867,1676,41.024427,62,252,42917.27344,12158.49512,45.571999,52.783156,Attack
2.370925,tcp,smtp,FIN,22,20,4082,1896,17.292829,62,252,13149.29883,6080.327637,112.90119,118.806266,Attack
0.018509,tcp,-,FIN,16,18,1540,1644,1782.916367,31,29,624128.8125,671241.0,1.2132,1.111438,Normal
8e-06,udp,dns,INT,2,0,114,0,125000.0003,254,0,57000000.0,0.0,0.008,0.0,Attack
3e-06,udp,dns,INT,2,0,114,0,333333.3215,254,0,152000000.0,0.0,0.003,0.0,Attack
0.130323,tcp,-,FIN,90,92,5174,83812,1388.856994,31,29,314111.875,5088956.0,1.476432,1.423857,Normal
0.537509,tcp,-,FIN,10,6,534,268,27.906508,254,252,7158.949707,3333.897461,59.723222,79.864602,Normal
1.786205,tcp,http,FIN,10,8,844,1236,9.517384,62,252,3403.864502,4846.02832,198.467222,237.427859,Normal
9e-06,udp,dns,INT,2,0,114,0,111111.1072,254,0,50666664.0,0.0,0.009,0.0,Attack
1e-06,udp,dns,INT,2,0,114,0,1000000.003,254,0,456000000.0,0.0,0.001,0.0,Attack
0.741335,tcp,-,FIN,14,10,774,556,31.025111,254,252,7758.975586,5406.462891,56.10077,76.242336,Normal
0.104822,tcp,-,FIN,20,20,3848,2560,372.059292,31,29,279025.375,185609.8906,5.500368,5.491369,Normal
1.8e-05,udp,-,INT,2,0,168,0,55555.55359,254,0,37333332.0,0.0,0.018,0.0,Attack
2.186936,tcp,-,FIN,18,24,2456,19060,18.747692,62,252,8486.759766,66818.60156,128.604176,90.608089,Attack
0.007852,tcp,-,FIN,18,18,4016,2456,4457.462962,31,29,3864493.0,2363729.0,0.443706,0.433471,Normal
0.746482,tcp,-,FIN,10,8,788,354,22.773489,254,252,7609.024414,3322.250244,82.942444,92.390289,Normal
5e-06,unas,-,INT,2,0,200,0,200000.0051,254,0,160000000.0,0.0,0.005,0.0,Attack
9e-06,unas,-,INT,2,0,200,0,111111.1072,254,0,88888888.0,0.0,0.009,0.0,Attack
0.000994,udp,dns,CON,2,2,146,178,3018.108646,31,29,587525.125,716297.8125,0.009,0.001,Normal
1.000907,tcp,ftp,FIN,12,12,634,682,22.979159,254,252,4651.78125,5003.461914,90.991548,82.774094,Normal
0.792882,tcp,-,CON,6,6,316,636,13.873438,62,252,2663.700195,5347.580078,140.2414,143.265203,Attack
0.477588,tcp,-,FIN,10,6,952,268,31.407824,254,252,14355.46973,3752.187988,46.428111,78.900203,Attack
1.198523,tcp,-,FIN,10,8,1192,354,14.184124,254,252,7162.148438,2069.213379,142.289875,159.248,Attack
6e-06,unas,-,INT,2,0,200,0,166666.6608,254,0,133333328.0,0.0,0.006,0.0,Attack
1.78555,tcp,-,FIN,28,68,1420,69958,53.204895,62,252,6138.164551,308834.8125,66.131484,25.239149,Attack
0.072118,udp,-,CON,4,4,520,304,97.063148,31,29,43262.42969,25291.88281,18.985,7.669,Normal
0.051241,tcp,-,FIN,22,24,2054,2478,878.203014,31,29,306161.0938,370796.8438,2.422,2.201565,Normal
2.6e-05,unas,-,INT,2,0,200,0,38461.5389,254,0,30769232.0,0.0,0.026,0.0,Attack
9e-06,udp,dns,INT,2,0,114,0,111111.1072,254,0,50666664.0,0.0,0.009,0.0,Attack
9e-06,unas,-,INT,2,0,200,0,111111.1072,254,0,88888888.0,0.0,0.009,0.0,Attack
0.000108,udp,-,INT,2,0,503,0,9259.259244,64,0,18666666.0,0.0,0.108,0.0,Normal
1.040788,tcp,http,FIN,10,10,806,1344,18.255398,62,252,5580.386719,9300.644531,115.632,107.017219,Normal
0.201566,tcp,http,FIN,10,14,832,9772,114.106548,62,252,29727.23633,360140.125,22.396222,14.495461,Attack
1.715084,tcp,http,FIN,10,10,764,1260,11.078175,62,252,3209.172363,5289.537109,190.564889,179.528109,Attack
8e-06,udp,dns,INT,2,0,114,0,125000.0003,254,0,57000000.0,0.0,0.008,0.0,Attack
0.000988,udp,dns,CON,2,2,130,162,3036.437382,31,29,526315.8125,655870.5,0.001,0.004,Normal
0.0,arp,-,INT,1,0,46,0,0.0,0,0,0.0,0.0,60000.752,0.0,Normal
4.565437,tcp,http,FIN,44,226,2288,297735,58.920977,62,252,3918.135498,519412.2813,106.157,19.602333,Attack
1e-06,udp,dns,INT,2,0,114,0,1000000.003,254,0,456000000.0,0.0,0.001,0.0,Attack
5.760576,ospf,-,REQ,8,0,2176,0,1.215156,254,0,2644.180176,0.0,983.923875,0.0,Attack
0.006828,tcp,-,FIN,22,24,2054,2478,6590.509823,31,29,2297598.25,2782659.75,0.308952,0.270261,Normal
0.031903,tcp,-,FIN,72,74,4238,63516,4545.027301,31,29,1048177.313,15712128.0,0.444958,0.428452,Normal
1.1366,tcp,http,FIN,20,36,2902,40186,48.389934,62,252,19405.24414,274995.5938,59.821054,30.911456,Attack
8e-06,udp,dns,INT,2,0,114,0,125000.0003,254,0,57000000.0,0.0,0.008,0.0,Attack
0.020928,tcp,-,FIN,48,50,2974,30506,4634.939022,31,29,1113532.125,11428135.0,0.44837,0.42375,Normal
0.0098,tcp,ssh,FIN,32,24,3728,5474,5612.244831,31,29,2948571.5,4282449.0,0.316129,0.395174,Normal
1.999251,tcp,ftp,FIN,12,10,2564,840,10.503934,254,252,9407.523438,3025.132812,175.333903,206.089672,Attack
0.348786,sctp,-,CON,2,2,152,82,8.601263,254,60,1743.189209,940.404724,0.015,0.007,Attack
1e-05,unas,-,INT,2,0,200,0,100000.0025,254,0,80000000.0,0.0,0.01,0.0,Attack
3e-06,udp,dns,INT,2,0,114,0,333333.3215,254,0,152000000.0,0.0,0.003,0.0,Attack
6e-06,sun-nd,-,INT,2,0,200,0,166666.6608,254,0,133333328.0,0.0,0.006,0.0,Attack
0.483232,ospf,-,INT,20,0,1040,0,39.318589,254,0,16356.5332,0.0,25.433264,0.0,Attack
0.344795,tcp,http,FIN,10,8,820,1336,49.304661,62,252,17123.21875,27123.36328,38.310556,40.783285,Attack
0.16086,tcp,-,FIN,66,68,3926,57474,826.805908,31,29,192316.2969,2816312.25,2.469738,2.386164,Normal
9e-06,udp,dns,INT,2,0,114,0,111111.1072,254,0,50666664.0,0.0,0.009,0.0,Attack
0.396796,tcp,-,FIN,10,6,888,268,37.802802,254,252,16129.19531,4516.174805,43.098778,66.189602,Attack
0.333433,tcp,http,FIN,10,6,1314,268,44.986549,254,252,28383.51367,5374.393066,37.048111,54.995801,Attack
9e-06,udp,dns,INT,2,0,114,0,111111.1072,254,0,50666664.0,0.0,0.009,0.0,Attack
0.417438,tcp,http,FIN,10,10,832,4538,45.515741,62,252,14354.22754,78287.07813,46.382,41.504444,Attack
16.170187,ospf,-,REQ,16,0,4352,0,0.927633,254,0,2018.529541,0.0,1290.972,0.0,Attack
0.001053,udp,dns,CON,2,2,146,178,2849.002888,31,29,554605.875,676163.375,0.009,0.007,Normal
8e-06,udp,dns,INT,2,0,114,0,125000.0003,254,0,57000000.0,0.0,0.008,0.0,Attack
0.798608,tcp,-,FIN,220,438,12726,548216,822.681461,31,29,126910.8203,5479183.5,3.695861,1.830399,Normal
3e-06,udp,dns,INT,2,0,114,0,333333.3215,254,0,152000000.0,0.0,0.003,0.0,Attack
0.234324,tcp,ftp-data,FIN,14,6,8928,320,81.084313,31,29,283061.0625,9115.583984,18.024924,46.732398,Normal
7e-06,udp,-,INT,2,0,422,0,142857.1409,254,0,241142848.0,0.0,0.007,0.0,Attack
2.024428,tcp,-,FIN,38,40,2438,18508,38.035437,31,29,9381.416016,71312.98438,54.705352,51.893898,Normal
8e-06,unas,-,INT,2,0,200,0,125000.0003,254,0,100000000.0,0.0,0.008,0.0,Attack
1.140703,tcp,-,FIN,18,18,1018,2802,30.682834,62,252,6746.716797,18563.99219,67.100176,64.813352,Attack
7e-06,unas,-,INT,2,0,200,0,142857.1409,254,0,114285712.0,0.0,0.007,0.0,Attack
0.0,arp,-,INT,1,0,46,0,0.0,0,0,0.0,0.0,60000.424,0.0,Normal
0.223223,tcp,ftp-data,FIN,8,12,424,8824,85.116677,31,29,13296.12109,289898.4375,31.844,20.243909,Normal
0.068856,tcp,-,FIN,48,50,2958,33044,1408.737056,31,29,336586.5,3762518.75,1.489522,1.394143,Normal
6e-06,unas,-,INT,2,0,200,0,166666.6608,254,0,133333328.0,0.0,0.006,0.0,Attack
5e-06,udp,dns,INT,2,0,114,0,200000.0051,254,0,91200000.0,0.0,0.005,0.0,Attack
7e-06,udp,dns,INT,2,0,114,0,142857.1409,254,0,65142856.0,0.0,0.007,0.0,Attack
1.1e-05,udp,-,INT,2,0,1064,0,90909.0902,254,0,386909088.0,0.0,0.011,0.0,Normal
5e-06,unas,-,INT,2,0,200,0,200000.0051,254,0,160000000.0,0.0,0.005,0.0,Attack
3.060173,tcp,smtp,FIN,34,20,16017,1676,17.319282,62,252,40640.83984,4164.470215,92.732513,156.004734,Attack
6e-06,unas,-,INT,2,0,200,0,166666.6608,254,0,133333328.0,0.0,0.006,0.0,Attack
0.000959,udp,dns,CON,2,2,130,162,3128.258517,31,29,542231.5,675703.8125,0.004,0.006,Normal
0.899349,tcp,-,FIN,30,12,24506,642,45.588533,254,252,210730.2188,5239.345703,30.981484,74.46282,Attack
1.765423,tcp,ftp,FIN,24,22,1256,1602,25.489641,62,252,5455.916016,6933.182129,76.75752,82.375098,Attack
1.050244,tcp,-,FIN,14,10,774,556,21.899673,254,252,5476.822754,3816.256104,80.788002,109.331664,Attack
0.00812,tcp,ssh,FIN,32,24,3728,5474,6773.398712,31,29,3558620.5,5168472.5,0.261935,0.322043,Normal
9e-06,udp,dns,INT,2,0,114,0,111111.1072,254,0,50666664.0,0.0,0.009,0.0,Attack
0.000898,udp,dns,CON,2,2,130,162,3340.757136,31,29,579064.5625,721603.5625,0.006,0.002,Normal
8e-06,udp,dns,INT,2,0,114,0,125000.0003,254,0,57000000.0,0.0,0.008,0.0,Attack
0.629369,tcp,http,FIN,10,6,828,268,23.833394,254,252,9482.512695,2847.296143,59.484111,113.393,Attack
0.494668,tcp,http,FIN,10,8,798,1300,34.366484,62,252,11628.00098,18404.26367,54.963111,61.529855,Normal
5e-06,udp,-,INT,2,0,1984,0,200000.0051,254,0,1587200000.0,0.0,0.005,0.0,Attack
4e-06,crtp,-,INT,2,0,200,0,250000.0006,254,0,200000000.0,0.0,0.004,0.0,Attack
6e-06,ipv6-frag,-,INT,2,0,200,0,166666.6608,254,0,133333328.0,0.0,0.006,0.0,Attack
9e-06,udp,-,INT,2,0,168,0,111111.1072,254,0,74666664.0,0.0,0.009,0.0,Attack
0.001072,udp,dns,CON,2,2,146,178,2798.507427,31,29,544776.125,664179.125,0.005,0.006,Normal
0.940255,tcp,-,FIN,10,8,564,354,18.080202,254,252,4322.231934,2637.582275,104.472778,127.083289,Attack
0.089388,tcp,ftp-data,FIN,6,8,320,1862,145.433395,31,29,23895.82617,145880.875,17.8138,12.689143,Normal
0.00111,udp,dns,CON,2,2,146,178,2702.702815,31,29,526126.125,641441.4375,0.01,0.007,Normal
0.010948,tcp,-,FIN,38,40,2438,18508,7033.248375,31,29,1734746.125,13186701.0,0.287541,0.267026,Normal
1.227135,sctp,-,CON,4,2,568,432,4.074532,254,60,2777.200684,1408.158081,409.045,0.008,Attack
8e-06,udp,dns,INT,2,0,114,0,125000.0003,254,0,57000000.0,0.0,0.008,0.0,Attack
2.225878,tcp,http,FIN,36,170,2290,225328,92.098489,62,252,8004.032715,805086.375,63.596513,12.487124,Attack
0.001093,udp,dns,CON,2,2,146,178,2744.739106,31,29,534309.1875,651418.0625,0.009,0.007,Normal
4.686175,tcp,http,FIN,48,240,2416,319361,61.24398,62,252,4039.115234,542926.375,99.705849,19.284995,Attack
9e-06,any,-,INT,2,0,200,0,111111.1072,254,0,88888888.0,0.0,0.009,0.0,Attack
7.6e-05,udp,-,INT,2,0,503,0,13157.89532,64,0,26526316.0,0.0,0.076,0.0,Normal
9e-06,unas,-,INT,2,0,200,0,111111.1072,254,0,88888888.0,0.0,0.009,0.0,Attack
0.735934,tcp,http,FIN,10,8,844,1300,23.099897,62,252,8261.610352,12370.67383,81.770444,89.44657,Normal
1.6e-05,unas,-,INT,2,0,200,0,62500.00016,254,0,50000000.0,0.0,0.016,0.0,Attack
4e-06,udp,dns,INT,2,0,114,0,250000.0006,254,0,114000000.0,0.0,0.004,0.0,Attack
0.839,tcp,smtp,FIN,24,20,9006,1616,51.251491,62,252,82297.97656,14646.00781,36.478262,40.251844,Attack
0.574857,tcp,http,FIN,10,6,1126,268,26.093446,254,252,14111.33594,3117.297119,60.544667,102.274602,Attack
0.000956,udp,dns,CON,2,2,130,162,3138.075302,31,29,543933.0625,677824.25,0.001,0.002,Normal
0.921627,tcp,-,FIN,14,12,1092,678,27.125942,254,252,8801.825195,5399.147461,70.894385,74.204633,Attack
15.552797,tcp,-,FIN,208,1216,9178,1632720,91.494795,62,252,4698.318848,839143.1875,75.134283,12.768571,Attack
0.710556,tcp,-,FIN,10,8,564,354,23.924927,254,252,5719.464844,3490.224609,75.601,97.865711,Attack
7e-06,udp,dns,INT,2,0,114,0,142857.1409,254,0,65142856.0,0.0,0.007,0.0,Attack
3e-06,udp,dns,INT,2,0,114,0,333333.3215,254,0,152000000.0,0.0,0.003,0.0,Attack
5e-06,unas,-,INT,2,0,200,0,200000.0051,254,0,160000000.0,0.0,0.005,0.0,Attack
5e-06,udp,dns,INT,2,0,114,0,200000.0051,254,0,91200000.0,0.0,0.005,0.0,Attack
1.045485,tcp,-,FIN,10,8,564,354,16.260396,254,252,3887.190918,2372.104736,114.457111,140.371281,Attack
4.735991,tcp,-,FIN,122,126,7818,15180,52.153815,31,29,13097.99805,25439.23828,39.137671,37.883687,Normal
8e-06,udp,dns,INT,2,0,114,0,125000.0003,254,0,57000000.0,0.0,0.008,0.0,Attack
1.537609,tcp,-,FIN,16,18,1540,1644,21.461893,31,29,7512.963379,8080.077637,109.806573,90.415703,Normal
55.849831,udp,dns,REQ,26,0,4992,0,0.447629,254,0,687.558044,0.0,2288.819,0.0,Attack
5e-06,udp,dns,INT,2,0,114,0,200000.0051,254,0,91200000.0,0.0,0.005,0.0,Attack
9e-06,sprite-rpc,-,INT,2,0,200,0,111111.1072,254,0,88888888.0,0.0,0.009,0.0,Attack
8e-06,udp,dns,INT,2,0,114,0,125000.0003,254,0,57000000.0,0.0,0.008,0.0,Attack
9e-06,udp,dns,INT,2,0,114,0,111111.1072,254,0,50666664.0,0.0,0.009,0.0,Attack
0.000983,udp,dns,CON,2,2,130,162,3051.881887,31,29,528992.875,659206.5,0.009,0.007,Normal
0.035201,tcp,-,FIN,30,42,2302,34406,2016.988258,31,29,505894.75,7633192.5,1.202552,0.847122,Normal
2.234012,tcp,smtp,FIN,70,28,70242,2132,43.419644,62,252,247944.9688,7362.539062,32.376986,80.154258,Attack
1.8e-05,udp,dns,INT,2,0,114,0,55555.55359,254,0,25333332.0,0.0,0.018,0.0,Attack
6.761908,tcp,ftp,FIN,24,22,1264,1646,6.654926,62,252,1433.914795,1859.830078,293.996005,316.924812,Attack
9e-06,udp,dns,INT,2,0,114,0,111111.1072,254,0,50666664.0,0.0,0.009,0.0,Attack
0.042299,tcp,-,FIN,38,40,2438,19266,1820.374061,31,29,448994.0938,3552802.75,1.13273,1.028769,Normal
0.505474,tcp,-,FIN,12,6,3696,268,33.631801,254,252,53620.96094,3545.1875,42.525453,86.462,Attack
1e-05,udp,-,INT,2,0,1064,0,100000.0025,254,0,425600000.0,0.0,0.01,0.0,Attack
0.208439,tcp,http,FIN,10,6,994,268,71.963498,254,252,34350.57422,8597.239258,20.312667,38.954199,Attack
8e-06,udp,dns,INT,2,0,114,0,125000.0003,254,0,57000000.0,0.0,0.008,0.0,Attack
9e-06,tcf,-,INT,2,0,200,0,111111.1072,254,0,88888888.0,0.0,0.009,0.0,Attack
0.004749,udp,-,CON,4,4,568,304,1473.994503,31,29,717624.75,384080.8438,1.22,1.093667,Normal
9e-06,udp,dns,INT,2,0,114,0,111111.1072,254,0,50666664.0,0.0,0.009,0.0,Attack
0.242356,tcp,-,FIN,60,62,3598,48710,499.265538,31,29,116819.8828,1581970.25,4.101407,3.963213,Normal
1.064006,tcp,http,FIN,10,10,1160,2754,17.857043,62,252,7849.580078,18638.99219,118.222889,106.899891,Attack
3e-06,udp,dns,INT,2,0,114,0,333333.3215,254,0,152000000.0,0.0,0.003,0.0,Attack
1.849812,tcp,ftp,FIN,22,22,1170,1620,23.245605,62,252,4830.76123,6690.409668,88.086283,85.921665,Attack
0.006732,tcp,ftp-data,FIN,14,6,8928,320,2822.341042,31,29,9852644.0,317290.5625,0.517846,1.2248,Normal
0.472012,tcp,http,FIN,10,8,834,354,36.016032,254,252,12728.48926,5254.103516,52.445778,60.35343,Attack
9e-06,udp,dns,INT,2,0,114,0,111111.1072,254,0,50666664.0,0.0,0.009,0.0,Attack
2.078945,tcp,ftp,FIN,52,54,2934,3742,50.506389,31,29,11074.84863,14134.09277,40.753414,39.215094,Normal
8e-06,netblt,-,INT,2,0,200,0,125000.0003,254,0,100000000.0,0.0,0.008,0.0,Attack
8e-06,vines,-,INT,2,0,200,0,125000.0003,254,0,100000000.0,0.0,0.008,0.0,Attack
0.001186,udp,dns,CON,2,2,146,178,2529.511067,31,29,492411.5,600337.3125,0.009,0.001,Normal
0.409813,tcp,smtp,FIN,54,42,37938,3380,231.813054,31,29,726887.625,64419.62891,8.028941,9.982439,Normal
0.0,arp,-,INT,1,0,46,0,0.0,0,0,0.0,0.0,60000.504,0.0,Normal
0.073615,tcp,-,FIN,4,6,172,258,122.257693,254,252,14018.88184,23364.80273,240.6495,185.266,Attack
0.004842,tcp,-,FIN,18,18,3960,2456,7228.417886,31,29,6179264.5,3833126.75,0.266176,0.253529,Normal
1e-05,sctp,-,INT,2,0,78,0,100000.0025,254,0,31200000.0,0.0,0.01,0.0,Attack
3e-06,udp,dns,INT,2,0,114,0,333333.3215,254,0,152000000.0,0.0,0.003,0.0,Attack
3e-06,udp,dns,INT,2,0,114,0,333333.3215,254,0,152000000.0,0.0,0.003,0.0,Attack
1.206056,tcp,http,FIN,14,18,1684,10168,25.703616,31,29,10374.31055,63705.16797,92.748154,70.890118,Normal
0.000984,udp,dns,CON,2,2,146,178,3048.780357,31,29,593495.9375,723577.1875,0.004,0.007,Normal
55.411198,ospf,-,REQ,60,0,16320,0,1.064767,254,0,2316.932373,0.0,938.371375,0.0,Attack
0.23275,tcp,http,FIN,10,8,928,2480,73.039743,62,252,28734.69336,74586.46875,25.861111,31.491,Attack
0.424769,tcp,-,FIN,10,6,662,268,35.31331,254,252,11224.92383,4218.763672,47.082111,66.333,Normal
1.682641,tcp,smtp,FIN,24,20,4797,1746,25.555064,62,252,21860.87109,7887.600586,73.114044,86.136789,Attack
0.139485,tcp,-,CON,6,2,978,86,50.184607,62,252,46743.375,2466.215088,27.897,0.007,Normal
4e-06,udp,dns,INT,2,0,114,0,250000.0006,254,0,114000000.0,0.0,0.004,0.0,Attack
4e-06,udp,dns,INT,2,0,114,0,250000.0006,254,0,114000000.0,0.0,0.004,0.0,Attack
9e-06,udp,dns,INT,2,0,114,0,111111.1072,254,0,50666664.0,0.0,0.009,0.0,Attack
1e-06,udp,dns,INT,2,0,114,0,1000000.003,254,0,456000000.0,0.0,0.001,0.0,Attack
0.706864,tcp,-,FIN,10,8,564,354,24.049888,254,252,5749.337891,3508.454346,75.506556,97.716,Attack
3e-06,udp,dns,INT,2,0,114,0,333333.3215,254,0,152000000.0,0.0,0.003,0.0,Attack
9e-06,udp,dns,INT,2,0,114,0,111111.1072,254,0,50666664.0,0.0,0.009,0.0,Attack
1.350191,tcp,http,FIN,14,36,958,41906,36.291162,62,252,5273.328125,241399.9219,103.860844,34.418372,Attack
4e-06,udp,dns,INT,2,0,114,0,250000.0006,254,0,114000000.0,0.0,0.004,0.0,Attack
0.446502,tcp,http,FIN,14,6,8202,268,42.553001,254,252,136474.1875,4013.419922,32.402154,82.303,Attack
5e-06,unas,-,INT,2,0,200,0,200000.0051,254,0,160000000.0,0.0,0.005,0.0,Attack
2.549405,tcp,pop3,FIN,32,88,1464,94044,46.677556,62,252,4452.803711,291757.4688,82.238874,28.460735,Attack
9e-06,udp,dns,INT,2,0,114,0,111111.1072,254,0,50666664.0,0.0,0.009,0.0,Attack
1.009986,tcp,-,FIN,60,14,68023,612,72.278227,254,252,529829.125,4506.993164,15.940593,67.942461,Normal
9e-06,udp,dns,INT,2,0,114,0,111111.1072,254,0,50666664.0,0.0,0.009,0.0,Attack
1.638146,tcp,http,FIN,24,112,1406,136317,82.410235,62,252,6583.051758,659770.25,71.223736,14.117382,Attack
0.184941,tcp,-,FIN,66,68,3926,57474,719.148293,31,29,167274.9688,2449603.0,2.840308,2.752642,Normal
8e-06,udp,dns,INT,2,0,114,0,125000.0003,254,0,57000000.0,0.0,0.008,0.0,Attack
0.699428,tcp,http,FIN,12,8,1674,354,27.165054,254,252,17557.20313,3545.754395,62.150635,90.47357,Attack
0.28842,tcp,http,FIN,10,6,882,268,52.007491,254,252,22023.43945,6213.161621,32.046667,53.350801,Attack
2e-06,udp,dns,INT,2,0,114,0,500000.0013,254,0,228000000.0,0.0,0.002,0.0,Attack
0.041318,tcp,-,FIN,74,72,4342,63412,3509.366432,31,29,829469.0,12107459.0,0.568889,0.574394,Normal
0.494683,tcp,http,FIN,10,8,798,1074,34.365442,62,252,11627.64844,15201.6543,61.817749,61.35757,Normal
0.0,arp,-,INT,1,0,46,0,0.0,0,0,0.0,0.0,60000.56,0.0,Normal
9e-06,udp,dns,INT,2,0,114,0,111111.1072,254,0,50666664.0,0.0,0.009,0.0,Attack
2e-06,ttp,-,INT,2,0,200,0,500000.0013,254,0,400000000.0,0.0,0.002,0.0,Attack
2.701071,tcp,-,FIN,16,18,1540,1644,12.217376,31,29,4276.821777,4599.656738,192.905713,158.569641,Normal
5e-06,udp,dns,INT,2,0,114,0,200000.0051,254,0,91200000.0,0.0,0.005,0.0,Attack
0.001044,udp,dns,CON,2,2,146,178,2873.563127,31,29,559386.9375,681992.3125,0.009,0.007,Normal
0.0,arp,-,INT,1,0,46,0,0.0,0,0,0.0,0.0,60000.664,0.0,Normal
0.540541,tcp,-,FIN,20,38,1100,31120,105.449912,62,252,15465.98731,448469.2188,28.449525,14.105271,Attack
1.42858,tcp,ftp,FIN,22,22,1170,1638,30.099818,62,252,6255.162109,8758.347656,68.027616,65.472286,Attack
9e-06,udp,dns,INT,2,0,114,0,111111.1072,254,0,50666664.0,0.0,0.009,0.0,Attack
2e-06,sctp,-,INT,2,0,640,0,500000.0013,254,0,1280000000.0,0.0,0.002,0.0,Attack
1.189058,tcp,http,FIN,14,18,1684,10168,26.071059,31,29,10522.61621,64615.85938,91.437618,69.913,Normal
9e-06,unas,-,INT,2,0,200,0,111111.1072,254,0,88888888.0,0.0,0.009,0.0,Attack
0.003961,tcp,http,FIN,8,10,1052,824,4291.845357,31,29,1860136.25,1498611.375,0.513857,0.378,Normal
0.001096,udp,dns,CON,2,2,146,178,2737.226368,31,29,532846.75,649635.0625,0.004,0.007,Normal
0.147375,tcp,ftp-data,FIN,6,8,320,1888,88.210346,31,29,14493.63867,89675.99219,29.4138,20.988,Normal
0.431757,tcp,smtp,FIN,54,42,37938,3380,220.031173,31,29,689943.625,61145.50391,8.296154,10.517464,Normal
0.01298,tcp,-,FIN,34,36,2230,13500,5315.870523,31,29,1334360.5,8089368.0,0.394937,0.354486,Normal
9e-06,udp,dns,INT,2,0,114,0,111111.1072,254,0,50666664.0,0.0,0.009,0.0,Attack
0.775848,tcp,-,FIN,236,438,13558,548216,867.437984,31,29,139212.8438,5639919.5,3.357316,1.774142,Normal
5e-06,udp,dns,INT,2,0,114,0,200000.0051,254,0,91200000.0,0.0,0.005,0.0,Attack
0.017154,udp,-,CON,4,4,568,312,408.068072,31,29,198670.8594,109129.0625,1.189,5.255667,Normal
3e-06,unas,-,INT,2,0,200,0,333333.3215,254,0,266666656.0,0.0,0.003,0.0,Attack
3e-06,udp,dns,INT,2,0,114,0,333333.3215,254,0,152000000.0,0.0,0.003,0.0,Attack
0.380366,tcp,-,FIN,10,6,560,268,39.435702,254,252,10600.31641,4711.251953,42.262889,55.854,Normal
0.038028,tcp,-,FIN,122,126,7814,14990,6495.213748,31,29,1630377.5,3128642.0,0.327739,0.29996,Normal
0.485915,tcp,http,FIN,12,26,1276,29348,76.145004,62,252,19262.62891,464608.0,44.174089,16.47484,Attack
0.276693,tcp,http,FIN,10,6,2384,268,54.21171,254,252,62047.10938,6476.492188,27.017556,48.592199,Attack
0.624623,tcp,-,FIN,10,8,564,354,27.216417,254,252,6506.324707,3970.39502,68.991222,87.887859,Attack
1.532562,tcp,ftp-data,FIN,8,8,364,990,9.787532,62,252,1665.185425,4525.754883,218.817719,200.579422,Attack
9e-06,udp,dns,INT,2,0,114,0,111111.1072,254,0,50666664.0,0.0,0.009,0.0,Attack
1e-06,udp,dns,INT,2,0,114,0,1000000.003,254,0,456000000.0,0.0,0.001,0.0,Attack
0.929489,tcp,-,FIN,10,10,608,646,20.441339,254,252,4716.569824,5009.204102,6535.7799,6535.9375,Attack
9e-06,udp,-,INT,2,0,1064,0,111111.1072,254,0,472888864.0,0.0,0.009,0.0,Attack
1.022664,tcp,http,FIN,12,18,1580,10168,28.357311,31,29,11335.10156,75129.27344,92.938182,60.126235,Normal
4e-06,udp,dns,INT,2,0,114,0,250000.0006,254,0,114000000.0,0.0,0.004,0.0,Attack
9e-06,isis,-,INT,2,0,200,0,111111.1072,254,0,88888888.0,0.0,0.009,0.0,Attack
1.177411,tcp,http,FIN,32,118,3012,157594,126.548847,62,252,19826.55273,1061712.5,37.980999,9.873744,Attack
0.287302,tcp,http,FIN,10,10,764,4992,66.132505,62,252,19157.54297,125108.7734,31.922444,26.698556,Attack
0.001163,udp,dns,CON,2,2,146,178,2579.535666,31,29,502149.625,612209.8125,0.006,0.006,Normal
2e-06,udp,-,INT,2,0,168,0,500000.0013,254,0,336000000.0,0.0,0.002,0.0,Attack
1.187133,tcp,http,FIN,12,18,1580,10168,24.428603,31,29,9764.702148,64720.63672,107.888909,69.769528,Normal
1.544537,tcp,ftp-data,FIN,8,8,364,780,9.711649,62,252,1652.275146,3537.629883,220.516004,213.738719,Attack
1.110855,tcp,http,FIN,14,18,1684,10168,27.906433,31,29,11263.39648,69164.74219,85.423002,65.315176,Normal
0.053956,tcp,-,FIN,60,62,3614,50036,2242.56809,31,29,526947.875,7299133.0,0.924845,0.890433,Normal
9e-06,unas,-,INT,2,0,200,0,111111.1072,254,0,88888888.0,0.0,0.009,0.0,Attack
0.312532,tcp,http,FIN,10,6,1178,268,47.995084,254,252,27158.81836,5733.8125,32.933333,49.116801,Attack
0.001131,udp,dns,CON,2,2,130,162,2652.5199,31,29,459770.125,572944.3125,0.009,0.007,Normal
9e-06,iso-ip,-,INT,2,0,200,0,111111.1072,254,0,88888888.0,0.0,0.009,0.0,Attack
9e-06,udp,dns,INT,2,0,114,0,111111.1072,254,0,50666664.0,0.0,0.009,0.0,Attack
0.507674,tcp,-,FIN,14,12,778,678,49.244202,254,252,11393.13867,9801.566406,39.051847,42.71991,Normal
0.64819,tcp,-,FIN,10,10,608,646,29.312392,254,252,6763.44873,7183.078613,72.021111,63.302332,Attack
4e-06,ax.25,-,INT,2,0,200,0,250000.0006,254,0,200000000.0,0.0,0.004,0.0,Attack
3e-06,unas,-,INT,2,0,200,0,333333.3215,254,0,266666656.0,0.0,0.003,0.0,Attack
5e-06,udp,dns,INT,2,0,114,0,200000.0051,254,0,91200000.0,0.0,0.005,0.0,Attack
0.222889,tcp,http,FIN,10,8,758,1180,76.271146,62,252,24514.44336,37076.75,24.765444,29.961,Attack
1.086836,tcp,-,FIN,122,126,7818,15180,227.265203,31,29,57075.76953,110853.8906,9.054167,8.690808,Normal
8e-06,udp,-,INT,2,0,104,0,125000.0003,254,0,52000000.0,0.0,0.008,0.0,Attack
3e-06,udp,-,INT,2,0,168,0,333333.3215,254,0,224000000.0,0.0,0.003,0.0,Attack
7.224219,ospf,-,REQ,22,0,2376,0,2.906889,254,0,2511.551758,0.0,370.975969,0.0,Attack
1.480091,tcp,-,FIN,20,10,14100,898,19.59339,254,252,72400.95313,4372.704102,77.826734,154.817,Attack
1e-05,udp,-,INT,2,0,168,0,100000.0025,254,0,67200000.0,0.0,0.01,0.0,Attack
5e-06,gre,-,INT,2,0,156,0,200000.0051,254,0,124800000.0,0.0,0.005,0.0,Attack
1e-05,unas,-,INT,2,0,200,0,100000.0025,254,0,80000000.0,0.0,0.01,0.0,Attack
8e-06,stp,-,INT,2,0,200,0,125000.0003,254,0,100000000.0,0.0,0.008,0.0,Attack
9e-06,unas,-,INT,2,0,200,0,111111.1072,254,0,88888888.0,0.0,0.009,0.0,Attack
9e-06,udp,dns,INT,2,0,114,0,111111.1072,254,0,50666664.0,0.0,0.009,0.0,Attack
5e-06,udp,dns,INT,2,0,114,0,200000.0051,254,0,91200000.0,0.0,0.005,0.0,Attack
2.192777,tcp,-,FIN,10,8,564,354,7.752727,254,252,1853.357666,1130.985962,239.907778,300.900156,Attack
5e-06,udp,dns,INT,2,0,114,0,200000.0051,254,0,91200000.0,0.0,0.005,0.0,Attack
7e-06,udp,dns,INT,2,0,114,0,142857.1409,254,0,65142856.0,0.0,0.007,0.0,Attack
3e-06,unas,-,INT,2,0,200,0,333333.3215,254,0,266666656.0,0.0,0.003,0.0,Attack
6e-06,pim,-,INT,2,0,200,0,166666.6608,254,0,133333328.0,0.0,0.006,0.0,Attack
9e-06,udp,dns,INT,2,0,114,0,111111.1072,254,0,50666664.0,0.0,0.009,0.0,Attack
1.370274,tcp,http,FIN,10,8,1308,354,12.406278,254,252,6877.457031,1809.857056,149.824556,176.616,Attack
1.079907,tcp,http,FIN,10,12,822,4050,19.44612,62,252,5481.953613,27506.07422,119.933444,86.396,Attack
5e-06,unas,-,INT,2,0,200,0,200000.0051,254,0,160000000.0,0.0,0.005,0.0,Attack
1.2792,tcp,-,FIN,10,8,1506,354,13.289556,254,252,8480.300781,1938.711792,135.999111,168.165141,Normal
3e-06,bbn-rcc,-,INT,2,0,180,0,333333.3215,254,0,239999984.0,0.0,0.003,0.0,Attack
0.050026,tcp,-,FIN,64,66,3806,54798,2578.659121,31,29,599208.4375,8630392.0,0.800194,0.761323,Normal
55.411198,ospf,-,REQ,60,0,16320,0,1.064767,254,0,2316.932373,0.0,938.371375,0.0,Attack
0.292914,tcp,http,FIN,10,10,808,4078,64.865455,62,252,19882.96875,100261.5078,32.546,29.966667,Attack
1.128067,tcp,-,FIN,10,6,756,268,13.297082,254,252,4829.500488,1588.558105,117.559111,216.061203,Attack
0.0,arp,-,INT,1,0,46,0,0.0,0,0,0.0,0.0,60000.768,0.0,Normal
0.641403,tcp,-,FIN,8,8,364,516,23.386232,254,252,3978.777588,5637.641113,91.628998,79.77257,Attack
5e-06,unas,-,INT,2,0,200,0,200000.0051,254,0,160000000.0,0.0,0.005,0.0,Attack
3e-06,unas,-,INT,2,0,200,0,333333.3215,254,0,266666656.0,0.0,0.003,0.0,Attack
2.56182,tcp,ssh,FIN,228,234,24240,29348,179.95019,31,29,75365.17188,91256.99219,11.285551,10.99224,Normal
0.003983,tcp,http,FIN,8,10,1052,824,4268.139778,31,29,1849862.0,1490334.0,0.520571,0.379444,Normal
9e-06,udp,dns,INT,2,0,114,0,111111.1072,254,0,50666664.0,0.0,0.009,0.0,Attack
1.005475,tcp,http,FIN,12,18,1580,10168,28.842088,31,29,11528.87891,76413.63281,91.375727,59.116472,Normal
7e-06,udp,dns,INT,2,0,114,0,142857.1409,254,0,65142856.0,0.0,0.007,0.0,Attack
0.903193,tcp,-,FIN,10,8,564,354,18.822112,254,252,4499.591797,2745.813965,100.241444,120.218711,Attack
2.703597,tcp,smtp,FIN,34,22,23670,1756,20.343268,62,252,67980.54688,4962.277832,81.927181,124.249,Attack
1.017113,tcp,http,FIN,14,18,1684,10168,30.478424,31,29,12301.48535,75539.29688,78.211464,59.802882,Normal
3e-06,udp,dns,INT,2,0,114,0,333333.3215,254,0,152000000.0,0.0,0.003,0.0,Attack
0.04729,tcp,ftp-data,FIN,6,8,320,1888,274.89955,31,29,45168.10938,279467.125,9.395,6.687714,Normal
8e-06,udp,dns,INT,2,0,114,0,125000.0003,254,0,57000000.0,0.0,0.008,0.0,Attack
8e-06,udp,-,INT,2,0,182,0,125000.0003,254,0,91000000.0,0.0,0.008,0.0,Attack
8e-06,udp,dns,INT,2,0,114,0,125000.0003,254,0,57000000.0,0.0,0.008,0.0,Attack
9e-06,udp,dns,INT,2,0,114,0,111111.1072,254,0,50666664.0,0.0,0.009,0.0,Attack
0.273756,tcp,-,FIN,12,8,2182,355,69.404872,254,252,58475.42969,9088.385742,24.886909,37.49057,Attack
1.740058,ospf,-,INT,28,0,3024,0,15.516725,254,0,13406.4502,0.0,64.446594,0.0,Attack
9e-06,udp,dns,INT,2,0,114,0,111111.1072,254,0,50666664.0,0.0,0.009,0.0,Attack
2e-06,udp,dns,INT,2,0,114,0,500000.0013,254,0,228000000.0,0.0,0.002,0.0,Attack
0.004954,tcp,-,FIN,18,18,3936,2456,7064.997976,31,29,6004037.0,3746467.5,0.265235,0.259765,Normal
1e-05,udp,dns,INT,2,0,114,0,100000.0025,254,0,45600000.0,0.0,0.01,0.0,Attack
3e-06,unas,-,INT,2,0,200,0,333333.3215,254,0,266666656.0,0.0,0.003,0.0,Attack
9e-06,udp,dns,INT,2,0,114,0,111111.1072,254,0,50666664.0,0.0,0.009,0.0,Attack
9e-06,unas,-,INT,2,0,200,0,111111.1072,254,0,88888888.0,0.0,0.009,0.0,Attack
2.5e-05,udp,-,INT,2,0,168,0,40000.00101,254,0,26880000.0,0.0,0.025,0.0,Attack
1.17181,tcp,http,FIN,10,10,792,1330,16.214232,62,252,4867.683105,8171.973145,130.111333,114.445664,Attack
0.031147,tcp,smtp,FIN,52,40,37358,3276,2921.629743,31,29,9410858.0,820624.8125,0.61572,0.786795,Normal
1e-05,unas,-,INT,2,0,200,0,100000.0025,254,0,80000000.0,0.0,0.01,0.0,Attack
0.696159,tcp,-,FIN,10,8,620,354,24.419709,254,252,6412.328125,3562.404541,77.351,82.26757,Attack
4e-06,cphb,-,INT,2,0,200,0,250000.0006,254,0,200000000.0,0.0,0.004,0.0,Attack
0.324982,tcp,-,FIN,10,6,1240,268,46.156404,254,252,27472.29102,5514.151855,33.974333,56.932398,Attack
2.153303,tcp,-,FIN,26,24,6696,2896,22.755739,254,252,23922.32031,10313.45801,86.132121,90.532438,Attack
0.418243,tcp,http,FIN,10,8,954,354,40.646228,254,252,16430.64063,5929.567383,46.471444,50.361855,Attack
6.346889,tcp,-,FIN,294,560,16744,707082,134.396552,31,29,21034.55664,889657.9375,21.660502,11.37212,Normal
4e-06,unas,-,INT,2,0,200,0,250000.0006,254,0,200000000.0,0.0,0.004,0.0,Attack
0.016861,tcp,-,FIN,48,50,2958,32642,5752.921226,31,29,1374533.0,15178223.0,0.352277,0.333,Normal
1.760923,tcp,-,FIN,140,24,176914,1042,92.565091,254,252,797995.125,4538.528809,12.661187,69.693695,Attack
6e-06,udp,dns,INT,2,0,114,0,166666.6608,254,0,76000000.0,0.0,0.006,0.0,Attack
0.686805,tcp,-,FIN,12,8,1362,762,27.664329,254,252,14548.52539,7769.308594,60.539364,93.92943,Attack
9e-06,leaf-1,-,INT,2,0,200,0,111111.1072,254,0,88888888.0,0.0,0.009,0.0,Attack
0.004551,udp,-,CON,4,4,568,312,1538.123502,31,29,748846.4375,411338.1563,1.221667,1.014667,Normal
0.363788,tcp,-,FIN,10,6,574,268,41.232805,254,252,11369.25879,4925.945801,37.163,60.278398,Attack
1.574183,tcp,http,FIN,10,8,892,354,10.799253,254,252,4080.847168,1575.42041,172.239444,217.975422,Attack
3e-06,udp,dns,INT,2,0,114,0,333333.3215,254,0,152000000.0,0.0,0.003,0.0,Attack
0.700095,tcp,http,FIN,16,8,7608,1158,32.852684,254,252,81508.9375,11586.99902,46.58,91.89257,Attack
0.0,arp,-,INT,1,0,46,0,0.0,0,0,0.0,0.0,60000.688,0.0,Normal
9e-06,udp,dns,INT,2,0,114,0,111111.1072,254,0,50666664.0,0.0,0.009,0.0,Attack
0.664083,tcp,-,FIN,22,24,2054,2478,67.762614,31,29,23623.55273,28610.88086,31.606668,28.845695,Normal
1.003712,tcp,-,FIN,12,8,1466,718,18.929732,254,252,10712.23535,5013.390137,6297.549586,9450.339,Attack
0.374472,tcp,-,FIN,10,6,534,268,40.0564,254,252,10275.80176,4785.404785,38.590556,63.2,Normal
6e-06,udp,dns,INT,2,0,114,0,166666.6608,254,0,76000000.0,0.0,0.006,0.0,Attack
0.223051,tcp,ftp-data,FIN,14,6,8928,320,85.182314,31,29,297366.9688,9576.285156,17.157769,44.475398,Normal
8e-06,udp,dns,INT,2,0,114,0,125000.0003,254,0,57000000.0,0.0,0.008,0.0,Attack
0.00558,tcp,-,FIN,22,24,2054,2478,8064.515965,31,29,2811469.5,3405017.75,0.249714,0.216783,Normal
3e-06,udp,dns,INT,2,0,114,0,333333.3215,254,0,152000000.0,0.0,0.003,0.0,Attack
7e-06,udp,dns,INT,2,0,114,0,142857.1409,254,0,65142856.0,0.0,0.007,0.0,Attack
9e-06,chaos,-,INT,2,0,200,0,111111.1072,254,0,88888888.0,0.0,0.009,0.0,Attack
1.008633,tcp,http,FIN,14,18,1684,10168,30.734667,31,29,12404.9082,76174.38281,77.559998,59.302881,Normal
0.322719,tcp,-,FIN,10,6,590,268,46.480064,254,252,13163.1543,5552.818359,32.887333,53.573398,Attack
0.708682,tcp,-,FIN,16,8,9084,468,32.454613,254,252,96144.67188,4628.310059,45.842666,91.770711,Attack
3e-06,udp,-,INT,2,0,1380,0,333333.3215,254,0,1839999872.0,0.0,0.003,0.0,Attack
0.30655,tcp,http,FIN,10,8,684,1558,55.455881,62,252,16075.68164,35596.15234,34.061111,41.952285,Attack
0.26226,tcp,http,FIN,10,6,932,268,57.195152,254,252,25592.92383,6832.914062,24.949667,49.463602,Attack
0.046341,tcp,ftp-data,FIN,6,8,320,1826,280.529132,31,29,46093.09375,275868.0313,9.2064,6.548143,Normal
5e-06,wb-expak,-,INT,2,0,200,0,200000.0051,254,0,160000000.0,0.0,0.005,0.0,Attack
6e-06,udp,dns,INT,2,0,114,0,166666.6608,254,0,76000000.0,0.0,0.006,0.0,Attack
6e-06,udp,dns,INT,2,0,114,0,166666.6608,254,0,76000000.0,0.0,0.006,0.0,Attack
0.329914,tcp,-,FIN,60,62,3598,48710,366.762243,31,29,85816.30469,1162121.0,5.586407,5.39841,Normal
1e-06,udp,dns,INT,2,0,114,0,1000000.003,254,0,456000000.0,0.0,0.001,0.0,Attack
0.003244,tcp,ftp-data,FIN,6,8,320,1826,4007.398247,31,29,658446.375,3940813.75,0.5878,0.401286,Normal
0.000999,udp,dns,CON,2,2,146,178,3003.002883,31,29,584584.5625,712712.6875,0.005,0.003,Normal
1.89337,tcp,-,FIN,10,8,642,354,8.978699,254,252,2442.206299,1309.83374,210.374444,255.419,Attack
0.407256,udp,-,CON,4,4,568,312,17.188206,31,29,8368.201172,4596.617188,130.656664,130.628,Normal
0.358854,tcp,smtp,FIN,52,42,37152,3380,259.158324,31,29,812319.25,73567.52344,7.316714,8.739512,Normal
3e-06,udp,dns,INT,2,0,114,0,333333.3215,254,0,152000000.0,0.0,0.003,0.0,Attack
1.207417,tcp,ftp-data,FIN,8,8,364,586,12.423214,62,252,2113.602783,3398.991455,172.398147,159.423422,Attack
4e-06,udp,dns,INT,2,0,114,0,250000.0006,254,0,114000000.0,0.0,0.004,0.0,Attack
4e-06,leaf-1,-,INT,2,0,200,0,250000.0006,254,0,200000000.0,0.0,0.004,0.0,Attack
0.037309,tcp,ftp,FIN,52,54,2934,3742,2814.334463,31,29,617116.5625,787584.8125,0.73988,0.697885,Normal
0.487973,tcp,ftp-data,FIN,14,6,8928,320,38.93658,31,29,135925.5469,4377.291504,37.536383,97.478602,Normal
1.616947,tcp,http,FIN,52,302,2644,391398,218.312652,62,252,12834.0625,1930066.875,31.704843,5.308173,Attack
9e-06,udp,dns,INT,2,0,114,0,111111.1072,254,0,50666664.0,0.0,0.009,0.0,Attack
1.181845,tcp,-,FIN,12,10,1236,778,17.768828,254,252,7669.364746,4745.123535,107.440453,127.222445,Attack
1e-06,udp,-,INT,2,0,168,0,1000000.003,254,0,672000000.0,0.0,0.001,0.0,Attack
6e-06,udp,dns,INT,2,0,114,0,166666.6608,254,0,76000000.0,0.0,0.006,0.0,Attack
4e-06,udp,dns,INT,2,0,114,0,250000.0006,254,0,114000000.0,0.0,0.004,0.0,Attack
8e-06,udp,dns,INT,2,0,114,0,125000.0003,254,0,57000000.0,0.0,0.008,0.0,Attack
0.005367,tcp,ftp-data,FIN,6,8,320,1946,2422.209746,31,29,397987.6875,2538475.75,1.0118,0.688571,Normal
0.829405,tcp,-,FIN,14,12,774,642,30.142089,254,252,6935.091797,5681.181152,61.351615,72.149367,Attack
2.806037,tcp,-,FIN,16,18,1540,1644,11.760358,31,29,4116.838379,4427.59668,187.0468,164.991406,Normal
2.901035,tcp,-,FIN,48,52,3744,19084,34.125751,31,29,10109.49512,51614.67969,61.717171,56.871547,Normal
0.025869,tcp,-,FIN,64,66,3806,54798,4986.663439,31,29,1158761.375,16689628.0,0.40573,0.3884,Normal
0.001053,udp,dns,CON,2,2,146,178,2849.002888,31,29,554605.875,676163.375,0.009,0.006,Normal
0.952472,tcp,-,FIN,14,10,774,556,24.147692,254,252,6039.022949,4207.998047,73.267075,94.006109,Attack
59.329048,ospf,-,INT,118,0,32096,0,1.972053,254,0,4291.186523,0.0,507.085969,0.0,Attack
0.086153,udp,-,CON,4,4,568,312,81.250797,31,29,39557.53125,21728.78516,23.670666,23.599334,Normal
0.074947,tcp,-,FIN,60,62,3614,50036,1614.474238,31,29,379361.4063,5254807.0,1.286845,1.230167,Normal
9e-06,udp,dns,INT,2,0,114,0,111111.1072,254,0,50666664.0,0.0,0.009,0.0,Attack
8e-06,udp,dns,INT,2,0,114,0,125000.0003,254,0,57000000.0,0.0,0.008,0.0,Attack
4e-06,ggp,-,INT,2,0,180,0,250000.0006,254,0,180000000.0,0.0,0.004,0.0,Attack
0.086319,tcp,-,FIN,22,24,1920,4312,521.322076,31,29,169881.4844,383044.2813,4.093857,3.896818,Normal
0.287189,tcp,http,FIN,10,8,824,1380,59.194466,62,252,20669.31445,33650.3125,31.909889,34.341285,Attack
8.414759,tcp,http,FIN,346,746,18474,1087890,129.653154,31,29,17513.03906,1032882.375,24.389689,11.294347,Normal
0.087963,tcp,-,FIN,52,54,3182,39076,1193.683709,31,29,283846.625,3488103.0,1.718647,1.649,Normal
8e-06,sat-mon,-,INT,2,0,200,0,125000.0003,254,0,100000000.0,0.0,0.008,0.0,Attack
0.024901,tcp,-,FIN,60,62,3614,50036,4859.242448,31,29,1141801.5,15815911.0,0.416661,0.397738,Normal
0.037904,tcp,-,FIN,52,54,3182,39076,2770.156055,31,29,658716.75,8094765.5,0.736824,0.73202,Normal
3e-06,udp,dns,INT,2,0,114,0,333333.3215,254,0,152000000.0,0.0,0.003,0.0,Attack
3e-06,udp,dns,INT,2,0,114,0,333333.3215,254,0,152000000.0,0.0,0.003,0.0,Attack
3e-06,udp,-,INT,2,0,904,0,333333.3215,254,0,1205333248.0,0.0,0.003,0.0,Attack
1.074054,tcp,http,FIN,10,8,866,1252,15.827882,62,252,5809.763672,8163.462891,119.214,142.331,Attack
1.755896,tcp,pop3,FIN,22,40,1056,31132,34.740099,62,252,4592.527344,138295.2031,83.614097,44.104306,Attack
2e-06,udp,dns,INT,2,0,114,0,500000.0013,254,0,228000000.0,0.0,0.002,0.0,Attack
9e-06,udp,dns,INT,2,0,114,0,111111.1072,254,0,50666664.0,0.0,0.009,0.0,Attack
0.010327,tcp,-,FIN,38,40,2438,18508,7456.182698,31,29,1839062.625,13979665.0,0.275972,0.257342,Normal
0.00173,udp,-,CON,4,4,544,304,4046.242732,31,29,1886705.125,1054335.25,0.442333,0.212667,Normal
0.107621,tcp,ftp,FIN,52,54,2934,3742,975.646024,31,29,213935.9375,273032.2188,2.103372,2.021623,Normal
3e-06,udp,dns,INT,2,0,114,0,333333.3215,254,0,152000000.0,0.0,0.003,0.0,Attack
0.0,arp,-,INT,1,0,46,0,0.0,0,0,0.0,0.0,60000.68,0.0,Normal
2.075285,tcp,ftp-data,FIN,8,10,364,3754,8.191646,62,252,1229.710693,13025.68066,296.469286,219.912111,Attack
0.773745,tcp,http,FIN,10,10,822,1078,24.555894,254,252,7651.099609,10039.4834,85.971667,80.177109,Attack
0.0,arp,-,INT,1,0,46,0,0.0,0,0,0.0,0.0,60000.736,0.0,Normal
3.426918,tcp,-,FIN,26,72,1364,71942,28.305317,62,252,3062.810303,165613.5313,137.0528,46.494803,Attack
0.803823,tcp,-,FIN,12,8,3042,700,23.637045,254,252,27757.35547,6100.845703,70.775456,100.830141,Attack
0.00395,tcp,-,FIN,12,12,1064,2260,5822.785091,31,29,1976709.0,4196456.0,0.328273,0.309,Normal
2.678778,tcp,pop3,FIN,20,22,954,3012,15.305487,62,252,2708.697754,8588.991211,140.988311,123.260047,Attack
1.16711,tcp,ftp,FIN,22,22,1202,1634,36.843144,62,252,7869.009766,10693.08008,55.576665,54.909382,Attack
1.452749,tcp,smtp,FIN,34,22,22538,1752,37.859258,62,252,120466.7813,9212.87793,44.022697,65.755141,Attack
8e-06,udp,dns,INT,2,0,114,0,125000.0003,254,0,57000000.0,0.0,0.008,0.0,Attack
1.008976,tcp,-,FIN,10,6,534,268,14.866558,254,252,3813.767578,1776.058105,112.008333,182.788203,Normal
8e-06,udp,dns,INT,2,0,114,0,125000.0003,254,0,57000000.0,0.0,0.008,0.0,Attack
0.001058,udp,dns,CON,2,2,130,162,2835.538689,31,29,491493.375,612476.375,0.009,0.003,Normal
6e-06,udp,dns,INT,2,0,114,0,166666.6608,254,0,76000000.0,0.0,0.006,0.0,Attack
0.001056,udp,dns,CON,2,2,130,162,2840.909069,31,29,492424.25,613636.375,0.01,0.006,Normal
9e-06,gre,-,INT,2,0,200,0,111111.1072,254,0,88888888.0,0.0,0.009,0.0,Attack
9e-06,sctp,-,INT,2,0,104,0,111111.1072,254,0,46222220.0,0.0,0.009,0.0,Attack
0.409506,tcp,-,FIN,10,6,518,268,36.629501,254,252,9123.1875,4376.004395,42.724333,71.516602,Attack
0.199559,tcp,http,FIN,10,12,836,7650,105.232035,62,252,30186.56055,281139.9063,22.173222,16.684636,Attack
0.001164,udp,dns,CON,2,2,146,178,2577.319553,31,29,501718.2188,611683.8125,0.008,0.006,Normal
1.00562,tcp,http,FIN,12,18,1580,10168,28.837931,31,29,11527.2168,76402.61719,91.39,59.122825,Normal
0.604945,tcp,http,FIN,10,12,842,8284,34.713899,62,252,10024.05176,100425.6563,67.216111,49.975818,Attack
0.585707,tcp,http,FIN,10,8,834,354,29.024751,254,252,10257.68848,4234.19873,65.023667,77.052,Attack
3e-06,udp,dns,INT,2,0,114,0,333333.3215,254,0,152000000.0,0.0,0.003,0.0,Attack
0.89572,tcp,-,FIN,10,6,756,268,16.746305,254,252,6082.257812,2000.625244,96.281778,160.334,Attack
7e-06,udp,dns,INT,2,0,114,0,142857.1409,254,0,65142856.0,0.0,0.007,0.0,Attack
4e-06,udp,-,INT,2,0,196,0,250000.0006,254,0,196000000.0,0.0,0.004,0.0,Attack
1.00727,tcp,http,FIN,14,18,1684,10168,30.776257,31,29,12421.69434,76277.46094,77.456462,59.220824,Normal
1.1e-05,udp,-,INT,2,0,1698,0,90909.0902,254,0,617454528.0,0.0,0.011,0.0,Attack
0.502236,tcp,http,FIN,10,8,818,1104,33.848628,62,252,11739.50098,15387.18848,55.804,54.55543,Normal
0.787501,tcp,-,FIN,10,6,588,268,19.047595,254,252,5384.120117,2275.552734,87.394889,134.207594,Attack
0.0,arp,-,INT,1,0,46,0,0.0,0,0,0.0,0.0,60000.752,0.0,Normal
2.530723,tcp,-,FIN,12,8,4694,354,7.507736,254,252,13602.43652,979.957092,230.04417,350.373,Attack
0.591184,tcp,-,FIN,10,10,480,441,32.138893,254,252,5845.895508,5372.269531,65.687111,62.664,Attack
2.202842,tcp,smtp,FIN,24,24,3939,2044,21.336074,254,252,13709.5625,7114.445801,95.775738,94.082781,Attack
9e-06,vmtp,-,INT,2,0,200,0,111111.1072,254,0,88888888.0,0.0,0.009,0.0,Attack
8e-06,udp,dns,INT,2,0,114,0,125000.0003,254,0,57000000.0,0.0,0.008,0.0,Attack
1.836251,tcp,smtp,FIN,34,22,19509,1950,29.952332,62,252,82498.52344,8112.180664,55.643969,85.520336,Attack
3e-06,udp,dns,INT,2,0,114,0,333333.3215,254,0,152000000.0,0.0,0.003,0.0,Attack
58.809574,ospf,-,REQ,30,0,3240,0,0.493117,254,0,426.05307,0.0,2044.502875,0.0,Attack
0.194249,tcp,http,FIN,10,6,1308,268,77.220473,254,252,48515.05078,9225.272461,20.489667,35.168199,Attack
1e-05,iso-tp4,-,INT,2,0,200,0,100000.0025,254,0,80000000.0,0.0,0.01,0.0,Attack
7e-06,udp,dns,INT,2,0,114,0,142857.1409,254,0,65142856.0,0.0,0.007,0.0,Attack
1e-05,udp,-,INT,2,0,168,0,100000.0025,254,0,67200000.0,0.0,0.01,0.0,Attack
0.001703,udp,-,CON,4,4,520,304,4110.393314,31,29,1832061.0,1071051.0,0.441667,0.198333,Normal
0.03041,udp,-,CON,4,4,568,320,230.187444,31,29,112068.3984,63137.12891,5.021,9.660667,Normal
1e-05,udp,-,INT,2,0,168,0,100000.0025,254,0,67200000.0,0.0,0.01,0.0,Attack
6e-06,udp,dns,INT,2,0,114,0,166666.6608,254,0,76000000.0,0.0,0.006,0.0,Attack
1.1e-05,udp,-,INT,2,0,1898,0,90909.0902,254,0,690181824.0,0.0,0.011,0.0,Attack
8e-06,udp,dns,INT,2,0,114,0,125000.0003,254,0,57000000.0,0.0,0.008,0.0,Attack
0.639816,tcp,-,FIN,10,6,534,268,23.444241,254,252,6014.229004,2800.805176,71.090667,106.305797,Normal
1.521546,tcp,-,FIN,16,14,880,1342,19.059562,254,252,4337.693359,6556.489258,97.741134,110.829617,Attack
1.312122,tcp,-,FIN,12,8,1490,720,14.480361,254,252,8328.494141,3841.106201,115.538271,171.974,Attack
1.025383,tcp,http,FIN,14,18,1684,10168,30.232606,31,29,12202.26953,74930.05469,78.850536,60.286,Normal
5e-06,wb-expak,-,INT,2,0,200,0,200000.0051,254,0,160000000.0,0.0,0.005,0.0,Attack
0.67735,tcp,-,FIN,10,8,564,354,25.097808,254,252,5999.852539,3661.327393,75.261111,88.066711,Attack
5e-06,mobile,-,INT,2,0,200,0,200000.0051,254,0,160000000.0,0.0,0.005,0.0,Attack
0.001087,udp,dns,CON,2,2,146,178,2759.889575,31,29,537258.5,655013.8125,0.009,0.008,Normal
0.969714,tcp,http,FIN,10,10,816,1168,19.593406,62,252,6063.643555,8678.847656,107.746,98.443664,Normal
9e-06,udp,dns,INT,2,0,114,0,111111.1072,254,0,50666664.0,0.0,0.009,0.0,Attack
0.218762,tcp,-,FIN,10,6,768,268,68.567669,254,252,25306.04102,8191.550781,24.306889,41.933398,Attack
3e-06,unas,-,INT,2,0,200,0,333333.3215,254,0,266666656.0,0.0,0.003,0.0,Attack
0.001014,udp,dns,CON,2,2,130,162,2958.579772,31,29,512820.5,639053.25,0.009,0.007,Normal
0.715241,tcp,http,FIN,10,6,864,268,20.971952,254,252,8701.961914,2505.449219,77.162889,115.187203,Attack
9e-06,isis,-,INT,2,0,200,0,111111.1072,254,0,88888888.0,0.0,0.009,0.0,Attack
0.43504,tcp,http,FIN,10,6,812,268,34.479588,254,252,13442.44238,4119.161621,45.870556,77.292398,Attack
0.856596,tcp,-,FIN,12,8,5262,354,22.180818,254,252,45052.74219,2895.18042,71.879457,97.799141,Normal
0.001086,udp,dns,CON,2,2,130,162,2762.430929,31,29,478821.375,596685.0625,0.01,0.007,Normal
0.177169,tcp,http,FIN,10,6,1124,268,84.664927,254,252,45696.48438,10114.63672,19.184556,33.760398,Attack
3.056413,tcp,pop3,FIN,28,70,1318,69512,31.736549,62,252,3326.775635,179344.875,113.197405,43.143668,Attack
37.642654,ospf,-,INT,20,0,1280,0,0.504747,254,0,258.430237,0.0,1981.19225,0.0,Attack
2.184358,tcp,-,FIN,38,152,1866,181048,86.524283,62,252,6654.587402,658708.9375,59.036701,13.597795,Attack
4e-06,udp,dns,INT,2,0,114,0,250000.0006,254,0,114000000.0,0.0,0.004,0.0,Attack
0.11566,tcp,-,FIN,66,68,3926,57474,1149.922217,31,29,267473.625,3916929.0,1.774523,1.718298,Normal
0.771849,tcp,http,FIN,10,6,766,268,19.433854,254,252,7151.658203,2321.697754,84.165111,131.302594,Attack
9e-06,udp,dns,INT,2,0,114,0,111111.1072,254,0,50666664.0,0.0,0.009,0.0,Attack
0.667458,tcp,-,FIN,10,8,564,354,25.469767,254,252,6088.772461,3715.5896,74.162,94.356141,Attack
0.195837,tcp,http,FIN,10,10,848,3546,97.019457,62,252,31209.62695,130394.1484,21.759667,20.199667,Attack
3e-06,udp,dns,INT,2,0,114,0,333333.3215,254,0,152000000.0,0.0,0.003,0.0,Attack
4e-06,any,-,INT,2,0,200,0,250000.0006,254,0,200000000.0,0.0,0.004,0.0,Attack
7e-06,vmtp,-,INT,2,0,200,0,142857.1409,254,0,114285712.0,0.0,0.007,0.0,Attack
7e-06,udp,dns,INT,2,0,114,0,142857.1409,254,0,65142856.0,0.0,0.007,0.0,Attack
3e-06,udp,dns,INT,2,0,114,0,333333.3215,254,0,152000000.0,0.0,0.003,0.0,Attack
1.16667,tcp,-,FIN,12,6,3490,268,14.571387,254,252,21942.79492,1535.995605,106.06091,219.656406,Attack
3.067268,tcp,-,FIN,10,8,648,354,5.542392,254,252,1523.179688,808.537109,335.942333,428.474562,Attack
3.107523,tcp,smtp,FIN,66,28,63427,2102,29.927373,62,252,160812.3281,5218.304199,47.808049,111.902219,Attack
0.001046,udp,dns,CON,2,2,146,178,2868.068701,31,29,558317.375,680688.3125,0.01,0.007,Normal
0.001017,udp,dns,CON,2,2,130,162,2949.852669,31,29,511307.7813,637168.1875,0.009,0.007,Normal
1e-05,udp,dns,INT,2,0,114,0,100000.0025,254,0,45600000.0,0.0,0.01,0.0,Attack
4e-06,pipe,-,INT,2,0,200,0,250000.0006,254,0,200000000.0,0.0,0.004,0.0,Attack
0.65441,tcp,-,FIN,10,10,608,646,29.033786,254,252,6699.164062,7114.805664,72.702556,61.902777,Attack
1.875256,tcp,http,FIN,10,10,936,3152,10.13195,254,252,3596.309082,12102.88086,208.302889,197.449891,Attack
4e-06,udp,dns,INT,2,0,114,0,250000.0006,254,0,114000000.0,0.0,0.004,0.0,Attack
9e-06,any,-,INT,2,0,200,0,111111.1072,254,0,88888888.0,0.0,0.009,0.0,Attack
1.7e-05,udp,dns,INT,2,0,114,0,58823.52838,254,0,26823528.0,0.0,0.017,0.0,Attack
0.197858,tcp,http,FIN,12,6,3772,268,85.920203,254,252,139817.4375,9057.0,16.232182,37.217398,Attack
0.493463,tcp,-,FIN,10,6,636,268,30.397415,254,252,9289.450195,3631.477783,54.697889,65.722398,Attack
0.578893,tcp,http,FIN,10,10,764,4222,32.821264,62,252,9507.801758,52514.02344,63.725,56.562889,Attack
0.603104,tcp,-,FIN,10,6,756,268,24.871333,254,252,9033.267578,2971.295166,63.265,102.34,Attack
0.004276,udp,-,CON,4,4,568,304,1637.04398,31,29,797006.5625,426566.875,1.139667,0.932667,Normal
0.408556,tcp,http,FIN,10,8,956,354,41.609961,254,252,16859.37695,6070.15918,43.251222,56.07857,Attack
0.491569,tcp,ftp,FIN,14,12,1200,846,50.857559,254,252,18145.97656,12628.94922,36.289691,41.510547,Attack
0.004296,udp,-,CON,4,4,568,312,1629.422675,31,29,793296.0625,435754.1875,1.142,0.958,Normal
0.000937,udp,dns,CON,2,2,130,162,3201.707662,31,29,554962.6875,691568.875,0.009,0.002,Normal
9e-06,rdp,-,INT,2,0,200,0,111111.1072,254,0,88888888.0,0.0,0.009,0.0,Attack
4.017737,tcp,ftp,FIN,24,22,1280,1664,11.200335,62,252,2443.166504,3163.970215,174.684223,185.560949,Attack
9e-06,sdrp,-,INT,2,0,200,0,111111.1072,254,0,88888888.0,0.0,0.009,0.0,Attack
2.7e-05,udp,dns,INT,2,0,114,0,37037.03698,254,0,16888888.0,0.0,0.027,0.0,Attack
0.010906,tcp,-,FIN,38,40,2438,18508,7060.333962,31,29,1741426.75,13237484.0,0.294278,0.272632,Normal
3e-06,udp,dns,INT,2,0,114,0,333333.3215,254,0,152000000.0,0.0,0.003,0.0,Attack
0.863102,tcp,http,FIN,10,8,838,1358,19.696397,62,252,6998.01416,11020.71387,95.900222,107.642859,Normal
3.586879,tcp,-,FIN,228,438,13142,548216,185.397945,31,29,29184.14648,1219924.0,15.799863,8.206913,Normal
0.000978,udp,dns,CON,2,2,130,162,3067.484674,31,29,531697.3125,662576.6875,0.008,0.005,Normal
9e-06,udp,-,INT,2,0,248,0,111111.1072,254,0,110222216.0,0.0,0.009,0.0,Attack
3e-06,unas,-,INT,2,0,200,0,333333.3215,254,0,266666656.0,0.0,0.003,0.0,Attack
6e-06,udp,dns,INT,2,0,114,0,166666.6608,254,0,76000000.0,0.0,0.006,0.0,Attack
0.016735,tcp,-,FIN,48,50,2974,30506,5796.235249,31,29,1392530.625,14291484.0,0.348362,0.336062,Normal
9e-06,udp,dns,INT,2,0,114,0,111111.1072,254,0,50666664.0,0.0,0.009,0.0,Attack
6e-06,udp,dns,INT,2,0,114,0,166666.6608,254,0,76000000.0,0.0,0.006,0.0,Attack
9e-06,udp,dns,INT,2,0,114,0,111111.1072,254,0,50666664.0,0.0,0.009,0.0,Attack
0.719215,tcp,http,FIN,10,8,812,1082,23.636883,62,252,8131.087402,10533.70703,79.771222,91.95657,Normal
9e-06,udp,dns,INT,2,0,114,0,111111.1072,254,0,50666664.0,0.0,0.009,0.0,Attack
0.18629,tcp,-,FIN,10,6,1280,268,80.519622,254,252,49471.25391,9619.411133,19.034556,36.045801,Attack
0.018465,tcp,-,FIN,16,18,1540,1644,1787.164977,31,29,625616.0625,672840.5625,1.196333,1.058471,Normal
0.006318,tcp,ssh,FIN,32,24,3728,5474,8705.286283,31,29,4573599.0,6642608.5,0.2106,0.243609,Normal
3e-06,iso-tp4,-,INT,2,0,200,0,333333.3215,254,0,266666656.0,0.0,0.003,0.0,Attack
0.346255,tcp,http,FIN,12,16,1334,11228,77.977212,62,252,28256.63086,243219.5938,31.477727,20.750267,Attack
2.268657,tcp,-,FIN,10,8,792,354,7.49342,254,252,2514.262939,1093.157715,252.073,309.347562,Attack
0.004187,udp,-,CON,4,4,568,312,1671.84142,31,29,813947.9375,447098.1563,1.106667,0.928667,Normal
0.406831,tcp,-,FIN,10,6,524,268,36.870347,254,252,9281.495117,4404.777344,45.203444,67.672602,Normal
0.828979,tcp,http,FIN,10,6,816,268,18.094547,254,252,7093.0625,2161.695312,89.211556,148.822594,Attack
0.000931,udp,dns,CON,2,2,146,178,3222.341611,31,29,627282.5,764769.0625,0.001,0.005,Normal
1.391776,tcp,-,FIN,12,10,1366,822,15.088635,254,252,7202.308594,4253.558105,124.462176,143.512,Attack
9e-06,udp,dns,INT,2,0,114,0,111111.1072,254,0,50666664.0,0.0,0.009,0.0,Attack
0.522461,tcp,http,FIN,10,10,760,4220,36.366351,62,252,10473.50879,58155.53906,58.051222,53.956778,Attack
6e-06,udp,dns,INT,2,0,114,0,166666.6608,254,0,76000000.0,0.0,0.006,0.0,Attack
1e-05,sctp,-,INT,2,0,200,0,100000.0025,254,0,80000000.0,0.0,0.01,0.0,Attack
5.890388,tcp,-,FIN,238,438,13662,548216,114.59347,31,29,18477.56055,742857.6875,24.957868,13.478013,Normal
0.001074,udp,dns,CON,2,2,146,178,2793.296014,31,29,543761.625,662942.25,0.009,0.007,Normal
0.020872,tcp,-,FIN,48,48,2958,32538,4551.552187,31,29,1110387.125,12211958.0,0.437468,0.44337,Normal
5e-06,udp,dns,INT,2,0,114,0,200000.0051,254,0,91200000.0,0.0,0.005,0.0,Attack
9e-06,unas,-,INT,2,0,200,0,111111.1072,254,0,88888888.0,0.0,0.009,0.0,Attack
1.423409,tcp,-,FIN,18,18,1010,3354,24.588857,62,252,5361.775879,17805.14258,83.729941,76.386,Attack
0.001654,udp,-,CON,4,4,520,304,4232.164395,31,29,1886336.125,1102781.125,0.424,0.2,Normal
8e-06,udp,dns,INT,2,0,114,0,125000.0003,254,0,57000000.0,0.0,0.008,0.0,Attack
1.242904,tcp,-,FIN,12,8,4658,354,15.286781,254,252,27484.02148,1995.327148,106.293908,155.812141,Normal
7.768967,ospf,-,REQ,20,0,5440,0,2.445628,254,0,5321.685547,0.0,465.277062,0.0,Attack
28.2276,ospf,-,INT,42,0,2184,0,1.452479,254,0,604.231323,0.0,688.477938,0.0,Attack
9e-06,pup,-,INT,2,0,180,0,111111.1072,254,0,80000000.0,0.0,0.009,0.0,Attack
0.017966,tcp,-,FIN,16,18,1540,1644,1836.802813,31,29,642992.3125,691528.4375,1.1772,1.030412,Normal
5e-06,udp,-,INT,2,0,168,0,200000.0051,254,0,134400000.0,0.0,0.005,0.0,Attack
0.019945,tcp,-,FIN,16,18,1540,1644,1654.550065,31,29,579192.8125,622913.0,1.402857,1.145765,Normal
0.416352,tcp,-,FIN,10,6,534,268,36.027207,254,252,9242.179688,4304.050293,46.251222,68.735203,Normal
1e-06,udp,-,INT,2,0,104,0,1000000.003,254,0,416000000.0,0.0,0.001,0.0,Normal
9e-06,aes-sp3-d,-,INT,2,0,200,0,111111.1072,254,0,88888888.0,0.0,0.009,0.0,Attack
0.413275,tcp,http,FIN,10,6,946,268,36.295445,254,252,16492.65039,4336.095703,41.624556,71.197797,Attack
0.001057,udp,dns,CON,2,2,130,162,2838.221339,31,29,491958.375,613055.8125,0.007,0.007,Normal
0.001053,udp,dns,CON,2,2,146,178,2849.002888,31,29,554605.875,676163.375,0.007,0.007,Normal
8e-06,udp,dns,INT,2,0,114,0,125000.0003,254,0,57000000.0,0.0,0.008,0.0,Attack
0.004893,udp,-,CON,4,4,568,312,1430.615231,31,29,696505.25,382587.375,1.327,1.164333,Normal
7e-06,udp,dns,INT,2,0,114,0,142857.1409,254,0,65142856.0,0.0,0.007,0.0,Attack
0.100834,tcp,-,FIN,84,86,4862,75600,1676.022024,31,29,381220.625,5928238.5,1.241074,1.194762,Normal
0.379493,tcp,-,FIN,28,30,4456,3080,150.2004,31,29,90584.01563,62778.49609,14.043667,13.065414,Normal
0.000991,udp,dns,CON,2,2,146,178,3027.245271,31,29,589303.75,718466.1875,0.001,0.009,Normal
0.195455,tcp,http,FIN,10,6,1006,268,76.744008,254,252,37082.70313,9168.350586,20.363,37.473602,Attack
5e-06,unas,-,INT,2,0,200,0,200000.0051,254,0,160000000.0,0.0,0.005,0.0,Attack
1.714032,tcp,-,FIN,34,12,36414,526,26.253885,254,252,164958.4063,2254.333496,2950.628263,8357.39,Attack
0.084881,tcp,-,FIN,72,74,4238,63516,1708.273932,31,29,393963.3125,5905491.0,1.208086,1.147205,Normal
1.342542,tcp,-,CON,6,2,978,86,5.213989,62,252,4856.458496,256.230347,268.5084,0.007,Normal
9e-06,unas,-,INT,2,0,200,0,111111.1072,254,0,88888888.0,0.0,0.009,0.0,Attack
0.343707,tcp,-,FIN,10,6,1612,268,43.641823,254,252,33772.95313,5213.743164,37.042,56.412602,Attack
9e-06,unas,-,INT,2,0,200,0,111111.1072,254,0,88888888.0,0.0,0.009,0.0,Attack
1e-06,udp,dns,INT,2,0,114,0,1000000.003,254,0,456000000.0,0.0,0.001,0.0,Attack
0.0,arp,-,INT,1,0,46,0,0.0,0,0,0.0,0.0,0.0,0.0,Normal
5e-06,udp,dns,INT,2,0,114,0,200000.0051,254,0,91200000.0,0.0,0.005,0.0,Attack
1e-06,ddx,-,INT,2,0,200,0,1000000.003,254,0,800000000.0,0.0,0.001,0.0,Attack
1.677488,tcp,-,FIN,10,8,1902,354,10.134201,254,252,8164.588867,1478.401123,183.695889,227.727281,Attack
0.051931,tcp,-,FIN,90,92,5174,83812,3485.393997,31,29,788276.75,12770946.0,0.579921,0.56467,Normal
0.742081,tcp,-,FIN,12,8,986,744,25.603674,254,252,9745.567383,7018.102051,63.904729,101.669711,Attack
0.004568,udp,-,CON,4,4,568,304,1532.399347,31,29,746059.5625,399299.5,1.21,1.036333,Normal
8e-06,tp++,-,INT,2,0,200,0,125000.0003,254,0,100000000.0,0.0,0.008,0.0,Attack
0.001054,udp,dns,CON,2,2,146,178,2846.299829,31,29,554079.6875,675521.8125,0.008,0.007,Normal
9e-06,udp,dns,INT,2,0,114,0,111111.1072,254,0,50666664.0,0.0,0.009,0.0,Attack
0.098934,tcp,-,FIN,74,72,4342,63514,1465.623514,31,29,346412.75,5064548.0,1.350945,1.406429,Normal
0.51128,tcp,-,FIN,10,8,566,354,33.249883,254,252,7979.97168,4850.571289,54.179111,67.947289,Normal
1.9e-05,udp,-,INT,3,0,3026,0,105263.1626,254,0,849684224.0,0.0,0.013,0.0,Attack
0.031738,tcp,-,FIN,122,126,7818,15800,7782.46851,31,29,1954502.375,3951099.5,0.266127,0.249664,Normal
0.126709,tcp,-,FIN,48,52,2958,33148,781.317827,31,29,182907.2969,2052640.375,2.689106,2.474961,Normal
5e-06,udp,dns,INT,2,0,114,0,200000.0051,254,0,91200000.0,0.0,0.005,0.0,Attack
0.717435,tcp,-,FIN,10,6,688,268,20.907817,254,252,6913.518066,2497.787354,75.400444,128.388797,Attack
7e-06,udp,dns,INT,2,0,114,0,142857.1409,254,0,65142856.0,0.0,0.007,0.0,Attack
8e-06,udp,dns,INT,2,0,114,0,125000.0003,254,0,57000000.0,0.0,0.008,0.0,Attack
1e-05,udp,-,INT,2,0,168,0,100000.0025,254,0,67200000.0,0.0,0.01,0.0,Attack
0.018575,tcp,-,FIN,16,18,1540,1644,1776.581461,31,29,621911.1875,668856.0,1.2176,1.034471,Normal
0.0,arp,-,INT,1,0,46,0,0.0,0,0,0.0,0.0,60000.664,0.0,Normal
7e-06,udp,-,INT,2,0,168,0,142857.1409,254,0,96000000.0,0.0,0.007,0.0,Attack
0.06004,tcp,-,FIN,62,60,3702,48606,2015.32309,31,29,485409.7188,6368554.0,0.976328,1.024672,Normal
9e-06,udp,-,INT,2,0,132,0,111111.1072,254,0,58666664.0,0.0,0.009,0.0,Attack
0.01586,tcp,-,FIN,38,40,2438,19266,4854.980893,31,29,1197477.875,9475409.0,0.420108,0.378949,Normal
59.972408,tcp,pop3,CON,1422,9346,61248,12422665,179.53256,62,252,8164.421387,1656940.125,42.154547,6.426947,Attack
9e-06,udp,dns,INT,2,0,114,0,111111.1072,254,0,50666664.0,0.0,0.009,0.0,Attack
0.492266,tcp,http,FIN,10,8,792,1158,34.534175,62,252,11587.23145,16478.89648,54.696222,61.34957,Attack
0.234855,tcp,http,FIN,10,6,942,268,63.869197,254,252,28885.9082,7630.240234,25.993667,43.885801,Attack
1.540862,tcp,smtp,FIN,84,30,87848,2110,73.335576,62,252,450672.4375,10591.47461,18.552747,52.05107,Attack
0.006107,tcp,ssh,FIN,32,24,3728,5474,9006.058373,31,29,4731619.5,6872114.0,0.203567,0.232783,Normal
3e-06,udp,-,INT,2,0,236,0,333333.3215,254,0,314666656.0,0.0,0.003,0.0,Normal
0.383469,tcp,http,FIN,12,8,2172,858,49.547684,254,252,41536.60547,15667.49902,33.523272,47.294145,Attack
0.023329,tcp,smtp,FIN,52,40,37268,3276,3900.724266,31,29,12534442.0,1095632.0,0.45976,0.58418,Normal
3e-06,udp,dns,INT,2,0,114,0,333333.3215,254,0,152000000.0,0.0,0.003,0.0,Attack
3e-06,udp,dns,INT,2,0,114,0,333333.3215,254,0,152000000.0,0.0,0.003,0.0,Attack
0.795564,tcp,-,FIN,10,8,534,354,21.368488,254,252,4836.820312,3117.2854,88.292667,100.58343,Normal
9e-06,udp,dns,INT,2,0,114,0,111111.1072,254,0,50666664.0,0.0,0.009,0.0,Attack
0.893407,tcp,-,FIN,24,66,1286,68276,99.618652,62,252,11040.88086,602117.5,38.843783,13.63083,Attack
1.626895,tcp,http,FIN,14,18,1684,10168,19.054703,31,29,7690.724121,47226.16016,125.114615,95.670353,Normal
0.023896,tcp,-,FIN,60,62,3598,48710,5063.609096,31,29,1184800.875,16044527.0,0.406655,0.382984,Normal
59.49836,ospf,-,REQ,74,0,20128,0,1.226925,254,0,2669.787842,0.0,828.756313,0.0,Attack
0.377509,tcp,http,FIN,10,6,1018,268,39.734152,254,252,19432.64844,4746.906738,41.830111,67.357602,Attack
1.6e-05,udp,-,INT,2,0,104,0,62500.00016,254,0,26000000.0,0.0,0.016,0.0,Attack
0.648033,tcp,-,FIN,10,6,1612,268,23.146969,254,252,17912.66797,2765.29126,70.51,115.794797,Normal
8e-06,udp,dns,INT,2,0,114,0,125000.0003,254,0,57000000.0,0.0,0.008,0.0,Attack
0.0,arp,-,INT,1,0,46,0,0.0,0,0,0.0,0.0,60000.732,0.0,Normal
9e-06,udp,dns,INT,2,0,114,0,111111.1072,254,0,50666664.0,0.0,0.009,0.0,Attack
0.005553,tcp,-,FIN,22,24,2054,2478,8103.727509,31,29,2825139.5,3421573.75,0.25975,0.217565,Normal
0.377444,tcp,ftp-data,FIN,6,8,320,1910,34.442195,31,29,5659.117676,35438.37109,75.4278,53.85657,Normal
0.001061,udp,dns,CON,2,2,132,164,2827.521083,31,29,497643.7188,618284.625,0.008,0.007,Normal
5e-06,udp,dns,INT,2,0,114,0,200000.0051,254,0,91200000.0,0.0,0.005,0.0,Attack
0.000968,udp,dns,CON,2,2,146,178,3099.173623,31,29,603305.8125,735537.1875,0.013,0.01,Normal
0.013107,tcp,-,FIN,16,18,1540,1644,2517.738629,31,29,881361.125,947890.4375,0.853333,0.743765,Normal
0.729194,tcp,-,FIN,10,6,1612,268,20.570658,254,252,15918.94629,2457.507812,78.025556,128.348203,Attack
6e-06,larp,-,INT,2,0,200,0,166666.6608,254,0,133333328.0,0.0,0.006,0.0,Attack
0.863796,tcp,-,FIN,12,8,1498,744,21.995934,254,252,12725.22656,6029.201172,78.465001,114.53657,Attack
8e-06,udp,dns,INT,2,0,114,0,125000.0003,254,0,57000000.0,0.0,0.008,0.0,Attack
0.240889,tcp,http,FIN,10,6,964,268,62.269345,254,252,28826.55469,7439.11084,25.563889,42.734602,Attack
0.049052,tcp,-,FIN,54,54,3286,39076,2181.358556,31,29,526135.5,6255076.0,0.917415,0.916038,Normal
5e-06,udp,dns,INT,2,0,114,0,200000.0051,254,0,91200000.0,0.0,0.005,0.0,Attack
0.087682,sctp,-,CON,4,2,536,440,57.024246,254,60,36677.99609,20072.53516,29.227334,0.001,Attack
1.272491,tcp,http,FIN,10,10,812,1300,14.931344,62,252,4595.710449,7355.651367,141.387889,128.327781,Attack
10.672128,tcp,ftp-data,FIN,8,8,364,1112,1.40553,62,252,239.127579,729.376587,1524.589714,1497.246875,Attack
1e-05,udp,dns,INT,2,0,114,0,100000.0025,254,0,45600000.0,0.0,0.01,0.0,Attack
0.818039,tcp,-,FIN,12,8,1002,698,23.226276,254,252,8987.34668,5975.265137,74.367179,107.03357,Attack
9e-06,udp,dns,INT,2,0,114,0,111111.1072,254,0,50666664.0,0.0,0.009,0.0,Attack
0.017991,tcp,-,FIN,16,18,1540,1644,1834.250378,31,29,642098.8125,690567.5,1.179,1.031647,Normal
1.512444,tcp,-,FIN,12,10,2000,842,13.884811,254,252,9700.854492,4009.404541,135.679455,151.387891,Attack
0.501596,tcp,-,FIN,10,6,542,268,29.904546,254,252,7783.156738,3572.596436,50.170444,85.847398,Attack
9e-06,cpnx,-,INT,2,0,200,0,111111.1072,254,0,88888888.0,0.0,0.009,0.0,Attack
0.649697,tcp,-,FIN,10,10,608,646,29.244401,254,252,6747.760742,7166.41748,72.034667,58.741223,Normal
6e-06,udp,dns,INT,2,0,114,0,166666.6608,254,0,76000000.0,0.0,0.006,0.0,Attack
0.001083,udp,dns,CON,2,2,146,178,2770.083151,31,29,539242.875,657433.0625,0.008,0.007,Normal
0.002732,tcp,ftp-data,FIN,6,8,320,1888,4758.4186,31,29,781844.75,4837481.5,0.4826,0.322143,Normal
3.500843,tcp,-,FIN,10,8,564,354,4.855973,254,252,1160.863281,708.400818,381.876,482.975719,Attack
0.769727,tcp,http,FIN,10,10,844,1724,24.684077,62,252,7898.904297,16130.39453,85.525222,75.527,Attack
0.016791,tcp,-,FIN,48,50,2958,32642,5776.904604,31,29,1380263.25,15241499.0,0.35066,0.331102,Normal
9e-06,udp,dns,INT,2,0,114,0,111111.1072,254,0,50666664.0,0.0,0.009,0.0,Attack
9e-06,udp,dns,INT,2,0,114,0,111111.1072,254,0,50666664.0,0.0,0.009,0.0,Attack
7e-06,udp,-,INT,2,0,104,0,142857.1409,254,0,59428572.0,0.0,0.007,0.0,Attack
8e-06,udp,dns,INT,2,0,114,0,125000.0003,254,0,57000000.0,0.0,0.008,0.0,Attack
5e-06,udp,dns,INT,2,0,114,0,200000.0051,254,0,91200000.0,0.0,0.005,0.0,Attack
1.089362,pim,-,INT,8,0,480,0,6.425779,254,0,3084.374023,0.0,155.623141,0.0,Attack
6e-06,udp,dns,INT,2,0,114,0,166666.6608,254,0,76000000.0,0.0,0.006,0.0,Attack
5e-06,udp,dns,INT,2,0,114,0,200000.0051,254,0,91200000.0,0.0,0.005,0.0,Attack
8e-06,udp,dns,INT,2,0,114,0,125000.0003,254,0,57000000.0,0.0,0.008,0.0,Attack
9e-06,udp,-,INT,2,0,168,0,111111.1072,254,0,74666664.0,0.0,0.009,0.0,Attack
5e-06,udp,dns,INT,2,0,114,0,200000.0051,254,0,91200000.0,0.0,0.005,0.0,Attack
3e-06,udp,dns,INT,2,0,114,0,333333.3215,254,0,152000000.0,0.0,0.003,0.0,Attack
2.610126,tcp,pop3,FIN,24,36,1158,25442,22.604273,62,252,3402.134521,75815.5,113.479563,72.093142,Attack
5e-06,wb-mon,-,INT,2,0,200,0,200000.0051,254,0,160000000.0,0.0,0.005,0.0,Attack
0.025618,tcp,-,FIN,40,42,2542,23508,3161.839337,31,29,774143.1875,7166523.5,0.682,0.6267,Normal
0.587349,tcp,ftp-data,FIN,8,10,364,3754,28.943609,62,252,4344.946777,46023.74609,83.907,62.974444,Attack
9e-06,udp,dns,INT,2,0,114,0,111111.1072,254,0,50666664.0,0.0,0.009,0.0,Attack
3e-06,udp,dns,INT,2,0,114,0,333333.3215,254,0,152000000.0,0.0,0.003,0.0,Attack
0.004828,tcp,-,FIN,18,18,4320,2456,7249.378661,31,29,6760563.5,3844242.0,0.265412,0.255118,Normal
2e-06,udp,dns,INT,2,0,114,0,500000.0013,254,0,228000000.0,0.0,0.002,0.0,Attack
9e-06,ip,-,INT,2,0,180,0,111111.1072,254,0,80000000.0,0.0,0.009,0.0,Attack
9e-06,trunk-1,-,INT,2,0,200,0,111111.1072,254,0,88888888.0,0.0,0.009,0.0,Attack
54.801079,tcp,-,FIN,20,16,1892,708,0.638674,254,252,262.476593,96.932396,2884.218263,3648.0425,Attack
2e-06,i-nlsp,-,INT,2,0,200,0,500000.0013,254,0,400000000.0,0.0,0.002,0.0,Attack
58.99398,udp,dns,REQ,24,0,5208,0,0.38987,254,0,676.814819,0.0,2678.13375,0.0,Attack
1.139707,tcp,http,FIN,14,18,1684,10168,27.199974,31,29,10978.26074,67413.82031,87.634462,67.010294,Normal
2e-06,udp,dns,INT,2,0,114,0,500000.0013,254,0,228000000.0,0.0,0.002,0.0,Attack
0.046318,tcp,ftp-data,FIN,6,8,320,1946,280.668433,31,29,46115.98438,294140.5313,9.202,6.539286,Normal
0.779585,tcp,-,FIN,10,6,534,268,19.241006,254,252,4935.959473,2298.658936,82.181667,129.473,Normal
0.004689,udp,-,CON,4,4,568,320,1492.855594,31,29,726807.4375,409468.9688,1.208667,1.075333,Normal
8e-06,udp,-,INT,2,0,168,0,125000.0003,254,0,84000000.0,0.0,0.008,0.0,Attack
1.114533,tcp,-,FIN,60,14,68187,612,65.498288,254,252,481285.0,4084.221924,18.873304,79.202922,Attack
9e-06,udp,dns,INT,2,0,114,0,111111.1072,254,0,50666664.0,0.0,0.009,0.0,Attack
1e-06,udp,dns,INT,2,0,114,0,1000000.003,254,0,456000000.0,0.0,0.001,0.0,Attack
6e-06,udp,-,INT,2,0,168,0,166666.6608,254,0,112000000.0,0.0,0.006,0.0,Attack
7e-06,gmtp,-,INT,2,0,200,0,142857.1409,254,0,114285712.0,0.0,0.007,0.0,Attack
0.005675,tcp,-,FIN,18,18,4528,2456,6167.40073,31,29,6029251.0,3270484.5,0.315412,0.305294,Normal
3e-06,egp,-,INT,2,0,180,0,333333.3215,254,0,239999984.0,0.0,0.003,0.0,Attack
5e-06,ipip,-,INT,2,0,200,0,200000.0051,254,0,160000000.0,0.0,0.005,0.0,Attack
6e-06,udp,dns,INT,2,0,114,0,166666.6608,254,0,76000000.0,0.0,0.006,0.0,Attack
0.919214,tcp,-,FIN,22,42,1182,36272,68.536814,62,252,9825.786133,308167.625,43.772094,22.218708,Attack
1.045345,tcp,-,FIN,10,8,564,354,16.262574,254,252,3887.711914,2372.422607,116.132444,137.032578,Attack
0.30225,tcp,-,FIN,26,28,4376,2976,175.351531,31,29,111378.0,75963.60938,12.07732,11.174519,Normal
8e-06,udp,dns,INT,2,0,114,0,125000.0003,254,0,57000000.0,0.0,0.008,0.0,Attack
9e-06,unas,-,INT,2,0,200,0,111111.1072,254,0,88888888.0,0.0,0.009,0.0,Attack
3e-06,udp,dns,INT,2,0,114,0,333333.3215,254,0,152000000.0,0.0,0.003,0.0,Attack
4.635214,tcp,-,FIN,432,858,24328,1094788,278.088572,31,29,41891.48828,1887314.0,10.829229,5.408114,Normal
3e-06,udp,-,INT,2,0,1064,0,333333.3215,254,0,1418666624.0,0.0,0.003,0.0,Normal
0.001038,udp,dns,CON,2,2,146,178,2890.173445,31,29,562620.4375,685934.5,0.008,0.008,Normal
0.421492,tcp,-,FIN,10,6,2516,268,35.587863,254,252,42990.14063,4251.563477,45.010111,70.246398,Normal
1e-06,udp,dns,INT,2,0,114,0,1000000.003,254,0,456000000.0,0.0,0.001,0.0,Attack
1.339089,tcp,-,FIN,14,12,788,678,18.669408,254,252,4373.12207,3715.958984,103.006846,113.363094,Normal
1.410728,tcp,-,FIN,14,12,950,622,17.721347,254,252,5007.34375,3238.044434,103.980233,116.783273,Attack
3e-06,udp,dns,INT,2,0,114,0,333333.3215,254,0,152000000.0,0.0,0.003,0.0,Attack
1.386606,tcp,-,FIN,10,8,2516,354,12.260152,254,252,13067.87988,1788.539795,154.067333,185.088719,Attack
9e-06,udp,dns,INT,2,0,114,0,111111.1072,254,0,50666664.0,0.0,0.009,0.0,Attack
22.314789,tcp,-,FIN,306,1978,13178,2647538,102.308833,62,252,4708.984863,948680.25,73.163252,11.279992,Attack
0.001119,udp,dns,CON,2,2,146,178,2680.965094,31,29,521894.5313,636282.375,0.005,0.009,Normal
1e-05,unas,-,INT,2,0,200,0,100000.0025,254,0,80000000.0,0.0,0.01,0.0,Attack
3e-06,udp,-,INT,2,0,168,0,333333.3215,254,0,224000000.0,0.0,0.003,0.0,Attack
1.051516,cbt,-,INT,4,0,360,0,2.853023,254,0,2054.177002,0.0,350.505344,0.0,Attack
0.697674,tcp,-,FIN,10,10,608,646,27.233351,254,252,6283.737305,6673.604004,6363.95,6366.0815,Attack
4e-06,unas,-,INT,2,0,200,0,250000.0006,254,0,200000000.0,0.0,0.004,0.0,Attack
3e-06,udp,dns,INT,2,0,114,0,333333.3215,254,0,152000000.0,0.0,0.003,0.0,Attack
6.851291,tcp,-,REQ,12,0,540,0,1.605537,254,0,577.993225,0.0,622.844625,0.0,Normal
8e-06,udp,-,INT,2,0,168,0,125000.0003,254,0,84000000.0,0.0,0.008,0.0,Attack
0.013744,tcp,-,FIN,16,18,1540,1644,2401.04767,31,29,840512.1875,903958.0625,0.896133,0.752353,Normal
0.0,arp,-,INT,1,0,46,0,0.0,0,0,0.0,0.0,60000.744,0.0,Normal
7e-06,sccopmce,-,INT,2,0,200,0,142857.1409,254,0,114285712.0,0.0,0.007,0.0,Attack
8e-06,unas,-,INT,2,0,200,0,125000.0003,254,0,100000000.0,0.0,0.008,0.0,Attack
2.080533,tcp,http,FIN,10,8,694,354,8.170983,254,252,2403.230225,1192.002197,226.727222,283.320438,Attack
0.561353,tcp,-,FIN,10,8,1046,354,30.283973,254,252,13424.70703,4417.897461,57.992111,71.538,Attack
8e-06,unas,-,INT,2,0,200,0,125000.0003,254,0,100000000.0,0.0,0.008,0.0,Attack
4e-06,udp,-,INT,2,0,2764,0,250000.0006,254,0,2764000000.0,0.0,0.004,0.0,Normal
5e-06,udp,dns,INT,2,0,114,0,200000.0051,254,0,91200000.0,0.0,0.005,0.0,Attack
0.0,arp,-,INT,1,0,46,0,0.0,0,0,0.0,0.0,60000.624,0.0,Normal
1.522101,tcp,smtp,FIN,20,20,3066,1716,25.622478,62,252,15310.41602,8572.361328,80.110576,76.293688,Attack
0.662244,tcp,ftp,FIN,12,12,1592,682,34.7304,254,252,17637.00391,7562.166992,60.204,54.535727,Normal
0.001056,udp,dns,CON,2,2,146,178,2840.909069,31,29,553030.3125,674242.4375,0.009,0.004,Normal
0.053479,tcp,-,FIN,40,42,2542,23508,1514.613186,31,29,370837.1563,3432973.75,1.399053,1.291854,Normal
8e-06,udp,dns,INT,2,0,114,0,125000.0003,254,0,57000000.0,0.0,0.008,0.0,Attack
9e-06,udp,dns,INT,2,0,114,0,111111.1072,254,0,50666664.0,0.0,0.009,0.0,Attack
1.3e-05,udp,dns,INT,2,0,114,0,76923.07779,254,0,35076924.0,0.0,0.013,0.0,Attack
1.730287,tcp,-,FIN,10,8,640,354,9.82496,254,252,2663.14209,1433.28833,192.254111,232.452859,Attack
0.619036,tcp,http,FIN,10,6,758,268,24.231223,254,252,8826.626953,2894.823486,68.675222,106.483203,Attack
9e-06,udp,dns,INT,2,0,114,0,111111.1072,254,0,50666664.0,0.0,0.009,0.0,Attack
4e-06,udp,dns,INT,2,0,114,0,250000.0006,254,0,114000000.0,0.0,0.004,0.0,Attack
0.601047,tcp,http,FIN,10,10,778,1206,31.611506,62,252,9330.385742,14454.77734,66.783,60.450555,Attack
9e-06,sprite-rpc,-,INT,2,0,200,0,111111.1072,254,0,88888888.0,0.0,0.009,0.0,Attack
1.005915,tcp,http,FIN,12,18,1580,10168,28.829472,31,29,11523.83594,76380.21094,91.416003,59.139061,Normal
0.875033,tcp,ssh,FIN,32,26,3728,5578,65.140399,31,29,33022.75391,49040.43359,28.226871,34.956801,Normal
6.148635,tcp,http,FIN,68,360,3248,474077,69.446309,62,252,4164.82666,615110.1875,91.77067,16.970259,Attack
0.039004,tcp,-,FIN,60,62,3614,50036,3102.245783,31,29,728950.875,10097220.0,0.678807,0.650339,Normal
1.475882,tcp,http,FIN,10,10,1384,1150,12.873657,254,252,6753.927246,5610.20459,163.986889,152.225891,Attack
3e-06,udp,dns,INT,2,0,114,0,333333.3215,254,0,152000000.0,0.0,0.003,0.0,Attack
3e-06,udp,dns,INT,2,0,114,0,333333.3215,254,0,152000000.0,0.0,0.003,0.0,Attack
0.0132,tcp,-,FIN,16,18,1540,1644,2500.000014,31,29,875151.5,941212.125,0.8588,0.749118,Normal
3e-06,udp,dns,INT,2,0,114,0,333333.3215,254,0,152000000.0,0.0,0.003,0.0,Attack
59.21376,ospf,-,REQ,96,0,26112,0,1.604357,254,0,3491.080322,0.0,646.310625,0.0,Attack
9e-06,sctp,-,INT,2,0,152,0,111111.1072,254,0,67555552.0,0.0,0.009,0.0,Attack
0.474002,tcp,-,FIN,10,6,534,268,31.645436,254,252,8118.109375,3780.574707,49.396111,71.250203,Normal
9e-06,scps,-,INT,2,0,200,0,111111.1072,254,0,88888888.0,0.0,0.009,0.0,Attack
0.572882,tcp,ftp-data,FIN,8,10,364,4396,29.674523,62,252,4454.669434,55257.45313,81.840288,57.131667,Attack
0.008962,tcp,ssh,FIN,32,24,3728,5474,6137.023131,31,29,3224280.25,4682883.5,0.298733,0.349348,Normal
3e-06,ib,-,INT,2,0,200,0,333333.3215,254,0,266666656.0,0.0,0.003,0.0,Attack
5.295671,tcp,-,FIN,30,46,3756,33520,14.162511,62,252,5485.234863,49537.82031,182.577213,115.658997,Attack
0.870648,tcp,-,FIN,10,8,564,354,19.525686,254,252,4667.787598,2848.453125,94.677222,114.17957,Attack
0.880925,tcp,-,FIN,10,6,726,268,17.027556,254,252,5939.211426,2034.225342,95.775111,139.385406,Attack
0.180855,tcp,http,FIN,10,6,826,268,82.939369,254,252,32910.33984,9908.490234,18.633667,34.459199,Attack
0.897649,tcp,ftp,FIN,52,54,2934,3742,116.972225,31,29,25649.22461,32734.39844,17.59502,16.926773,Normal
0.589385,tcp,http,FIN,10,8,832,1282,28.843626,62,252,10166.53027,15229.43457,6950.732,8688.427,Attack
0.649721,tcp,http,FIN,10,8,776,1146,26.165076,62,252,8606.770508,12349.91602,72.174889,83.278,Attack
1.120035,ospf,-,INT,28,0,3024,0,24.106388,254,0,20827.91992,0.0,41.482777,0.0,Attack
0.049864,tcp,-,FIN,72,74,4238,63516,2907.909422,31,29,670624.0625,10052623.0,0.707886,0.674479,Normal
0.209494,tcp,ftp-data,FIN,8,12,424,8824,90.694724,31,29,14167.4707,308896.6875,29.881143,19.002001,Normal
0.371466,tcp,-,FIN,28,30,4264,3080,153.446071,31,29,88557.22656,64135.07422,13.743852,12.789931,Normal
9e-06,udp,dns,INT,2,0,114,0,111111.1072,254,0,50666664.0,0.0,0.009,0.0,Attack
2e-06,udp,-,INT,2,0,104,0,500000.0013,254,0,208000000.0,0.0,0.002,0.0,Attack
25.851397,tcp,-,FIN,66,66,3910,51808,5.067424,31,29,1191.734497,15789.94043,423.788256,397.704281,Normal
0.0011,udp,dns,CON,2,2,146,178,2727.272742,31,29,530909.125,647272.75,0.01,0.007,Normal
0.568892,tcp,http,FIN,10,6,1296,268,26.367043,254,252,16410.84766,3149.982666,63.110889,95.526398,Attack
0.934941,tcp,-,FIN,12,10,1040,800,22.461311,254,252,8163.082031,6160.816406,84.879543,96.778445,Attack
0.983347,tcp,http,FIN,12,8,954,1130,19.321765,62,252,7118.544922,8045.989746,98.334703,130.823141,Normal
1e-05,udp,-,INT,2,0,168,0,100000.0025,254,0,67200000.0,0.0,0.01,0.0,Attack
4e-06,unas,-,INT,2,0,200,0,250000.0006,254,0,200000000.0,0.0,0.004,0.0,Attack
36.817093,tcp,http,FIN,446,2786,19598,3773136,87.758151,62,252,4249.113281,819571.9375,83.296574,13.199194,Attack
7.6e-05,udp,-,INT,2,0,503,0,13157.89532,64,0,26526316.0,0.0,0.076,0.0,Normal
0.000998,udp,dns,CON,2,2,146,178,3006.011927,31,29,585170.3125,713426.8125,0.001,0.007,Normal
9e-06,unas,-,INT,2,0,200,0,111111.1072,254,0,88888888.0,0.0,0.009,0.0,Attack
0.085056,tcp,-,FIN,66,68,3926,57474,1563.675706,31,29,363713.3125,5326279.0,1.345175,1.262881,Normal
9e-06,sprite-rpc,-,INT,2,0,200,0,111111.1072,254,0,88888888.0,0.0,0.009,0.0,Attack
7e-06,unas,-,INT,2,0,200,0,142857.1409,254,0,114285712.0,0.0,0.007,0.0,Attack
1.004845,tcp,http,FIN,12,18,1580,10168,28.860172,31,29,11536.10742,76461.53906,91.316094,59.077174,Normal
3e-06,udp,dns,INT,2,0,114,0,333333.3215,254,0,152000000.0,0.0,0.003,0.0,Attack
4e-06,ipcv,-,INT,2,0,200,0,250000.0006,254,0,200000000.0,0.0,0.004,0.0,Attack
9e-06,udp,dns,INT,2,0,114,0,111111.1072,254,0,50666664.0,0.0,0.009,0.0,Attack
0.817037,tcp,http,FIN,12,6,3876,268,20.806892,254,252,34789.12109,2193.29126,71.790543,151.218203,Attack
0.033826,tcp,-,FIN,64,66,3806,54798,3813.634371,31,29,886182.1875,12763673.0,0.531857,0.520094,Normal
0.153241,tcp,http,FIN,12,6,4858,268,110.936373,254,252,232522.6406,11693.99902,12.828546,29.319801,Attack
0.326692,tcp,-,FIN,66,106,4276,114238,523.428819,31,29,103143.0234,2771075.0,5.014031,3.106991,Normal
6e-06,unas,-,INT,2,0,200,0,166666.6608,254,0,133333328.0,0.0,0.006,0.0,Attack
1.484497,tcp,-,FIN,14,10,774,556,15.493464,254,252,3874.713135,2699.904541,109.192077,147.441,Attack
11.143478,tcp,smtp,FIN,696,122,932175,5536,73.316425,62,252,668255.25,3942.036621,16.318374,93.034977,Attack
8e-06,udp,dns,INT,2,0,114,0,125000.0003,254,0,57000000.0,0.0,0.008,0.0,Attack
0.034945,tcp,-,FIN,78,80,4550,72810,4492.774364,31,29,1028358.875,16460152.0,0.461507,0.445286,Normal
6e-06,udp,dns,INT,2,0,114,0,166666.6608,254,0,76000000.0,0.0,0.006,0.0,Attack
0.884452,tcp,-,FIN,10,8,954,354,19.220942,254,252,7769.783203,2803.996094,95.257111,100.54043,Normal
0.0,arp,-,INT,1,0,46,0,0.0,0,0,0.0,0.0,60000.616,0.0,Normal
3e-06,udp,dns,INT,2,0,114,0,333333.3215,254,0,152000000.0,0.0,0.003,0.0,Attack
0.591204,tcp,-,FIN,8,8,364,374,25.371953,254,252,4316.615234,4438.400391,84.457712,72.568,Attack
0.050913,tcp,-,FIN,72,74,4238,63516,2847.995678,31,29,656806.75,9845501.0,0.712634,0.688781,Normal
0.001071,udp,dns,CON,2,2,132,164,2801.120432,31,29,492997.1875,612511.6875,0.009,0.007,Normal
1.335756,tcp,-,FIN,14,12,1430,2358,18.715994,254,252,7953.548828,12948.47363,101.761387,114.511094,Attack
6e-06,udp,dns,INT,2,0,114,0,166666.6608,254,0,76000000.0,0.0,0.006,0.0,Attack
4e-06,udp,dns,INT,2,0,114,0,250000.0006,254,0,114000000.0,0.0,0.004,0.0,Attack
9e-06,sm,-,INT,2,0,200,0,111111.1072,254,0,88888888.0,0.0,0.009,0.0,Attack
0.009338,tcp,-,FIN,34,36,2230,13500,7389.162674,31,29,1854786.875,11244378.0,0.271333,0.256529,Normal
1.03301,tcp,-,FIN,10,8,546,354,16.456762,254,252,3810.224365,2400.751221,110.454,139.062422,Normal
9e-06,zero,-,INT,2,0,200,0,111111.1072,254,0,88888888.0,0.0,0.009,0.0,Attack
9e-06,unas,-,INT,2,0,200,0,111111.1072,254,0,88888888.0,0.0,0.009,0.0,Attack
1.031927,tcp,smtp,FIN,62,26,60066,2036,84.30829,62,252,458156.4375,15179.36816,16.916836,40.775879,Attack
5e-06,udp,dns,INT,2,0,114,0,200000.0051,254,0,91200000.0,0.0,0.005,0.0,Attack
0.045887,tcp,-,FIN,68,70,4014,59460,2985.594993,31,29,689519.875,10218319.0,0.680149,0.666721,Normal
0.633979,tcp,-,FIN,10,6,534,268,23.660089,254,252,6069.601562,2826.592041,70.341444,105.893398,Normal
6e-06,udp,dns,INT,2,0,114,0,166666.6608,254,0,76000000.0,0.0,0.006,0.0,Attack
9e-06,udp,dns,INT,2,0,114,0,111111.1072,254,0,50666664.0,0.0,0.009,0.0,Attack
6e-06,udp,dns,INT,2,0,114,0,166666.6608,254,0,76000000.0,0.0,0.006,0.0,Attack
0.001073,udp,dns,CON,2,2,132,164,2795.899292,31,29,492078.2813,611370.0,0.001,0.007,Normal
9e-06,udp,-,INT,2,0,78,0,111111.1072,254,0,34666664.0,0.0,0.009,0.0,Attack
6.584499,tcp,ftp,FIN,24,22,1236,1638,6.834233,62,252,1439.745117,1900.220581,286.282579,311.144094,Attack
3e-06,iso-ip,-,INT,2,0,200,0,333333.3215,254,0,266666656.0,0.0,0.003,0.0,Attack
0.272337,tcp,http,FIN,10,6,888,268,55.07882,254,252,23500.29688,6580.083008,27.166556,49.738602,Attack
8e-06,udp,dns,INT,2,0,114,0,125000.0003,254,0,57000000.0,0.0,0.008,0.0,Attack
0.332993,tcp,-,FIN,28,30,4264,3080,171.174769,31,29,98788.85938,71545.04688,12.321297,11.463759,Normal
2.469039,tcp,pop3,FIN,36,142,1652,164001,71.687812,62,252,5206.884277,527645.0,70.543972,17.181879,Attack
1.654775,tcp,http,FIN,10,8,1168,354,10.2733,254,252,5085.887695,1498.693115,183.863889,219.644578,Attack
0.240101,tcp,http,FIN,10,8,822,1140,70.803538,62,252,24656.29102,33252.67188,26.677889,31.339428,Attack
0.395237,tcp,-,FIN,10,6,2558,268,37.951913,254,252,46615.07031,4533.988281,39.963444,70.674,Attack
9e-06,udp,dns,INT,2,0,114,0,111111.1072,254,0,50666664.0,0.0,0.009,0.0,Attack
0.035165,udp,-,CON,4,4,568,312,199.061563,31,29,96914.54688,53234.75,6.678,11.28,Normal
3e-06,udp,dns,INT,2,0,114,0,333333.3215,254,0,152000000.0,0.0,0.003,0.0,Attack
13.474383,tcp,-,REQ,6,0,270,0,0.371074,254,0,133.586823,0.0,2694.8765,0.0,Normal
0.483037,tcp,http,FIN,10,10,744,4202,39.334461,62,252,11096.45898,62637.02344,53.640444,49.783667,Attack
0.695965,tcp,-,FIN,12,8,1042,754,27.300224,254,252,10989.05859,7586.588379,58.550273,87.548,Attack
0.019422,tcp,-,FIN,16,18,1540,1644,1699.104085,31,29,594789.375,639686.9375,1.273867,1.115059,Normal
1.289519,tcp,http,FIN,10,8,566,354,13.183211,254,252,3163.970459,1923.197754,140.239444,171.378422,Attack
1.02188,cbt,-,INT,4,0,360,0,2.935765,254,0,2113.750977,0.0,340.626656,0.0,Attack
9e-06,udp,dns,INT,2,0,114,0,111111.1072,254,0,50666664.0,0.0,0.009,0.0,Attack
0.034025,tcp,-,FIN,48,50,2974,30506,2850.845089,31,29,684908.1875,7029184.5,0.717,0.696229,Normal
0.234264,tcp,ftp-data,FIN,14,6,8928,320,81.105078,31,29,283133.5625,9117.917969,18.020307,46.730602,Normal
0.010866,tcp,-,FIN,36,36,2334,13500,6534.143008,31,29,1671268.125,9663169.0,0.310265,0.303588,Normal
1.081978,tcp,http,FIN,14,18,1684,10168,28.65123,31,29,11564.00586,71010.6875,83.200921,63.598529,Normal
9e-06,ipv6,-,INT,2,0,86,0,111111.1072,254,0,38222220.0,0.0,0.009,0.0,Attack
0.293785,tcp,http,FIN,12,22,986,24042,112.32704,62,252,24616.64063,624946.8125,26.707727,13.307904,Attack
9e-06,udp,dns,INT,2,0,114,0,111111.1072,254,0,50666664.0,0.0,0.009,0.0,Attack
0.004737,tcp,-,FIN,18,18,4528,2456,7388.64263,31,29,7223137.0,3918091.75,0.260059,0.246235,Normal
7e-06,udp,dns,INT,2,0,114,0,142857.1409,254,0,65142856.0,0.0,0.007,0.0,Attack
1.734664,tcp,smtp,FIN,24,20,4553,1646,24.788663,62,252,20126.08789,7212.924316,75.377781,88.652102,Attack
0.004067,tcp,http,FIN,8,10,1048,824,4179.985245,31,29,1803786.625,1459552.5,0.529429,0.390889,Normal
9e-06,udp,-,INT,2,0,168,0,111111.1072,254,0,74666664.0,0.0,0.009,0.0,Attack
0.643184,tcp,-,FIN,10,6,534,268,23.321475,254,252,5982.73584,2786.138916,65.486444,109.495,Normal
0.395582,tcp,-,FIN,10,8,820,354,42.974656,254,252,14924.8457,6269.244141,43.074778,49.728145,Attack
3e-06,udp,dns,INT,2,0,114,0,333333.3215,254,0,152000000.0,0.0,0.003,0.0,Attack
0.866927,tcp,-,FIN,10,8,564,354,19.609494,254,252,4687.822266,2860.678955,96.325222,115.498,Attack
1e-06,udp,dns,INT,2,0,114,0,1000000.003,254,0,456000000.0,0.0,0.001,0.0,Attack
0.452305,tcp,-,FIN,10,8,1332,354,37.585259,254,252,21206.92969,5483.025879,48.530889,56.865285,Attack
9e-06,udp,-,INT,2,0,168,0,111111.1072,254,0,74666664.0,0.0,0.009,0.0,Attack
1e-05,unas,-,INT,2,0,200,0,100000.0025,254,0,80000000.0,0.0,0.01,0.0,Attack
1e-05,udp,-,INT,2,0,964,0,100000.0025,254,0,385600000.0,0.0,0.01,0.0,Attack
0.014684,tcp,-,FIN,16,18,1540,1644,2247.34404,31,29,786706.625,846091.0,0.958067,0.748412,Normal
1.007833,tcp,http,FIN,12,18,1580,10168,28.774608,31,29,11501.90527,76234.85156,91.553724,59.253176,Normal
5e-06,udp,dns,INT,2,0,114,0,200000.0051,254,0,91200000.0,0.0,0.005,0.0,Attack
1.310327,tcp,http,FIN,46,12,49699,526,43.50059,254,252,296835.8125,2948.88208,25.6648,110.50182,Attack
9e-06,udp,-,INT,2,0,168,0,111111.1072,254,0,74666664.0,0.0,0.009,0.0,Attack
1.512151,tcp,http,FIN,10,10,844,1324,12.564883,62,252,4020.762451,6306.248535,167.908667,160.624562,Attack
9e-06,pipe,-,INT,2,0,200,0,111111.1072,254,0,88888888.0,0.0,0.009,0.0,Attack
0.513123,tcp,http,FIN,10,8,788,354,33.13046,254,252,11069.47168,4833.149414,56.907111,71.432,Attack
9e-06,udp,dns,INT,2,0,114,0,111111.1072,254,0,50666664.0,0.0,0.009,0.0,Attack
7e-06,udp,dns,INT,2,0,114,0,142857.1409,254,0,65142856.0,0.0,0.007,0.0,Attack
9e-06,udp,dns,INT,2,0,114,0,111111.1072,254,0,50666664.0,0.0,0.009,0.0,Attack
9e-06,udp,dns,INT,2,0,114,0,111111.1072,254,0,50666664.0,0.0,0.009,0.0,Attack
0.004472,udp,-,CON,4,4,568,312,1565.295149,31,29,762075.125,418604.6563,1.183,1.005333,Normal
0.018023,tcp,-,FIN,16,18,1540,1644,1830.993815,31,29,640958.8125,689341.4375,1.1804,1.033706,Normal
0.039937,tcp,-,FIN,90,92,5174,83812,4532.138036,31,29,1025014.375,16606355.0,0.445416,0.4368,Normal
0.261845,tcp,ssh,FIN,32,24,3728,5474,210.047935,31,29,110355.3672,160278.0313,8.446613,11.354652,Normal
9e-06,unas,-,INT,2,0,200,0,111111.1072,254,0,88888888.0,0.0,0.009,0.0,Attack
1.108256,tcp,ftp-data,FIN,10,10,450,3754,17.144054,62,252,2923.512207,24391.47656,123.048222,116.806444,Attack
1.020906,tcp,-,FIN,10,6,534,268,14.692832,254,252,3769.201172,1755.303711,110.077333,178.764203,Normal
6e-06,unas,-,INT,2,0,200,0,166666.6608,254,0,133333328.0,0.0,0.006,0.0,Attack
0.905308,tcp,-,FIN,10,8,534,354,18.778139,254,252,4250.487305,2739.39917,100.589778,118.47043,Normal
0.0,arp,-,INT,1,0,46,0,0.0,0,0,0.0,0.0,60000.824,0.0,Normal
8e-06,udp,dns,INT,2,0,114,0,125000.0003,254,0,57000000.0,0.0,0.008,0.0,Attack
9e-06,unas,-,INT,2,0,200,0,111111.1072,254,0,88888888.0,0.0,0.009,0.0,Attack
7e-06,unas,-,INT,2,0,200,0,142857.1409,254,0,114285712.0,0.0,0.007,0.0,Attack
0.056251,tcp,-,FIN,48,50,2958,32642,1724.413769,31,29,412010.4375,4549608.0,1.240911,1.138122,Normal
0.001021,udp,dns,CON,2,2,146,178,2938.295862,31,29,571988.25,697355.5625,0.002,0.006,Normal
5e-06,udp,dns,INT,2,0,114,0,200000.0051,254,0,91200000.0,0.0,0.005,0.0,Attack
4e-06,unas,-,INT,2,0,200,0,250000.0006,254,0,200000000.0,0.0,0.004,0.0,Attack
1e-06,udp,-,INT,2,0,168,0,1000000.003,254,0,672000000.0,0.0,0.001,0.0,Attack
1.988489,tcp,ftp,FIN,18,16,1056,1038,16.595515,254,252,4015.108887,3918.553223,116.969941,125.47793,Attack
0.017541,tcp,-,FIN,40,42,2558,23162,4617.752531,31,29,1137905.5,10312297.0,0.44141,0.414951,Normal
3e-06,zero,-,INT,2,0,200,0,333333.3215,254,0,266666656.0,0.0,0.003,0.0,Attack
9e-06,udp,dns,INT,2,0,114,0,111111.1072,254,0,50666664.0,0.0,0.009,0.0,Attack
9e-06,sat-mon,-,INT,2,0,200,0,111111.1072,254,0,88888888.0,0.0,0.009,0.0,Attack
3e-06,unas,-,INT,2,0,200,0,333333.3215,254,0,266666656.0,0.0,0.003,0.0,Attack
9e-06,udp,dns,INT,2,0,114,0,111111.1072,254,0,50666664.0,0.0,0.009,0.0,Attack
9e-06,udp,-,INT,2,0,104,0,111111.1072,254,0,46222220.0,0.0,0.009,0.0,Normal
0.149091,tcp,-,FIN,22,26,2054,2582,315.243699,31,29,105224.3203,133234.0625,7.082286,6.187917,Normal
0.254222,tcp,ftp-data,FIN,14,6,8928,320,74.737826,31,29,260905.8125,8402.105469,19.555539,50.715199,Normal
3e-06,udp,dns,INT,2,0,114,0,333333.3215,254,0,152000000.0,0.0,0.003,0.0,Attack
0.047988,tcp,-,FIN,66,66,3910,51808,2729.849057,31,29,641993.8125,8506126.0,0.733246,0.730046,Normal
9e-06,udp,dns,INT,2,0,114,0,111111.1072,254,0,50666664.0,0.0,0.009,0.0,Attack
3e-06,udp,dns,INT,2,0,114,0,333333.3215,254,0,152000000.0,0.0,0.003,0.0,Attack
0.001006,udp,dns,CON,2,2,130,162,2982.107425,31,29,516898.625,644135.1875,0.003,0.008,Normal
9e-06,udp,dns,INT,2,0,114,0,111111.1072,254,0,50666664.0,0.0,0.009,0.0,Attack
0.018022,tcp,-,FIN,16,18,1540,1644,1831.095248,31,29,640994.3125,689379.625,1.181067,1.033529,Normal
8e-06,udp,dns,INT,2,0,114,0,125000.0003,254,0,57000000.0,0.0,0.008,0.0,Attack
0.034832,tcp,-,FIN,30,42,2302,34406,2038.355492,31,29,511254.0,7714056.0,1.190207,0.837,Normal
7e-06,udp,dns,INT,2,0,114,0,142857.1409,254,0,65142856.0,0.0,0.007,0.0,Attack
0.00491,tcp,-,FIN,18,18,4528,2456,7128.309377,31,29,6968635.0,3780040.75,0.270706,0.257353,Normal
0.001008,udp,dns,CON,2,2,146,178,2976.1905,31,29,579365.0625,706349.1875,0.004,0.01,Normal
9e-06,udp,dns,INT,2,0,114,0,111111.1072,254,0,50666664.0,0.0,0.009,0.0,Attack
3e-06,udp,dns,INT,2,0,114,0,333333.3215,254,0,152000000.0,0.0,0.003,0.0,Attack
0.01805,tcp,-,FIN,16,18,1540,1644,1828.25484,31,29,640000.0,688310.25,1.266143,1.035177,Normal
8e-06,udp,-,INT,2,0,78,0,125000.0003,254,0,39000000.0,0.0,0.008,0.0,Normal
0.0,arp,-,INT,1,0,46,0,0.0,0,0,0.0,0.0,60000.744,0.0,Normal
4.210754,tcp,-,FIN,436,858,24536,1094788,307.070901,31,29,46509.48438,2077562.375,9.76906,4.912839,Normal
3.303271,sctp,-,CON,4,4,840,880,2.119112,254,60,1525.760376,1598.415649,1101.090375,488.900344,Attack
1.166208,tcp,http,FIN,10,6,1010,268,12.862199,254,252,6235.594238,1536.604126,127.759889,218.452797,Attack
1.874009,tcp,ftp,FIN,22,22,1170,1648,22.945461,62,252,4768.386719,6719.284668,89.190045,84.639238,Attack
1.725732,tcp,ftp,FIN,52,54,2934,3742,60.843747,31,29,13341.58496,17026.97852,33.830823,32.543189,Normal
0.264756,tcp,http,FIN,10,6,918,268,56.655941,254,252,24989.04688,6768.496582,26.682667,43.120801,Attack
9e-06,udp,dns,INT,2,0,114,0,111111.1072,254,0,50666664.0,0.0,0.009,0.0,Attack
9e-06,udp,dns,INT,2,0,114,0,111111.1072,254,0,50666664.0,0.0,0.009,0.0,Attack
9e-06,udp,dns,INT,2,0,114,0,111111.1072,254,0,50666664.0,0.0,0.009,0.0,Attack
0.630124,tcp,-,FIN,12,10,1250,786,33.326775,254,252,14549.51758,8988.707031,57.283999,61.932223,Attack
1.076795,tcp,-,FIN,226,438,13038,548216,615.716094,31,29,96441.75781,4063652.0,4.805754,2.468693,Normal
4e-06,udp,-,INT,2,0,1542,0,250000.0006,254,0,1542000000.0,0.0,0.004,0.0,Attack
9e-06,tcf,-,INT,2,0,200,0,111111.1072,254,0,88888888.0,0.0,0.009,0.0,Attack
0.806009,tcp,-,FIN,10,8,564,354,21.091576,254,252,5042.127441,3076.888672,89.556556,107.65557,Attack
0.024904,tcp,smtp,FIN,52,40,37492,3276,3654.031533,31,29,11812079.0,1026341.188,0.48866,0.624538,Normal
0.624816,tcp,http,FIN,10,6,1540,268,24.007068,254,252,17746.02539,2868.044434,69.424,104.511398,Attack
0.863782,tcp,-,FIN,12,8,1002,722,21.996291,254,252,8511.407227,5853.328613,75.340548,112.473289,Attack
1e-05,udp,-,INT,2,0,1066,0,100000.0025,254,0,426400000.0,0.0,0.01,0.0,Normal
0.80079,tcp,-,FIN,10,6,576,268,18.731502,254,252,5184.879883,2237.790039,87.286556,150.778797,Normal
1e-05,udp,-,INT,2,0,1064,0,100000.0025,254,0,425600000.0,0.0,0.01,0.0,Attack
0.123153,udp,-,CON,4,4,568,312,56.839865,31,29,27672.89453,15200.60352,35.998332,23.643334,Normal
0.893265,tcp,-,FIN,16,10,3512,556,27.987215,254,252,29491.80859,4486.910156,58.227067,92.639781,Normal
9e-06,sdrp,-,INT,2,0,200,0,111111.1072,254,0,88888888.0,0.0,0.009,0.0,Attack
0.077897,tcp,-,FIN,22,14,1470,1728,449.311285,31,29,144190.4063,164833.0469,3.89485,5.930923,Normal
0.62015,tcp,http,FIN,10,6,566,268,24.187695,254,252,6579.053223,2889.623291,63.181778,86.557797,Attack
1.090185,tcp,http,FIN,10,8,822,354,15.593683,254,252,5430.270996,2274.843262,93.724111,145.891859,Attack
8e-06,udp,dns,INT,2,0,114,0,125000.0003,254,0,57000000.0,0.0,0.008,0.0,Attack
0.013157,tcp,-,FIN,16,18,1540,1644,2508.170587,31,29,878011.6875,944288.25,0.8566,0.746941,Normal
0.0,arp,-,INT,1,0,46,0,0.0,0,0,0.0,0.0,60000.684,0.0,Normal
7e-06,unas,-,INT,2,0,200,0,142857.1409,254,0,114285712.0,0.0,0.007,0.0,Attack
0.622182,tcp,-,FIN,10,6,534,268,24.108701,254,252,6184.685547,2880.186035,66.731,107.748203,Attack
0.420414,tcp,dns,FIN,10,6,598,268,35.679116,254,252,10256.55664,4262.464844,38.208667,69.480797,Attack
9e-06,ipv6,-,INT,2,0,200,0,111111.1072,254,0,88888888.0,0.0,0.009,0.0,Attack
8e-06,udp,dns,INT,2,0,114,0,125000.0003,254,0,57000000.0,0.0,0.008,0.0,Attack
0.355079,tcp,-,FIN,10,6,534,268,42.244121,254,252,10837.02539,5046.76416,37.039444,60.076199,Normal
15.18699,tcp,http,FIN,10,8,852,354,1.119379,254,252,404.030029,163.297668,1687.443333,2149.2695,Attack
1.06594,tcp,-,FIN,10,8,564,354,15.948364,254,252,3812.597168,2326.584961,112.584778,143.139578,Attack
8e-06,udp,dns,INT,2,0,114,0,125000.0003,254,0,57000000.0,0.0,0.008,0.0,Attack
1.463194,tcp,-,FIN,10,8,564,354,11.618418,254,252,2777.485352,1694.922241,162.536111,195.441859,Attack
0.580808,tcp,ftp,FIN,12,8,5848,462,32.713049,254,252,73841.96094,5578.435547,43.068272,78.245711,Attack
0.004586,udp,-,CON,4,4,568,312,1526.38465,31,29,743131.25,408198.875,1.232,1.013,Normal
6e-06,unas,-,INT,2,0,200,0,166666.6608,254,0,133333328.0,0.0,0.006,0.0,Attack
1.398053,tcp,http,FIN,60,14,68191,612,52.215472,254,252,383705.0313,3255.956543,22.257118,100.088844,Attack
1.523878,tcp,-,FIN,122,126,7810,15494,162.086469,31,29,40664.67188,80699.375,12.696167,12.18668,Normal
9e-06,udp,dns,INT,2,0,114,0,111111.1072,254,0,50666664.0,0.0,0.009,0.0,Attack
0.505515,tcp,-,FIN,224,438,12934,548216,1307.577474,31,29,203784.2656,8655965.0,2.285783,1.155645,Normal
0.065332,tcp,-,FIN,90,92,5174,83812,2770.464579,31,29,626584.1875,10151350.0,0.738625,0.712154,Normal
9e-06,udp,dns,INT,2,0,114,0,111111.1072,254,0,50666664.0,0.0,0.009,0.0,Attack
7e-06,unas,-,INT,2,0,200,0,142857.1409,254,0,114285712.0,0.0,0.007,0.0,Attack
3e-06,udp,dns,INT,2,0,114,0,333333.3215,254,0,152000000.0,0.0,0.003,0.0,Attack
1.006739,tcp,http,FIN,12,18,1580,10168,28.805877,31,29,11514.4043,76317.69531,91.489455,59.189942,Normal
0.0,arp,-,INT,1,0,46,0,0.0,0,0,0.0,0.0,60000.76,0.0,Normal
9e-06,udp,dns,INT,2,0,114,0,111111.1072,254,0,50666664.0,0.0,0.009,0.0,Attack
0.918765,tcp,-,FIN,42,42,2662,23162,90.33866,31,29,22630.37891,196881.6875,22.961824,22.395609,Normal
0.054509,tcp,-,FIN,40,42,2542,23508,1485.993166,31,29,363829.8438,3368104.5,1.425789,1.315317,Normal
2e-06,udp,dns,INT,2,0,114,0,500000.0013,254,0,228000000.0,0.0,0.002,0.0,Attack
0.526398,tcp,-,FIN,10,6,688,268,28.495549,254,252,9422.52832,3404.268311,8537.3077,14228.993,Attack
3e-06,udp,dns,INT,2,0,114,0,333333.3215,254,0,152000000.0,0.0,0.003,0.0,Attack
0.129659,tcp,-,FIN,50,52,3848,19084,778.966383,31,29,232733.5625,1154844.625,2.638837,2.531176,Normal
0.006324,tcp,-,FIN,22,14,1470,1728,5534.471686,31,29,1776091.0,2030360.5,0.301143,0.433385,Normal
3e-06,unas,-,INT,2,0,200,0,333333.3215,254,0,266666656.0,0.0,0.003,0.0,Attack
0.048111,tcp,-,FIN,78,80,4550,72810,3263.287039,31,29,746939.375,11955686.0,0.628776,0.600785,Normal
1.392015,tcp,-,FIN,26,42,2094,34406,48.131666,31,29,11574.58789,193026.6563,55.663479,33.925465,Normal
8e-06,sep,-,INT,2,0,104,0,125000.0003,254,0,52000000.0,0.0,0.008,0.0,Attack
1.373104,tcp,ftp,FIN,22,24,1072,1838,32.772464,254,252,5966.044922,10265.79199,65.385908,59.370306,Attack
13.847435,tcp,-,REQ,4,0,180,0,0.216647,254,0,77.992783,0.0,4615.8115,0.0,Normal
0.713251,tcp,-,FIN,230,438,13246,548216,935.154672,31,29,147931.0938,6134895.0,3.140674,1.634853,Normal
3e-06,udp,dns,INT,2,0,114,0,333333.3215,254,0,152000000.0,0.0,0.003,0.0,Attack
9e-06,udp,dns,INT,2,0,114,0,111111.1072,254,0,50666664.0,0.0,0.009,0.0,Attack
0.413476,tcp,-,FIN,10,6,534,268,36.277802,254,252,9306.46582,4333.988281,43.021222,69.621398,Attack
0.004023,tcp,-,FIN,12,12,1064,2260,5717.126334,31,29,1940840.125,4120308.0,0.334727,0.318364,Normal
6e-06,udp,-,INT,2,0,168,0,166666.6608,254,0,112000000.0,0.0,0.006,0.0,Attack
0.003725,tcp,ftp-data,FIN,6,8,320,1888,3489.932925,31,29,573422.8125,3547919.5,0.6838,0.46,Normal
1.058856,tcp,ftp,FIN,20,22,1104,1646,38.721034,62,252,7925.534668,11876.96875,55.729262,50.017859,Attack
1e-06,udp,-,INT,2,0,166,0,1000000.003,254,0,664000000.0,0.0,0.001,0.0,Attack
9e-06,udp,dns,INT,2,0,114,0,111111.1072,254,0,50666664.0,0.0,0.009,0.0,Attack
4e-06,udp,dns,INT,2,0,114,0,250000.0006,254,0,114000000.0,0.0,0.004,0.0,Attack
1.344087,tcp,smtp,FIN,24,20,5691,1820,31.991977,62,252,32462.18359,10291.0,58.438566,66.469578,Attack
2.071214,tcp,ftp,FIN,16,12,842,682,13.035833,254,252,3051.350586,2417.905762,138.015465,179.119812,Normal
8e-06,udp,-,INT,2,0,104,0,125000.0003,254,0,52000000.0,0.0,0.008,0.0,Normal
6e-06,unas,-,INT,2,0,200,0,166666.6608,254,0,133333328.0,0.0,0.006,0.0,Attack
3.532338,tcp,-,FIN,16,18,1540,1644,9.342255,31,29,3270.355225,3517.217285,235.466931,235.407734,Normal
0.124198,udp,-,CON,4,4,568,304,56.361617,31,29,27440.05664,14686.22754,36.332,36.281,Normal
0.0,arp,-,INT,1,0,46,0,0.0,0,0,0.0,0.0,60000.716,0.0,Normal
0.895337,tcp,-,FIN,10,6,534,268,16.753469,254,252,4297.823242,2001.481079,96.615667,165.573203,Attack
9e-06,udp,-,INT,2,0,104,0,111111.1072,254,0,46222220.0,0.0,0.009,0.0,Attack
4.042907,tcp,-,FIN,16,18,1540,1644,8.162443,31,29,2857.349854,3073.036133,269.506413,251.608125,Normal
8e-06,udp,dns,INT,2,0,114,0,125000.0003,254,0,57000000.0,0.0,0.008,0.0,Attack
2e-06,udp,dns,INT,2,0,114,0,500000.0013,254,0,228000000.0,0.0,0.002,0.0,Attack
9e-06,udp,dns,INT,2,0,114,0,111111.1072,254,0,50666664.0,0.0,0.009,0.0,Attack
2e-06,udp,dns,INT,2,0,114,0,500000.0013,254,0,228000000.0,0.0,0.002,0.0,Attack
0.02442,tcp,smtp,FIN,54,42,37938,3380,3890.253793,31,29,12198525.0,1081081.0,0.454434,0.582146,Normal
9e-06,udp,-,INT,2,0,88,0,111111.1072,254,0,39111108.0,0.0,0.009,0.0,Normal
9e-06,unas,-,INT,2,0,200,0,111111.1072,254,0,88888888.0,0.0,0.009,0.0,Attack
1.717311,tcp,-,FIN,24,62,1252,63298,49.495985,62,252,5590.134766,290118.6875,74.665694,26.768804,Attack
0.526927,tcp,-,FIN,10,10,462,530,36.058126,254,252,6315.865234,7241.989746,58.547444,51.771445,Attack
0.054493,tcp,-,FIN,68,70,4014,59460,2514.08443,31,29,580625.0625,8604555.0,0.808657,0.781841,Normal
6e-06,udp,dns,INT,2,0,114,0,166666.6608,254,0,76000000.0,0.0,0.006,0.0,Attack
0.770509,tcp,-,FIN,12,8,1186,724,24.659024,254,252,11296.42871,6582.661621,67.714908,98.735289,Attack
0.815113,tcp,-,FIN,60,14,68183,612,89.558134,254,252,658038.8125,5584.501953,13.405474,59.463539,Normal
0.001116,udp,dns,CON,2,2,146,178,2688.172044,31,29,523297.5,637992.8125,0.009,0.007,Normal
1.291907,tcp,-,FIN,14,12,948,622,19.351239,254,252,5455.501465,3535.858398,94.843692,107.77482,Attack
3e-06,unas,-,INT,2,0,200,0,333333.3215,254,0,266666656.0,0.0,0.003,0.0,Attack
1.006886,tcp,http,FIN,14,18,1684,10168,30.787994,31,29,12426.43164,76306.55469,77.427536,59.198353,Normal
4e-06,unas,-,INT,2,0,200,0,250000.0006,254,0,200000000.0,0.0,0.004,0.0,Attack
0.030953,tcp,-,FIN,72,74,4238,63516,4684.52179,31,29,1080347.625,16194360.0,0.437629,0.422167,Normal
0.021884,tcp,smtp,FIN,52,42,37232,3380,4249.680145,31,29,13348931.0,1206360.875,0.422392,0.516463,Normal
0.640961,tcp,http,FIN,10,6,566,268,23.40236,254,252,6365.441895,2795.802002,68.527778,112.958203,Attack
0.610825,tcp,-,FIN,12,6,4074,268,27.831212,254,252,48917.44922,2933.737061,49.902544,100.707203,Attack
5e-06,udp,dns,INT,2,0,114,0,200000.0051,254,0,91200000.0,0.0,0.005,0.0,Attack
0.001046,udp,dns,CON,2,2,132,164,2868.068701,31,29,504780.0938,627151.0,0.009,0.007,Normal
0.00447,udp,-,CON,4,4,568,312,1565.99551,31,29,762416.125,418791.9375,1.19,1.015333,Normal
0.664084,tcp,-,FIN,10,8,564,354,25.599171,254,252,6119.70752,3734.467285,73.787111,93.573711,Attack
5e-06,pgm,-,INT,2,0,200,0,200000.0051,254,0,160000000.0,0.0,0.005,0.0,Attack
0.01835,tcp,-,FIN,16,18,1540,1644,1798.365166,31,29,629536.8125,677057.25,1.203067,1.052588,Normal
9e-06,ggp,-,INT,2,0,180,0,111111.1072,254,0,80000000.0,0.0,0.009,0.0,Attack
9e-06,stp,-,INT,2,0,200,0,111111.1072,254,0,88888888.0,0.0,0.009,0.0,Attack
5e-06,udp,dns,INT,2,0,114,0,200000.0051,254,0,91200000.0,0.0,0.005,0.0,Attack
5.699095,tcp,pop3,FIN,60,276,2682,347178,58.781265,62,252,3703.044189,485580.2813,96.578117,20.496386,Attack
1.165497,tcp,-,FIN,10,8,710,354,14.586053,254,252,4386.111816,2127.847656,125.097778,148.109719,Normal
0.001785,udp,-,CON,4,4,520,304,3921.568691,31,29,1747899.25,1021848.75,0.455667,0.234,Normal
0.633416,tcp,http,FIN,12,32,864,33844,67.885876,62,252,10002.90527,414097.5313,57.573727,17.987613,Attack
7e-06,udp,dns,INT,2,0,114,0,142857.1409,254,0,65142856.0,0.0,0.007,0.0,Attack
3e-06,unas,-,INT,2,0,200,0,333333.3215,254,0,266666656.0,0.0,0.003,0.0,Attack
5e-06,udp,dns,INT,2,0,114,0,200000.0051,254,0,91200000.0,0.0,0.005,0.0,Attack
0.047486,tcp,ftp-data,FIN,6,8,320,1862,273.7649,31,29,44981.67969,274607.25,9.4342,6.705857,Normal
0.036921,tcp,-,FIN,72,74,4238,63516,3927.304431,31,29,905717.6875,13576664.0,0.515704,0.497192,Normal
0.740019,ospf,-,INT,18,0,2858,0,22.972382,254,0,29188.43945,0.0,43.530531,0.0,Attack
1.226197,tcp,ftp,FIN,14,12,774,682,20.388241,254,252,4690.92627,4084.172363,94.266921,103.308094,Normal
0.586917,tcp,ftp-data,FIN,8,10,364,3754,28.964914,62,252,4348.144531,46057.62109,83.489569,54.784667,Attack
0.043959,tcp,-,FIN,52,54,3182,39076,2388.58941,31,29,567983.8125,6979776.5,0.8728,0.834269,Normal
0.001057,udp,dns,CON,2,2,146,178,2838.221339,31,29,552507.0625,673604.5,0.008,0.007,Normal
0.187565,tcp,http,FIN,10,6,896,268,79.972277,254,252,34420.06641,9554.021484,19.236778,35.971199,Attack
5e-06,udp,-,INT,2,0,168,0,200000.0051,254,0,134400000.0,0.0,0.005,0.0,Attack
0.59283,tcp,smtp,FIN,52,40,37232,3276,153.501003,31,29,492768.5938,43115.22656,11.601,15.187308,Normal
4e-06,udp,dns,INT,2,0,114,0,250000.0006,254,0,114000000.0,0.0,0.004,0.0,Attack
0.438633,tcp,-,FIN,10,6,590,268,34.197154,254,252,9684.633789,4085.419922,45.933333,80.225398,Attack
3e-06,udp,dns,INT,2,0,114,0,333333.3215,254,0,152000000.0,0.0,0.003,0.0,Attack
9e-06,dcn,-,INT,2,0,200,0,111111.1072,254,0,88888888.0,0.0,0.009,0.0,Attack
6e-06,udp,-,INT,2,0,1056,0,166666.6608,254,0,704000000.0,0.0,0.006,0.0,Attack
7e-06,udp,dns,INT,2,0,114,0,142857.1409,254,0,65142856.0,0.0,0.007,0.0,Attack
1.05952,tcp,ftp,FIN,52,54,2934,3742,99.101479,31,29,21730.5957,27733.3125,20.768823,19.980527,Normal
6e-06,gre,-,INT,2,0,156,0,166666.6608,254,0,104000000.0,0.0,0.006,0.0,Attack
1.223686,tcp,-,FIN,34,16,29562,814,40.042953,254,252,187584.0781,4994.745605,36.307454,77.009203,Attack
1e-05,udp,-,INT,2,0,2876,0,100000.0025,254,0,1150400000.0,0.0,0.01,0.0,Attack
1e-05,unas,-,INT,2,0,200,0,100000.0025,254,0,80000000.0,0.0,0.01,0.0,Attack
9e-06,udp,dns,INT,2,0,114,0,111111.1072,254,0,50666664.0,0.0,0.009,0.0,Attack
3e-06,dgp,-,INT,2,0,200,0,333333.3215,254,0,266666656.0,0.0,0.003,0.0,Attack
0.018947,tcp,-,FIN,16,18,1540,1644,1741.700562,31,29,609700.75,655723.875,1.241933,1.087412,Normal
1.4e-05,sctp,-,INT,2,0,104,0,71428.57045,254,0,29714286.0,0.0,0.014,0.0,Attack
0.553976,tcp,-,FIN,10,6,534,268,27.076985,254,252,6946.149414,3234.797119,55.751778,97.081203,Attack
1.083238,tcp,smtp,FIN,28,20,12703,1670,43.388433,62,252,90469.5,11720.41602,40.119927,53.822211,Attack
0.780378,tcp,http,FIN,60,14,68197,612,93.544412,254,252,687472.0,5833.070801,13.165379,54.635617,Attack
7.610755,tcp,http,FIN,10,10,778,1350,2.496467,62,252,736.85199,1277.140015,845.639444,839.928562,Normal
26.842154,tcp,http,FIN,334,746,17850,1087900,40.197967,31,29,5304.194336,323801.75,80.606204,36.029041,Normal
3e-06,unas,-,INT,2,0,200,0,333333.3215,254,0,266666656.0,0.0,0.003,0.0,Attack
7e-06,udp,dns,INT,2,0,114,0,142857.1409,254,0,65142856.0,0.0,0.007,0.0,Attack
1.011029,tcp,-,FIN,10,8,2516,354,16.814552,254,252,17922.33398,2452.946533,112.336556,134.058719,Normal
0.043778,tcp,smtp,FIN,52,42,37210,3380,2124.35477,31,29,6669103.5,603042.625,0.851196,1.056122,Normal
9e-06,udp,dns,INT,2,0,114,0,111111.1072,254,0,50666664.0,0.0,0.009,0.0,Attack
0.846259,tcp,http,FIN,10,12,822,6470,24.815098,62,252,6995.494141,56067.94141,94.028778,64.139727,Attack
7e-06,udp,dns,INT,2,0,114,0,142857.1409,254,0,65142856.0,0.0,0.007,0.0,Attack
1.442366,tcp,-,FIN,10,8,564,354,11.78619,254,252,2817.592773,1719.397095,154.896667,193.428859,Attack
3e-06,udp,-,INT,2,0,168,0,333333.3215,254,0,224000000.0,0.0,0.003,0.0,Attack
3e-06,udp,dns,INT,2,0,114,0,333333.3215,254,0,152000000.0,0.0,0.003,0.0,Attack
3e-06,udp,dns,INT,2,0,114,0,333333.3215,254,0,152000000.0,0.0,0.003,0.0,Attack
5e-06,udp,dns,INT,2,0,114,0,200000.0051,254,0,91200000.0,0.0,0.005,0.0,Attack
0.0,arp,-,INT,1,0,46,0,0.0,0,0,0.0,0.0,60000.736,0.0,Normal
0.357241,tcp,http,FIN,10,6,1080,268,41.988461,254,252,21766.81836,5016.22168,32.696222,61.583602,Attack
7e-06,udp,dns,INT,2,0,114,0,142857.1409,254,0,65142856.0,0.0,0.007,0.0,Attack
0.018272,tcp,-,FIN,16,18,1540,1644,1806.042088,31,29,632224.1875,679947.5,1.197067,1.039118,Normal
1.163024,tcp,-,FIN,10,6,2516,268,12.897413,254,252,15580.07422,1540.810913,122.783556,200.756406,Attack
1.006476,tcp,http,FIN,16,8,11062,354,22.852009,254,252,82434.15625,2464.042725,67.032931,136.040578,Attack
3.628586,tcp,smtp,FIN,26,22,6639,2008,12.952704,62,252,14074.9043,4226.439453,145.143443,169.686094,Attack
0.914071,tcp,http,FIN,10,12,858,4364,22.974145,62,252,6765.338867,35016.97266,101.563444,76.42318,Attack
6e-06,ipv6-no,-,INT,2,0,200,0,166666.6608,254,0,133333328.0,0.0,0.006,0.0,Attack
1e-05,unas,-,INT,2,0,200,0,100000.0025,254,0,80000000.0,0.0,0.01,0.0,Attack
10.809476,sctp,-,CON,12,2,1400,512,1.202649,254,60,950.277344,189.463394,982.679625,0.001,Attack
1.179535,tcp,-,FIN,30,26,6866,3294,46.628543,254,252,45021.12891,21486.43359,40.673622,46.022359,Attack
3e-06,udp,dns,INT,2,0,114,0,333333.3215,254,0,152000000.0,0.0,0.003,0.0,Attack
1.170115,tcp,-,FIN,10,8,756,354,14.528487,254,252,4655.952637,2119.449707,129.900333,157.771578,Attack
0.048251,tcp,smtp,FIN,54,42,37808,3380,1968.87114,31,29,6152494.5,547138.9375,0.939,1.165463,Normal
3e-06,unas,-,INT,2,0,200,0,333333.3215,254,0,266666656.0,0.0,0.003,0.0,Attack
9e-06,pnni,-,INT,2,0,200,0,111111.1072,254,0,88888888.0,0.0,0.009,0.0,Attack
0.0,arp,-,INT,1,0,46,0,0.0,0,0,0.0,0.0,60000.844,0.0,Normal
6e-06,sun-nd,-,INT,2,0,200,0,166666.6608,254,0,133333328.0,0.0,0.006,0.0,Attack
5.667425,rvd,-,INT,4,0,400,0,0.529341,254,0,423.472717,0.0,1889.141625,0.0,Attack
9e-06,unas,-,INT,2,0,200,0,111111.1072,254,0,88888888.0,0.0,0.009,0.0,Attack
0.428984,tcp,http,FIN,10,6,958,268,34.96634,254,252,16093.84082,4177.312012,47.664889,58.050398,Attack
1.157833,tcp,-,FIN,10,8,550,354,14.682601,254,252,3420.182373,2141.932373,126.104222,148.392578,Normal
0.00473,udp,-,CON,4,4,568,320,1479.915383,31,29,720507.375,405919.6563,1.242667,1.078,Normal
0.680449,tcp,-,FIN,10,8,564,354,24.983503,254,252,5972.526855,3644.652344,74.352556,93.507,Attack
0.197908,tcp,-,FIN,22,14,1470,1728,176.84985,31,29,56753.64453,64878.62891,9.42419,15.169538,Normal
8e-06,udp,-,INT,2,0,104,0,125000.0003,254,0,52000000.0,0.0,0.008,0.0,Attack
6e-06,udp,dns,INT,2,0,114,0,166666.6608,254,0,76000000.0,0.0,0.006,0.0,Attack
1.355506,tcp,-,CON,6,2,978,86,5.164123,62,252,4810.012207,253.779785,271.1012,0.004,Normal
0.88704,tcp,-,FIN,10,6,550,268,16.910173,254,252,4464.285645,2020.202026,101.560627,157.863594,Normal
59.49752,ospf,-,INT,54,0,14688,0,0.890793,254,0,1938.366455,0.0,1122.594375,0.0,Attack
2.148459,tcp,ftp,FIN,22,22,1174,1614,20.014346,62,252,4174.154785,5738.066406,102.264189,99.362854,Attack
9e-06,udp,-,INT,2,0,104,0,111111.1072,254,0,46222220.0,0.0,0.009,0.0,Attack
0.724476,tcp,-,FIN,10,8,564,354,23.465236,254,252,5609.571777,3423.163818,78.787111,97.144289,Attack
9e-06,udp,dns,INT,2,0,114,0,111111.1072,254,0,50666664.0,0.0,0.009,0.0,Attack
9e-06,udp,dns,INT,2,0,114,0,111111.1072,254,0,50666664.0,0.0,0.009,0.0,Attack
1e-05,udp,-,INT,2,0,1064,0,100000.0025,254,0,425600000.0,0.0,0.01,0.0,Attack
59.30122,ospf,-,INT,196,0,53312,0,3.288297,254,0,7155.333496,0.0,304.108656,0.0,Attack
1.017891,tcp,http,FIN,12,18,1580,10168,28.490279,31,29,11388.25195,75481.55469,92.504094,59.846292,Normal
6e-06,pvp,-,INT,2,0,200,0,166666.6608,254,0,133333328.0,0.0,0.006,0.0,Attack
0.523755,tcp,-,FIN,10,8,486,354,32.457923,254,252,6690.150879,4735.038086,56.788222,62.909,Normal
8e-06,udp,dns,INT,2,0,114,0,125000.0003,254,0,57000000.0,0.0,0.008,0.0,Attack
6e-06,mobile,-,INT,2,0,200,0,166666.6608,254,0,133333328.0,0.0,0.006,0.0,Attack
3e-06,udp,dns,INT,2,0,114,0,333333.3215,254,0,152000000.0,0.0,0.003,0.0,Attack
0.620512,tcp,-,FIN,12,8,998,712,30.619875,254,252,11796.70996,8032.07666,53.487727,73.077859,Normal
0.706856,tcp,http,FIN,10,8,840,1278,24.05016,62,252,8556.198242,12664.53125,78.539556,91.42657,Normal
6e-06,udp,dns,INT,2,0,114,0,166666.6608,254,0,76000000.0,0.0,0.006,0.0,Attack
8e-06,iatp,-,INT,2,0,200,0,125000.0003,254,0,100000000.0,0.0,0.008,0.0,Attack
0.637006,tcp,http,FIN,10,14,796,8390,36.106411,62,252,9004.625,97845.23438,70.778444,44.838463,Attack
1.077133,tcp,http,FIN,10,8,836,354,15.782637,254,252,5592.624023,2302.408203,117.038333,142.894281,Attack
0.0,arp,-,INT,1,0,46,0,0.0,0,0,0.0,0.0,0.0,0.0,Normal
3e-06,unas,-,INT,2,0,200,0,333333.3215,254,0,266666656.0,0.0,0.003,0.0,Attack
0.001082,udp,dns,CON,2,2,146,178,2772.643321,31,29,539741.25,658040.6875,0.009,0.007,Normal
0.001065,udp,dns,CON,2,2,146,178,2816.901513,31,29,548356.8125,668544.625,0.01,0.004,Normal
8e-06,udp,dns,INT,2,0,114,0,125000.0003,254,0,57000000.0,0.0,0.008,0.0,Attack
0.013224,tcp,-,FIN,16,18,1540,1644,2495.462774,31,29,873563.1875,939503.9375,0.8604,0.751412,Normal
1e-06,udp,dns,INT,2,0,114,0,1000000.003,254,0,456000000.0,0.0,0.001,0.0,Attack
1.402071,tcp,http,FIN,10,8,1086,3132,12.124921,62,252,5580.316406,15639.72168,155.785667,185.545859,Attack
3e-06,udp,dns,INT,2,0,114,0,333333.3215,254,0,152000000.0,0.0,0.003,0.0,Attack
0.006295,tcp,ftp-data,FIN,14,6,8928,320,3018.26837,31,29,10536616.0,339316.9063,0.484231,1.141,Normal
0.026894,tcp,-,FIN,60,62,3614,50036,4499.144886,31,29,1057187.5,14643861.0,0.458362,0.430689,Normal
0.832557,tcp,-,FIN,30,14,26326,764,51.648114,254,252,244538.2031,6822.355469,28.708861,51.631617,Normal
1e-05,udp,-,INT,2,0,952,0,100000.0025,254,0,380800000.0,0.0,0.01,0.0,Normal
9e-06,udp,dns,INT,2,0,114,0,111111.1072,254,0,50666664.0,0.0,0.009,0.0,Attack
0.066636,tcp,-,FIN,48,50,2958,32642,1455.66953,31,29,347799.9688,3840566.5,1.441717,1.213102,Normal
0.079441,tcp,ftp-data,FIN,6,8,320,1946,163.643451,31,29,26887.87695,171498.3438,15.8004,11.282286,Normal
0.071368,tcp,-,FIN,92,92,5278,83812,2564.17437,31,29,585248.25,9292792.0,0.78011,0.779611,Normal
0.681493,tcp,smtp,FIN,22,20,6234,1758,60.162028,62,252,69858.38281,19615.75586,32.452047,34.771367,Attack
0.941069,tcp,http,FIN,12,8,1614,354,20.189805,254,252,12581.43652,2635.300781,82.909455,118.463711,Attack
9e-06,udp,dns,INT,2,0,114,0,111111.1072,254,0,50666664.0,0.0,0.009,0.0,Attack
0.188459,tcp,http,FIN,10,6,1120,268,79.592911,254,252,42789.14844,9508.700195,19.693556,36.371,Attack
0.00914,tcp,-,FIN,22,24,2054,2478,4923.413703,31,29,1716411.375,2078774.625,0.418524,0.373087,Normal
9e-06,udp,dns,INT,2,0,114,0,111111.1072,254,0,50666664.0,0.0,0.009,0.0,Attack
2.05884,tcp,ftp,FIN,22,22,1182,1610,20.885547,62,252,4386.936035,5972.294922,98.039999,93.198854,Attack
0.71301,tcp,-,FIN,10,6,534,268,21.037573,254,252,5396.838867,2513.288574,76.027222,124.283,Normal
3e-06,udp,dns,INT,2,0,114,0,333333.3215,254,0,152000000.0,0.0,0.003,0.0,Attack
5e-06,udp,dns,INT,2,0,114,0,200000.0051,254,0,91200000.0,0.0,0.005,0.0,Attack
0.00102,udp,dns,CON,2,2,146,178,2941.176566,31,29,572549.0625,698039.25,0.01,0.005,Normal
0.080291,tcp,-,FIN,64,66,3806,54798,1606.65573,31,29,373341.9688,5377240.0,1.289226,1.264397,Normal
7.960006,tcp,-,FIN,62,312,2686,412546,46.85926,62,252,2656.279297,413290.125,129.66844,25.234618,Attack
9e-06,udp,dns,INT,2,0,114,0,111111.1072,254,0,50666664.0,0.0,0.009,0.0,Attack
1.065204,tcp,-,FIN,10,8,564,354,15.959384,254,252,3815.231445,2328.192383,118.343556,136.810141,Attack
0.14834,tcp,-,FIN,22,24,1958,2308,303.357149,31,29,100795.4688,119293.5156,7.046047,6.709273,Normal
0.224347,tcp,ftp-data,FIN,14,6,8928,320,84.690236,31,29,295649.1563,9520.96582,17.257462,44.739398,Normal
9e-06,udp,-,INT,2,0,168,0,111111.1072,254,0,74666664.0,0.0,0.009,0.0,Attack
6e-06,unas,-,INT,2,0,200,0,166666.6608,254,0,133333328.0,0.0,0.006,0.0,Attack
2e-06,udp,dns,INT,2,0,114,0,500000.0013,254,0,228000000.0,0.0,0.002,0.0,Attack
0.329295,tcp,-,FIN,28,30,4256,3080,173.097066,31,29,99703.90625,72348.5,12.175889,11.337793,Normal
0.037909,tcp,-,FIN,60,62,3598,48710,3191.854083,31,29,746841.125,10113693.0,0.648224,0.61182,Normal
5e-06,unas,-,INT,2,0,200,0,200000.0051,254,0,160000000.0,0.0,0.005,0.0,Attack
5.59392,tcp,ftp,FIN,24,22,1228,1636,8.044448,62,252,1683.255981,2233.85376,243.213908,262.905321,Attack
8e-06,udp,dns,INT,2,0,114,0,125000.0003,254,0,57000000.0,0.0,0.008,0.0,Attack
5e-06,udp,dns,INT,2,0,114,0,200000.0051,254,0,91200000.0,0.0,0.005,0.0,Attack
1e-05,udp,dns,INT,2,0,114,0,100000.0025,254,0,45600000.0,0.0,0.01,0.0,Attack
0.0,arp,-,INT,1,0,46,0,0.0,0,0,0.0,0.0,60000.716,0.0,Normal
0.079969,tcp,-,FIN,60,62,3614,50036,1513.08639,31,29,355537.7813,4924808.5,1.397298,1.300426,Normal
0.0,arp,-,INT,1,0,46,0,0.0,0,0,0.0,0.0,60000.808,0.0,Normal
0.987059,tcp,-,FIN,10,6,2516,268,15.19666,254,252,18357.56445,1815.494263,102.102667,177.956797,Normal
4e-06,unas,-,INT,2,0,200,0,250000.0006,254,0,200000000.0,0.0,0.004,0.0,Attack
8e-06,udp,dns,INT,2,0,114,0,125000.0003,254,0,57000000.0,0.0,0.008,0.0,Attack
5e-06,udp,-,INT,2,0,1838,0,200000.0051,254,0,1470400000.0,0.0,0.005,0.0,Attack
9e-06,udp,dns,INT,2,0,114,0,111111.1072,254,0,50666664.0,0.0,0.009,0.0,Attack
0.116895,tcp,-,FIN,66,68,3926,57474,1137.773238,31,29,264647.7813,3875546.5,1.793323,1.762561,Normal
10.889767,tcp,-,FIN,136,134,136822,136684,24.70209,254,252,99775.14063,99663.47656,79.905398,81.700658,Attack
8e-06,udp,-,INT,2,0,104,0,125000.0003,254,0,52000000.0,0.0,0.008,0.0,Attack
1.099654,tcp,-,FIN,16,10,910,556,22.734425,254,252,6212.86377,3644.782959,69.834335,115.755336,Normal
35.883755,ospf,-,INT,20,0,1280,0,0.529488,254,0,271.097595,0.0,1888.6185,0.0,Attack
9e-06,udp,dns,INT,2,0,114,0,111111.1072,254,0,50666664.0,0.0,0.009,0.0,Attack
0.222335,tcp,http,FIN,10,6,1062,268,67.465762,254,252,34398.54297,8059.909668,23.048667,39.041801,Attack
0.001796,udp,-,CON,4,4,520,304,3897.549992,31,29,1737193.75,1015590.188,0.455333,0.234667,Normal
1.504827,tcp,-,FIN,12,10,998,822,13.955092,254,252,4864.34668,3934.00708,136.794733,159.330109,Attack
9e-06,aes-sp3-d,-,INT,2,0,200,0,111111.1072,254,0,88888888.0,0.0,0.009,0.0,Attack
4e-06,idrp,-,INT,2,0,200,0,250000.0006,254,0,200000000.0,0.0,0.004,0.0,Attack
0.381485,tcp,-,FIN,10,6,544,268,39.320027,254,252,10275.63379,4697.432617,42.387222,62.106602,Normal
0.001022,udp,dns,CON,2,2,146,178,2935.420795,31,29,571428.5625,696673.1875,0.009,0.007,Normal
3e-06,udp,dns,INT,2,0,114,0,333333.3215,254,0,152000000.0,0.0,0.003,0.0,Attack
0.22711,tcp,-,FIN,24,24,2158,2478,206.948176,31,29,72880.98438,83659.89844,9.860434,9.845782,Normal
0.08448,tcp,-,FIN,48,50,2958,33044,1148.200723,31,29,274337.125,3066666.5,1.828087,1.713775,Normal
59.810604,ospf,-,INT,130,0,35360,0,2.156808,254,0,4693.214355,0.0,463.647906,0.0,Attack
2.09725,tcp,http,FIN,10,10,762,982,9.059483,62,252,2616.76001,3372.034912,233.001,222.830437,Attack
0.001048,udp,dns,CON,2,2,146,178,2862.595564,31,29,557251.9375,679389.375,0.009,0.007,Normal
1.1e-05,udp,-,INT,2,0,168,0,90909.0902,254,0,61090908.0,0.0,0.011,0.0,Attack
0.0,arp,-,INT,1,0,46,0,0.0,0,0,0.0,0.0,60000.58,0.0,Normal
1e-06,udp,dns,INT,2,0,114,0,1000000.003,254,0,456000000.0,0.0,0.001,0.0,Attack
3.4e-05,udp,-,INT,2,0,168,0,29411.76419,254,0,19764706.0,0.0,0.034,0.0,Attack
2.492951,tcp,ftp-data,FIN,8,10,364,3754,6.819228,62,252,1023.686401,10843.37402,356.135866,267.295444,Attack
0.264062,tcp,http,FIN,10,8,910,2142,64.378823,62,252,24812.35547,56804.84375,29.340222,36.593145,Attack
0.038958,tcp,-,FIN,90,92,5174,83812,4646.029277,31,29,1050772.625,17023668.0,0.43409,0.4259,Normal
1.869243,tcp,smtp,FIN,80,28,85240,2176,57.242423,62,252,360252.7813,8983.31543,23.661303,68.315703,Attack
9e-06,udp,dns,INT,2,0,114,0,111111.1072,254,0,50666664.0,0.0,0.009,0.0,Attack
5e-06,tcp,-,REQ,2,0,90,0,200000.0051,254,0,72000000.0,0.0,0.005,0.0,Normal
0.231333,tcp,-,FIN,10,6,776,268,64.841591,254,252,24172.94531,7746.408691,22.885,42.300801,Attack
1e-05,unas,-,INT,2,0,200,0,100000.0025,254,0,80000000.0,0.0,0.01,0.0,Attack
0.348786,sctp,-,CON,2,2,152,82,8.601263,254,60,1743.189209,940.404724,0.015,0.007,Attack
0.050807,tcp,-,FIN,40,42,2542,23508,1594.268531,31,29,390339.9063,3613518.0,1.294718,1.225,Normal
8e-06,udp,dns,INT,2,0,114,0,125000.0003,254,0,57000000.0,0.0,0.008,0.0,Attack
9e-06,udp,dns,INT,2,0,114,0,111111.1072,254,0,50666664.0,0.0,0.009,0.0,Attack
0.001036,udp,dns,CON,2,2,146,178,2895.752973,31,29,563706.5625,687258.6875,0.009,0.009,Normal
1e-05,fc,-,INT,2,0,200,0,100000.0025,254,0,80000000.0,0.0,0.01,0.0,Attack
1.1e-05,sctp,-,INT,2,0,640,0,90909.0902,254,0,232727264.0,0.0,0.011,0.0,Attack
6e-06,udp,dns,INT,2,0,114,0,166666.6608,254,0,76000000.0,0.0,0.006,0.0,Attack
1.279335,ospf,-,INT,28,0,3024,0,21.104714,254,0,18234.47266,0.0,47.382777,0.0,Attack
0.0,arp,-,INT,1,0,46,0,0.0,0,0,0.0,0.0,60000.6,0.0,Normal
0.241377,tcp,-,FIN,10,6,534,268,62.143453,254,252,15941.86719,7424.071289,25.034444,41.804602,Normal
0.39651,tcp,-,FIN,12,6,5564,268,42.874076,254,252,102917.9609,4519.432129,34.323091,65.193398,Attack
9e-06,unas,-,INT,2,0,200,0,111111.1072,254,0,88888888.0,0.0,0.009,0.0,Attack
0.953602,tcp,http,FIN,60,14,68199,612,76.551852,254,252,562607.875,4773.47998,15.626237,67.582234,Normal
1.748983,tcp,-,FIN,10,8,564,354,9.719934,254,252,2323.635986,1417.966919,193.148,243.058719,Attack
9e-06,udp,dns,INT,2,0,114,0,111111.1072,254,0,50666664.0,0.0,0.009,0.0,Attack
9e-06,aris,-,INT,2,0,200,0,111111.1072,254,0,88888888.0,0.0,0.009,0.0,Attack
0.313492,tcp,http,FIN,10,6,792,268,47.848111,254,252,18195.04102,5716.254395,32.525111,51.407801,Attack
1.004705,tcp,http,FIN,12,18,1580,10168,28.864195,31,29,11537.71582,76472.20313,91.305179,59.069762,Normal
0.218446,udp,-,CON,8,4,362,178,50.355694,254,60,11609.27637,4907.391113,31.206572,38.397,Attack
0.034791,tcp,-,FIN,30,42,2302,34406,2040.757656,31,29,511856.5,7723146.5,1.188966,0.836244,Normal
1.085793,tcp,http,FIN,12,18,1580,10168,26.708589,31,29,10676.06836,70761.1875,98.676274,63.84106,Normal
0.778654,tcp,-,FIN,10,8,564,354,21.832548,254,252,5219.263184,3184.983398,85.989111,108.125711,Attack
0.019145,tcp,-,FIN,16,18,1540,1644,1723.687582,31,29,603395.125,648942.25,1.253733,1.099,Normal
0.652136,tcp,http,FIN,10,12,826,5230,32.201871,62,252,9126.930664,58822.08203,72.343333,53.54409,Attack
8e-06,unas,-,INT,2,0,200,0,125000.0003,254,0,100000000.0,0.0,0.008,0.0,Attack
1e-06,il,-,INT,2,0,200,0,1000000.003,254,0,800000000.0,0.0,0.001,0.0,Attack
0.004037,tcp,http,FIN,8,10,1042,824,4211.048044,31,29,1807282.75,1470398.875,0.526286,0.386444,Normal
9e-06,ipnip,-,INT,2,0,180,0,111111.1072,254,0,80000000.0,0.0,0.009,0.0,Attack
5e-06,udp,dns,INT,2,0,114,0,200000.0051,254,0,91200000.0,0.0,0.005,0.0,Attack
1.109224,tcp,http,FIN,12,18,1580,10168,26.144405,31,29,10450.54981,69266.44531,100.788366,65.204824,Normal
0.001087,udp,dns,CON,2,2,146,178,2759.889575,31,29,537258.5,655013.8125,0.033,0.003,Normal
0.393077,tcp,http,FIN,10,12,806,6882,53.424649,62,252,14775.73145,128402.3281,43.675222,26.43791,Attack
1e-05,udp,dns,INT,2,0,114,0,100000.0025,254,0,45600000.0,0.0,0.01,0.0,Attack
9e-06,udp,dns,INT,2,0,114,0,111111.1072,254,0,50666664.0,0.0,0.009,0.0,Attack
1.345478,tcp,http,FIN,10,8,1374,354,12.634914,254,252,7355.006836,1843.21106,148.223889,184.524422,Attack
2e-06,udp,dns,INT,2,0,114,0,500000.0013,254,0,228000000.0,0.0,0.002,0.0,Attack
7e-06,sctp,-,INT,2,0,78,0,142857.1409,254,0,44571428.0,0.0,0.007,0.0,Attack
9e-06,unas,-,INT,2,0,200,0,111111.1072,254,0,88888888.0,0.0,0.009,0.0,Attack
6.430858,tcp,pop3,FIN,68,326,3030,422865,61.111595,62,252,3714.589844,524431.4375,97.437245,19.272936,Attack
2e-06,udp,dns,INT,2,0,114,0,500000.0013,254,0,228000000.0,0.0,0.002,0.0,Attack
0.404532,tcp,http,FIN,10,6,1152,268,37.079886,254,252,20507.64844,4429.810547,39.952444,68.130398,Attack
0.775602,tcp,-,FIN,10,6,546,268,19.339816,254,252,5074.768066,2310.463379,82.958,134.117,Normal
4.578482,sctp,-,CON,4,6,824,1296,1.965717,254,60,1079.833862,1887.088257,1526.160625,531.336812,Attack
1e-06,udp,dns,INT,2,0,114,0,1000000.003,254,0,456000000.0,0.0,0.001,0.0,Attack
0.037969,tcp,-,FIN,60,62,3614,50036,3186.810239,31,29,748821.375,10372462.0,0.648862,0.612082,Normal
2e-06,udp,dns,INT,2,0,114,0,500000.0013,254,0,228000000.0,0.0,0.002,0.0,Attack
14.854001,tcp,http,FIN,14,18,1684,10168,2.08698,31,29,842.33197,5172.478516,1142.589115,873.731059,Normal
3.2e-05,nvp,-,INT,2,0,180,0,31250.00008,254,0,22500000.0,0.0,0.032,0.0,Attack
9e-06,unas,-,INT,2,0,200,0,111111.1072,254,0,88888888.0,0.0,0.009,0.0,Attack
0.68942,tcp,smtp,FIN,24,20,6551,1760,62.37127,62,252,72861.25,19401.81641,29.974781,34.843,Attack
0.774632,tcp,-,FIN,10,8,588,354,21.945905,254,252,5473.566895,3201.520264,86.070222,103.148,Attack
1.1e-05,udp,-,INT,2,0,1144,0,90909.0902,254,0,416000000.0,0.0,0.011,0.0,Attack
0.49192,tcp,-,FIN,10,6,484,268,30.492763,254,252,7090.583984,3642.868896,51.962,60.771398,Normal
4e-06,udp,dns,INT,2,0,114,0,250000.0006,254,0,114000000.0,0.0,0.004,0.0,Attack
0.17877,tcp,-,FIN,84,86,4862,75600,945.348742,31,29,215024.8906,3343782.5,2.150205,2.09153,Normal
0.042768,tcp,-,FIN,64,66,3806,54798,3016.27374,31,29,700897.8125,10095024.0,0.68,0.660141,Normal
0.601376,tcp,-,FIN,10,6,910,268,24.942798,254,252,10895.01367,2979.833008,63.384889,98.458398,Attack
9e-06,udp,dns,INT,2,0,114,0,111111.1072,254,0,50666664.0,0.0,0.009,0.0,Attack
9e-06,udp,dns,INT,2,0,114,0,111111.1072,254,0,50666664.0,0.0,0.009,0.0,Attack
0.176672,tcp,-,FIN,48,50,2958,33044,549.040039,31,29,131180.9531,1466401.0,3.752383,3.669292,Normal
1.3e-05,udp,-,INT,2,0,168,0,76923.07779,254,0,51692308.0,0.0,0.013,0.0,Attack
0.000987,udp,dns,CON,2,2,146,178,3039.513836,31,29,591692.0,721377.9375,0.005,0.001,Normal
3.890441,tcp,http,FIN,80,18,96054,784,24.932906,254,252,195050.3906,1523.734741,49.877448,225.015062,Attack
3.586424,tcp,ftp,FIN,24,22,1272,1620,12.547317,62,252,2719.143066,3450.791016,155.931473,165.218578,Attack
0.448002,tcp,-,FIN,24,26,2062,2412,109.374509,31,29,35303.41406,41428.38672,19.462696,17.89592,Normal
0.224444,tcp,ftp-data,FIN,14,6,8928,320,84.653632,31,29,295521.375,9516.850586,17.264924,44.752801,Normal
0.871068,tcp,-,FIN,10,8,586,354,19.516272,254,252,4849.219727,2847.07959,93.677667,113.16243,Normal
1.845104,tcp,-,FIN,122,126,7810,15494,133.867794,31,29,33585.09766,66649.89844,15.245562,14.75656,Normal
2e-06,unas,-,INT,2,0,200,0,500000.0013,254,0,400000000.0,0.0,0.002,0.0,Attack
8e-06,larp,-,INT,2,0,200,0,125000.0003,254,0,100000000.0,0.0,0.008,0.0,Attack
1.22499,tcp,http,FIN,12,18,1580,10168,23.673662,31,29,9462.93457,62720.51172,111.332089,72.029471,Normal
9e-06,udp,dns,INT,2,0,114,0,111111.1072,254,0,50666664.0,0.0,0.009,0.0,Attack
0.521405,tcp,ftp-data,FIN,8,8,364,562,28.768425,62,252,4894.467773,7548.834473,74.486431,72.271141,Attack
3e-06,udp,dns,INT,2,0,114,0,333333.3215,254,0,152000000.0,0.0,0.003,0.0,Attack
0.021657,tcp,ftp,FIN,52,54,2934,3742,4848.317084,31,29,1063120.5,1356790.0,0.418216,0.398509,Normal
1e-06,ggp,-,INT,2,0,180,0,1000000.003,254,0,720000000.0,0.0,0.001,0.0,Attack
0.001024,udp,dns,CON,2,2,130,162,2929.687507,31,29,507812.5,632812.5,0.009,0.002,Normal
9e-06,il,-,INT,2,0,200,0,111111.1072,254,0,88888888.0,0.0,0.009,0.0,Attack
0.002814,tcp,ftp-data,FIN,6,8,320,1826,4619.75834,31,29,759061.8125,4542999.5,0.499,0.332857,Normal
0.002755,tcp,ftp-data,FIN,6,8,320,1930,4718.693245,31,29,775317.625,4904537.0,0.4876,0.325,Normal
0.001612,udp,-,CON,4,4,520,304,4342.431625,31,29,1935483.75,1131513.625,0.406667,0.202333,Normal
3e-06,udp,dns,INT,2,0,114,0,333333.3215,254,0,152000000.0,0.0,0.003,0.0,Attack
1.693273,tcp,-,FIN,36,14,34706,1008,28.93804,254,252,159416.7031,4422.205078,47.665971,123.449766,Normal
8e-06,udp,dns,INT,2,0,114,0,125000.0003,254,0,57000000.0,0.0,0.008,0.0,Attack
9e-06,udp,dns,INT,2,0,114,0,111111.1072,254,0,50666664.0,0.0,0.009,0.0,Attack
0.879799,tcp,-,FIN,10,8,1972,354,19.322595,254,252,16140.04981,2818.825684,97.649,112.399859,Normal
1.161932,tcp,-,FIN,122,126,7820,15736,212.576985,31,29,53400.71484,107489.9375,9.679317,9.366104,Normal
9e-06,udp,dns,INT,2,0,114,0,111111.1072,254,0,50666664.0,0.0,0.009,0.0,Attack
5e-06,tcp,-,REQ,2,0,90,0,200000.0051,254,0,72000000.0,0.0,0.005,0.0,Normal
0.023599,tcp,-,FIN,48,50,2974,30506,4110.343546,31,29,987499.4375,10134666.0,0.505652,0.470918,Normal
9e-06,udp,-,INT,2,0,168,0,111111.1072,254,0,74666664.0,0.0,0.009,0.0,Attack
0.632826,tcp,-,FIN,10,6,534,268,23.703199,254,252,6080.660645,2831.742188,67.632,108.936398,Normal
0.433222,tcp,-,FIN,10,8,546,354,39.240851,254,252,9085.411133,5724.547852,47.248889,54.56943,Normal
1e-06,udp,dns,INT,2,0,114,0,1000000.003,254,0,456000000.0,0.0,0.001,0.0,Attack
0.926106,tcp,-,FIN,10,8,564,354,18.356431,254,252,4388.266602,2677.879395,99.631778,121.821711,Attack
0.00118,udp,dns,CON,2,2,146,178,2542.372836,31,29,494915.25,603389.8125,0.004,0.002,Normal
4e-06,visa,-,INT,2,0,200,0,250000.0006,254,0,200000000.0,0.0,0.004,0.0,Attack
9e-06,udp,dns,INT,2,0,114,0,111111.1072,254,0,50666664.0,0.0,0.009,0.0,Attack
0.015388,tcp,-,FIN,40,42,2558,23162,5263.842015,31,29,1297114.625,11755134.0,0.407541,0.362561,Normal
0.879022,tcp,-,FIN,10,8,1506,354,19.339675,254,252,12340.98828,2821.317383,94.592778,112.148,Normal
0.188725,tcp,http,FIN,10,6,1080,268,79.480728,254,252,41202.80859,9495.297852,20.969444,28.906199,Attack
3e-06,udp,dns,INT,2,0,114,0,333333.3215,254,0,152000000.0,0.0,0.003,0.0,Attack
9e-06,udp,dns,INT,2,0,114,0,111111.1072,254,0,50666664.0,0.0,0.009,0.0,Attack
6e-06,unas,-,INT,2,0,200,0,166666.6608,254,0,133333328.0,0.0,0.006,0.0,Attack
0.007056,tcp,ssh,FIN,32,24,3728,5474,7794.784385,31,29,4095238.0,5947845.5,0.227613,0.276304,Normal
1.325143,pim,-,INT,8,0,480,0,5.282449,254,0,2535.575439,0.0,189.306141,0.0,Attack
0.051172,tcp,-,FIN,40,42,2542,23508,1582.896915,31,29,387555.6875,3587743.25,1.303154,1.233854,Normal
0.655954,tcp,http,FIN,10,6,936,268,22.867457,254,252,10281.20898,2731.898926,65.511778,110.530398,Attack
0.764101,tcp,-,FIN,10,10,608,646,24.865822,254,252,5737.461426,6093.435059,84.900111,71.385891,Attack
9e-06,udp,-,REQ,2,0,104,0,111111.1072,254,0,46222220.0,0.0,44648.776,0.0,Attack
0.442741,tcp,-,FIN,10,6,580,268,33.879853,254,252,9432.151367,4047.512939,46.340778,77.829203,Attack
1.905242,tcp,pop3,FIN,26,68,1212,68264,48.812698,62,252,4895.96582,282425.0313,76.209682,28.01212,Attack
1.1e-05,udp,-,INT,2,0,1252,0,90909.0902,254,0,455272736.0,0.0,0.011,0.0,Normal
8e-06,unas,-,INT,2,0,200,0,125000.0003,254,0,100000000.0,0.0,0.008,0.0,Attack
0.016458,tcp,-,FIN,16,18,1540,1644,2005.104007,31,29,701907.9375,754891.25,1.077067,0.941,Normal
9e-06,3pc,-,INT,2,0,200,0,111111.1072,254,0,88888888.0,0.0,0.009,0.0,Attack
1.035154,tcp,http,FIN,112,20,136027,870,126.55122,254,252,1041877.813,6391.319824,9.410491,51.280316,Attack
1.333074,tcp,http,FIN,14,18,1684,10168,23.254523,31,29,9385.826172,57635.21094,102.516613,78.380412,Normal
8e-06,udp,dns,INT,2,0,114,0,125000.0003,254,0,57000000.0,0.0,0.008,0.0,Attack
0.242999,tcp,http,FIN,10,6,950,268,61.728648,254,252,28148.26367,7374.516113,25.858333,45.154199,Attack
0.11292,tcp,-,FIN,74,72,4342,63412,1284.094921,31,29,303506.9063,4430180.5,1.542534,1.604829,Normal
9e-06,unas,-,INT,2,0,200,0,111111.1072,254,0,88888888.0,0.0,0.009,0.0,Attack
1.583462,tcp,-,FIN,122,126,7810,15494,155.987324,31,29,39134.50391,77662.74219,13.083521,12.663656,Normal
1.0083,tcp,-,FIN,10,6,756,268,14.876526,254,252,5403.154297,1777.248901,109.058556,178.282797,Attack
3.236875,tcp,ftp,FIN,22,22,1142,1620,13.284418,62,252,2696.427734,3823.440674,154.090902,152.580232,Attack
2.897052,tcp,-,FIN,60,12,68339,526,24.507672,254,252,185570.7031,1333.769653,49.102576,259.456359,Attack
5e-06,unas,-,INT,2,0,200,0,200000.0051,254,0,160000000.0,0.0,0.005,0.0,Attack
0.004651,tcp,-,FIN,22,14,1470,1728,7525.263721,31,29,2414964.75,2760696.75,0.221476,0.3,Normal
2.541949,tcp,-,FIN,12,10,1234,840,8.261377,254,252,3562.620605,2379.276611,227.249179,271.278875,Normal
3.656592,tcp,http,FIN,332,746,17746,1087890,294.536561,31,29,38709.26953,2376928.0,11.046139,4.907481,Normal
9e-06,zero,-,INT,2,0,200,0,111111.1072,254,0,88888888.0,0.0,0.009,0.0,Attack
3e-06,udp,dns,INT,2,0,114,0,333333.3215,254,0,152000000.0,0.0,0.003,0.0,Attack
1.743099,tcp,smtp,FIN,24,20,5180,1810,24.668708,62,252,22787.00195,7893.986816,75.786912,88.804477,Attack
9e-06,udp,dns,INT,2,0,114,0,111111.1072,254,0,50666664.0,0.0,0.009,0.0,Attack
0.486901,tcp,http,FIN,10,6,750,268,30.807085,254,252,11090.55078,3680.419678,53.947,77.854602,Attack
0.001174,udp,dns,CON,2,2,130,162,2555.366323,31,29,442930.1563,551959.125,0.009,0.008,Normal
9e-06,udp,dns,INT,2,0,114,0,111111.1072,254,0,50666664.0,0.0,0.009,0.0,Attack
0.236518,tcp,-,FIN,12,8,674,376,80.332154,254,252,20903.27148,11128.11719,20.297182,32.586857,Attack
8e-06,skip,-,INT,2,0,200,0,125000.0003,254,0,100000000.0,0.0,0.008,0.0,Attack
1e-05,ipv6,-,INT,2,0,200,0,100000.0025,254,0,80000000.0,0.0,0.01,0.0,Attack
6e-06,udp,dns,INT,2,0,114,0,166666.6608,254,0,76000000.0,0.0,0.006,0.0,Attack
1.123404,tcp,smtp,FIN,72,28,69925,2086,88.125018,62,252,491036.1563,14327.88184,15.822591,40.433332,Attack
1e-05,udp,dns,INT,2,0,114,0,100000.0025,254,0,45600000.0,0.0,0.01,0.0,Attack
0.004598,udp,-,CON,4,4,568,320,1522.401015,31,29,741191.8125,417572.8438,1.183,1.017667,Normal
1.02188,cbt,-,INT,4,0,360,0,2.935765,254,0,2113.750977,0.0,340.626656,0.0,Attack
0.879612,tcp,-,FIN,12,8,1454,700,21.600432,254,252,12123.52637,5575.185059,79.964724,113.16957,Attack
0.010081,tcp,ssh,FIN,32,24,3728,5474,5455.808121,31,29,2866382.5,4163079.25,0.325194,0.408652,Normal
2e-06,xtp,-,INT,2,0,200,0,500000.0013,254,0,400000000.0,0.0,0.002,0.0,Attack
0.047019,tcp,-,FIN,60,62,3614,45696,2573.427703,31,29,604691.6875,7649503.0,0.804759,0.761672,Normal
0.0,arp,-,INT,1,0,46,0,0.0,0,0,0.0,0.0,60000.652,0.0,Normal
0.00106,udp,dns,CON,2,2,146,178,2830.188576,31,29,550943.375,671698.0625,0.004,0.001,Normal
0.236776,tcp,ssh,FIN,32,24,3728,5474,232.287062,31,29,122039.3984,177247.7031,7.892533,10.699363,Normal
0.329183,tcp,ftp-data,FIN,8,10,364,3754,51.643005,62,252,7752.526367,82118.45313,46.892427,32.920667,Attack
6e-06,udp,dns,INT,2,0,114,0,166666.6608,254,0,76000000.0,0.0,0.006,0.0,Attack
0.004341,udp,-,CON,4,4,568,312,1612.531591,31,29,785072.5,431237.0313,1.171667,0.951667,Normal
0.77043,tcp,-,FIN,26,8,24922,354,42.833221,254,252,248837.6563,3218.981445,30.7806,93.75557,Attack
0.543773,tcp,ftp-data,FIN,8,12,424,8824,34.941051,31,29,5458.160156,119005.5391,77.627431,49.385089,Normal
9e-06,unas,-,INT,2,0,200,0,111111.1072,254,0,88888888.0,0.0,0.009,0.0,Attack
0.038907,tcp,-,FIN,62,62,3702,48710,3161.384928,31,29,749068.3125,9854268.0,0.665172,0.627967,Normal
0.040236,tcp,-,FIN,60,62,3614,50036,3007.257185,31,29,706630.875,9788051.0,0.684448,0.650377,Normal
0.001056,udp,dns,CON,2,2,146,178,2840.909069,31,29,553030.3125,674242.4375,0.009,0.007,Normal
0.018331,tcp,ssh,FIN,106,114,9400,12298,11946.97469,31,29,4063935.25,5320386.0,0.18024,0.165794,Normal
7e-06,udp,dns,INT,2,0,114,0,142857.1409,254,0,65142856.0,0.0,0.007,0.0,Attack
2.5e-05,udp,-,INT,2,0,168,0,40000.00101,254,0,26880000.0,0.0,0.025,0.0,Attack
1.160803,tcp,-,FIN,12,8,2004,736,16.36798,254,252,12660.20215,4438.307129,100.744729,144.764141,Attack
0.906626,tcp,http,FIN,10,6,888,268,16.54486,254,252,7059.140137,1976.559326,98.671222,165.011406,Attack
0.575769,tcp,-,FIN,10,6,700,268,26.052114,254,252,8753.510742,3112.359375,58.753667,108.250398,Attack
6e-06,unas,-,INT,2,0,200,0,166666.6608,254,0,133333328.0,0.0,0.006,0.0,Attack
8e-06,udp,dns,INT,2,0,114,0,125000.0003,254,0,57000000.0,0.0,0.008,0.0,Attack
2.08254,tcp,smtp,FIN,36,22,22209,1786,27.370422,62,252,82948.70313,6549.693848,59.501145,95.906477,Attack
0.001081,udp,dns,CON,2,2,146,178,2775.208228,31,29,540240.5625,658649.4375,0.008,0.001,Normal
0.913732,tcp,http,FIN,10,8,808,1298,18.605018,62,252,6373.860352,9946.023438,101.514778,118.767,Normal
9e-06,udp,dns,INT,2,0,114,0,111111.1072,254,0,50666664.0,0.0,0.009,0.0,Attack
2.255197,ospf,-,INT,18,0,2858,0,7.538144,254,0,9577.876953,0.0,132.658641,0.0,Attack
3e-06,udp,dns,INT,2,0,114,0,333333.3215,254,0,152000000.0,0.0,0.003,0.0,Attack
7.768967,ospf,-,REQ,20,0,5440,0,2.445628,254,0,5321.685547,0.0,465.277062,0.0,Attack
1.166052,tcp,http,FIN,14,40,1720,48452,45.452519,62,252,10963.49023,324109.0625,89.651077,26.463257,Attack
58.881458,ospf,-,REQ,68,0,18496,0,1.137879,254,0,2476.025635,0.0,919.770813,0.0,Attack
8e-06,kryptolan,-,INT,2,0,200,0,125000.0003,254,0,100000000.0,0.0,0.008,0.0,Attack
8e-06,unas,-,INT,2,0,200,0,125000.0003,254,0,100000000.0,0.0,0.008,0.0,Attack
1e-06,unas,-,INT,2,0,200,0,1000000.003,254,0,800000000.0,0.0,0.001,0.0,Attack
0.021009,tcp,-,FIN,48,50,2958,33044,4617.068871,31,29,1103146.25,12331477.0,0.437574,0.417571,Normal
4e-06,udp,dns,INT,2,0,114,0,250000.0006,254,0,114000000.0,0.0,0.004,0.0,Attack
8e-06,udp,dns,INT,2,0,114,0,125000.0003,254,0,57000000.0,0.0,0.008,0.0,Attack
0.571875,tcp,-,FIN,12,8,1064,756,33.224045,254,252,13653.33398,9260.765625,47.382453,69.69257,Attack
1e-06,udp,dns,INT,2,0,114,0,1000000.003,254,0,456000000.0,0.0,0.001,0.0,Attack
2.928561,tcp,-,FIN,60,10,70175,440,23.56106,254,252,188504.875,1081.76001,49.636626,318.516,Attack
3e-06,vrrp,-,INT,2,0,200,0,333333.3215,254,0,266666656.0,0.0,0.003,0.0,Attack
0.641856,tcp,-,FIN,10,8,564,354,26.485691,254,252,6331.638184,3863.794922,71.317333,86.964,Attack
0.004701,tcp,-,FIN,18,18,4528,2456,7445.224147,31,29,7278451.0,3948096.0,0.257882,0.245294,Normal
0.0,arp,-,INT,1,0,46,0,0.0,0,0,0.0,0.0,0.0,0.0,Normal
3e-06,udp,-,INT,2,0,78,0,333333.3215,254,0,104000000.0,0.0,0.003,0.0,Attack
0.314892,tcp,-,FIN,28,28,4256,2976,174.663062,31,29,104264.3203,72913.89063,11.651259,11.64363,Normal
9e-06,udp,dns,INT,2,0,114,0,111111.1072,254,0,50666664.0,0.0,0.009,0.0,Attack
8e-06,xtp,-,INT,2,0,200,0,125000.0003,254,0,100000000.0,0.0,0.008,0.0,Attack
9e-06,udp,dns,INT,2,0,114,0,111111.1072,254,0,50666664.0,0.0,0.009,0.0,Attack
1e-06,sctp,-,INT,2,0,640,0,1000000.003,254,0,2560000000.0,0.0,0.001,0.0,Attack
0.010884,tcp,-,FIN,40,38,2542,18404,7074.604932,31,29,1822124.25,13171628.0,0.278421,0.289083,Normal
9e-06,udp,dns,INT,2,0,114,0,111111.1072,254,0,50666664.0,0.0,0.009,0.0,Attack
5e-06,udp,dns,INT,2,0,114,0,200000.0051,254,0,91200000.0,0.0,0.005,0.0,Attack
0.0,arp,-,INT,1,0,46,0,0.0,0,0,0.0,0.0,60000.608,0.0,Normal
0.001116,udp,dns,CON,2,2,132,164,2688.172044,31,29,473118.2813,587813.625,0.009,0.007,Normal
9e-06,prm,-,INT,2,0,200,0,111111.1072,254,0,88888888.0,0.0,0.009,0.0,Attack
1e-05,udp,-,INT,2,0,168,0,100000.0025,254,0,67200000.0,0.0,0.01,0.0,Attack
3e-06,udp,dns,INT,2,0,114,0,333333.3215,254,0,152000000.0,0.0,0.003,0.0,Attack
1.462357,tcp,http,FIN,24,114,1566,144763,93.684371,62,252,8211.401367,785001.1875,63.580743,12.127212,Attack
0.004215,tcp,ftp-data,FIN,14,8,8928,424,4982.206172,31,29,15736180.0,704151.8125,0.324231,0.501857,Normal
9e-06,udp,dns,INT,2,0,114,0,111111.1072,254,0,50666664.0,0.0,0.009,0.0,Attack
1e-05,udp,-,INT,2,0,2896,0,100000.0025,254,0,1158400000.0,0.0,0.01,0.0,Attack
1.317819,tcp,-,FIN,10,8,2062,354,12.900102,254,252,11267.10156,1881.897339,146.424333,176.584422,Attack
25.581951,rvd,-,INT,4,0,400,0,0.11727,254,0,93.816147,0.0,8527.316,0.0,Attack
4e-06,unas,-,INT,2,0,200,0,250000.0006,254,0,200000000.0,0.0,0.004,0.0,Attack
0.365451,tcp,http,FIN,10,6,930,268,41.045173,254,252,18322.56445,4903.530273,36.953667,65.512398,Attack
0.257101,tcp,smtp,FIN,52,42,37492,3380,361.725548,31,29,1144172.875,102683.3828,5.033157,6.25739,Normal
58.062927,ospf,-,REQ,52,0,5616,0,0.878357,254,0,758.900757,0.0,1170.50325,0.0,Attack
1e-05,unas,-,INT,2,0,200,0,100000.0025,254,0,80000000.0,0.0,0.01,0.0,Attack
0.006006,tcp,-,FIN,22,24,2054,2478,7492.50737,31,29,2612054.5,3163503.0,0.269667,0.235739,Normal
2e-06,nsfnet-igp,-,INT,2,0,200,0,500000.0013,254,0,400000000.0,0.0,0.002,0.0,Attack
3.451822,tcp,smtp,FIN,26,24,4978,1954,14.195402,62,252,11094.43066,4340.895996,138.072879,146.662094,Attack
0.020748,tcp,smtp,FIN,52,42,37372,3380,4482.359618,31,29,14133024.0,1272411.75,0.40806,0.494073,Normal
9e-06,udp,dns,INT,2,0,114,0,111111.1072,254,0,50666664.0,0.0,0.009,0.0,Attack
0.00162,udp,-,CON,4,4,520,304,4320.987666,31,29,1925925.875,1125925.875,0.418667,0.197667,Normal
0.133067,udp,-,CON,4,4,520,304,52.60508,31,29,23446.83594,13707.38086,6.678333,39.984668,Normal
3e-06,udp,dns,INT,2,0,114,0,333333.3215,254,0,152000000.0,0.0,0.003,0.0,Attack
0.025994,tcp,-,FIN,64,66,3806,51808,4962.683869,31,29,1153189.25,15703317.0,0.407063,0.389031,Normal
3e-06,udp,dns,INT,2,0,114,0,333333.3215,254,0,152000000.0,0.0,0.003,0.0,Attack
0.769919,tcp,-,FIN,10,8,564,354,22.080245,254,252,5278.477539,3221.118164,81.915333,99.55057,Attack
5e-06,ptp,-,INT,2,0,200,0,200000.0051,254,0,160000000.0,0.0,0.005,0.0,Attack
0.193705,tcp,http,FIN,10,6,630,268,77.437337,254,252,23417.05078,9251.180664,20.124444,33.182398,Normal
9e-06,udp,dns,INT,2,0,114,0,111111.1072,254,0,50666664.0,0.0,0.009,0.0,Attack
3e-06,isis,-,INT,2,0,200,0,333333.3215,254,0,266666656.0,0.0,0.003,0.0,Attack
8e-06,udp,dns,INT,2,0,114,0,125000.0003,254,0,57000000.0,0.0,0.008,0.0,Attack
9e-06,udp,dns,INT,2,0,114,0,111111.1072,254,0,50666664.0,0.0,0.009,0.0,Attack
3.324042,tcp,smtp,FIN,36,22,18979,2006,17.147797,62,252,44408.58203,4608.84668,94.972627,153.458578,Attack
0.775375,tcp,ftp-data,FIN,8,8,364,1964,19.345478,62,252,3291.310547,17735.93359,110.767857,99.110711,Attack
0.001674,udp,-,CON,4,4,520,304,4181.600812,31,29,1863799.25,1089605.75,0.434333,0.190333,Normal
0.772779,tcp,-,FIN,10,6,632,268,19.410466,254,252,5890.429199,2318.903564,76.716,127.817797,Attack
0.013981,tcp,-,FIN,42,40,2646,23404,5793.577168,31,29,1478005.875,13057149.0,0.3395,0.345692,Normal
1.224462,tcp,-,FIN,14,8,1088,738,17.150389,254,252,6605.349609,4220.628906,94.189385,168.095578,Attack
0.957034,tcp,-,FIN,22,10,17758,808,32.391744,254,252,141696.1094,6085.468262,45.573049,98.061109,Attack
0.007852,tcp,-,FIN,34,36,2230,13500,8787.56984,31,29,2205807.5,13372389.0,0.243,0.206771,Normal
9e-06,udp,dns,INT,2,0,114,0,111111.1072,254,0,50666664.0,0.0,0.009,0.0,Attack
0.872875,tcp,-,FIN,20,8,17286,354,30.932265,254,252,150509.5313,2841.185791,43.625369,113.39643,Attack
1.1059,tcp,http,FIN,12,18,1580,10168,26.222985,31,29,10481.95996,69474.63281,100.418635,65.023823,Normal
1.765419,tcp,http,FIN,60,14,68187,612,41.349957,254,252,303841.75,2578.424805,29.598311,128.746844,Attack
7e-06,unas,-,INT,2,0,200,0,142857.1409,254,0,114285712.0,0.0,0.007,0.0,Attack
4e-06,udp,dns,INT,2,0,114,0,250000.0006,254,0,114000000.0,0.0,0.004,0.0,Attack
1.148853,tcp,-,FIN,10,8,502,354,14.797368,254,252,3147.487305,2158.674805,124.566667,140.527141,Attack
0.001055,udp,dns,CON,2,2,146,178,2843.601894,31,29,553554.5,674881.5,0.009,0.008,Normal
0.743742,tcp,-,FIN,10,8,564,354,22.857389,254,252,5464.260742,3334.489746,82.638,92.948289,Attack
0.032697,tcp,-,FIN,48,50,2958,32642,2966.63306,31,29,708811.1875,7827018.0,0.703978,0.65751,Normal
2.628591,tcp,-,FIN,14,10,1196,812,8.749935,254,252,3381.279053,2224.766113,202.122303,284.619438,Attack
0.315385,tcp,-,FIN,16,18,1540,1644,104.634014,31,29,36628.24609,39393.12109,21.002267,18.518176,Normal
3.413126,tcp,-,FIN,20,32,1096,23688,14.942314,62,252,2442.335938,53787.64063,179.638211,106.460548,Attack
0.626866,tcp,http,FIN,10,8,782,990,27.119034,62,252,8984.376953,11064.56641,69.651778,77.665711,Attack
1e-05,udp,dns,INT,2,0,114,0,100000.0025,254,0,45600000.0,0.0,0.01,0.0,Attack
5.156936,tcp,ftp,FIN,24,24,1260,1758,9.113939,62,252,1873.980957,2613.955078,224.21461,220.941047,Attack
0.00105,udp,dns,CON,2,2,130,162,2857.142959,31,29,495238.125,617142.875,0.01,0.009,Normal
0.571547,tcp,-,FIN,10,6,588,268,26.244562,254,252,7418.462891,3135.350342,56.783,101.156203,Normal
1.079285,tcp,-,FIN,12,8,1072,744,17.604247,254,252,7286.305176,4825.416504,99.5115,129.818141,Attack
0.001051,udp,dns,CON,2,2,130,162,2854.424439,31,29,494766.9063,616555.6875,0.009,0.007,Normal
0.521275,tcp,-,FIN,12,8,1550,732,36.449092,254,252,21808.06836,9837.417969,45.302635,68.08657,Attack
4.999869,udp,dns,INT,4,0,320,0,0.600016,63,0,384.010071,0.0,1666.623,0.0,Normal
4e-06,udp,-,INT,2,0,1064,0,250000.0006,254,0,1064000000.0,0.0,0.004,0.0,Attack
8e-06,udp,dns,INT,2,0,114,0,125000.0003,254,0,57000000.0,0.0,0.008,0.0,Attack
3e-06,isis,-,INT,2,0,200,0,333333.3215,254,0,266666656.0,0.0,0.003,0.0,Attack
0.013427,tcp,ftp-data,FIN,8,12,424,8824,1415.059255,31,29,221047.1563,4819543.0,1.870714,1.144182,Normal
9e-06,unas,-,INT,2,0,200,0,111111.1072,254,0,88888888.0,0.0,0.009,0.0,Attack
0.181101,tcp,-,CON,6,2,986,86,38.652466,62,252,36311.23047,1899.492554,36.2202,0.004,Normal
0.52778,tcp,ftp-data,FIN,8,8,364,1188,28.420933,62,252,4835.348145,15764.14453,75.397145,72.498859,Attack
0.026016,tcp,smtp,FIN,54,42,37938,3380,3651.598924,31,29,11450184.0,1014760.125,0.503333,0.621439,Normal
0.001088,udp,dns,CON,2,2,146,178,2757.352893,31,29,536764.6875,654411.75,0.009,0.008,Normal
0.001064,udp,dns,CON,2,2,146,178,2819.548997,31,29,548872.1875,669172.9375,0.009,0.006,Normal
9e-06,udp,dns,INT,2,0,114,0,111111.1072,254,0,50666664.0,0.0,0.009,0.0,Attack
0.00102,udp,dns,CON,2,2,132,164,2941.176566,31,29,517647.0625,643137.25,0.008,0.006,Normal
0.644953,tcp,http,FIN,10,8,802,1304,26.358509,62,252,8955.691406,14152.96875,71.549556,80.996289,Normal
0.207688,tcp,http,FIN,10,6,844,268,72.223719,254,252,29274.68164,8628.327148,21.459889,39.707199,Attack
0.858289,tcp,http,FIN,10,8,1152,354,19.806848,254,252,9665.742188,2889.469727,93.370444,111.403,Attack
0.644275,tcp,-,FIN,28,30,4840,3080,88.471536,31,29,57962.82422,36977.99609,23.849555,22.197758,Normal
1e-06,udp,-,INT,2,0,168,0,1000000.003,254,0,672000000.0,0.0,0.001,0.0,Attack
58.059071,ospf,-,REQ,32,0,3456,0,0.533939,254,0,461.323273,0.0,2054.30375,0.0,Attack
9e-06,udp,dns,INT,2,0,114,0,111111.1072,254,0,50666664.0,0.0,0.009,0.0,Attack
9e-06,mobile,-,INT,2,0,200,0,111111.1072,254,0,88888888.0,0.0,0.009,0.0,Attack
0.058898,tcp,-,FIN,72,74,4238,63516,2461.883332,31,29,567761.25,8510714.0,0.825085,0.811167,Normal
0.533554,tcp,-,FIN,10,6,534,268,28.113367,254,252,7212.015625,3358.610352,56.810333,77.852398,Normal
2.072727,tcp,-,FIN,112,22,135649,956,64.166676,254,252,518883.5938,3523.860107,18.673217,89.770711,Normal
0.754778,tcp,http,FIN,10,10,1138,3814,25.172964,254,252,10864.12109,36386.85547,83.864222,74.206778,Attack
0.001039,udp,dns,CON,2,2,146,178,2887.391736,31,29,562078.9375,685274.3125,0.008,0.008,Normal
0.017967,tcp,-,FIN,16,18,1540,1644,1836.700556,31,29,642956.5,691489.9375,1.177733,1.029647,Normal
7e-06,udp,dns,INT,2,0,114,0,142857.1409,254,0,65142856.0,0.0,0.007,0.0,Attack
6e-06,uti,-,INT,2,0,200,0,166666.6608,254,0,133333328.0,0.0,0.006,0.0,Attack
0.735057,tcp,http,FIN,10,8,912,354,23.127458,254,252,8935.361328,3373.887939,76.44,96.452141,Attack
0.604784,tcp,http,FIN,12,10,1382,2936,34.72314,62,252,16759.70313,34961.24219,54.980365,63.346223,Attack
0.207178,tcp,http,FIN,10,6,694,268,72.401511,254,252,24133.83789,8649.567383,21.137556,31.113199,Normal
4e-06,crudp,-,INT,2,0,200,0,250000.0006,254,0,200000000.0,0.0,0.004,0.0,Attack
0.449926,tcp,-,FIN,14,10,774,556,51.119519,254,252,12784.3252,8908.131836,33.369847,48.488668,Attack
9e-06,unas,-,INT,2,0,200,0,111111.1072,254,0,88888888.0,0.0,0.009,0.0,Attack
0.170997,tcp,-,FIN,22,14,1470,1728,204.681961,31,29,65685.36719,75089.03906,8.142714,13.100154,Normal
0.015895,tcp,-,FIN,48,50,2974,30506,6102.548076,31,29,1466121.5,15046745.0,0.338848,0.310653,Normal
9e-06,udp,-,INT,2,0,168,0,111111.1072,254,0,74666664.0,0.0,0.009,0.0,Attack
8e-06,mfe-nsp,-,INT,2,0,200,0,125000.0003,254,0,100000000.0,0.0,0.008,0.0,Attack
0.34381,tcp,http,FIN,10,8,836,2134,49.445916,62,252,17521.30664,43465.86719,38.201111,38.35043,Attack
9e-06,tcf,-,INT,2,0,200,0,111111.1072,254,0,88888888.0,0.0,0.009,0.0,Attack
0.006226,tcp,-,FIN,18,18,4136,2456,5621.586975,31,29,5020238.0,2981047.25,0.347118,0.335059,Normal
0.196966,tcp,http,FIN,14,6,6676,268,96.463345,254,252,251820.1094,9098.016602,14.918078,32.624801,Attack
2.846123,tcp,-,FIN,156,30,195095,1300,65.000705,254,252,544867.5,3533.227539,18.116639,94.628383,Attack
9e-06,smp,-,INT,2,0,200,0,111111.1072,254,0,88888888.0,0.0,0.009,0.0,Attack
1.020038,tcp,-,FIN,10,8,564,354,16.666046,254,252,3984.165283,2431.281982,107.519444,134.201859,Attack
0.006554,tcp,ssh,FIN,32,24,3728,5474,8391.821686,31,29,4408910.5,6403417.5,0.211419,0.257435,Normal
0.004331,tcp,http,FIN,8,10,1052,824,3925.190352,31,29,1701223.625,1370584.125,0.57,0.427,Normal
0.018452,tcp,-,FIN,16,18,1540,1644,1788.424031,31,29,626056.8125,673314.5625,1.209,1.058823,Normal
9e-06,idpr-cmtp,-,INT,2,0,200,0,111111.1072,254,0,88888888.0,0.0,0.009,0.0,Attack
8e-06,udp,dns,INT,2,0,114,0,125000.0003,254,0,57000000.0,0.0,0.008,0.0,Attack
0.074143,tcp,-,FIN,24,24,2062,2308,633.910147,31,29,213317.5156,238673.9219,3.208435,3.197565,Normal
0.0,arp,-,INT,1,0,46,0,0.0,0,0,0.0,0.0,60000.696,0.0,Normal
0.512021,tcp,ftp-data,FIN,8,10,364,3754,33.201763,62,252,4984.17041,52794.71094,73.145859,50.429889,Attack
1.117611,tcp,smtp,FIN,22,20,2846,1806,36.685392,62,252,19448.62695,12283.34277,53.219571,58.228949,Attack
0.004453,udp,-,CON,4,4,568,312,1571.973898,31,29,765326.75,420390.7188,1.201667,0.974333,Normal
6e-06,udp,dns,INT,2,0,114,0,166666.6608,254,0,76000000.0,0.0,0.006,0.0,Attack
1.391686,tcp,ftp-data,FIN,8,10,364,6080,12.215399,62,252,1833.74707,31455.37305,198.793567,138.192444,Attack
0.145925,udp,-,CON,2,2,76,140,20.558506,254,60,2083.261963,3837.587891,0.017,0.012,Attack
1.479587,tcp,http,FIN,60,14,68197,612,49.338094,254,252,362593.0938,3076.53418,24.54739,103.785461,Attack
9e-06,udp,dns,INT,2,0,114,0,111111.1072,254,0,50666664.0,0.0,0.009,0.0,Attack
0.568935,tcp,-,FIN,10,6,534,268,26.365052,254,252,6763.514648,3149.744873,60.334889,90.790602,Normal
0.080797,tcp,ssh,FIN,32,24,3728,5474,680.718329,31,29,357637.0313,519425.2188,2.606355,3.482391,Normal
8e-06,unas,-,INT,2,0,200,0,125000.0003,254,0,100000000.0,0.0,0.008,0.0,Attack
1.065288,tcp,-,FIN,22,10,17788,776,29.100113,254,252,127514.8203,5249.285156,47.602379,108.892219,Attack
1.1e-05,udp,-,INT,2,0,2166,0,90909.0902,254,0,787636352.0,0.0,0.011,0.0,Normal
0.022847,tcp,-,FIN,48,50,2974,30506,4245.633905,31,29,1020002.625,10468245.0,0.479489,0.454122,Normal
8e-06,udp,dns,INT,2,0,114,0,125000.0003,254,0,57000000.0,0.0,0.008,0.0,Attack
1.875142,udp,-,CON,4,4,568,304,3.733051,31,29,1817.462402,972.726318,589.669688,593.607313,Normal
0.001052,udp,dns,CON,2,2,146,178,2851.711087,31,29,555133.0625,676806.125,0.009,0.001,Normal
0.026856,tcp,-,FIN,60,62,3614,45696,4505.510939,31,29,1058683.375,13392613.0,0.450017,0.431984,Normal
0.001082,udp,dns,CON,2,2,130,162,2772.643321,31,29,480591.5,598890.9375,0.009,0.006,Normal
9e-06,udp,-,INT,2,0,168,0,111111.1072,254,0,74666664.0,0.0,0.009,0.0,Attack
0.001015,udp,dns,CON,2,2,130,162,2955.664893,31,29,512315.25,638423.625,0.002,0.007,Normal
0.96908,tcp,-,FIN,10,8,564,354,17.542412,254,252,4193.668457,2559.128418,107.675556,124.436141,Attack
9e-06,unas,-,INT,2,0,200,0,111111.1072,254,0,88888888.0,0.0,0.009,0.0,Attack
0.112937,tcp,-,FIN,72,74,4238,63516,1283.901606,31,29,296094.2813,4438439.0,1.632232,1.539671,Normal
0.005821,tcp,-,FIN,22,24,1958,2308,7730.630671,31,29,2568631.0,3040027.5,0.2725,0.238909,Normal
0.45162,tcp,-,FIN,10,8,2530,354,37.642265,254,252,40334.79297,5491.342285,48.668333,54.732,Normal
0.192832,tcp,http,FIN,10,6,1214,268,77.787922,254,252,45345.17188,9293.063477,19.694667,37.223,Attack
4e-06,udp,-,INT,2,0,168,0,250000.0006,254,0,168000000.0,0.0,0.004,0.0,Attack
1.628005,tcp,ssh,FIN,106,114,9400,12298,134.520469,31,29,45759.07422,59906.44922,15.501838,14.401327,Normal
0.146298,tcp,-,FIN,60,62,3614,50036,827.078941,31,29,194343.0469,2691984.75,2.473746,2.388606,Normal
9e-06,udp,-,INT,2,0,312,0,111111.1072,254,0,138666656.0,0.0,0.009,0.0,Attack
3e-06,udp,-,INT,2,0,1064,0,333333.3215,254,0,1418666624.0,0.0,0.003,0.0,Attack
0.234804,tcp,ftp-data,FIN,14,6,8928,320,80.918552,31,29,282482.4063,9096.949219,18.061846,46.840398,Normal
4e-06,udp,dns,INT,2,0,114,0,250000.0006,254,0,114000000.0,0.0,0.004,0.0,Attack
4.97135,tcp,-,FIN,430,858,24224,1094788,258.883392,31,29,38891.64844,1759703.875,11.641745,5.813858,Normal
0.07388,tcp,-,FIN,66,68,3926,57474,1800.216521,31,29,418733.0625,6131997.5,1.149547,1.094731,Normal
9e-06,ib,-,INT,2,0,200,0,111111.1072,254,0,88888888.0,0.0,0.009,0.0,Attack
0.353692,tcp,http,FIN,10,6,744,268,42.409781,254,252,15154.42871,5066.555176,33.086333,59.449801,Attack
0.0,arp,-,INT,1,0,46,0,0.0,0,0,0.0,0.0,60000.716,0.0,Normal
0.676205,tcp,-,FIN,12,8,1002,726,28.097989,254,252,10872.44238,7524.345703,61.37773,85.312289,Attack
0.031715,tcp,-,FIN,40,42,2542,23508,2553.996678,31,29,625319.3125,5788807.0,0.825105,0.760732,Normal
9e-06,udp,dns,INT,2,0,114,0,111111.1072,254,0,50666664.0,0.0,0.009,0.0,Attack
4.540433,tcp,pop3,FIN,40,114,1832,126924,33.697227,62,252,3148.598389,221672.25,116.421363,39.733267,Attack
9e-06,xns-idp,-,INT,2,0,200,0,111111.1072,254,0,88888888.0,0.0,0.009,0.0,Attack
3e-06,udp,dns,INT,2,0,114,0,333333.3215,254,0,152000000.0,0.0,0.003,0.0,Attack
0.620053,tcp,http,FIN,10,10,794,1772,30.642542,62,252,9225.017578,20578.88672,68.894778,57.209668,Attack
0.264366,tcp,ftp-data,FIN,6,8,320,1826,49.174251,31,29,8079.70752,48357.20313,52.8104,37.694715,Normal
0.006309,tcp,-,FIN,24,24,2158,2478,7449.675252,31,29,2623553.75,3011570.75,0.265818,0.251522,Normal
1.005817,tcp,http,FIN,12,18,1580,10168,28.832281,31,29,11524.95898,76387.64844,91.404455,59.135411,Normal
3.256565,tcp,-,FIN,24,42,1248,35448,19.959681,62,252,2938.064941,85007.35938,141.589787,77.164951,Attack
5e-06,unas,-,INT,2,0,200,0,200000.0051,254,0,160000000.0,0.0,0.005,0.0,Attack
3e-06,udp,dns,INT,2,0,114,0,333333.3215,254,0,152000000.0,0.0,0.003,0.0,Attack
8e-06,unas,-,INT,2,0,200,0,125000.0003,254,0,100000000.0,0.0,0.008,0.0,Attack
1.905183,tcp,smtp,FIN,92,30,99392,2350,63.510961,62,252,412819.1563,9540.291016,21.1687,63.81793,Attack
5e-06,udp,dns,INT,2,0,114,0,200000.0051,254,0,91200000.0,0.0,0.005,0.0,Attack
1e-05,udp,-,INT,2,0,78,0,100000.0025,254,0,31200000.0,0.0,0.01,0.0,Normal
0.00093,udp,dns,CON,2,2,146,178,3225.80652,31,29,627957.0,765591.4375,0.006,0.002,Normal
9e-06,udp,dns,INT,2,0,114,0,111111.1072,254,0,50666664.0,0.0,0.009,0.0,Attack
0.001596,udp,-,CON,4,4,544,304,4385.964787,31,29,2045112.75,1142857.125,0.406,0.188667,Normal
1e-05,unas,-,INT,2,0,200,0,100000.0025,254,0,80000000.0,0.0,0.01,0.0,Attack
0.352768,tcp,-,FIN,10,6,1078,268,42.520863,254,252,22020.13672,5079.825684,33.477667,62.507801,Attack
9e-06,udp,-,INT,2,0,104,0,111111.1072,254,0,46222220.0,0.0,0.009,0.0,Attack
9e-06,unas,-,INT,2,0,200,0,111111.1072,254,0,88888888.0,0.0,0.009,0.0,Attack
0.196166,tcp,http,FIN,10,14,826,10954,117.247641,62,252,30341.65039,414832.3438,21.796222,14.252461,Attack
0.037898,tcp,-,FIN,64,66,3806,54798,3403.873526,31,29,790965.1875,11392263.0,0.606323,0.573677,Normal
8e-06,udp,dns,INT,2,0,114,0,125000.0003,254,0,57000000.0,0.0,0.008,0.0,Attack
1.3e-05,udp,-,INT,2,0,494,0,76923.07779,254,0,152000000.0,0.0,0.013,0.0,Attack
0.869432,tcp,-,FIN,12,6,3536,268,19.552996,254,252,29830.9707,2061.115723,78.7821,155.214203,Attack
7e-06,etherip,-,INT,2,0,200,0,142857.1409,254,0,114285712.0,0.0,0.007,0.0,Attack
0.479665,tcp,-,FIN,10,6,756,268,31.271824,254,252,11357.92676,3735.940674,43.627333,78.62,Attack
3e-06,udp,-,INT,2,0,1064,0,333333.3215,254,0,1418666624.0,0.0,0.003,0.0,Attack
4e-06,unas,-,INT,2,0,200,0,250000.0006,254,0,200000000.0,0.0,0.004,0.0,Attack
1e-05,udp,dns,INT,2,0,114,0,100000.0025,254,0,45600000.0,0.0,0.01,0.0,Attack
0.921305,tcp,-,FIN,10,8,2516,354,18.452087,254,252,19667.75391,2691.833984,95.247444,119.427711,Normal
0.057195,udp,-,CON,4,4,568,304,122.38832,31,29,59585.62891,31890.89844,14.005,18.600334,Normal
0.595688,tcp,-,FIN,22,8,20368,354,48.683204,254,252,261116.5625,4163.253418,28.366096,53.935715,Attack
9e-06,unas,-,INT,2,0,200,0,111111.1072,254,0,88888888.0,0.0,0.009,0.0,Attack
9e-06,udp,dns,INT,2,0,114,0,111111.1072,254,0,50666664.0,0.0,0.009,0.0,Attack
0.766383,tcp,-,FIN,16,10,918,556,32.620766,254,252,8987.673828,5229.76123,48.258666,77.891445,Normal
1.067039,tcp,smtp,FIN,28,20,14984,1848,44.047124,62,252,108329.6875,13165.4043,39.519964,52.918262,Normal
6e-06,pim,-,INT,2,0,200,0,166666.6608,254,0,133333328.0,0.0,0.006,0.0,Attack
1.862212,tcp,-,FIN,12,10,994,814,11.276912,254,252,3917.921387,3148.943359,162.968003,197.555891,Attack
1.248676,tcp,-,FIN,12,8,1106,738,15.216118,254,252,6496.481445,4138.78418,110.221906,163.155,Attack
3e-06,udp,dns,INT,2,0,114,0,333333.3215,254,0,152000000.0,0.0,0.003,0.0,Attack
0.007128,tcp,-,FIN,22,26,1920,4416,6593.715118,31,29,2057239.125,4766554.5,0.280048,0.26416,Normal
9e-06,udp,dns,INT,2,0,114,0,111111.1072,254,0,50666664.0,0.0,0.009,0.0,Attack
59.902443,udp,dns,REQ,38,0,10336,0,0.617671,254,0,1344.052002,0.0,1765.78925,0.0,Attack
1.035765,tcp,http,FIN,14,18,1684,10168,29.929567,31,29,12079.95996,74178.98438,79.648382,60.900412,Normal
1.203168,tcp,smtp,FIN,40,22,31149,1810,50.699485,62,252,201940.2031,11489.66699,30.850462,54.33157,Attack
0.0,arp,-,INT,1,0,46,0,0.0,0,0,0.0,0.0,60000.64,0.0,Normal
5e-06,ipnip,-,INT,2,0,180,0,200000.0051,254,0,144000000.0,0.0,0.005,0.0,Attack
59.998463,arp,-,INT,2,0,92,0,0.016667,0,0,6.133491,0.0,59999.54,0.0,Normal
0.143414,tcp,-,FIN,20,22,4200,2664,285.885607,31,29,222572.4063,141855.0469,7.531263,6.806952,Normal
9e-06,ipx-n-ip,-,INT,2,0,200,0,111111.1072,254,0,88888888.0,0.0,0.009,0.0,Attack
9e-06,udp,dns,INT,2,0,114,0,111111.1072,254,0,50666664.0,0.0,0.009,0.0,Attack
9e-06,udp,dns,INT,2,0,114,0,111111.1072,254,0,50666664.0,0.0,0.009,0.0,Attack
9e-06,udp,dns,INT,2,0,114,0,111111.1072,254,0,50666664.0,0.0,0.009,0.0,Attack
1.800469,tcp,-,FIN,12,10,1106,820,11.663627,254,252,4505.492676,3279.145508,157.059818,189.269438,Normal
0.542001,tcp,-,FIN,10,6,1612,268,27.675225,254,252,21416.93359,3306.266846,58.136333,93.976398,Attack
0.695406,tcp,-,CON,6,2,978,86,10.066062,62,252,9375.817383,494.675049,139.0812,0.007,Normal
1.504905,tcp,http,FIN,32,110,2850,143508,93.693623,62,252,14677.33887,755949.375,48.545322,13.597907,Attack
9e-06,udp,-,INT,2,0,168,0,111111.1072,254,0,74666664.0,0.0,0.009,0.0,Attack
0.916549,tcp,-,FIN,10,6,2322,268,16.365737,254,252,18242.3418,1955.160034,101.736444,141.729406,Normal
0.026925,tcp,-,FIN,60,62,3614,50036,4493.964812,31,29,1055970.25,14627001.0,0.451102,0.431459,Normal
0.010827,tcp,-,FIN,38,40,2438,19266,7111.849838,31,29,1754133.125,13880114.0,0.292028,0.264923,Normal
2.751137,tcp,-,FIN,36,12,34710,874,17.083846,254,252,98129.60938,2332.126709,78.577684,237.844094,Attack
1e-05,udp,-,INT,2,0,168,0,100000.0025,254,0,67200000.0,0.0,0.01,0.0,Attack
1e-05,udp,-,INT,2,0,750,0,100000.0025,254,0,300000000.0,0.0,0.01,0.0,Attack
0.050823,tcp,-,FIN,40,42,2558,23162,1593.766623,31,29,392735.5625,3559176.0,1.295077,1.226512,Normal
1.654166,tcp,ftp-data,FIN,8,8,364,790,9.068014,62,252,1542.771362,3346.70166,236.171848,224.547859,Attack
1.02802,tcp,http,FIN,14,18,1684,10168,30.155055,31,29,12170.96875,74737.84375,79.051385,60.444294,Normal
1.046935,tcp,http,FIN,12,18,1580,10168,27.699906,31,29,11072.32129,73387.55469,93.110003,61.464062,Normal
0.034866,tcp,-,FIN,60,62,3614,50036,3470.4295,31,29,815464.875,11295588.0,0.595862,0.560869,Normal
0.529379,tcp,ftp-data,FIN,8,10,364,3754,32.113098,62,252,4820.742676,51063.60547,75.625574,53.523222,Attack
0.004644,tcp,-,FIN,18,18,3936,2456,7536.60642,31,29,6404823.5,3996554.75,0.255235,0.244353,Normal
2.447077,tcp,-,FIN,10,8,590,354,6.947064,254,252,1735.948608,1013.453979,271.897444,333.035,Attack
1.196466,tcp,-,FIN,10,8,564,354,14.208511,254,252,3396.669922,2072.770996,129.409,152.371,Attack
8e-06,udp,dns,INT,2,0,114,0,125000.0003,254,0,57000000.0,0.0,0.008,0.0,Attack
9e-06,udp,dns,INT,2,0,114,0,111111.1072,254,0,50666664.0,0.0,0.009,0.0,Attack
1.134877,tcp,http,FIN,14,18,1684,10168,27.315736,31,29,11024.9834,67700.73438,87.27,66.726059,Normal
0.55405,tcp,http,FIN,10,8,876,1400,30.68315,254,252,11392.47266,17687.93359,61.561111,67.81957,Attack
0.042876,tcp,-,FIN,38,40,2438,19266,1795.87642,31,29,442951.75,3504991.0,1.182417,1.113763,Normal
8e-06,udp,dns,INT,2,0,114,0,125000.0003,254,0,57000000.0,0.0,0.008,0.0,Attack
4e-06,udp,dns,INT,2,0,114,0,250000.0006,254,0,114000000.0,0.0,0.004,0.0,Attack
1.395806,tcp,smtp,FIN,54,42,37808,3380,68.061036,31,29,212682.8594,18913.80469,26.307906,34.032219,Normal
0.942431,tcp,http,FIN,60,14,68193,612,77.459254,254,252,569225.75,4830.062012,15.665135,63.208309,Normal
0.78451,tcp,-,FIN,10,8,564,354,21.669577,254,252,5180.303711,3161.20874,87.050333,104.943,Attack
0.490842,tcp,-,FIN,12,10,1370,838,42.783624,254,252,20470.94531,12305.38477,43.810454,48.325555,Attack
9e-06,udp,dns,INT,2,0,114,0,111111.1072,254,0,50666664.0,0.0,0.009,0.0,Attack
2e-06,udp,dns,INT,2,0,114,0,500000.0013,254,0,228000000.0,0.0,0.002,0.0,Attack
0.384497,tcp,-,FIN,20,8,17286,354,70.221617,254,252,341682.7813,6449.985352,19.365737,47.75457,Attack
8e-06,udp,dns,INT,2,0,114,0,125000.0003,254,0,57000000.0,0.0,0.008,0.0,Attack
4e-06,udp,-,INT,2,0,1064,0,250000.0006,254,0,1064000000.0,0.0,0.004,0.0,Normal
4e-06,i-nlsp,-,INT,2,0,200,0,250000.0006,254,0,200000000.0,0.0,0.004,0.0,Attack
0.96437,tcp,-,FIN,10,8,546,354,17.628089,254,252,4081.420898,2571.626953,96.245333,124.32157,Normal
0.0,arp,-,INT,1,0,46,0,0.0,0,0,0.0,0.0,60000.636,0.0,Normal
0.029984,tcp,-,FIN,72,74,4238,63516,4835.912614,31,29,1115261.5,16717717.0,0.416972,0.40211,Normal
4e-06,udp,dns,INT,2,0,114,0,250000.0006,254,0,114000000.0,0.0,0.004,0.0,Attack
8e-06,udp,-,INT,2,0,2142,0,125000.0003,254,0,1071000000.0,0.0,0.008,0.0,Attack
0.624754,tcp,-,FIN,10,6,3160,268,24.00945,254,252,36417.53516,2868.328857,66.081444,112.320797,Attack
9e-06,udp,dns,INT,2,0,114,0,111111.1072,254,0,50666664.0,0.0,0.009,0.0,Attack
8e-06,udp,dns,INT,2,0,114,0,125000.0003,254,0,57000000.0,0.0,0.008,0.0,Attack
0.517839,tcp,http,FIN,10,6,1006,268,28.966531,254,252,13996.62793,3460.534912,55.929667,90.614,Attack
9e-06,ipnip,-,INT,2,0,180,0,111111.1072,254,0,80000000.0,0.0,0.009,0.0,Attack
9e-06,udp,dns,INT,2,0,114,0,111111.1072,254,0,50666664.0,0.0,0.009,0.0,Attack
2.975073,tcp,-,FIN,10,8,534,354,5.714145,254,252,1293.413574,833.592957,330.452889,418.104281,Attack
0.874953,tcp,-,FIN,10,8,534,354,19.429616,254,252,4397.950684,2834.437988,92.257556,112.855859,Normal
4e-06,unas,-,INT,2,0,200,0,250000.0006,254,0,200000000.0,0.0,0.004,0.0,Attack
1.60409,tcp,-,FIN,16,12,1422,642,16.831974,254,252,6652.993164,2937.490967,104.870801,140.285188,Normal
0.359692,tcp,-,FIN,10,6,632,268,41.702344,254,252,12655.27148,4982.040039,34.591222,62.021801,Attack
0.001052,udp,dns,CON,2,2,146,178,2851.711087,31,29,555133.0625,676806.125,0.01,0.004,Normal
1.346465,tcp,http,FIN,58,14,68117,612,52.730669,254,252,397740.75,3380.704346,23.11907,91.840234,Normal
2e-06,udp,-,INT,2,0,824,0,500000.0013,254,0,1648000000.0,0.0,0.002,0.0,Attack
3e-06,unas,-,INT,2,0,200,0,333333.3215,254,0,266666656.0,0.0,0.003,0.0,Attack
9e-06,udp,dns,INT,2,0,114,0,111111.1072,254,0,50666664.0,0.0,0.009,0.0,Attack
0.013336,tcp,-,FIN,16,18,1540,1644,2474.505093,31,29,866226.75,931613.6875,0.868267,0.758,Normal
1.179226,tcp,http,FIN,14,18,1684,10168,26.288429,31,29,10610.34961,65154.59766,90.682462,69.332353,Normal
9e-06,udp,dns,INT,2,0,114,0,111111.1072,254,0,50666664.0,0.0,0.009,0.0,Attack
9e-06,udp,dns,INT,2,0,114,0,111111.1072,254,0,50666664.0,0.0,0.009,0.0,Attack
0.001037,udp,dns,CON,2,2,146,178,2892.960519,31,29,563163.0,686595.9375,0.008,0.002,Normal
9e-06,udp,dns,INT,2,0,114,0,111111.1072,254,0,50666664.0,0.0,0.009,0.0,Attack
4.006597,tcp,smtp,FIN,106,32,115456,2420,34.193606,62,252,228357.375,4682.277832,39.280362,126.567352,Attack
0.048375,udp,-,CON,4,4,568,320,144.702844,31,29,70449.61719,39689.92188,11.013333,15.643,Normal
8e-06,udp,dns,INT,2,0,114,0,125000.0003,254,0,57000000.0,0.0,0.008,0.0,Attack
4e-06,udp,-,INT,2,0,168,0,250000.0006,254,0,168000000.0,0.0,0.004,0.0,Attack
55.8241,ospf,-,REQ,26,0,2808,0,0.447835,254,0,386.929657,0.0,2338.3325,0.0,Attack
0.958066,tcp,-,FIN,12,8,1272,762,19.831619,254,252,9736.28125,5569.553711,84.109727,124.23943,Attack
0.705065,tcp,-,FIN,10,8,564,354,24.111252,254,252,5764.007324,3517.40625,78.340556,91.31743,Attack
1e-05,udp,dns,INT,2,0,114,0,100000.0025,254,0,45600000.0,0.0,0.01,0.0,Attack
1.1e-05,udp,-,INT,2,0,2012,0,90909.0902,254,0,731636352.0,0.0,0.011,0.0,Attack
0.511508,tcp,-,FIN,16,12,912,694,52.785099,254,252,13372.22559,9962.699219,33.003999,43.59091,Attack
0.36247,tcp,-,FIN,10,6,1460,268,41.382735,254,252,29001.02148,4943.857422,39.006889,67.160398,Normal
0.018928,tcp,-,FIN,48,50,2974,30506,5124.682819,31,29,1231191.875,12635672.0,0.396404,0.381938,Normal
9e-06,udp,-,INT,2,0,168,0,111111.1072,254,0,74666664.0,0.0,0.009,0.0,Attack
3e-06,udp,dns,INT,2,0,114,0,333333.3215,254,0,152000000.0,0.0,0.003,0.0,Attack
0.001046,udp,dns,CON,2,2,146,178,2868.068701,31,29,558317.375,680688.3125,0.009,0.006,Normal
0.743316,tcp,http,FIN,10,12,818,7318,28.25178,62,252,7932.023438,72206.17188,82.590667,56.514183,Attack
6e-06,unas,-,INT,2,0,200,0,166666.6608,254,0,133333328.0,0.0,0.006,0.0,Attack
24.222017,tcp,ftp,FIN,26,26,1322,1796,2.105522,62,252,420.113647,570.390137,968.8695,966.3855,Attack
0.718326,tcp,-,FIN,10,8,600,354,23.666136,254,252,6013.98291,3452.47168,76.628556,84.086289,Attack
9e-06,udp,dns,INT,2,0,114,0,111111.1072,254,0,50666664.0,0.0,0.009,0.0,Attack
0.377029,tcp,http,FIN,10,6,802,268,39.784738,254,252,15319.77637,4752.950195,41.775889,67.381398,Attack
0.759443,tcp,http,FIN,10,8,508,354,22.384827,254,252,4824.588867,3265.55127,77.986222,98.317289,Attack
0.088397,tcp,smtp,FIN,54,40,37808,3276,1052.071859,31,29,3358303.75,289150.0625,1.66083,2.243436,Normal
6e-06,unas,-,INT,2,0,200,0,166666.6608,254,0,133333328.0,0.0,0.006,0.0,Attack
6e-06,udp,dns,INT,2,0,114,0,166666.6608,254,0,76000000.0,0.0,0.006,0.0,Attack
9e-06,sctp,-,INT,2,0,104,0,111111.1072,254,0,46222220.0,0.0,0.009,0.0,Attack
8e-06,udp,dns,INT,2,0,114,0,125000.0003,254,0,57000000.0,0.0,0.008,0.0,Attack
0.001015,udp,dns,CON,2,2,146,178,2955.664893,31,29,575369.4375,701477.8125,0.001,0.007,Normal
0.004855,udp,-,CON,4,4,568,312,1441.81258,31,29,701956.75,385581.875,1.261333,1.058,Normal
0.325086,tcp,-,FIN,28,28,4480,2976,169.186001,31,29,106310.3281,70627.46875,12.029111,12.021556,Normal
3e-06,udp,-,INT,2,0,184,0,333333.3215,254,0,245333328.0,0.0,0.003,0.0,Attack
1.011767,tcp,http,FIN,10,6,2990,268,14.825547,254,252,21277.625,1771.158691,108.783889,187.784406,Attack
3e-06,idpr,-,INT,2,0,200,0,333333.3215,254,0,266666656.0,0.0,0.003,0.0,Attack
1.000769,udp,dns,CON,2,2,134,360,2.997695,62,252,535.588135,1438.893433,0.01,0.008,Attack
3e-06,udp,dns,INT,2,0,114,0,333333.3215,254,0,152000000.0,0.0,0.003,0.0,Attack
0.09615,tcp,-,FIN,84,86,4862,75600,1757.670245,31,29,399791.9688,6217035.5,1.168817,1.125435,Normal
2.437399,tcp,-,FIN,12,10,982,780,8.615742,254,252,2957.250732,2304.095459,212.222278,259.036891,Attack
1e-05,sat-expak,-,INT,2,0,200,0,100000.0025,254,0,80000000.0,0.0,0.01,0.0,Attack
1e-05,udp,-,INT,2,0,194,0,100000.0025,254,0,77600000.0,0.0,0.01,0.0,Attack
4e-06,udp,dns,INT,2,0,114,0,250000.0006,254,0,114000000.0,0.0,0.004,0.0,Attack
6e-06,udp,dns,INT,2,0,114,0,166666.6608,254,0,76000000.0,0.0,0.006,0.0,Attack
3e-06,cftp,-,INT,2,0,200,0,333333.3215,254,0,266666656.0,0.0,0.003,0.0,Attack
2.962994,tcp,-,FIN,16,18,1540,1644,11.137383,31,29,3898.759033,4193.056152,197.510194,170.861187,Normal
3e-06,tcp,-,REQ,2,0,90,0,333333.3215,254,0,119999992.0,0.0,0.003,0.0,Normal
0.004813,udp,-,CON,4,4,568,320,1454.39432,31,29,708082.25,398919.5938,1.236667,1.094333,Normal
4e-06,sctp,-,INT,2,0,200,0,250000.0006,254,0,200000000.0,0.0,0.004,0.0,Attack
9e-06,sep,-,INT,2,0,200,0,111111.1072,254,0,88888888.0,0.0,0.009,0.0,Attack
9e-06,udp,dns,INT,2,0,114,0,111111.1072,254,0,50666664.0,0.0,0.009,0.0,Attack
5e-06,udp,dns,INT,2,0,114,0,200000.0051,254,0,91200000.0,0.0,0.005,0.0,Attack
9e-06,unas,-,INT,2,0,200,0,111111.1072,254,0,88888888.0,0.0,0.009,0.0,Attack
1.035993,tcp,smtp,FIN,38,22,28304,1794,56.950193,62,252,212819.9688,13227.88867,27.999812,47.029047,Attack
9e-06,unas,-,INT,2,0,200,0,111111.1072,254,0,88888888.0,0.0,0.009,0.0,Attack
2.716037,tcp,smtp,FIN,34,22,19831,1846,20.250092,254,252,56694.36719,5192.859863,82.30415,124.606664,Attack
9e-06,unas,-,INT,2,0,200,0,111111.1072,254,0,88888888.0,0.0,0.009,0.0,Attack
0.595108,tcp,-,FIN,12,8,1250,724,31.926979,254,252,15405.60742,8522.823242,54.100727,70.566289,Attack
2.830587,tcp,-,FIN,26,22,2449,1184,16.60433,254,252,6655.863281,3196.510254,112.187717,131.732422,Attack
0.336272,tcp,ftp-data,FIN,6,8,320,1826,38.659181,31,29,6352.000977,38016.84375,67.192,47.968,Normal
9e-06,udp,dns,INT,2,0,114,0,111111.1072,254,0,50666664.0,0.0,0.009,0.0,Attack
0.195924,tcp,http,FIN,10,6,1624,268,76.560299,254,252,59696.61719,9146.40332,19.982889,37.143602,Attack
6e-06,unas,-,INT,2,0,200,0,166666.6608,254,0,133333328.0,0.0,0.006,0.0,Attack
0.608881,tcp,http,FIN,10,8,896,354,27.92007,254,252,10603.05762,4073.04541,67.638111,81.032141,Attack
0.001085,udp,dns,CON,2,2,146,178,2764.976968,31,29,538248.875,656221.1875,0.01,0.007,Normal
5e-06,udp,dns,INT,2,0,114,0,200000.0051,254,0,91200000.0,0.0,0.005,0.0,Attack
1.159528,tcp,http,FIN,352,746,18786,1087890,946.074596,31,29,129245.6875,7495684.5,3.312066,1.555675,Normal
1e-05,trunk-1,-,INT,2,0,200,0,100000.0025,254,0,80000000.0,0.0,0.01,0.0,Attack
6e-06,udp,dns,INT,2,0,114,0,166666.6608,254,0,76000000.0,0.0,0.006,0.0,Attack
8e-06,udp,dns,INT,2,0,114,0,125000.0003,254,0,57000000.0,0.0,0.008,0.0,Attack
25.422068,ospf,-,INT,28,0,12832,0,1.062069,254,0,3893.939697,0.0,941.55825,0.0,Attack
0.204636,tcp,http,FIN,10,6,824,268,73.300888,254,252,29007.60547,8757.012695,21.155111,38.322199,Attack
4e-06,udp,dns,INT,2,0,114,0,250000.0006,254,0,114000000.0,0.0,0.004,0.0,Attack
0.001575,udp,-,CON,4,4,544,304,4444.444439,31,29,2072381.0,1158095.25,0.402333,0.185,Normal
0.182946,tcp,-,FIN,92,92,5278,83812,1000.295188,31,29,228307.8125,3625157.25,2.007088,2.027022,Normal
0.08916,tcp,-,FIN,78,80,4550,72810,1760.879263,31,29,403050.6875,6451323.5,1.168267,1.120456,Normal
1.021038,tcp,http,FIN,14,18,1684,10168,30.361258,31,29,12254.19531,75248.90625,78.514541,60.029352,Normal
5e-06,kryptolan,-,INT,2,0,200,0,200000.0051,254,0,160000000.0,0.0,0.005,0.0,Attack
0.014963,tcp,http,FIN,8,10,1048,824,1136.135795,31,29,490276.0,396711.875,1.979571,1.606889,Normal
8e-06,udp,-,INT,2,0,92,0,125000.0003,254,0,46000000.0,0.0,0.008,0.0,Attack
9e-06,udp,dns,INT,2,0,114,0,111111.1072,254,0,50666664.0,0.0,0.009,0.0,Attack
0.209552,tcp,http,FIN,12,18,962,17236,138.390468,62,252,33671.83203,621478.1875,19.050182,11.579412,Attack
1.715579,tcp,-,FIN,10,6,534,268,8.743404,254,252,2242.974365,1044.545288,184.245333,316.664812,Attack
0.018496,tcp,-,FIN,16,18,1540,1644,1784.16962,31,29,624567.5,671712.8125,1.211867,1.041177,Normal
0.723741,tcp,http,FIN,10,8,1412,354,23.489066,254,252,14049.22461,3426.640137,80.415667,90.950141,Attack
0.001082,udp,dns,CON,2,2,130,162,2772.643321,31,29,480591.5,598890.9375,0.009,0.002,Normal
0.290786,tcp,-,FIN,12,8,2352,355,65.340147,254,252,59315.09766,8556.120117,24.360181,40.459145,Attack
0.847071,tcp,pop3,FIN,20,20,988,3678,46.041005,62,252,8868.206055,33007.85938,44.582683,43.301262,Attack
1e-05,udp,dns,INT,2,0,114,0,100000.0025,254,0,45600000.0,0.0,0.01,0.0,Attack
3e-06,udp,dns,INT,2,0,114,0,333333.3215,254,0,152000000.0,0.0,0.003,0.0,Attack
3e-06,udp,dns,INT,2,0,114,0,333333.3215,254,0,152000000.0,0.0,0.003,0.0,Attack
4e-06,udp,dns,INT,2,0,114,0,250000.0006,254,0,114000000.0,0.0,0.004,0.0,Attack
9e-06,unas,-,INT,2,0,200,0,111111.1072,254,0,88888888.0,0.0,0.009,0.0,Attack
5e-06,udp,dns,INT,2,0,114,0,200000.0051,254,0,91200000.0,0.0,0.005,0.0,Attack
0.619636,tcp,-,FIN,12,8,1162,748,30.663164,254,252,13762.91895,8456.578125,51.93582,77.98443,Attack
1.147946,tcp,-,CON,6,2,978,86,6.097848,62,252,5679.709473,299.665649,229.5892,0.002,Normal
3.166046,tcp,smtp,FIN,140,38,163988,2622,55.905696,62,252,411407.8125,6450.94873,22.942362,83.862078,Attack
0.004739,tcp,http,FIN,8,10,1052,824,3587.254698,31,29,1554758.375,1252584.875,0.628714,0.474111,Normal
4e-06,udp,-,INT,2,0,104,0,250000.0006,254,0,104000000.0,0.0,0.004,0.0,Attack
0.032914,tcp,-,FIN,72,74,4238,63516,4405.419986,31,29,1015981.0,15229507.0,0.465471,0.442219,Normal
0.083091,tcp,-,FIN,22,24,1958,2308,541.574911,31,29,179947.2969,212971.3281,4.13615,3.590391,Normal
9e-06,unas,-,INT,2,0,200,0,111111.1072,254,0,88888888.0,0.0,0.009,0.0,Attack
0.236185,tcp,http,FIN,10,6,838,268,63.509537,254,252,25573.17383,7587.272949,24.061667,44.636398,Attack
0.5599,tcp,-,FIN,10,6,510,268,26.790499,254,252,6558.313965,3200.571533,59.735778,96.118602,Attack
0.763757,tcp,-,FIN,10,10,608,646,24.877023,254,252,5740.045898,6096.179688,84.861889,77.799,Attack
0.122886,tcp,-,FIN,90,92,5174,83812,1472.909827,31,29,333121.75,5396937.0,1.425198,1.359544,Normal
1.660384,tcp,-,FIN,10,8,564,354,10.238595,254,252,2447.626465,1493.630371,181.741444,226.068281,Attack
0.804341,tcp,http,FIN,10,6,2550,268,18.648806,254,252,22826.13867,2227.910645,82.988222,146.086594,Attack
9e-06,ipv6-opts,-,INT,2,0,200,0,111111.1072,254,0,88888888.0,0.0,0.009,0.0,Attack
9e-06,unas,-,INT,2,0,200,0,111111.1072,254,0,88888888.0,0.0,0.009,0.0,Attack
9e-06,udp,dns,INT,2,0,114,0,111111.1072,254,0,50666664.0,0.0,0.009,0.0,Attack
9e-06,udp,dns,INT,2,0,114,0,111111.1072,254,0,50666664.0,0.0,0.009,0.0,Attack
0.0,arp,-,INT,1,0,46,0,0.0,0,0,0.0,0.0,60000.792,0.0,Normal
0.916513,tcp,-,FIN,10,8,564,354,18.548563,254,252,4434.197754,2705.907959,101.626889,119.74357,Attack
4e-06,udp,dns,INT,2,0,114,0,250000.0006,254,0,114000000.0,0.0,0.004,0.0,Attack
8e-06,udp,-,INT,2,0,104,0,125000.0003,254,0,52000000.0,0.0,0.008,0.0,Attack
2.275314,tcp,smtp,FIN,26,20,9225,1926,19.777489,62,252,31190.41992,6434.276367,91.012561,114.446313,Attack
3e-06,trunk-2,-,INT,2,0,200,0,333333.3215,254,0,266666656.0,0.0,0.003,0.0,Attack
0.758871,tcp,http,FIN,10,8,818,566,22.401699,254,252,7769.436035,5228.819824,84.310444,96.491711,Attack
1.194719,tcp,-,FIN,14,6,6830,268,15.903322,254,252,42473.58594,1499.934326,91.830386,217.319594,Normal
2e-06,udp,-,INT,2,0,1064,0,500000.0013,254,0,2128000000.0,0.0,0.002,0.0,Attack
9e-06,iso-ip,-,INT,2,0,200,0,111111.1072,254,0,88888888.0,0.0,0.009,0.0,Attack
0.213114,tcp,-,FIN,22,24,2054,2478,211.1546,31,29,73613.1875,89154.16406,10.131571,9.242043,Normal
1.586461,ospf,-,INT,18,0,2858,0,10.715675,254,0,13615.21094,0.0,93.321234,0.0,Attack
33.726227,tcp,-,FIN,34,20,19044,1660,1.571477,254,252,4384.480957,374.070892,1021.380334,1771.867375,Attack
9e-06,udp,dns,INT,2,0,114,0,111111.1072,254,0,50666664.0,0.0,0.009,0.0,Attack
1.009775,tcp,http,FIN,12,18,1580,10168,28.719268,31,29,11479.78418,76088.23438,91.73618,59.365647,Normal
8e-06,udp,dns,INT,2,0,114,0,125000.0003,254,0,57000000.0,0.0,0.008,0.0,Attack
8e-06,udp,dns,INT,2,0,114,0,125000.0003,254,0,57000000.0,0.0,0.008,0.0,Attack
9e-06,gre,-,INT,2,0,200,0,111111.1072,254,0,88888888.0,0.0,0.009,0.0,Attack
2e-06,unas,-,INT,2,0,200,0,500000.0013,254,0,400000000.0,0.0,0.002,0.0,Attack
0.590146,tcp,http,FIN,10,10,784,3712,32.195423,62,252,9570.512695,45290.48828,65.571778,57.215889,Attack
0.26721,tcp,http,FIN,10,8,792,1498,63.620372,62,252,21346.50586,39250.02734,29.69,35.106285,Attack
1.157844,tcp,-,FIN,10,8,534,354,14.682462,254,252,3323.418457,2141.912109,125.142889,160.887281,Attack
9e-06,udp,dns,INT,2,0,114,0,111111.1072,254,0,50666664.0,0.0,0.009,0.0,Attack
9e-06,udp,-,INT,2,0,168,0,111111.1072,254,0,74666664.0,0.0,0.009,0.0,Attack
0.020301,tcp,smtp,FIN,52,40,37210,3276,4482.537964,31,29,14381558.0,1259051.375,0.39904,0.508462,Normal
0.001049,udp,dns,CON,2,2,146,178,2859.866662,31,29,556720.6875,678741.6875,0.01,0.007,Normal
19.888327,ospf,-,INT,20,0,900,0,0.955334,254,0,343.920349,0.0,1046.753875,0.0,Attack
0.068367,tcp,ftp-data,FIN,6,8,320,1838,190.150227,31,29,31243.14453,188277.9844,13.61,9.69,Normal
9e-06,udp,dns,INT,2,0,114,0,111111.1072,254,0,50666664.0,0.0,0.009,0.0,Attack
1.514208,tcp,-,FIN,238,438,13662,548216,445.777607,31,29,71879.16406,2889774.75,6.414801,3.463979,Normal
4e-06,udp,dns,INT,2,0,114,0,250000.0006,254,0,114000000.0,0.0,0.004,0.0,Attack
3e-06,udp,dns,INT,2,0,114,0,333333.3215,254,0,152000000.0,0.0,0.003,0.0,Attack
0.36078,tcp,-,FIN,10,6,538,268,41.576584,254,252,10754.47656,4967.016113,40.086667,58.452602,Normal
7e-06,udp,dns,INT,2,0,114,0,142857.1409,254,0,65142856.0,0.0,0.007,0.0,Attack
1.759138,tcp,smtp,FIN,20,20,4104,1880,22.169949,62,252,17731.41211,8122.159668,92.579526,89.273789,Attack
0.586176,tcp,-,FIN,10,6,1426,268,25.589585,254,252,17523.74805,3057.102539,61.577222,103.382,Attack
0.989962,tcp,-,FIN,10,6,1792,268,15.152097,254,252,13034.84375,1810.170532,106.322,179.479594,Attack
2e-06,udp,dns,INT,2,0,114,0,500000.0013,254,0,228000000.0,0.0,0.002,0.0,Attack
4e-06,unas,-,INT,2,0,200,0,250000.0006,254,0,200000000.0,0.0,0.004,0.0,Attack
0.001047,udp,dns,CON,2,2,146,178,2865.329359,31,29,557784.125,680038.1875,0.007,0.007,Normal
0.001113,udp,dns,CON,2,2,132,164,2695.417846,31,29,474393.5313,589398.0625,0.009,0.006,Normal
0.710658,tcp,http,FIN,10,10,858,1334,26.735785,62,252,8701.794922,13519.86426,78.962,68.079109,Attack
0.001028,udp,dns,CON,2,2,146,178,2918.287859,31,29,568093.375,692607.0,0.009,0.006,Normal
0.017649,tcp,-,FIN,16,18,1540,1644,1869.794269,31,29,654541.3125,703949.1875,1.156267,1.011118,Normal
4e-06,bna,-,INT,2,0,200,0,250000.0006,254,0,200000000.0,0.0,0.004,0.0,Attack
1.112402,tcp,http,FIN,10,8,786,1348,15.282246,62,252,5091.68457,8486.140625,123.591222,139.471422,Attack
1e-06,idpr,-,INT,2,0,200,0,1000000.003,254,0,800000000.0,0.0,0.001,0.0,Attack
6e-06,udp,dns,INT,2,0,114,0,166666.6608,254,0,76000000.0,0.0,0.006,0.0,Attack
0.730198,tcp,-,FIN,10,8,588,354,23.281356,254,252,5806.644043,3396.338867,81.133111,95.494859,Normal
4e-06,zero,-,INT,2,0,200,0,250000.0006,254,0,200000000.0,0.0,0.004,0.0,Attack
0.561966,tcp,http,FIN,10,8,1330,1200,30.25094,254,252,17040.17578,14947.52344,62.440667,69.739,Attack
0.010881,tcp,-,FIN,38,40,2438,18508,7076.555335,31,29,1745427.75,13267898.0,0.282027,0.265333,Normal
7e-06,unas,-,INT,2,0,200,0,142857.1409,254,0,114285712.0,0.0,0.007,0.0,Attack
0.838239,tcp,-,FIN,12,8,1022,752,22.666566,254,252,8942.556641,6279.831543,68.274821,104.786289,Attack
0.021652,tcp,smtp,FIN,52,40,37210,3276,4202.844998,31,29,13484205.0,1180491.375,0.434796,0.541564,Normal
0.799597,tcp,-,FIN,10,8,856,454,21.260709,254,252,7713.885742,3982.005859,85.983333,106.426859,Attack
0.490418,tcp,-,FIN,10,6,2574,268,30.586154,254,252,37796.32813,3654.025879,49.145778,93.031398,Attack
1e-05,udp,-,INT,2,0,1064,0,100000.0025,254,0,425600000.0,0.0,0.01,0.0,Attack
0.971973,tcp,http,FIN,10,8,1270,354,17.490198,254,252,9407.668945,2551.51123,107.997,128.655141,Attack
1.128757,tcp,ftp-data,FIN,8,8,364,1610,13.288954,62,252,2260.894043,9986.206055,161.126,140.506859,Attack
2.47355,tcp,-,FIN,18,20,1028,3106,14.958258,62,252,3140.425537,9544.176758,145.502941,123.091898,Attack
1e-05,udp,-,INT,2,0,168,0,100000.0025,254,0,67200000.0,0.0,0.01,0.0,Attack
0.770482,tcp,-,FIN,10,8,564,354,22.06411,254,252,5274.620117,3218.764404,83.474889,102.168859,Attack
9e-06,udp,-,INT,2,0,104,0,111111.1072,254,0,46222220.0,0.0,0.009,0.0,Normal
5e-06,unas,-,INT,2,0,200,0,200000.0051,254,0,160000000.0,0.0,0.005,0.0,Attack
1.145769,tcp,ftp,FIN,20,22,1100,1612,35.783827,62,252,7296.409668,10745.62109,60.303633,52.93019,Attack
9e-06,i-nlsp,-,INT,2,0,200,0,111111.1072,254,0,88888888.0,0.0,0.009,0.0,Attack
3e-06,udp,dns,INT,2,0,114,0,333333.3215,254,0,152000000.0,0.0,0.003,0.0,Attack
3.3e-05,unas,-,INT,2,0,200,0,30303.03007,254,0,24242424.0,0.0,0.033,0.0,Attack
1.150485,tcp,ftp-data,FIN,6,8,320,1910,11.299582,31,29,1856.608276,11626.40039,230.035,164.291859,Normal
0.222379,tcp,ftp-data,FIN,14,6,8928,320,85.439723,31,29,298265.5625,9605.223633,17.106077,44.349398,Normal
0.182969,tcp,http,FIN,10,6,886,268,81.981099,254,252,34891.15625,9794.008789,18.999889,35.230801,Attack
1e-06,udp,dns,INT,2,0,114,0,1000000.003,254,0,456000000.0,0.0,0.001,0.0,Attack
9e-06,udp,dns,INT,2,0,114,0,111111.1072,254,0,50666664.0,0.0,0.009,0.0,Attack
9e-06,udp,dns,INT,2,0,114,0,111111.1072,254,0,50666664.0,0.0,0.009,0.0,Attack
3e-06,unas,-,INT,2,0,200,0,333333.3215,254,0,266666656.0,0.0,0.003,0.0,Attack
3e-06,udp,-,INT,2,0,168,0,333333.3215,254,0,224000000.0,0.0,0.003,0.0,Attack
1.193587,tcp,http,FIN,14,40,944,46140,44.403971,62,252,5878.080566,301524.75,91.814385,28.650473,Attack
6e-06,udp,dns,INT,2,0,114,0,166666.6608,254,0,76000000.0,0.0,0.006,0.0,Attack
6e-06,udp,-,INT,2,0,78,0,166666.6608,254,0,52000000.0,0.0,0.006,0.0,Attack
6e-06,ipv6-no,-,INT,2,0,200,0,166666.6608,254,0,133333328.0,0.0,0.006,0.0,Attack
2.256998,tcp,http,FIN,42,220,2924,282805,115.64033,62,252,10119.63672,997856.4375,55.04873,10.115069,Attack
2.031335,tcp,http,FIN,20,42,2802,42772,30.029511,62,252,10483.74512,164439.625,106.911681,47.789659,Attack
9e-06,udp,dns,INT,2,0,114,0,111111.1072,254,0,50666664.0,0.0,0.009,0.0,Attack
0.763207,tcp,-,FIN,30,14,25854,764,56.341201,254,252,261978.7188,7442.279785,26.276346,50.743309,Normal
0.601285,tcp,-,FIN,10,6,2228,268,24.946574,254,252,26689.50781,2980.283936,63.321556,102.310203,Attack
8e-06,udp,dns,INT,2,0,114,0,125000.0003,254,0,57000000.0,0.0,0.008,0.0,Attack
0.085024,tcp,ftp-data,FIN,6,8,320,1838,152.898007,31,29,25122.31836,151392.5469,16.9436,12.071571,Normal
5e-06,udp,dns,INT,2,0,114,0,200000.0051,254,0,91200000.0,0.0,0.005,0.0,Attack
9e-06,udp,-,INT,2,0,660,0,111111.1072,254,0,293333312.0,0.0,0.009,0.0,Normal
0.534811,tcp,-,FIN,10,8,1506,354,31.786929,254,252,20283.80078,4637.151855,58.134,66.585711,Attack
6e-06,udp,-,INT,2,0,628,0,166666.6608,254,0,418666656.0,0.0,0.006,0.0,Normal
0.00112,udp,dns,CON,2,2,146,178,2678.571357,31,29,521428.5625,635714.25,0.008,0.008,Normal
2.103718,tcp,http,FIN,10,12,858,3692,9.982326,62,252,2939.557373,12872.44727,233.746444,181.917449,Attack
3e-06,udp,dns,INT,2,0,114,0,333333.3215,254,0,152000000.0,0.0,0.003,0.0,Attack
1.026119,tcp,http,FIN,14,18,1684,10168,30.210921,31,29,12193.51758,74876.30469,78.906151,60.328941,Normal
7e-06,unas,-,INT,2,0,200,0,142857.1409,254,0,114285712.0,0.0,0.007,0.0,Attack
6e-06,udp,-,INT,2,0,232,0,166666.6608,254,0,154666656.0,0.0,0.006,0.0,Attack
0.538664,tcp,-,FIN,10,8,532,354,31.559563,254,252,7113.896973,4603.983398,55.725111,67.782289,Attack
0.590307,tcp,http,FIN,10,6,738,268,25.410507,254,252,9012.259766,3035.708496,61.907333,110.926203,Attack
4e-06,udp,dns,INT,2,0,114,0,250000.0006,254,0,114000000.0,0.0,0.004,0.0,Attack
7e-06,udp,dns,INT,2,0,114,0,142857.1409,254,0,65142856.0,0.0,0.007,0.0,Attack
4e-06,udp,dns,INT,2,0,114,0,250000.0006,254,0,114000000.0,0.0,0.004,0.0,Attack
1.57665,tcp,-,FIN,10,8,564,354,10.782355,254,252,2577.616943,1572.955322,169.638333,213.420422,Attack
1e-05,unas,-,INT,2,0,200,0,100000.0025,254,0,80000000.0,0.0,0.01,0.0,Attack
9e-06,udp,dns,INT,2,0,114,0,111111.1072,254,0,50666664.0,0.0,0.009,0.0,Attack
0.055833,tcp,smtp,FIN,52,38,37210,3172,1594.039348,31,29,5229165.5,442605.625,1.088098,1.45727,Normal
5e-06,udp,dns,INT,2,0,114,0,200000.0051,254,0,91200000.0,0.0,0.005,0.0,Attack
9e-06,udp,dns,INT,2,0,114,0,111111.1072,254,0,50666664.0,0.0,0.009,0.0,Attack
4e-06,udp,-,INT,2,0,104,0,250000.0006,254,0,104000000.0,0.0,0.004,0.0,Attack
2.667254,tcp,smtp,FIN,122,34,138616,2374,58.112201,62,252,412349.1875,6913.477539,22.227116,78.399148,Attack
8e-06,udp,dns,INT,2,0,114,0,125000.0003,254,0,57000000.0,0.0,0.008,0.0,Attack
1e-05,udp,-,INT,2,0,1064,0,100000.0025,254,0,425600000.0,0.0,0.01,0.0,Attack
0.981872,tcp,-,FIN,20,16,9246,9028,35.646193,254,252,71569.40625,68962.14063,48.320737,61.301602,Attack
0.475056,tcp,-,FIN,10,8,472,564,35.785255,254,252,7157.05127,8319.019531,52.756667,59.605285,Attack
9.383048,tcp,ftp,FIN,24,26,1268,1814,5.222184,62,252,1036.763306,1487.789429,407.958609,368.169375,Attack
3.273767,tcp,-,FIN,446,858,25056,1094788,398.012443,31,29,61091.70313,2672182.75,7.3893,3.819459,Normal
0.46213,tcp,http,FIN,10,8,1022,1126,36.786185,62,252,15926.25391,17068.78906,51.347778,59.12557,Attack
0.040346,tcp,-,FIN,40,38,2542,19162,1908.491532,31,29,491548.0938,3699598.5,1.025385,1.106778,Normal
0.739199,tcp,-,FIN,28,30,4840,3080,77.110496,31,29,50519.55078,32229.48242,29.55564,25.471586,Normal
0.040835,tcp,-,FIN,64,66,3806,54798,3159.054688,31,29,734076.125,10572891.0,0.653548,0.627125,Normal
8e-06,udp,dns,INT,2,0,114,0,125000.0003,254,0,57000000.0,0.0,0.008,0.0,Attack
7e-06,unas,-,INT,2,0,200,0,142857.1409,254,0,114285712.0,0.0,0.007,0.0,Attack
1.38515,tcp,-,FIN,10,8,564,354,12.273039,254,252,2933.978271,1790.419922,153.905556,178.049422,Attack
3e-06,udp,dns,INT,2,0,114,0,333333.3215,254,0,152000000.0,0.0,0.003,0.0,Attack
6e-06,udp,dns,INT,2,0,114,0,166666.6608,254,0,76000000.0,0.0,0.006,0.0,Attack
1.518413,tcp,http,FIN,10,20,822,15790,19.098889,62,252,3898.807617,79035.15625,168.712556,75.822948,Attack
3e-06,chaos,-,INT,2,0,200,0,333333.3215,254,0,266666656.0,0.0,0.003,0.0,Attack
0.000982,udp,dns,CON,2,2,130,162,3054.989733,31,29,529531.5625,659877.8125,0.009,0.002,Normal
0.001036,udp,dns,CON,2,2,146,178,2895.752973,31,29,563706.5625,687258.6875,0.008,0.007,Normal
1.204846,tcp,-,FIN,18,24,996,10094,34.029245,62,252,6248.101074,64233.93359,70.817824,49.866654,Attack
4e-06,unas,-,INT,2,0,200,0,250000.0006,254,0,200000000.0,0.0,0.004,0.0,Attack
5e-06,unas,-,INT,2,0,200,0,200000.0051,254,0,160000000.0,0.0,0.005,0.0,Attack
9e-06,udp,dns,INT,2,0,114,0,111111.1072,254,0,50666664.0,0.0,0.009,0.0,Attack
58.11919,ospf,-,REQ,64,0,17408,0,1.083979,254,0,2358.739014,0.0,921.043312,0.0,Attack
5e-06,smp,-,INT,2,0,200,0,200000.0051,254,0,160000000.0,0.0,0.005,0.0,Attack
5e-06,udp,dns,INT,2,0,114,0,200000.0051,254,0,91200000.0,0.0,0.005,0.0,Attack
1.969076,tcp,-,FIN,10,10,608,646,9.649196,254,252,2226.425049,2364.560791,218.786222,210.659891,Attack
1.285573,tcp,-,FIN,28,26,4022,3362,41.226752,254,252,24138.65234,20118.6543,47.613815,50.82232,Attack
0.398313,tcp,http,FIN,10,8,828,3200,42.680004,62,252,14983.19238,56237.18359,44.257,41.619855,Attack
8e-06,unas,-,INT,2,0,200,0,125000.0003,254,0,100000000.0,0.0,0.008,0.0,Attack
9e-06,unas,-,INT,2,0,200,0,111111.1072,254,0,88888888.0,0.0,0.009,0.0,Attack
3e-06,unas,-,INT,2,0,200,0,333333.3215,254,0,266666656.0,0.0,0.003,0.0,Attack
3.054258,tcp,-,FIN,36,14,34710,988,16.043176,254,252,88390.69531,2404.511963,83.728542,217.200391,Attack
6e-06,ipv6-frag,-,INT,2,0,200,0,166666.6608,254,0,133333328.0,0.0,0.006,0.0,Attack
0.684805,tcp,http,FIN,10,8,894,916,24.824586,62,252,9404.137695,9369.09082,75.992778,84.36243,Attack
9e-06,pvp,-,INT,2,0,200,0,111111.1072,254,0,88888888.0,0.0,0.009,0.0,Attack
3e-06,udp,dns,INT,2,0,114,0,333333.3215,254,0,152000000.0,0.0,0.003,0.0,Attack
0.547133,tcp,-,FIN,226,438,13038,548216,1211.771115,31,29,189803.9375,7997543.0,2.452148,1.250954,Normal
2.44203,tcp,-,FIN,10,8,564,354,6.961422,254,252,1664.189209,1015.548584,268.890222,336.085281,Attack
0.955495,tcp,-,FIN,10,6,624,268,15.698669,254,252,4705.414551,1875.467651,102.611222,173.464594,Attack
8e-06,udp,dns,INT,2,0,114,0,125000.0003,254,0,57000000.0,0.0,0.008,0.0,Attack
1.04771,tcp,-,FIN,12,8,3728,354,18.13479,254,252,26098.82617,2367.067383,95.246362,134.499281,Attack
1.176683,tcp,ftp,FIN,14,12,756,682,21.246165,254,252,4772.738281,4256.031738,88.933536,100.305367,Normal
1e-05,rsvp,-,INT,2,0,200,0,100000.0025,254,0,80000000.0,0.0,0.01,0.0,Attack
3e-06,ifmp,-,INT,2,0,200,0,333333.3215,254,0,266666656.0,0.0,0.003,0.0,Attack
9e-06,unas,-,INT,2,0,200,0,111111.1072,254,0,88888888.0,0.0,0.009,0.0,Attack
0.395517,tcp,-,FIN,28,30,4480,3080,144.115174,31,29,87379.30469,60235.08594,14.637333,13.618793,Normal
2e-06,udp,-,INT,2,0,168,0,500000.0013,254,0,336000000.0,0.0,0.002,0.0,Attack
1.006812,tcp,http,FIN,14,18,1684,10168,30.790257,31,29,12427.3457,76312.16406,77.421464,59.196059,Normal
0.695759,tcp,http,FIN,10,8,1024,2064,24.433748,62,252,10601.37207,20765.81055,77.212,86.022141,Attack
1.050232,tcp,ssh,FIN,106,116,9400,12402,210.429685,31,29,70932.89844,93663.10938,9.998876,9.128096,Normal
1e-06,udp,-,INT,2,0,78,0,1000000.003,254,0,312000000.0,0.0,0.001,0.0,Attack
8e-06,udp,dns,INT,2,0,114,0,125000.0003,254,0,57000000.0,0.0,0.008,0.0,Attack
0.222405,tcp,ftp-data,FIN,14,6,8928,320,85.429733,31,29,298230.7188,9604.100586,17.108077,44.359398,Normal
7e-06,udp,-,INT,2,0,142,0,142857.1409,254,0,81142856.0,0.0,0.007,0.0,Attack
0.048968,tcp,ftp-data,FIN,14,8,8928,424,428.851508,31,29,1354517.25,60611.01172,3.766769,8.041667,Normal
0.001018,udp,dns,CON,2,2,130,162,2946.954953,31,29,510805.5313,636542.25,0.009,0.007,Normal
1.55729,tcp,http,FIN,10,10,810,3350,12.200682,62,252,3744.967285,15488.44531,173.032222,159.397109,Attack
1.1e-05,sctp,-,INT,2,0,1256,0,90909.0902,254,0,456727264.0,0.0,0.011,0.0,Attack
3e-06,argus,-,INT,2,0,180,0,333333.3215,254,0,239999984.0,0.0,0.003,0.0,Attack
0.003939,tcp,http,FIN,8,10,1052,824,4315.816243,31,29,1870525.5,1506981.5,0.512857,0.383444,Normal
0.517412,ospf,-,INT,20,0,1040,0,36.72122,254,0,15276.02734,0.0,27.232211,0.0,Attack
1.151591,tcp,-,FIN,10,8,898,354,14.762186,254,252,5620.05127,2153.54248,127.843222,154.355141,Attack
40.394421,tcp,-,FIN,26,16,3770,1450,1.014992,254,252,717.920959,269.344116,1614.860799,2687.87675,Attack
9e-06,mhrp,-,INT,2,0,200,0,111111.1072,254,0,88888888.0,0.0,0.009,0.0,Attack
2.682322,tcp,ftp,FIN,22,22,1194,1642,16.030887,62,252,3400.039307,4676.544922,127.729622,121.50481,Attack
0.132872,tcp,smtp,FIN,54,42,37914,3380,714.973808,31,29,2240472.0,198687.4531,2.500509,3.228049,Normal
9e-06,udp,-,INT,2,0,1064,0,111111.1072,254,0,472888864.0,0.0,0.009,0.0,Attack
1e-05,qnx,-,INT,2,0,200,0,100000.0025,254,0,80000000.0,0.0,0.01,0.0,Attack
0.0,arp,-,INT,1,0,46,0,0.0,0,0,0.0,0.0,0.0,0.0,Normal
0.567441,tcp,http,FIN,10,8,788,1360,29.959063,62,252,10009.85156,16777.07422,63.049,64.790715,Attack
0.484747,tcp,-,FIN,10,8,604,354,35.069841,254,252,8977.878906,5116.070801,53.860778,63.88857,Attack
0.962508,tcp,ftp-data,FIN,8,8,364,1128,15.584286,62,252,2651.406494,8203.568359,137.501143,122.32357,Attack
2.574901,tcp,-,FIN,122,126,7814,16912,95.926014,31,29,24078.59375,52127.82813,21.634976,20.595031,Normal
0.005053,tcp,ftp-data,FIN,8,12,424,8824,3760.142446,31,29,587373.8125,12806649.0,0.657286,0.418,Normal
4e-06,unas,-,INT,2,0,200,0,250000.0006,254,0,200000000.0,0.0,0.004,0.0,Attack
1.18267,tcp,http,FIN,14,18,1684,10168,26.211877,31,29,10579.45117,64964.86719,90.947849,69.541118,Normal
3e-06,udp,-,INT,2,0,592,0,333333.3215,254,0,789333312.0,0.0,0.003,0.0,Attack
0.751958,tcp,-,FIN,10,8,938,354,22.607645,254,252,8989.863281,3298.056396,80.898333,95.627,Normal
1.677965,tcp,-,FIN,60,14,68185,612,43.505078,254,252,319668.1563,2712.809814,26.707017,122.975766,Attack
0.937986,tcp,-,FIN,12,8,1066,746,20.256166,254,252,8341.275391,5569.379395,79.069545,114.859289,Attack
0.001791,udp,-,CON,4,4,536,304,3908.431007,31,29,1795644.875,1018425.438,0.457333,0.231333,Normal
0.001053,udp,dns,CON,2,2,146,178,2849.002888,31,29,554605.875,676163.375,0.007,0.007,Normal
3e-06,udp,dns,INT,2,0,114,0,333333.3215,254,0,152000000.0,0.0,0.003,0.0,Attack
0.035137,udp,-,CON,4,4,528,304,199.220187,31,29,90161.36719,51911.08984,6.664333,7.675333,Normal
6e-06,dgp,-,INT,2,0,200,0,166666.6608,254,0,133333328.0,0.0,0.006,0.0,Attack
1.235843,tcp,http,FIN,14,18,1684,10168,25.084094,31,29,10124.26367,62169.71094,95.037849,72.663706,Normal
0.3791,tcp,-,FIN,10,6,490,268,39.567397,254,252,9306.251953,4726.984863,42.019222,59.376199,Normal
0.992345,tcp,-,FIN,122,126,7820,15736,248.905377,31,29,62526.64453,125859.4609,8.328361,7.934512,Normal
0.613482,tcp,-,FIN,22,10,17778,852,50.53123,254,252,221294.1875,10001.92383,29.213428,61.961891,Attack
2e-06,udp,dns,INT,2,0,114,0,500000.0013,254,0,228000000.0,0.0,0.002,0.0,Attack
0.797113,tcp,http,FIN,10,10,816,1382,23.836018,62,252,7376.620605,12485.05566,88.568111,81.671445,Attack
4e-06,unas,-,INT,2,0,200,0,250000.0006,254,0,200000000.0,0.0,0.004,0.0,Attack
1.346804,tcp,http,FIN,10,14,822,11956,17.077466,62,252,4395.591309,65945.75,149.644889,102.313389,Attack
6e-06,unas,-,INT,2,0,200,0,166666.6608,254,0,133333328.0,0.0,0.006,0.0,Attack
1.669591,tcp,http,FIN,14,42,956,47266,32.942201,62,252,4254.93457,221088.8906,128.376303,38.090489,Attack
1.576239,tcp,-,FIN,40,42,2558,23162,51.388146,31,29,12663.05469,114759.25,41.470843,39.392526,Normal
2.820563,tcp,ftp,FIN,24,22,1240,1624,15.954261,62,252,3372.376221,4399.121582,122.621913,130.75619,Attack
9e-06,udp,dns,INT,2,0,114,0,111111.1072,254,0,50666664.0,0.0,0.009,0.0,Attack
0.848138,tcp,-,FIN,12,8,1466,702,22.402015,254,252,12677.18262,5800.942871,72.869185,104.098711,Attack
0.921831,tcp,http,FIN,10,8,836,354,18.441558,254,252,6534.820312,2690.297852,98.031333,116.655711,Attack
6e-06,udp,dns,INT,2,0,114,0,166666.6608,254,0,76000000.0,0.0,0.006,0.0,Attack
9e-06,unas,-,INT,2,0,200,0,111111.1072,254,0,88888888.0,0.0,0.009,0.0,Attack
1e-06,udp,dns,INT,2,0,114,0,1000000.003,254,0,456000000.0,0.0,0.001,0.0,Attack
0.071911,tcp,-,FIN,60,62,3598,48710,1682.635487,31,29,393708.9063,5331590.5,1.234431,1.188017,Normal
1.009774,tcp,http,FIN,14,18,1684,10168,30.69994,31,29,12390.8916,76088.3125,77.646925,59.367529,Normal
6e-06,udp,-,INT,2,0,168,0,166666.6608,254,0,112000000.0,0.0,0.006,0.0,Attack
4e-06,unas,-,INT,2,0,200,0,250000.0006,254,0,200000000.0,0.0,0.004,0.0,Attack
7e-06,unas,-,INT,2,0,200,0,142857.1409,254,0,114285712.0,0.0,0.007,0.0,Attack
5.833605,tcp,http,FIN,328,746,17538,1087890,183.934297,31,29,23978.3125,1489894.5,17.893521,7.823678,Normal
1e-06,udp,dns,INT,2,0,114,0,1000000.003,254,0,456000000.0,0.0,0.001,0.0,Attack
0.005584,tcp,-,FIN,22,24,1958,2308,8058.739047,31,29,2677650.25,3169054.25,0.249,0.219348,Normal
0.783488,tcp,-,FIN,10,8,564,354,21.697844,254,252,5187.061035,3165.33252,87.054222,100.244711,Attack
1.367692,tcp,http,FIN,10,8,844,354,12.429699,254,252,4445.445312,1813.273804,149.210889,176.685719,Attack
0.004203,tcp,ftp-data,FIN,14,6,8928,320,4520.580424,31,29,15781108.0,508208.4063,0.323308,0.7172,Normal
0.025543,tcp,ssh,FIN,112,112,9712,12194,8730.376041,31,29,3014837.75,3785303.25,0.224269,0.231009,Normal
0.0,arp,-,INT,1,0,46,0,0.0,0,0,0.0,0.0,60000.576,0.0,Normal
8e-06,unas,-,INT,2,0,200,0,125000.0003,254,0,100000000.0,0.0,0.008,0.0,Attack
8e-06,udp,dns,INT,2,0,114,0,125000.0003,254,0,57000000.0,0.0,0.008,0.0,Attack
9e-06,unas,-,INT,2,0,200,0,111111.1072,254,0,88888888.0,0.0,0.009,0.0,Attack
1e-05,unas,-,INT,2,0,200,0,100000.0025,254,0,80000000.0,0.0,0.01,0.0,Attack
1.110272,tcp,-,FIN,16,10,1208,556,22.517004,254,252,8163.765137,3609.926025,72.900002,116.661219,Normal
7e-06,udp,dns,INT,2,0,114,0,142857.1409,254,0,65142856.0,0.0,0.007,0.0,Attack
0.536266,tcp,-,FIN,12,12,1144,5706,42.889161,254,252,15648.94922,78035.89844,48.751455,42.652909,Attack
5e-06,udp,dns,INT,2,0,114,0,200000.0051,254,0,91200000.0,0.0,0.005,0.0,Attack
8e-06,udp,dns,INT,2,0,114,0,125000.0003,254,0,57000000.0,0.0,0.008,0.0,Attack
8e-06,udp,dns,INT,2,0,114,0,125000.0003,254,0,57000000.0,0.0,0.008,0.0,Attack
9e-06,udp,dns,INT,2,0,114,0,111111.1072,254,0,50666664.0,0.0,0.009,0.0,Attack
0.560516,tcp,ftp-data,FIN,8,10,364,3754,30.329197,62,252,4552.947754,48226.99219,80.073712,56.782,Attack
0.060647,tcp,-,FIN,44,46,2766,27770,1467.508707,31,29,356687.0625,3583623.25,1.402349,1.335111,Normal
1e-06,unas,-,INT,2,0,200,0,1000000.003,254,0,800000000.0,0.0,0.001,0.0,Attack
0.789542,tcp,http,FIN,10,6,798,268,18.998356,254,252,7285.23584,2269.670166,82.510333,136.595797,Attack
0.001065,udp,dns,CON,2,2,146,178,2816.901513,31,29,548356.8125,668544.625,0.01,0.009,Normal
0.037651,tcp,-,FIN,60,62,3614,50036,3213.726176,31,29,755146.0,10460068.0,0.632797,0.61835,Normal
6e-06,udp,dns,INT,2,0,114,0,166666.6608,254,0,76000000.0,0.0,0.006,0.0,Attack
0.768817,tcp,-,FIN,12,10,2504,608,27.314692,62,252,23891.25,5702.26709,69.892457,72.031555,Attack
1e-05,udp,dns,INT,2,0,114,0,100000.0025,254,0,45600000.0,0.0,0.01,0.0,Attack
9e-06,udp,dns,INT,2,0,114,0,111111.1072,254,0,50666664.0,0.0,0.009,0.0,Attack
1.067251,tcp,http,FIN,10,12,752,5472,19.676721,62,252,5074.720215,37599.40234,118.583444,89.852182,Attack
4e-06,udp,-,INT,2,0,1064,0,250000.0006,254,0,1064000000.0,0.0,0.004,0.0,Normal
5e-06,udp,dns,INT,2,0,114,0,200000.0051,254,0,91200000.0,0.0,0.005,0.0,Attack
2.567916,tcp,http,FIN,78,474,3796,620637,214.570889,62,252,11676.39453,1929433.875,33.349557,5.427493,Attack
1.73152,tcp,ftp,FIN,22,22,1198,1664,24.833671,62,252,5285.529297,7341.526367,82.453335,78.343426,Attack
4e-06,unas,-,INT,2,0,200,0,250000.0006,254,0,200000000.0,0.0,0.004,0.0,Attack
0.008332,tcp,ssh,FIN,32,24,3728,5474,6601.056079,31,29,3468074.75,5036966.0,0.268774,0.328,Normal
0.402976,tcp,-,FIN,10,8,1580,354,42.186134,254,252,28229.96875,6154.212402,43.040667,50.650145,Attack
1.249973,tcp,http,FIN,14,18,1684,10168,24.800535,31,29,10009.81543,61466.92578,96.124387,73.496588,Normal
0.275777,tcp,-,FIN,10,8,2554,464,61.644007,254,252,66691.5625,11777.63184,29.218556,38.460145,Attack
0.016861,tcp,-,FIN,48,50,2958,33044,5752.921226,31,29,1374533.0,15365163.0,0.351681,0.333163,Normal
0.351411,tcp,-,FIN,10,6,2516,268,42.685059,254,252,51563.55078,5099.441895,36.902111,51.464602,Normal
9e-06,leaf-2,-,INT,2,0,200,0,111111.1072,254,0,88888888.0,0.0,0.009,0.0,Attack
5e-06,udp,dns,INT,2,0,114,0,200000.0051,254,0,91200000.0,0.0,0.005,0.0,Attack
9e-06,udp,-,INT,2,0,78,0,111111.1072,254,0,34666664.0,0.0,0.009,0.0,Normal
3e-06,udp,dns,INT,2,0,114,0,333333.3215,254,0,152000000.0,0.0,0.003,0.0,Attack
6e-06,udp,-,INT,2,0,82,0,166666.6608,254,0,54666664.0,0.0,0.006,0.0,Attack
3e-06,udp,dns,INT,2,0,114,0,333333.3215,254,0,152000000.0,0.0,0.003,0.0,Attack
9e-06,fc,-,INT,2,0,200,0,111111.1072,254,0,88888888.0,0.0,0.009,0.0,Attack
9e-06,udp,dns,INT,2,0,114,0,111111.1072,254,0,50666664.0,0.0,0.009,0.0,Attack
9e-06,udp,dns,INT,2,0,114,0,111111.1072,254,0,50666664.0,0.0,0.009,0.0,Attack
3e-06,udp,dns,INT,2,0,114,0,333333.3215,254,0,152000000.0,0.0,0.003,0.0,Attack
0.784708,tcp,-,FIN,12,8,2026,704,24.212827,254,252,18942.07813,6280.042969,68.713817,97.813289,Attack
9e-06,unas,-,INT,2,0,200,0,111111.1072,254,0,88888888.0,0.0,0.009,0.0,Attack
1.83599,tcp,-,FIN,40,42,2558,23162,44.117889,31,29,10871.51953,98523.41406,47.06854,44.767611,Normal
1.161337,tcp,-,FIN,10,8,2516,354,14.6383,254,252,15602.70606,2135.469727,120.646333,151.201859,Normal
8e-06,udp,dns,INT,2,0,114,0,125000.0003,254,0,57000000.0,0.0,0.008,0.0,Attack
0.105836,tcp,-,FIN,22,14,1470,1728,330.70034,31,29,106126.4609,121319.7813,5.03981,8.087308,Normal
9e-06,udp,dns,INT,2,0,114,0,111111.1072,254,0,50666664.0,0.0,0.009,0.0,Attack
3e-06,udp,dns,INT,2,0,114,0,333333.3215,254,0,152000000.0,0.0,0.003,0.0,Attack
0.501882,tcp,-,FIN,10,6,2516,268,29.887502,254,252,36104.10156,3570.560303,51.242333,85.542602,Attack
3e-06,hmp,-,INT,2,0,200,0,333333.3215,254,0,266666656.0,0.0,0.003,0.0,Attack
9e-06,udp,dns,INT,2,0,114,0,111111.1072,254,0,50666664.0,0.0,0.009,0.0,Attack
1e-06,netblt,-,INT,2,0,200,0,1000000.003,254,0,800000000.0,0.0,0.001,0.0,Attack
1e-05,cphb,-,INT,2,0,200,0,100000.0025,254,0,80000000.0,0.0,0.01,0.0,Attack
0.308228,tcp,-,FIN,10,6,1012,268,48.665276,254,252,23644.83594,5813.878418,33.454889,49.214199,Attack
1e-05,unas,-,INT,2,0,200,0,100000.0025,254,0,80000000.0,0.0,0.01,0.0,Attack
0.001088,udp,dns,CON,2,2,146,178,2757.352893,31,29,536764.6875,654411.75,0.007,0.006,Normal
0.514976,tcp,-,FIN,22,24,2054,2478,87.382709,31,29,30463.55469,36894.92188,24.506238,22.366262,Normal
8e-06,udp,dns,INT,2,0,114,0,125000.0003,254,0,57000000.0,0.0,0.008,0.0,Attack
1.505359,tcp,-,FIN,48,230,2322,281422,184.009256,62,252,12084.82422,1489074.625,32.028916,6.47379,Attack
1.631893,tcp,-,FIN,10,8,564,354,10.417349,254,252,2490.359375,1519.707397,181.216556,212.322,Attack
0.308402,tcp,ftp-data,FIN,14,6,8928,320,61.607901,31,29,215069.9375,6926.024902,23.723231,61.548602,Normal
0.511165,tcp,-,FIN,10,8,674,354,33.257362,254,252,9499.867188,4851.662109,56.796111,59.694,Normal
9e-06,udp,dns,INT,2,0,114,0,111111.1072,254,0,50666664.0,0.0,0.009,0.0,Attack
0.424106,tcp,-,FIN,10,6,650,268,35.368516,254,252,11034.97754,4225.358887,45.167111,69.076398,Normal
1.876079,tcp,-,FIN,18,20,1000,4268,19.721984,62,252,4029.681152,17291.38281,110.350353,94.305948,Attack
1.808231,tcp,ftp,FIN,22,22,1166,1660,23.780148,62,252,4924.149414,7012.378418,86.106237,83.106762,Attack
6e-06,udp,-,INT,2,0,168,0,166666.6608,254,0,112000000.0,0.0,0.006,0.0,Attack
0.024861,tcp,-,FIN,60,62,3614,50036,4867.060765,31,29,1143638.625,15841358.0,0.41617,0.398115,Normal
1.899618,tcp,-,FIN,10,8,534,354,8.949168,254,252,2025.67041,1305.525635,207.898778,252.920422,Normal
7e-06,compaq-peer,-,INT,2,0,200,0,142857.1409,254,0,114285712.0,0.0,0.007,0.0,Attack
8e-06,merit-inp,-,INT,2,0,200,0,125000.0003,254,0,100000000.0,0.0,0.008,0.0,Attack
5e-06,udp,dns,INT,2,0,114,0,200000.0051,254,0,91200000.0,0.0,0.005,0.0,Attack
0.104085,udp,-,CON,4,4,520,304,67.252727,31,29,29975.50195,17524.13867,19.656334,21.339666,Normal
0.711008,tcp,-,FIN,10,6,534,268,21.096809,254,252,5412.034668,2520.365479,78.946222,129.282,Attack
9e-06,udp,dns,INT,2,0,114,0,111111.1072,254,0,50666664.0,0.0,0.009,0.0,Attack
0.22187,tcp,smtp,FIN,52,42,37232,3380,419.164366,31,29,1316662.875,118988.5938,4.43064,5.398732,Normal
0.561539,tcp,-,FIN,28,30,4656,3080,101.506753,31,29,63967.0625,42426.26172,20.787073,19.343482,Normal
0.119118,tcp,-,FIN,22,24,2054,2478,377.776666,31,29,131701.3438,159505.7031,5.655238,5.152739,Normal
8e-06,merit-inp,-,INT,2,0,200,0,125000.0003,254,0,100000000.0,0.0,0.008,0.0,Attack
0.569211,ospf,-,INT,20,0,1040,0,33.379537,254,0,13885.8877,0.0,29.958475,0.0,Attack
1.205849,tcp,ftp,FIN,12,12,570,682,19.073697,254,252,3469.754395,4153.090332,109.499544,101.084094,Normal
3.916585,tcp,-,FIN,28,16,21218,784,10.978952,254,252,41793.55078,1501.307861,145.048558,256.463797,Attack
9e-06,unas,-,INT,2,0,200,0,111111.1072,254,0,88888888.0,0.0,0.009,0.0,Attack
9e-06,udp,dns,INT,2,0,114,0,111111.1072,254,0,50666664.0,0.0,0.009,0.0,Attack
6e-06,unas,-,INT,2,0,200,0,166666.6608,254,0,133333328.0,0.0,0.006,0.0,Attack
0.070297,tcp,ftp-data,FIN,6,8,320,1862,184.929648,31,29,30385.36328,185498.6563,13.9976,9.965714,Normal
9e-06,udp,-,INT,2,0,168,0,111111.1072,254,0,74666664.0,0.0,0.009,0.0,Attack
4e-06,udp,dns,INT,2,0,114,0,250000.0006,254,0,114000000.0,0.0,0.004,0.0,Attack
1.203026,tcp,-,FIN,28,26,4064,3294,44.055571,254,252,26060.94922,21066.875,44.55652,47.804441,Attack
1e-06,udp,-,INT,2,0,200,0,1000000.003,254,0,800000000.0,0.0,0.001,0.0,Attack
6e-06,udp,-,INT,2,0,1064,0,166666.6608,254,0,709333312.0,0.0,0.006,0.0,Normal
3e-06,udp,dns,INT,2,0,114,0,333333.3215,254,0,152000000.0,0.0,0.003,0.0,Attack
3e-06,udp,dns,INT,2,0,114,0,333333.3215,254,0,152000000.0,0.0,0.003,0.0,Attack
1.187094,tcp,-,FIN,10,10,608,646,16.005473,254,252,3693.052246,3922.183105,131.899333,126.208336,Attack
0.796377,tcp,http,FIN,10,6,504,268,18.8353,254,252,4560.653809,2250.19043,78.825778,141.26,Attack
1.246181,tcp,http,FIN,60,14,68193,612,58.57897,254,252,430480.0,3652.759766,21.121712,82.763383,Attack
9e-06,udp,-,INT,2,0,168,0,111111.1072,254,0,74666664.0,0.0,0.009,0.0,Attack
8e-06,udp,dns,INT,2,0,114,0,125000.0003,254,0,57000000.0,0.0,0.008,0.0,Attack
3e-06,unas,-,INT,2,0,200,0,333333.3215,254,0,266666656.0,0.0,0.003,0.0,Attack
0.004702,udp,-,CON,4,4,568,320,1488.728217,31,29,724797.9375,408336.875,1.225333,1.056,Normal
0.738313,tcp,-,FIN,18,14,2512,1924,41.987611,254,252,25712.67188,19363.06055,39.755235,55.097539,Attack
0.887664,tcp,-,FIN,30,16,26238,850,50.694856,254,252,228591.0,7182.897949,30.609102,52.855465,Attack
2e-06,udp,dns,INT,2,0,114,0,500000.0013,254,0,228000000.0,0.0,0.002,0.0,Attack
0.66855,tcp,-,FIN,12,10,3050,824,31.411263,254,252,33457.48047,8878.916992,59.668817,69.798,Attack
1e-05,unas,-,INT,2,0,200,0,100000.0025,254,0,80000000.0,0.0,0.01,0.0,Attack
0.687105,tcp,-,FIN,10,8,586,354,24.741488,254,252,6147.532227,3609.346436,71.35,82.623859,Attack
9e-06,udp,dns,INT,2,0,114,0,111111.1072,254,0,50666664.0,0.0,0.009,0.0,Attack
0.019275,tcp,-,FIN,16,18,1540,1644,1712.062228,31,29,599325.5625,644565.5,1.264467,1.176,Normal
3.508335,tcp,ftp,FIN,24,22,1284,1654,12.826597,62,252,2807.029541,3600.568359,152.493037,162.295094,Attack
5e-06,udp,dns,INT,2,0,114,0,200000.0051,254,0,91200000.0,0.0,0.005,0.0,Attack
0.046414,tcp,ftp-data,FIN,6,8,320,1910,280.08791,31,29,46020.59766,288188.9063,9.22,6.563429,Normal
0.001171,udp,dns,CON,2,2,146,178,2561.912999,31,29,498719.0625,608027.375,0.01,0.002,Normal
3.231846,ospf,-,INT,82,0,5248,0,25.063075,254,0,12832.29395,0.0,39.899332,0.0,Attack
8e-06,unas,-,INT,2,0,200,0,125000.0003,254,0,100000000.0,0.0,0.008,0.0,Attack
0.592793,tcp,http,FIN,10,6,856,268,25.303943,254,252,10404.98145,3022.977783,62.195111,104.816203,Attack
5e-06,udp,dns,INT,2,0,114,0,200000.0051,254,0,91200000.0,0.0,0.005,0.0,Attack
59.49752,ospf,-,INT,54,0,14688,0,0.890793,254,0,1938.366455,0.0,1122.594375,0.0,Attack
9e-06,udp,dns,INT,2,0,114,0,111111.1072,254,0,50666664.0,0.0,0.009,0.0,Attack
59.21376,ospf,-,REQ,96,0,26112,0,1.604357,254,0,3491.080322,0.0,646.310625,0.0,Attack
8e-06,udp,-,INT,2,0,78,0,125000.0003,254,0,39000000.0,0.0,0.008,0.0,Attack
1.594362,tcp,-,FIN,12,10,694,646,13.171413,254,252,3196.262695,2920.290283,144.934724,162.466781,Normal
0.004675,udp,-,CON,4,4,568,320,1497.326211,31,29,728983.9375,410695.1875,1.180667,1.058667,Normal
0.191111,tcp,http,FIN,10,6,868,268,78.488418,254,252,32734.90234,9376.75,19.890667,35.073,Attack
0.794033,tcp,http,FIN,12,8,888,1258,23.928477,62,252,8201.170898,11092.73828,72.095821,103.837859,Attack
0.867678,tcp,smtp,FIN,20,20,2496,1792,44.94755,62,252,21869.86523,15701.67773,45.667262,45.175473,Attack
1.264668,tcp,-,FIN,10,8,564,354,13.442263,254,252,3213.491699,1960.989014,140.518667,174.711281,Attack
3e-06,udp,dns,INT,2,0,114,0,333333.3215,254,0,152000000.0,0.0,0.003,0.0,Attack
0.051096,udp,-,CON,4,4,520,304,136.997026,31,29,61061.53125,35697.51172,11.673,12.689667,Normal
0.872345,tcp,-,FIN,10,6,558,268,17.195032,254,252,4612.854004,2054.233154,93.151667,132.782797,Normal
9e-06,isis,-,INT,2,0,200,0,111111.1072,254,0,88888888.0,0.0,0.009,0.0,Attack
1.55441,tcp,smtp,FIN,42,22,31859,1850,40.529848,62,252,160065.875,9088.979492,37.912438,68.711141,Attack
0.005385,tcp,-,FIN,18,18,3960,2456,6499.535997,31,29,5556175.0,3446611.0,0.292294,0.285588,Normal
3e-06,udp,dns,INT,2,0,114,0,333333.3215,254,0,152000000.0,0.0,0.003,0.0,Attack
1.1e-05,udp,-,INT,2,0,1064,0,90909.0902,254,0,386909088.0,0.0,0.011,0.0,Normal
6e-06,ttp,-,INT,2,0,200,0,166666.6608,254,0,133333328.0,0.0,0.006,0.0,Attack
9e-06,udp,dns,INT,2,0,114,0,111111.1072,254,0,50666664.0,0.0,0.009,0.0,Attack
9e-06,udp,-,INT,2,0,104,0,111111.1072,254,0,46222220.0,0.0,0.009,0.0,Attack
8e-06,eigrp,-,INT,2,0,200,0,125000.0003,254,0,100000000.0,0.0,0.008,0.0,Attack
4e-06,udp,dns,INT,2,0,114,0,250000.0006,254,0,114000000.0,0.0,0.004,0.0,Attack
0.644437,tcp,-,FIN,10,8,2516,354,26.379614,254,252,28117.56641,3848.320312,68.630222,80.224711,Normal
30.050091,ospf,-,INT,20,0,1280,0,0.632278,254,0,323.726135,0.0,1581.583625,0.0,Attack
8e-06,udp,dns,INT,2,0,114,0,125000.0003,254,0,57000000.0,0.0,0.008,0.0,Attack
3e-06,ib,-,INT,2,0,200,0,333333.3215,254,0,266666656.0,0.0,0.003,0.0,Attack
9e-06,ospf,-,INT,2,0,200,0,111111.1072,254,0,88888888.0,0.0,0.009,0.0,Attack
3e-06,udp,dns,INT,2,0,114,0,333333.3215,254,0,152000000.0,0.0,0.003,0.0,Attack
0.354834,tcp,http,FIN,10,8,1398,1480,47.909728,254,252,28385.10547,29196.75195,39.426,43.668855,Attack
0.00178,udp,-,CON,4,4,544,304,3932.58416,31,29,1833707.875,1024719.063,0.449,0.233,Normal
0.53378,tcp,http,FIN,10,8,1040,354,31.848328,254,252,14028.25195,4646.108887,59.217889,67.676289,Attack
0.030946,tcp,-,FIN,72,74,4238,63516,4685.581404,31,29,1080592.0,16198023.0,0.437586,0.415493,Normal
51.011105,ospf,-,INT,42,0,18480,0,0.803747,254,0,2829.187988,0.0,1244.173375,0.0,Attack
0.004858,udp,-,CON,4,4,568,320,1440.92213,31,29,701523.25,395224.3438,1.252,1.117333,Normal
9e-06,sccopmce,-,INT,2,0,200,0,111111.1072,254,0,88888888.0,0.0,0.009,0.0,Attack
1.005825,tcp,http,FIN,12,18,1580,10168,28.832052,31,29,11524.86719,76387.03906,91.403366,59.133115,Normal
0.0,arp,-,INT,1,0,46,0,0.0,0,0,0.0,0.0,60000.832,0.0,Normal
0.193843,tcp,http,FIN,10,6,978,268,77.382209,254,252,36359.32031,9244.594727,19.949556,35.876801,Attack
9e-06,unas,-,INT,2,0,200,0,111111.1072,254,0,88888888.0,0.0,0.009,0.0,Attack
0.369067,tcp,-,FIN,10,6,546,268,40.643025,254,252,10664.72949,4855.486816,40.899444,64.875,Attack
4e-06,udp,-,INT,2,0,104,0,250000.0006,254,0,104000000.0,0.0,0.004,0.0,Normal
4.264696,ospf,-,INT,42,0,2688,0,9.613815,254,0,4922.273438,0.0,104.016977,0.0,Attack
5e-06,udp,-,INT,2,0,2454,0,200000.0051,254,0,1963200000.0,0.0,0.005,0.0,Attack
0.469675,tcp,http,FIN,10,8,1022,354,36.195241,254,252,15670.41016,5280.24707,50.286556,64.476855,Attack
6e-06,ttp,-,INT,2,0,200,0,166666.6608,254,0,133333328.0,0.0,0.006,0.0,Attack
3.82503,tcp,smtp,FIN,486,88,611085,4552,149.802743,62,252,1275447.25,9413.782227,7.917839,43.341633,Attack
0.424037,tcp,-,FIN,10,6,756,268,35.374271,254,252,12847.93555,4226.046387,46.078111,72.472797,Attack
0.0,arp,-,INT,1,0,46,0,0.0,0,0,0.0,0.0,60000.724,0.0,Normal
3e-06,udp,dns,INT,2,0,114,0,333333.3215,254,0,152000000.0,0.0,0.003,0.0,Attack
3e-06,udp,dns,INT,2,0,114,0,333333.3215,254,0,152000000.0,0.0,0.003,0.0,Attack
1.005753,tcp,http,FIN,12,18,1580,10168,28.834116,31,29,11525.69238,76392.50781,91.399364,59.132591,Normal
0.836214,tcp,-,FIN,10,6,756,268,17.937992,254,252,6515.078613,2142.992188,91.065,151.496,Attack
0.001614,udp,-,CON,4,4,520,304,4337.05094,31,29,1933085.5,1130111.5,0.406333,0.217,Normal
9e-06,udp,dns,INT,2,0,114,0,111111.1072,254,0,50666664.0,0.0,0.009,0.0,Attack
3e-06,udp,-,INT,2,0,104,0,333333.3215,254,0,138666656.0,0.0,0.003,0.0,Attack
1.343062,tcp,http,FIN,14,18,1684,10168,23.081584,31,29,9316.025391,57206.58984,103.285695,78.970941,Normal
9e-06,unas,-,INT,2,0,200,0,111111.1072,254,0,88888888.0,0.0,0.009,0.0,Attack
9e-06,udp,-,INT,2,0,236,0,111111.1072,254,0,104888888.0,0.0,0.009,0.0,Attack
9e-06,udp,dns,INT,2,0,114,0,111111.1072,254,0,50666664.0,0.0,0.009,0.0,Attack
7e-06,unas,-,INT,2,0,200,0,142857.1409,254,0,114285712.0,0.0,0.007,0.0,Attack
9e-06,ipv6-opts,-,INT,2,0,200,0,111111.1072,254,0,88888888.0,0.0,0.009,0.0,Attack
0.991735,tcp,-,FIN,10,8,564,354,17.141676,254,252,4097.869141,2500.667969,110.192778,131.793141,Attack
1.285237,tcp,http,FIN,14,16,1524,10276,22.563933,62,252,8813.938477,59967.15234,98.796231,80.976869,Attack
0.004519,udp,-,CON,4,4,568,304,1549.015206,31,29,754149.125,403629.0938,1.206667,1.002333,Normal
4e-06,udp,dns,INT,2,0,114,0,250000.0006,254,0,114000000.0,0.0,0.004,0.0,Attack
47.485291,ospf,-,REQ,70,0,19040,0,1.453082,254,0,3161.905518,0.0,693.785,0.0,Attack
0.826679,tcp,http,FIN,10,8,582,354,20.56421,254,252,5070.89209,2999.955322,91.853222,102.93843,Attack
9e-06,udp,dns,INT,2,0,114,0,111111.1072,254,0,50666664.0,0.0,0.009,0.0,Attack
1e-06,iatp,-,INT,2,0,200,0,1000000.003,254,0,800000000.0,0.0,0.001,0.0,Attack
5e-06,udp,-,INT,2,0,1064,0,200000.0051,254,0,851200000.0,0.0,0.005,0.0,Attack
5e-06,udp,dns,INT,2,0,114,0,200000.0051,254,0,91200000.0,0.0,0.005,0.0,Attack
8e-06,iso-tp4,-,INT,2,0,200,0,125000.0003,254,0,100000000.0,0.0,0.008,0.0,Attack
9e-06,udp,dns,INT,2,0,114,0,111111.1072,254,0,50666664.0,0.0,0.009,0.0,Attack
1e-05,udp,-,INT,2,0,1034,0,100000.0025,254,0,413600000.0,0.0,0.01,0.0,Normal
3e-06,unas,-,INT,2,0,200,0,333333.3215,254,0,266666656.0,0.0,0.003,0.0,Attack
0.901747,tcp,-,FIN,12,8,994,698,21.070212,254,252,8090.961426,5420.589355,80.381273,108.510289,Attack
0.318433,tcp,http,FIN,10,6,2550,268,47.105673,254,252,57657.34375,5627.557617,32.604,52.781801,Attack
0.240783,tcp,http,FIN,10,12,840,8402,87.215457,62,252,25118.05078,255898.4531,26.753667,19.626,Attack
6e-06,ospf,-,INT,2,0,200,0,166666.6608,254,0,133333328.0,0.0,0.006,0.0,Attack
0.001068,udp,dns,CON,2,2,146,178,2808.988808,31,29,546816.5,666666.6875,0.008,0.006,Normal
9e-06,udp,dns,INT,2,0,114,0,111111.1072,254,0,50666664.0,0.0,0.009,0.0,Attack
1.517329,tcp,ftp,FIN,14,12,698,682,16.476321,254,252,3421.80249,3300.536621,116.644228,126.367367,Attack
9e-06,udp,dns,INT,2,0,114,0,111111.1072,254,0,50666664.0,0.0,0.009,0.0,Attack
0.190285,tcp,-,CON,6,2,986,86,36.786925,62,252,34558.6875,1807.814575,38.057,0.008,Normal
0.003925,tcp,http,FIN,8,10,1052,824,4331.210355,31,29,1877197.5,1512356.75,0.512,0.375444,Normal
3e-06,rsvp,-,INT,2,0,200,0,333333.3215,254,0,266666656.0,0.0,0.003,0.0,Attack
0.306978,tcp,-,FIN,10,6,558,268,48.863438,254,252,13108.43164,5837.552246,28.809778,49.501602,Normal
1.6e-05,unas,-,INT,2,0,200,0,62500.00016,254,0,50000000.0,0.0,0.016,0.0,Attack
0.541762,tcp,-,FIN,14,10,774,556,42.454067,254,252,10617.20801,7398.08252,36.331232,52.408223,Attack
9e-06,udp,dns,INT,2,0,114,0,111111.1072,254,0,50666664.0,0.0,0.009,0.0,Attack
0.770768,tcp,-,FIN,16,10,936,556,32.435182,254,252,9112.988281,5200.008301,49.270867,78.721219,Attack
0.0,arp,-,INT,1,0,46,0,0.0,0,0,0.0,0.0,60000.832,0.0,Normal
5e-06,ippc,-,INT,2,0,200,0,200000.0051,254,0,160000000.0,0.0,0.005,0.0,Attack
0.0,arp,-,INT,1,0,46,0,0.0,0,0,0.0,0.0,60000.728,0.0,Normal
8e-06,udp,dns,INT,2,0,114,0,125000.0003,254,0,57000000.0,0.0,0.008,0.0,Attack
9e-06,udp,dns,INT,2,0,114,0,111111.1072,254,0,50666664.0,0.0,0.009,0.0,Attack
2.055696,tcp,http,FIN,10,10,846,1418,9.242612,62,252,2965.418945,4969.606445,228.410667,209.955781,Attack
0.000108,udp,-,INT,2,0,503,0,9259.259244,64,0,18666666.0,0.0,0.108,0.0,Normal
2e-06,prm,-,INT,2,0,200,0,500000.0013,254,0,400000000.0,0.0,0.002,0.0,Attack
3e-06,udp,dns,INT,2,0,114,0,333333.3215,254,0,152000000.0,0.0,0.003,0.0,Attack
32.427242,tcp,-,FIN,20,14,1316,622,1.017663,254,252,308.629395,142.596146,1706.696947,2489.0335,Attack
0.001022,udp,dns,CON,2,2,146,178,2935.420795,31,29,571428.5625,696673.1875,0.004,0.002,Normal
19.602022,tcp,http,FIN,10,12,822,4150,1.071318,62,252,302.009644,1552.901001,2178.001333,1777.805727,Normal
3.205789,tcp,pop3,FIN,68,346,3038,432748,128.829436,62,252,7471.483398,1076797.0,47.847596,9.1468,Attack
5e-06,udp,dns,INT,2,0,114,0,200000.0051,254,0,91200000.0,0.0,0.005,0.0,Attack
0.799116,tcp,-,FIN,10,8,2016,354,21.273507,254,252,18170.07813,3103.429199,87.343333,107.920289,Attack
9e-06,udp,dns,INT,2,0,114,0,111111.1072,254,0,50666664.0,0.0,0.009,0.0,Attack
4e-06,udp,dns,INT,2,0,114,0,250000.0006,254,0,114000000.0,0.0,0.004,0.0,Attack
7e-06,unas,-,INT,2,0,200,0,142857.1409,254,0,114285712.0,0.0,0.007,0.0,Attack
1.013786,tcp,http,FIN,14,18,1684,10168,30.578447,31,29,12341.85547,75787.20313,77.956695,59.600882,Normal
3e-06,udp,dns,INT,2,0,114,0,333333.3215,254,0,152000000.0,0.0,0.003,0.0,Attack
0.001071,udp,dns,CON,2,2,146,178,2801.120432,31,29,545284.75,664799.25,0.008,0.007,Normal
0.001037,udp,dns,CON,2,2,146,178,2892.960519,31,29,563163.0,686595.9375,0.008,0.007,Normal
0.010845,tcp,-,FIN,34,36,2230,13500,6362.379021,31,29,1597049.375,9681881.0,0.319485,0.293429,Normal
9e-06,kryptolan,-,INT,2,0,200,0,111111.1072,254,0,88888888.0,0.0,0.009,0.0,Attack
0.412037,tcp,http,FIN,10,14,936,10516,55.820232,62,252,16367.46289,189594.625,45.781889,24.53123,Attack
0.969633,tcp,-,FIN,10,8,646,354,17.532407,254,252,4801.816895,2557.668701,104.925111,131.797719,Attack
0.920613,tcp,-,FIN,10,8,588,354,18.465957,254,252,4605.626953,2693.857178,102.290333,122.156289,Normal
4e-06,udp,-,INT,2,0,168,0,250000.0006,254,0,168000000.0,0.0,0.004,0.0,Attack
4e-06,mfe-nsp,-,INT,2,0,200,0,250000.0006,254,0,200000000.0,0.0,0.004,0.0,Attack
0.884384,tcp,http,FIN,10,6,890,268,16.960959,254,252,7245.72168,2026.269165,94.825111,163.651406,Attack
9e-06,udp,dns,INT,2,0,114,0,111111.1072,254,0,50666664.0,0.0,0.009,0.0,Attack
0.000947,udp,dns,CON,2,2,146,178,3167.89865,31,29,616684.25,751847.9375,0.001,0.002,Normal
9e-06,udp,dns,INT,2,0,114,0,111111.1072,254,0,50666664.0,0.0,0.009,0.0,Attack
2e-06,udp,-,INT,2,0,1064,0,500000.0013,254,0,2128000000.0,0.0,0.002,0.0,Attack
8e-06,udp,dns,INT,2,0,114,0,125000.0003,254,0,57000000.0,0.0,0.008,0.0,Attack
3.082168,tcp,smtp,FIN,148,38,174284,2544,60.022683,62,252,449312.2813,6431.835938,20.967129,82.015109,Attack
0.610021,tcp,-,FIN,10,6,756,268,24.589318,254,252,8930.839844,2937.60376,66.205444,112.809602,Attack
9e-06,udp,dns,INT,2,0,114,0,111111.1072,254,0,50666664.0,0.0,0.009,0.0,Attack
1e-05,udp,-,INT,2,0,1066,0,100000.0025,254,0,426400000.0,0.0,0.01,0.0,Attack
3.633427,tcp,http,FIN,64,368,3074,474413,118.620798,62,252,6662.580566,1041714.063,57.673444,9.705605,Attack
1.534034,tcp,http,FIN,14,18,1684,10168,20.208157,31,29,8156.272949,50084.9375,117.975613,90.210471,Normal
7e-06,udp,-,REQ,2,0,78,0,142857.1409,254,0,44571428.0,0.0,43706.568,0.0,Attack
8e-06,unas,-,INT,2,0,200,0,125000.0003,254,0,100000000.0,0.0,0.008,0.0,Attack
1e-06,udp,-,INT,2,0,168,0,1000000.003,254,0,672000000.0,0.0,0.001,0.0,Attack
0.314145,tcp,http,FIN,10,6,776,268,47.748651,254,252,17800.69727,5704.37207,31.939889,51.742801,Attack
2.260115,tcp,-,FIN,16,18,1540,1644,14.601028,31,29,5111.244629,5497.06543,150.62626,132.113594,Normal
9e-06,unas,-,INT,2,0,200,0,111111.1072,254,0,88888888.0,0.0,0.009,0.0,Attack
6e-06,udp,dns,INT,2,0,114,0,166666.6608,254,0,76000000.0,0.0,0.006,0.0,Attack
0.012762,tcp,-,FIN,38,40,2438,18508,6033.537133,31,29,1488168.0,11312334.0,0.336541,0.313359,Normal
0.528538,tcp,-,FIN,10,6,920,268,28.380174,254,252,12532.68457,3390.484863,10518.3288,17524.11,Normal
1.39555,tcp,-,FIN,10,8,552,354,12.181577,254,252,2849.055908,1777.077148,149.618556,180.332859,Attack
0.498467,tcp,-,FIN,12,8,1008,722,38.116866,254,252,14829.4668,10143.09863,44.195365,61.269285,Attack
0.380667,tcp,-,FIN,28,30,4480,3080,149.737171,31,29,90788.00781,62584.88281,14.086963,13.110138,Normal
0.004331,udp,-,CON,4,4,568,304,1616.254851,31,29,786885.25,421149.8438,1.164667,0.956333,Normal
0.71371,tcp,-,FIN,10,6,2516,268,21.016939,254,252,25388.46289,2510.82373,79.190778,118.236602,Normal
33.126583,tcp,-,FIN,24,18,2516,1578,1.237677,254,252,582.49292,360.073364,1439.018565,1944.44075,Attack
9e-06,rdp,-,INT,2,0,200,0,111111.1072,254,0,88888888.0,0.0,0.009,0.0,Attack
0.034958,tcp,-,FIN,60,62,3598,48710,3461.296291,31,29,809886.125,10967446.0,0.587254,0.5707,Normal
1.156966,tcp,http,FIN,18,76,1724,90280,80.382658,62,252,11263.94434,616045.75,68.056824,14.300933,Attack
0.027999,tcp,-,FIN,66,68,3926,57474,4750.169543,31,29,1104896.625,16180292.0,0.431906,0.41603,Normal
9e-06,udp,-,INT,2,0,210,0,111111.1072,254,0,93333328.0,0.0,0.009,0.0,Attack
0.524411,tcp,-,FIN,10,6,568,268,28.603518,254,252,7810.66748,3417.166992,56.538778,84.977602,Normal
59.47496,udp,dns,REQ,74,0,19536,0,1.227407,254,0,2592.28418,0.0,842.856625,0.0,Attack
0.019127,tcp,-,FIN,48,50,2958,33044,5071.365053,31,29,1211690.25,13544832.0,0.408696,0.38775,Normal
0.925405,tcp,-,FIN,10,8,564,354,18.370335,254,252,4391.59082,2679.907715,102.822778,123.189141,Attack
0.47426,tcp,http,FIN,10,6,494,268,31.628221,254,252,7506.431152,3778.518066,50.090333,83.466398,Attack
8e-06,udp,dns,INT,2,0,114,0,125000.0003,254,0,57000000.0,0.0,0.008,0.0,Attack
5e-06,unas,-,INT,2,0,200,0,200000.0051,254,0,160000000.0,0.0,0.005,0.0,Attack
0.945261,tcp,-,FIN,12,8,5742,354,20.100269,254,252,44550.66016,2623.614014,82.014911,128.09943,Normal
0.628487,tcp,-,FIN,10,8,564,354,27.049088,254,252,6466.323242,3945.984619,69.276333,88.81857,Attack
1e-05,udp,dns,INT,2,0,114,0,100000.0025,254,0,45600000.0,0.0,0.01,0.0,Attack
0.380609,tcp,-,FIN,10,6,546,268,39.410523,254,252,10341.32129,4708.243652,39.973111,60.990398,Normal
0.001611,udp,-,CON,4,4,528,304,4345.127133,31,29,1966480.375,1132216.0,0.414333,0.202667,Normal
0.780639,tcp,-,FIN,14,12,944,678,32.025046,254,252,8987.508789,6374.265137,59.950385,66.260906,Normal
5e-06,unas,-,INT,2,0,200,0,200000.0051,254,0,160000000.0,0.0,0.005,0.0,Attack
2.256496,tcp,smtp,FIN,24,22,4467,1822,19.942424,254,252,15177.51465,6168.856445,98.108522,101.045336,Attack
2e-06,udp,dns,INT,2,0,114,0,500000.0013,254,0,228000000.0,0.0,0.002,0.0,Attack
0.687888,tcp,http,FIN,10,6,1454,268,21.805875,254,252,15223.4082,2605.075195,66.912889,120.229,Attack
0.026978,tcp,-,FIN,64,66,3806,54798,4781.67411,31,29,1111127.625,16003559.0,0.430065,0.405877,Normal
1.053565,tcp,-,FIN,18,14,9136,764,29.423908,254,252,65522.29688,5391.219238,61.974414,77.178695,Attack
3e-06,ib,-,INT,2,0,200,0,333333.3215,254,0,266666656.0,0.0,0.003,0.0,Attack
8e-06,udp,dns,INT,2,0,114,0,125000.0003,254,0,57000000.0,0.0,0.008,0.0,Attack
0.001014,udp,dns,CON,2,2,130,162,2958.579772,31,29,512820.5,639053.25,0.004,0.007,Normal
8e-06,udp,dns,INT,2,0,114,0,125000.0003,254,0,57000000.0,0.0,0.008,0.0,Attack
0.700308,tcp,-,FIN,10,8,564,354,24.275032,254,252,5803.160645,3541.298828,77.812,95.58143,Attack
9e-06,unas,-,INT,2,0,200,0,111111.1072,254,0,88888888.0,0.0,0.009,0.0,Attack
9e-06,udp,dns,INT,2,0,114,0,111111.1072,254,0,50666664.0,0.0,0.009,0.0,Attack
0.973367,tcp,-,FIN,10,10,608,646,19.519873,254,252,4503.954102,4783.396484,108.051556,101.824891,Attack
1.589881,tcp,-,FIN,14,10,5158,796,14.466492,254,252,24102.43359,3607.817383,119.622076,165.897891,Attack
1.385537,tcp,http,FIN,10,8,792,1862,12.269611,62,252,4116.81543,9411.512695,153.833889,183.825719,Attack
7e-06,udp,dns,INT,2,0,114,0,142857.1409,254,0,65142856.0,0.0,0.007,0.0,Attack
3e-06,gre,-,INT,2,0,200,0,333333.3215,254,0,266666656.0,0.0,0.003,0.0,Attack
1.475559,tcp,smtp,FIN,118,34,134608,2452,102.334099,62,252,723620.0,12903.58398,12.720336,43.561816,Attack
3e-06,udp,dns,INT,2,0,114,0,333333.3215,254,0,152000000.0,0.0,0.003,0.0,Attack
0.495136,tcp,-,FIN,10,6,530,268,30.294707,254,252,7706.973633,3619.207764,52.151333,90.702203,Attack
9e-06,aes-sp3-d,-,INT,2,0,200,0,111111.1072,254,0,88888888.0,0.0,0.009,0.0,Attack
7e-06,udp,dns,INT,2,0,114,0,142857.1409,254,0,65142856.0,0.0,0.007,0.0,Attack
9e-06,unas,-,INT,2,0,200,0,111111.1072,254,0,88888888.0,0.0,0.009,0.0,Attack
0.49108,tcp,http,FIN,10,6,902,268,30.544922,254,252,13227.98731,3649.100098,50.726778,84.086,Attack
38.60482,tcp,http,FIN,20,16,1636,2428,0.906623,62,252,322.239563,471.858185,2031.832579,2568.35825,Attack
0.061049,udp,-,CON,4,4,520,304,114.661994,31,29,51106.48828,29877.63867,15.336667,7.630333,Normal
2.005131,tcp,pop3,FIN,40,158,1818,186186,98.247945,62,252,7073.852051,738138.3125,51.413616,12.177745,Attack
3e-06,udp,dns,INT,2,0,114,0,333333.3215,254,0,152000000.0,0.0,0.003,0.0,Attack
4.107935,tcp,-,FIN,10,8,564,354,4.138332,254,252,989.304871,603.709656,456.437222,568.116437,Attack
0.614727,tcp,-,FIN,10,6,534,268,24.401075,254,252,6259.688965,2915.11499,62.657222,107.038398,Attack
0.001234,udp,dns,CON,2,2,146,178,2431.11838,31,29,473257.7188,576985.4375,0.01,0.006,Normal
0.000994,udp,dns,CON,2,2,146,178,3018.108646,31,29,587525.125,716297.8125,0.008,0.004,Normal
23.497986,tcp,-,FIN,78,80,4550,72810,6.681424,31,29,1529.32251,24478.69336,313.301677,297.434988,Normal
0.370581,tcp,-,FIN,28,30,4256,3080,153.812526,31,29,88596.01563,64288.23828,13.713629,12.761448,Normal
0.001199,udp,dns,CON,2,2,146,178,2502.084968,31,29,487072.5313,593828.1875,0.01,0.007,Normal
1.212552,tcp,-,FIN,10,8,756,354,14.020018,254,252,4493.003418,2045.273193,134.728,144.217281,Attack
9e-06,udp,dns,INT,2,0,114,0,111111.1072,254,0,50666664.0,0.0,0.009,0.0,Attack
5e-06,unas,-,INT,2,0,200,0,200000.0051,254,0,160000000.0,0.0,0.005,0.0,Attack
0.68416,udp,-,CON,4,4,520,304,10.231525,31,29,4560.336914,2666.042969,141.996672,158.673672,Normal
2.437822,tcp,smtp,FIN,24,22,2909,1870,18.459099,62,252,9149.150391,5857.6875,105.953522,113.334094,Attack
5.694788,tcp,-,FIN,10,8,564,354,2.985186,254,252,713.63501,435.485931,629.704444,791.039875,Attack
7e-06,narp,-,INT,2,0,200,0,142857.1409,254,0,114285712.0,0.0,0.007,0.0,Attack
9e-06,udp,dns,INT,2,0,114,0,111111.1072,254,0,50666664.0,0.0,0.009,0.0,Attack
8e-06,udp,-,INT,2,0,168,0,125000.0003,254,0,84000000.0,0.0,0.008,0.0,Attack
1.250951,tcp,http,FIN,14,18,1684,10168,24.781145,31,29,10001.99023,61418.87109,96.200462,73.472412,Normal
2.35059,tcp,http,FIN,22,34,2536,36428,23.398381,62,252,8239.633789,120334.0469,111.932857,69.191426,Attack
5e-06,udp,dns,INT,2,0,114,0,200000.0051,254,0,91200000.0,0.0,0.005,0.0,Attack
0.18764,tcp,-,FIN,10,6,484,268,79.940313,254,252,18588.78711,9550.203125,19.736778,30.809,Normal
1.645335,tcp,-,FIN,18,26,1004,15328,26.134496,62,252,4614.257812,71664.4375,96.784412,62.300161,Attack
0.220655,tcp,-,FIN,10,6,3354,268,67.979427,254,252,109455.9375,8121.275391,19.627111,37.401,Attack
9e-06,udp,dns,INT,2,0,114,0,111111.1072,254,0,50666664.0,0.0,0.009,0.0,Attack
0.873482,tcp,-,FIN,14,8,8854,354,24.041709,254,252,75303.21094,2839.211426,65.553617,113.386,Attack
9e-06,udp,dns,INT,2,0,114,0,111111.1072,254,0,50666664.0,0.0,0.009,0.0,Attack
6e-06,udp,dns,INT,2,0,114,0,166666.6608,254,0,76000000.0,0.0,0.006,0.0,Attack
9e-06,encap,-,INT,2,0,200,0,111111.1072,254,0,88888888.0,0.0,0.009,0.0,Attack
9e-06,unas,-,INT,2,0,200,0,111111.1072,254,0,88888888.0,0.0,0.009,0.0,Attack
1e-05,udp,-,INT,2,0,168,0,100000.0025,254,0,67200000.0,0.0,0.01,0.0,Attack
0.866747,tcp,ftp,FIN,52,54,2934,3742,121.142614,31,29,26563.69141,33901.47266,16.988921,16.342736,Normal
9e-06,udp,-,INT,2,0,168,0,111111.1072,254,0,74666664.0,0.0,0.009,0.0,Attack
1.1e-05,udp,-,INT,2,0,1064,0,90909.0902,254,0,386909088.0,0.0,0.011,0.0,Normal
3e-06,unas,-,INT,2,0,200,0,333333.3215,254,0,266666656.0,0.0,0.003,0.0,Attack
8e-06,udp,dns,INT,2,0,114,0,125000.0003,254,0,57000000.0,0.0,0.008,0.0,Attack
6e-06,udp,dns,INT,2,0,114,0,166666.6608,254,0,76000000.0,0.0,0.006,0.0,Attack
0.031017,tcp,-,FIN,122,126,7810,14540,7963.37496,31,29,1997872.125,3720540.25,0.262333,0.24392,Normal
5e-06,wb-mon,-,INT,2,0,200,0,200000.0051,254,0,160000000.0,0.0,0.005,0.0,Attack
5e-06,unas,-,INT,2,0,200,0,200000.0051,254,0,160000000.0,0.0,0.005,0.0,Attack
0.003881,tcp,http,FIN,8,10,1052,824,4380.314372,31,29,1898479.75,1529502.75,0.506286,0.372556,Normal
1.446897,tcp,-,FIN,12,8,1238,720,13.13155,254,252,6275.498535,3483.316406,131.525364,182.995281,Attack
0.60739,tcp,-,FIN,10,6,534,268,24.69583,254,252,6335.303711,2950.328613,67.487778,101.903797,Normal
23.696779,tcp,http,FIN,168,154,140556,124613,13.546145,254,252,47169.28125,41796.05859,141.891244,158.359471,Attack
0.554351,tcp,http,FIN,10,8,848,354,30.666493,254,252,11025.50586,4473.700195,56.871889,74.50643,Attack
0.719301,tcp,http,FIN,10,8,794,1128,23.634056,62,252,7952.165039,10977.32422,79.922333,81.11657,Normal
0.032028,tcp,-,FIN,64,66,3806,51808,4027.725639,31,29,935931.0625,12744848.0,0.503397,0.484708,Normal
0.091092,udp,-,CON,4,4,520,304,76.845389,31,29,34251.08594,20023.71289,25.343,26.319,Normal
0.475493,tcp,http,FIN,10,8,922,936,35.752365,62,252,13964.45313,13779.38184,52.832556,60.01257,Attack
0.040848,tcp,-,FIN,90,92,5174,83812,4431.061297,31,29,1002154.313,16235996.0,0.455517,0.447411,Normal
0.253872,tcp,ssh,FIN,32,24,3728,5474,216.644602,31,29,113821.1328,165311.6563,8.189419,11.010913,Normal
9e-06,udp,dns,INT,2,0,114,0,111111.1072,254,0,50666664.0,0.0,0.009,0.0,Attack
9e-06,udp,dns,INT,2,0,114,0,111111.1072,254,0,50666664.0,0.0,0.009,0.0,Attack
0.989073,tcp,-,FIN,10,8,564,354,17.187812,254,252,4108.897949,2507.398438,108.300556,133.575859,Attack
1.864948,tcp,-,FIN,10,6,534,268,8.04312,254,252,2063.328369,960.884705,199.072778,353.657812,Attack
5e-06,udp,dns,INT,2,0,114,0,200000.0051,254,0,91200000.0,0.0,0.005,0.0,Attack
8e-06,udp,dns,INT,2,0,114,0,125000.0003,254,0,57000000.0,0.0,0.008,0.0,Attack
0.901256,tcp,http,FIN,10,8,904,354,18.862565,254,252,7225.47168,2751.715332,96.225889,118.332859,Attack
1.141701,tcp,http,FIN,14,18,1684,10168,27.152469,31,29,10959.08691,67296.07813,87.796462,67.128294,Normal
3e-06,udp,dns,INT,2,0,114,0,333333.3215,254,0,152000000.0,0.0,0.003,0.0,Attack
8e-06,udp,dns,INT,2,0,114,0,125000.0003,254,0,57000000.0,0.0,0.008,0.0,Attack
1.811375,tcp,pop3,FIN,40,158,1820,186292,108.757158,62,252,7839.348633,817557.9375,46.445514,11.394427,Attack
1e-05,unas,-,INT,2,0,200,0,100000.0025,254,0,80000000.0,0.0,0.01,0.0,Attack
14.443209,tcp,http,FIN,156,172,137982,130070,22.640398,254,252,75937.69531,71626.1875,93.181993,85.29909,Attack
7e-06,udp,dns,INT,2,0,114,0,142857.1409,254,0,65142856.0,0.0,0.007,0.0,Attack
1.00464,tcp,-,FIN,12,10,1450,804,20.90301,254,252,10590.8584,5765.249512,91.330911,96.957219,Attack
6e-06,udp,-,INT,2,0,104,0,166666.6608,254,0,69333328.0,0.0,0.006,0.0,Attack
9e-06,unas,-,INT,2,0,200,0,111111.1072,254,0,88888888.0,0.0,0.009,0.0,Attack
0.818326,tcp,-,FIN,10,6,756,268,18.330103,254,252,6657.493652,2189.836426,90.741111,149.001,Attack
9e-06,sm,-,INT,2,0,200,0,111111.1072,254,0,88888888.0,0.0,0.009,0.0,Attack
0.0,arp,-,INT,1,0,46,0,0.0,0,0,0.0,0.0,60000.744,0.0,Normal
0.004786,tcp,-,FIN,22,14,1470,1728,7312.996054,31,29,2346845.0,2682824.75,0.2393,0.308923,Normal
3e-06,udp,dns,INT,2,0,114,0,333333.3215,254,0,152000000.0,0.0,0.003,0.0,Attack
1.064705,tcp,http,FIN,12,18,1580,10168,27.237591,31,29,10887.52246,72162.71094,96.750815,62.599176,Normal
9e-06,ddx,-,INT,2,0,200,0,111111.1072,254,0,88888888.0,0.0,0.009,0.0,Attack
1.452283,tcp,smtp,FIN,64,26,63320,1952,61.282821,62,252,343354.5625,10339.58203,23.052112,56.089121,Attack
1.714602,tcp,-,FIN,40,40,2542,18508,46.074833,31,29,11566.53223,84199.13281,43.952103,45.108316,Normal
57.977638,ospf,-,INT,72,0,19584,0,1.22461,254,0,2664.751465,0.0,816.5865,0.0,Attack
9e-06,udp,dns,INT,2,0,114,0,111111.1072,254,0,50666664.0,0.0,0.009,0.0,Attack
8e-06,tcp,-,REQ,2,0,90,0,125000.0003,254,0,45000000.0,0.0,0.008,0.0,Normal
9e-06,udp,dns,INT,2,0,114,0,111111.1072,254,0,50666664.0,0.0,0.009,0.0,Attack
8e-06,udp,dns,INT,2,0,114,0,125000.0003,254,0,57000000.0,0.0,0.008,0.0,Attack
0.038911,tcp,-,FIN,62,62,3718,50036,3161.059863,31,29,752280.875,10121354.0,0.632754,0.638317,Normal
9e-06,srp,-,INT,2,0,200,0,111111.1072,254,0,88888888.0,0.0,0.009,0.0,Attack
3e-06,tlsp,-,INT,2,0,200,0,333333.3215,254,0,266666656.0,0.0,0.003,0.0,Attack
0.221462,tcp,ftp-data,FIN,8,12,424,8824,85.793501,31,29,13401.84766,292203.625,31.585999,19.976818,Normal
5e-06,unas,-,INT,2,0,200,0,200000.0051,254,0,160000000.0,0.0,0.005,0.0,Attack
59.400505,ospf,-,REQ,64,0,17408,0,1.060597,254,0,2307.859131,0.0,954.815563,0.0,Attack
1.289834,tcp,-,FIN,10,8,2530,354,13.17999,254,252,14122.74707,1922.728027,143.313667,172.698578,Normal
1.207527,tcp,-,FIN,10,6,646,268,12.422082,254,252,3855.814209,1484.02478,123.500222,223.209594,Attack
0.0,arp,-,INT,1,0,46,0,0.0,0,0,0.0,0.0,0.0,0.0,Normal
0.568348,tcp,-,FIN,12,8,2024,718,33.430223,254,252,26124.83984,8853.730469,49.71409,74.51057,Attack
3.080958,tcp,ssh,FIN,106,116,9400,12402,71.730938,31,29,24179.49219,31927.73242,29.339447,26.786304,Normal
9e-06,udp,dns,INT,2,0,114,0,111111.1072,254,0,50666664.0,0.0,0.009,0.0,Attack
9e-06,udp,dns,INT,2,0,114,0,111111.1072,254,0,50666664.0,0.0,0.009,0.0,Attack
1e-05,udp,-,INT,2,0,1512,0,100000.0025,254,0,604800000.0,0.0,0.01,0.0,Normal
1e-05,udp,dns,INT,2,0,114,0,100000.0025,254,0,45600000.0,0.0,0.01,0.0,Attack
1.779272,tcp,http,FIN,10,8,848,1372,9.55447,62,252,3435.112793,5399.961426,197.696889,248.402859,Normal
9e-06,sm,-,INT,2,0,200,0,111111.1072,254,0,88888888.0,0.0,0.009,0.0,Attack
8e-06,udp,dns,INT,2,0,114,0,125000.0003,254,0,57000000.0,0.0,0.008,0.0,Attack
6e-06,udp,dns,INT,2,0,114,0,166666.6608,254,0,76000000.0,0.0,0.006,0.0,Attack
0.001007,udp,dns,CON,2,2,130,162,2979.146024,31,29,516385.3125,643495.5625,0.008,0.007,Normal
0.0,arp,-,INT,1,0,46,0,0.0,0,0,0.0,0.0,60000.704,0.0,Normal
1.498977,tcp,-,FIN,14,10,4028,554,15.343798,254,252,19965.61719,2663.149658,115.305917,160.640109,Attack
0.838846,tcp,ftp-data,FIN,8,8,364,864,17.881708,62,252,3042.274658,7209.904785,119.835147,104.547289,Attack
5e-06,udp,dns,INT,2,0,114,0,200000.0051,254,0,91200000.0,0.0,0.005,0.0,Attack
1.1e-05,udp,-,INT,2,0,2018,0,90909.0902,254,0,733818176.0,0.0,0.011,0.0,Normal
58.79575,ospf,-,REQ,26,0,2808,0,0.425201,254,0,367.373505,0.0,2462.9945,0.0,Attack
6e-06,unas,-,INT,2,0,200,0,166666.6608,254,0,133333328.0,0.0,0.006,0.0,Attack
8e-06,ddp,-,INT,2,0,200,0,125000.0003,254,0,100000000.0,0.0,0.008,0.0,Attack
0.741435,tcp,-,FIN,10,6,2516,268,20.231039,254,252,24439.0957,2416.934814,75.292889,123.084398,Attack
1.761901,tcp,-,FIN,78,80,4550,72810,89.108297,31,29,20396.15234,326465.5625,22.877754,22.294975,Normal
0.675752,tcp,ssl,FIN,10,8,1314,354,25.157159,254,252,14005.13867,3669.985596,59.482556,87.838,Attack
1e-06,merit-inp,-,INT,2,0,200,0,1000000.003,254,0,800000000.0,0.0,0.001,0.0,Attack
8e-06,udp,dns,INT,2,0,114,0,125000.0003,254,0,57000000.0,0.0,0.008,0.0,Attack
4e-06,visa,-,INT,2,0,200,0,250000.0006,254,0,200000000.0,0.0,0.004,0.0,Attack
9e-06,unas,-,INT,2,0,200,0,111111.1072,254,0,88888888.0,0.0,0.009,0.0,Attack
1.000127,tcp,-,FIN,22,10,17784,828,30.996065,254,252,135790.7656,5967.242188,46.128142,100.429109,Attack
1e-06,unas,-,INT,2,0,200,0,1000000.003,254,0,800000000.0,0.0,0.001,0.0,Attack
2.439612,tcp,pop3,FIN,24,42,1150,31506,26.643582,62,252,3616.96875,100855.3828,106.07009,58.904804,Attack
1e-05,udp,dns,INT,2,0,114,0,100000.0025,254,0,45600000.0,0.0,0.01,0.0,Attack
0.75564,tcp,-,FIN,20,8,17286,354,35.731302,254,252,173860.5781,3281.986328,39.718105,97.671141,Attack
1.211654,tcp,-,FIN,24,20,3538,1782,35.488681,254,252,22389.23047,11178.10938,51.680741,60.852895,Attack
2.097753,tcp,http,FIN,308,746,16498,1087890,501.965663,31,29,62714.72266,4143221.75,6.831984,2.815068,Normal
5e-06,unas,-,INT,2,0,200,0,200000.0051,254,0,160000000.0,0.0,0.005,0.0,Attack
1.168055,tcp,ftp-data,FIN,8,10,364,3754,14.554108,62,252,2184.828613,23142.74414,166.742853,122.212222,Attack
1e-05,udp,dns,INT,2,0,114,0,100000.0025,254,0,45600000.0,0.0,0.01,0.0,Attack
0.00104,udp,dns,CON,2,2,146,178,2884.615377,31,29,561538.4375,684615.375,0.004,0.007,Normal
0.423322,tcp,-,FIN,28,30,4616,3080,134.649277,31,29,84134.53906,56278.67188,15.667074,14.577552,Normal
9e-06,udp,dns,INT,2,0,114,0,111111.1072,254,0,50666664.0,0.0,0.009,0.0,Attack
3e-06,udp,dns,INT,2,0,114,0,333333.3215,254,0,152000000.0,0.0,0.003,0.0,Attack
9e-06,udp,dns,INT,2,0,114,0,111111.1072,254,0,50666664.0,0.0,0.009,0.0,Attack
1.720493,tcp,ftp,FIN,22,22,1198,1656,24.992837,62,252,5319.405762,7351.381348,81.928237,80.165711,Attack
4.048687,tcp,ftp,FIN,52,54,2934,3740,25.934334,31,29,5686.781738,7253.709473,79.379805,76.380508,Normal
9e-06,udp,dns,INT,2,0,114,0,111111.1072,254,0,50666664.0,0.0,0.009,0.0,Attack
3e-06,tlsp,-,INT,2,0,200,0,333333.3215,254,0,266666656.0,0.0,0.003,0.0,Attack
0.092866,tcp,-,FIN,60,62,3598,48710,1302.952592,31,29,304869.375,4128529.0,1.568746,1.513787,Normal
7e-06,udp,dns,INT,2,0,114,0,142857.1409,254,0,65142856.0,0.0,0.007,0.0,Attack
0.218058,tcp,-,FIN,40,42,2542,23508,371.460796,31,29,90948.28125,841941.125,5.729289,5.30422,Normal
2.070996,tcp,-,FIN,12,10,994,802,10.140048,254,252,3522.942627,2788.996094,188.259634,218.42,Attack
1.006603,tcp,http,FIN,12,18,1580,10168,28.809769,31,29,11515.95996,76328.00781,91.475094,59.183179,Normal
0.069833,tcp,-,FIN,48,50,2958,33044,1389.028051,31,29,331877.4688,3709879.0,1.511326,1.414041,Normal
9e-06,udp,dns,INT,2,0,114,0,111111.1072,254,0,50666664.0,0.0,0.009,0.0,Attack
0.700112,tcp,http,FIN,10,6,508,268,21.425144,254,252,5233.448242,2559.590576,77.677556,113.224203,Normal
3e-06,udp,dns,INT,2,0,114,0,333333.3215,254,0,152000000.0,0.0,0.003,0.0,Attack
9e-06,udp,dns,INT,2,0,114,0,111111.1072,254,0,50666664.0,0.0,0.009,0.0,Attack
0.574375,tcp,http,FIN,10,6,806,268,26.115344,254,252,10111.86133,3119.913086,63.806111,102.416203,Attack
1.965955,tcp,smtp,FIN,52,24,42298,1942,38.149398,62,252,168813.625,7576.979004,38.548138,82.334219,Attack
12.960367,tcp,-,FIN,122,126,7816,15132,19.058102,31,29,4785.049805,9266.404297,111.723102,103.678613,Normal
0.836428,tcp,-,FIN,10,6,546,268,17.933403,254,252,4705.725098,2142.443848,83.691111,145.386406,Normal
9e-06,unas,-,INT,2,0,200,0,111111.1072,254,0,88888888.0,0.0,0.009,0.0,Attack
2.584154,tcp,-,FIN,28,68,1454,69902,36.762516,62,252,4343.394531,213222.5938,95.709406,37.924523,Attack
0.008864,tcp,-,FIN,34,36,2230,13500,7784.295643,31,29,1953971.0,11845667.0,0.267188,0.244941,Normal
9e-06,srp,-,INT,2,0,200,0,111111.1072,254,0,88888888.0,0.0,0.009,0.0,Attack
8e-06,udp,dns,INT,2,0,114,0,125000.0003,254,0,57000000.0,0.0,0.008,0.0,Attack
9e-06,udp,dns,INT,2,0,114,0,111111.1072,254,0,50666664.0,0.0,0.009,0.0,Attack
8e-06,unas,-,INT,2,0,200,0,125000.0003,254,0,100000000.0,0.0,0.008,0.0,Attack
0.032724,tcp,ftp,FIN,52,54,2934,3742,3208.654148,31,29,703581.4375,897934.25,0.660959,0.600491,Normal
0.004348,tcp,-,FIN,22,14,1470,1728,8049.677928,31,29,2583256.75,2953081.75,0.228842,0.284923,Normal
3e-06,udp,dns,INT,2,0,114,0,333333.3215,254,0,152000000.0,0.0,0.003,0.0,Attack
8e-06,udp,dns,INT,2,0,114,0,125000.0003,254,0,57000000.0,0.0,0.008,0.0,Attack
9e-06,udp,dns,INT,2,0,114,0,111111.1072,254,0,50666664.0,0.0,0.009,0.0,Attack
0.0,arp,-,INT,1,0,46,0,0.0,0,0,0.0,0.0,0.0,0.0,Normal
59.481392,udp,dns,INT,68,0,5304,0,1.126403,254,0,702.875305,0.0,887.782,0.0,Attack
1.046473,tcp,http,FIN,10,10,828,1230,18.156225,62,252,5702.96582,8462.711914,116.274778,108.051219,Attack
1.026023,tcp,-,FIN,10,8,564,354,16.568829,254,252,3960.924805,2417.099854,113.029222,144.295141,Attack
0.815449,tcp,-,FIN,16,10,1056,556,30.657957,254,252,9712.44043,4915.083496,53.578334,84.338664,Normal
2.4e-05,argus,-,INT,2,0,180,0,41666.66519,254,0,29999998.0,0.0,0.024,0.0,Attack
0.615675,tcp,http,FIN,10,8,870,1386,27.611972,62,252,10174.19922,15761.56348,68.408333,81.533711,Normal
1.061295,tcp,-,CON,6,2,978,86,6.595715,62,252,6143.437988,324.132294,212.259,0.007,Normal
1e-06,ipv6-route,-,INT,2,0,200,0,1000000.003,254,0,800000000.0,0.0,0.001,0.0,Attack
1.73706,tcp,http,FIN,14,18,1684,10168,17.846246,31,29,7202.975586,44231.05859,133.592688,102.147647,Normal
7e-06,udp,dns,INT,2,0,114,0,142857.1409,254,0,65142856.0,0.0,0.007,0.0,Attack
0.034081,tcp,-,FIN,72,74,4238,63516,4254.569891,31,29,981191.8125,14708019.0,0.475549,0.464778,Normal
0.499996,tcp,ftp-data,FIN,8,10,364,3754,34.000272,62,252,5104.040527,54064.43359,71.427998,49.381111,Attack
1.317644,tcp,-,FIN,16,18,1540,1644,25.044701,31,29,8767.163086,9428.950195,87.820598,77.440297,Normal
9e-06,unas,-,INT,2,0,200,0,111111.1072,254,0,88888888.0,0.0,0.009,0.0,Attack
2e-06,udp,dns,INT,2,0,114,0,500000.0013,254,0,228000000.0,0.0,0.002,0.0,Attack
4.7e-05,swipe,-,INT,1,0,60,0,0.0,0,0,0.0,0.0,0.0,0.0,Attack
1.893689,tcp,http,FIN,320,746,17122,1087890,562.394342,31,29,72108.98438,4589695.5,5.935357,2.541125,Normal
0.044941,tcp,-,FIN,60,62,3598,48710,2692.418911,31,29,629981.5,8531185.0,0.78293,0.747458,Normal
3.322463,tcp,pop3,FIN,22,20,1044,2932,12.340243,62,252,2400.628662,6708.276367,158.212521,168.249375,Attack
5e-06,skip,-,INT,2,0,200,0,200000.0051,254,0,160000000.0,0.0,0.005,0.0,Attack
0.024102,tcp,smtp,FIN,54,40,37938,3276,3858.600863,31,29,12359472.0,1060492.875,0.448208,0.604359,Normal
5e-06,udp,-,INT,2,0,174,0,200000.0051,254,0,139200000.0,0.0,0.005,0.0,Normal
0.98577,tcp,-,FIN,10,8,534,354,17.245402,254,252,3903.547607,2515.799805,101.173,129.573141,Normal
4e-06,udp,dns,INT,2,0,114,0,250000.0006,254,0,114000000.0,0.0,0.004,0.0,Attack
0.935408,tcp,-,FIN,10,6,2516,268,16.035783,254,252,19371.22656,1915.741577,100.918889,163.388,Attack
9e-06,udp,dns,INT,2,0,114,0,111111.1072,254,0,50666664.0,0.0,0.009,0.0,Attack
0.243286,tcp,http,FIN,10,6,978,268,61.655829,254,252,28970.01953,7365.816406,23.617111,44.020199,Attack
2e-05,udp,dns,INT,2,0,114,0,50000.00126,254,0,22800000.0,0.0,0.02,0.0,Attack
0.815076,tcp,http,FIN,18,12,11902,5556,35.579505,62,252,110330.8203,49987.97656,47.890646,69.929726,Attack
2.478463,tcp,-,FIN,10,8,534,354,6.85909,254,252,1552.575195,1000.620178,275.330333,341.409156,Attack
0.531906,tcp,http,FIN,10,6,874,268,28.200471,254,252,11836.67773,3369.016357,59.100667,95.376,Attack
9e-06,udp,dns,INT,2,0,114,0,111111.1072,254,0,50666664.0,0.0,0.009,0.0,Attack
1.671543,tcp,pop3,FIN,22,36,1024,26716,34.10023,62,252,4680.705078,124311.4922,79.597284,44.560944,Attack
0.500128,tcp,-,FIN,10,6,540,268,29.992324,254,252,7774.010254,3583.083008,48.846889,90.603203,Normal
0.669362,tcp,http,FIN,10,14,792,7108,34.361078,62,252,8521.546875,78893.03125,74.225556,45.290922,Attack
9e-06,udp,dns,INT,2,0,114,0,111111.1072,254,0,50666664.0,0.0,0.009,0.0,Attack
1.1e-05,sun-nd,-,INT,1,0,60,0,0.0,0,0,0.0,0.0,0.0,0.0,Attack
0.630221,tcp,-,FIN,10,8,564,354,26.974664,254,252,6448.53125,3935.127441,70.024556,86.60543,Attack
9e-06,unas,-,INT,2,0,200,0,111111.1072,254,0,88888888.0,0.0,0.009,0.0,Attack
9e-06,secure-vmtp,-,INT,2,0,200,0,111111.1072,254,0,88888888.0,0.0,0.009,0.0,Attack
1.65427,tcp,-,FIN,16,12,914,642,16.321398,254,252,4144.42627,2848.38623,110.256466,143.999,Normal
9e-06,udp,-,INT,2,0,168,0,111111.1072,254,0,74666664.0,0.0,0.009,0.0,Attack
0.892373,tcp,-,FIN,10,6,2516,268,16.809114,254,252,20305.41016,2008.128784,99.139222,165.170406,Attack
1e-05,udp,dns,INT,2,0,114,0,100000.0025,254,0,45600000.0,0.0,0.01,0.0,Attack
1e-05,udp,-,INT,2,0,530,0,100000.0025,254,0,212000000.0,0.0,0.01,0.0,Attack
0.614854,tcp,-,FIN,10,8,684,354,27.648841,254,252,8014.911133,4033.478027,64.852778,75.794711,Attack
6e-06,uti,-,INT,2,0,200,0,166666.6608,254,0,133333328.0,0.0,0.006,0.0,Attack
3e-06,udp,dns,INT,2,0,114,0,333333.3215,254,0,152000000.0,0.0,0.003,0.0,Attack
1.092298,tcp,-,FIN,10,8,564,354,15.563518,254,252,3720.596191,2270.442627,119.879444,145.688859,Attack
1e-06,udp,-,INT,2,0,168,0,1000000.003,254,0,672000000.0,0.0,0.001,0.0,Attack
9e-06,udp,dns,INT,2,0,114,0,111111.1072,254,0,50666664.0,0.0,0.009,0.0,Attack
3.401425,tcp,-,FIN,270,512,15428,645754,229.609657,31,29,36151.90625,1515818.875,12.882742,6.655454,Normal
6e-06,unas,-,INT,2,0,200,0,166666.6608,254,0,133333328.0,0.0,0.006,0.0,Attack
6e-06,udp,-,INT,2,0,104,0,166666.6608,254,0,69333328.0,0.0,0.006,0.0,Attack
4e-06,udp,-,INT,2,0,1064,0,250000.0006,254,0,1064000000.0,0.0,0.004,0.0,Attack
9e-06,udp,dns,INT,2,0,114,0,111111.1072,254,0,50666664.0,0.0,0.009,0.0,Attack
1.18882,tcp,-,FIN,10,8,546,354,14.299894,254,252,3310.845947,2086.102295,10447.3442,13056.435,Attack
1.223749,tcp,-,FIN,122,126,7816,15092,201.838769,31,29,50677.05859,97882.8125,10.110819,9.786008,Normal
0.360464,tcp,-,FIN,28,30,4480,3080,158.129519,31,29,95876.42188,66092.59375,13.338519,12.410759,Normal
0.057434,tcp,-,FIN,22,24,1920,4312,783.508026,31,29,255319.1563,575686.875,2.713905,2.471261,Normal
9e-06,udp,dns,INT,2,0,114,0,111111.1072,254,0,50666664.0,0.0,0.009,0.0,Attack
1e-06,udp,-,INT,2,0,104,0,1000000.003,254,0,416000000.0,0.0,0.001,0.0,Normal
0.014961,tcp,-,FIN,40,42,2542,23508,5414.076744,31,29,1325579.875,12271373.0,0.375487,0.351268,Normal
1.974706,tcp,smtp,FIN,20,20,3414,1690,19.749775,62,252,13142.20898,6506.284668,103.931895,100.302,Attack
9e-06,udp,dns,INT,2,0,114,0,111111.1072,254,0,50666664.0,0.0,0.009,0.0,Attack
3.808783,tcp,-,FIN,432,858,24328,1094788,338.428307,31,29,50981.11328,2296824.0,8.836364,4.448975,Normal
1e-06,ipv6-frag,-,INT,2,0,200,0,1000000.003,254,0,800000000.0,0.0,0.001,0.0,Attack
3e-06,udp,dns,INT,2,0,114,0,333333.3215,254,0,152000000.0,0.0,0.003,0.0,Attack
9e-06,isis,-,INT,2,0,200,0,111111.1072,254,0,88888888.0,0.0,0.009,0.0,Attack
8e-06,sccopmce,-,INT,2,0,200,0,125000.0003,254,0,100000000.0,0.0,0.008,0.0,Attack
0.520046,tcp,ftp,FIN,14,12,1206,856,48.072671,254,252,17229.24609,12075.85449,39.948922,41.766184,Attack
0.046365,tcp,ftp-data,FIN,6,8,320,1930,280.383908,31,29,46069.23438,291426.7188,9.21,6.555714,Normal
2.300599,tcp,ftp,FIN,52,54,2934,3742,45.640286,31,29,10007.82813,12772.3252,45.103567,43.398586,Normal
0.0048,tcp,-,FIN,22,14,1470,1728,7291.66632,31,29,2340000.0,2674999.75,0.24,0.311154,Normal
6e-06,unas,-,INT,2,0,200,0,166666.6608,254,0,133333328.0,0.0,0.006,0.0,Attack
7e-06,unas,-,INT,2,0,200,0,142857.1409,254,0,114285712.0,0.0,0.007,0.0,Attack
3e-06,udp,dns,INT,2,0,114,0,333333.3215,254,0,152000000.0,0.0,0.003,0.0,Attack
0.004904,tcp,ftp-data,FIN,8,12,424,8824,3874.388185,31,29,605220.1875,13195758.0,0.655286,0.401455,Normal
2e-06,wb-expak,-,INT,2,0,200,0,500000.0013,254,0,400000000.0,0.0,0.002,0.0,Attack
0.503983,tcp,-,FIN,10,6,618,268,29.762907,254,252,8841.567383,3555.675293,10367.425,17281.518,Attack
8e-06,udp,dns,INT,2,0,114,0,125000.0003,254,0,57000000.0,0.0,0.008,0.0,Attack
6e-06,udp,dns,INT,2,0,114,0,166666.6608,254,0,76000000.0,0.0,0.006,0.0,Attack
8e-06,udp,dns,INT,2,0,114,0,125000.0003,254,0,57000000.0,0.0,0.008,0.0,Attack
1.526711,tcp,-,FIN,10,8,536,354,11.135048,254,252,2530.930908,1624.406982,169.574667,201.366859,Normal
0.004211,tcp,-,FIN,22,14,1470,1728,8311.56462,31,29,2667299.75,3049156.75,0.21055,0.273538,Normal
1e-06,udp,-,INT,2,0,104,0,1000000.003,254,0,416000000.0,0.0,0.001,0.0,Attack
9e-06,udp,-,INT,2,0,196,0,111111.1072,254,0,87111112.0,0.0,0.009,0.0,Attack
9e-06,udp,dns,INT,2,0,114,0,111111.1072,254,0,50666664.0,0.0,0.009,0.0,Attack
2.480012,tcp,-,FIN,12,10,3030,808,8.467701,254,252,8961.24707,2348.375732,218.259369,256.045219,Attack
7e-06,unas,-,INT,2,0,200,0,142857.1409,254,0,114285712.0,0.0,0.007,0.0,Attack
3e-06,udp,dns,INT,2,0,114,0,333333.3215,254,0,152000000.0,0.0,0.003,0.0,Attack
0.4906,tcp,http,FIN,10,6,880,268,30.574807,254,252,12914.79883,3652.670166,52.369889,81.410602,Attack
0.00102,udp,dns,CON,2,2,146,178,2941.176566,31,29,572549.0625,698039.25,0.006,0.004,Normal
1.053998,tcp,smtp,FIN,92,30,99816,2262,114.800978,62,252,749390.4375,16599.65234,11.582395,36.106242,Attack
0.649819,tcp,http,FIN,10,8,816,1120,26.16113,62,252,9048.672852,12064.89746,72.202111,78.58343,Attack
4.442704,tcp,smtp,FIN,38,22,30858,1796,13.2802,62,252,54103.98438,3088.209229,123.407023,207.158375,Attack
9e-06,encap,-,INT,2,0,200,0,111111.1072,254,0,88888888.0,0.0,0.009,0.0,Attack
1e-05,udp,dns,INT,2,0,114,0,100000.0025,254,0,45600000.0,0.0,0.01,0.0,Attack
3.079029,tcp,smtp,FIN,26,24,7955,1948,15.914108,62,252,19876.39648,4850.879883,123.160521,129.695914,Attack
2.295792,tcp,ftp,FIN,52,54,2934,3740,45.735849,31,29,10028.78223,12792.09863,45.009215,43.30632,Normal
0.816871,tcp,-,FIN,10,6,2516,268,18.362753,254,252,22182.20508,2193.736816,88.937333,147.850594,Attack
3e-06,udp,dns,INT,2,0,114,0,333333.3215,254,0,152000000.0,0.0,0.003,0.0,Attack
0.754656,tcp,-,FIN,10,8,564,354,22.52682,254,252,5385.234863,3286.265381,83.850667,105.481859,Attack
0.203618,udp,-,CON,2,2,136,104,14.733471,254,60,2671.669434,2043.041382,0.006,0.005,Attack
0.012968,tcp,-,FIN,16,18,1540,1644,2544.725473,31,29,890808.125,958050.5625,0.844067,0.735882,Normal
0.013313,tcp,-,FIN,16,18,1540,1644,2478.780123,31,29,867723.25,933223.1875,0.8662,0.756412,Normal
1.859432,tcp,http,FIN,58,16,68117,698,39.259301,254,252,288014.8438,2818.064941,31.122001,112.687203,Normal
2e-06,udp,dns,INT,2,0,114,0,500000.0013,254,0,228000000.0,0.0,0.002,0.0,Attack
0.994179,tcp,http,FIN,10,10,842,1474,19.111246,62,252,6099.505371,10678.15723,110.359111,102.276445,Attack
7e-06,vmtp,-,INT,2,0,200,0,142857.1409,254,0,114285712.0,0.0,0.007,0.0,Attack
0.041998,tcp,ssh,FIN,32,24,3728,5474,1309.586203,31,29,688032.75,999285.6875,1.399933,1.797826,Normal
3e-06,udp,dns,INT,2,0,114,0,333333.3215,254,0,152000000.0,0.0,0.003,0.0,Attack
0.99672,tcp,-,FIN,22,10,17758,790,31.102014,254,252,136054.25,5706.717773,45.119429,97.653445,Attack
7e-06,udp,dns,INT,2,0,114,0,142857.1409,254,0,65142856.0,0.0,0.007,0.0,Attack
0.002908,tcp,ftp-data,FIN,6,8,320,1930,4470.426373,31,29,734525.4375,4646492.5,0.5186,0.340286,Normal
1e-05,udp,dns,INT,2,0,114,0,100000.0025,254,0,45600000.0,0.0,0.01,0.0,Attack
0.103979,tcp,-,CON,4,2,192,96,48.086633,62,252,11079.16016,3693.053467,34.659667,0.002,Normal
1.004929,tcp,http,FIN,12,18,1580,10168,28.857762,31,29,11535.14356,76455.15625,91.326365,59.086176,Normal
1.015988,tcp,-,FIN,12,8,994,714,18.701008,254,252,7181.187012,4921.317871,87.316455,124.956711,Attack
7.171936,udp,dns,INT,36,0,7956,0,4.880133,254,0,8628.075195,0.0,204.912453,0.0,Attack
0.997557,tcp,http,FIN,10,12,834,3632,21.051429,62,252,6022.713379,26705.24219,110.839667,81.160088,Attack
0.000968,udp,dns,CON,2,2,146,178,3099.173623,31,29,603305.8125,735537.1875,0.001,0.007,Normal
3e-06,udp,dns,INT,2,0,114,0,333333.3215,254,0,152000000.0,0.0,0.003,0.0,Attack
0.035185,udp,-,CON,4,4,520,304,198.948405,31,29,88674.14844,51840.26953,6.677333,7.673333,Normal
2.005973,tcp,http,FIN,20,58,1216,69361,38.38536,62,252,4610.231445,271852.0938,105.570263,34.117842,Attack
6e-06,unas,-,INT,2,0,200,0,166666.6608,254,0,133333328.0,0.0,0.006,0.0,Attack
0.34186,tcp,-,FIN,10,6,486,268,43.877611,254,252,10249.80957,5241.912109,36.373333,60.983,Attack
0.962763,tcp,-,FIN,10,10,608,646,19.734867,254,252,4553.561035,4836.081055,106.973667,95.566891,Attack
4.468054,tcp,http,FIN,342,746,18266,1087890,243.282656,31,29,32610.17188,1945244.25,13.101871,5.996702,Normal
0.002736,tcp,ftp-data,FIN,6,8,320,1930,4751.461795,31,29,780701.75,4938596.5,0.4856,0.325143,Normal
3e-06,udp,dns,INT,2,0,114,0,333333.3215,254,0,152000000.0,0.0,0.003,0.0,Attack
9e-06,udp,dns,INT,2,0,114,0,111111.1072,254,0,50666664.0,0.0,0.009,0.0,Attack
2.212278,tcp,ftp,FIN,22,22,1202,1644,19.43698,62,252,4151.377441,5677.40625,105.302568,103.839811,Attack
1.006912,tcp,http,FIN,12,18,1580,10168,28.800928,31,29,11512.42578,76304.58594,91.505271,59.200176,Normal
2.4e-05,argus,-,INT,2,0,180,0,41666.66519,254,0,29999998.0,0.0,0.024,0.0,Attack
3.361373,tcp,pop3,FIN,22,22,1044,2860,12.792392,62,252,2372.839844,6497.345215,160.065387,155.208859,Attack
59.309559,ospf,-,REQ,42,0,4536,0,0.691288,254,0,597.27301,0.0,1447.081,0.0,Attack
1.072302,tcp,-,FIN,10,8,564,354,15.853743,254,252,3789.977051,2312.78125,114.428111,143.070281,Attack
3e-06,udp,dns,INT,2,0,114,0,333333.3215,254,0,152000000.0,0.0,0.003,0.0,Attack
1.1e-05,udp,dns,INT,2,0,114,0,90909.0902,254,0,41454544.0,0.0,0.011,0.0,Attack
0.028864,tcp,-,FIN,68,70,4014,59460,4746.396897,31,29,1096175.125,16244734.0,0.432303,0.410536,Normal
0.903538,tcp,-,FIN,14,12,1090,678,27.669008,254,252,8969.185547,5507.239258,69.452464,74.887453,Normal
1e-05,udp,dns,INT,2,0,408,0,100000.0025,254,0,163200000.0,0.0,0.01,0.0,Attack
3e-06,udp,dns,INT,2,0,114,0,333333.3215,254,0,152000000.0,0.0,0.003,0.0,Attack
9e-06,udp,dns,INT,2,0,114,0,111111.1072,254,0,50666664.0,0.0,0.009,0.0,Attack
0.001023,udp,dns,CON,2,2,146,178,2932.551349,31,29,570870.0,695992.1875,0.005,0.006,Normal
8e-06,udp,dns,INT,2,0,114,0,125000.0003,254,0,57000000.0,0.0,0.008,0.0,Attack
2.226235,tcp,-,FIN,12,10,994,830,9.432967,254,252,3277.282227,2684.352783,197.000727,237.635328,Attack
0.001746,udp,-,CON,4,4,520,304,4009.163749,31,29,1786941.5,1044673.5,0.443667,0.218,Normal
3e-06,udp,dns,INT,2,0,114,0,333333.3215,254,0,152000000.0,0.0,0.003,0.0,Attack
0.824887,tcp,http,FIN,14,36,1344,42036,59.402077,254,252,12103.47656,396359.75,61.647767,21.7026,Attack
0.001028,udp,dns,CON,2,2,146,178,2918.287859,31,29,568093.375,692607.0,0.008,0.006,Normal
0.672293,tcp,http,FIN,12,8,896,1066,28.261487,62,252,9781.449219,11102.30176,61.117545,84.26343,Attack
0.486075,tcp,-,FIN,10,6,534,268,30.859434,254,252,7916.473633,3686.673828,48.637111,81.624602,Normal
1.874862,tcp,smtp,FIN,66,26,65174,2070,48.536907,62,252,273884.6875,8495.558594,28.84403,71.822242,Attack
0.98568,tcp,-,FIN,10,6,534,268,15.217921,254,252,3903.904053,1818.034302,99.625333,175.923,Normal
8.685954,tcp,-,FIN,232,438,13350,548216,77.0209,31,29,12243.21484,503769.6563,37.600178,19.875169,Normal
0.704585,tcp,ftp,FIN,12,12,576,682,32.643328,254,252,5995.018066,7107.72998,64.053183,50.05309,Attack
0.885824,tcp,ssh,FIN,70,60,12472,12716,145.627118,31,29,111028.8281,112934.3984,12.838029,15.002746,Normal
0.074784,tcp,-,FIN,48,50,2958,32642,1297.068836,31,29,309905.8438,3422122.25,1.619065,1.515939,Normal
4e-06,udp,dns,INT,2,0,114,0,250000.0006,254,0,114000000.0,0.0,0.004,0.0,Attack
0.066836,tcp,-,FIN,52,54,3182,39076,1571.009648,31,29,373571.125,4590699.5,1.304412,1.250283,Normal
8e-06,udp,dns,INT,2,0,114,0,125000.0003,254,0,57000000.0,0.0,0.008,0.0,Attack
0.131892,tcp,-,FIN,78,80,4550,72810,1190.367916,31,29,272465.375,4361144.0,1.75432,1.704545,Normal
0.102652,tcp,smtp,FIN,52,42,37492,3380,905.973595,31,29,2865682.25,257179.5938,2.087959,2.490366,Normal
0.188821,tcp,smtp,FIN,52,40,37210,3276,481.937913,31,29,1546226.25,135366.2969,3.76962,4.828795,Normal
8e-06,udp,dns,INT,2,0,114,0,125000.0003,254,0,57000000.0,0.0,0.008,0.0,Attack
0.034888,tcp,-,FIN,68,70,4014,59460,3926.851719,31,29,906902.125,13439808.0,0.523818,0.498435,Normal
0.004467,udp,-,CON,4,4,568,312,1567.04731,31,29,762928.1875,419073.2188,1.192667,0.996667,Normal
9e-06,udp,dns,INT,2,0,114,0,111111.1072,254,0,50666664.0,0.0,0.009,0.0,Attack
8e-06,udp,dns,INT,2,0,114,0,125000.0003,254,0,57000000.0,0.0,0.008,0.0,Attack
0.523895,tcp,-,FIN,12,8,1354,732,36.266807,254,252,18965.63086,9788.220703,43.872636,61.72757,Attack
1e-06,udp,dns,INT,2,0,114,0,1000000.003,254,0,456000000.0,0.0,0.001,0.0,Attack
2.241924,tcp,pop3,FIN,30,94,1392,104160,54.863589,62,252,4803.01709,367727.0,77.307726,23.200761,Attack
1.023965,tcp,http,FIN,12,18,1580,10168,28.32128,31,29,11320.69922,75033.8125,93.055273,60.201056,Normal
3e-06,unas,-,INT,2,0,200,0,333333.3215,254,0,266666656.0,0.0,0.003,0.0,Attack
7.181731,tcp,-,FIN,52,216,2466,271874,37.177665,62,252,2694.61499,301449.3125,140.798093,32.987767,Attack
0.41392,tcp,http,FIN,12,8,4436,1056,45.902592,254,252,78604.5625,17858.52344,37.62909,53.843,Attack
0.001048,udp,dns,CON,2,2,130,162,2862.595564,31,29,496183.2188,618320.625,0.009,0.005,Normal
0.039623,tcp,-,FIN,90,92,5174,83812,4568.053939,31,29,1033137.313,16737955.0,0.446784,0.429099,Normal
1.695077,tcp,smtp,FIN,52,24,49590,1942,44.245779,62,252,229544.75,8787.801758,33.236803,70.044523,Attack
1e-06,udp,dns,INT,2,0,114,0,1000000.003,254,0,456000000.0,0.0,0.001,0.0,Attack
0.554097,tcp,-,CON,6,2,978,86,12.633167,62,252,11766.89258,620.829956,110.8194,0.005,Normal
9e-06,udp,dns,INT,2,0,114,0,111111.1072,254,0,50666664.0,0.0,0.009,0.0,Attack
0.06098,tcp,-,FIN,84,86,4862,75600,2771.400477,31,29,630370.625,9802689.0,0.739463,0.711824,Normal
9e-06,udp,-,INT,2,0,168,0,111111.1072,254,0,74666664.0,0.0,0.009,0.0,Attack
0.001739,udp,-,CON,4,4,528,304,4025.301966,31,29,1821736.625,1048878.625,0.460333,0.202667,Normal
3e-06,udp,dns,INT,2,0,114,0,333333.3215,254,0,152000000.0,0.0,0.003,0.0,Attack
0.922601,tcp,-,CON,6,2,978,86,7.587245,62,252,7066.977051,372.858917,184.5202,0.002,Normal
0.035485,tcp,-,FIN,70,70,4118,59460,3917.148155,31,29,915316.375,13213696.0,0.50987,0.50729,Normal
0.084521,udp,dns,CON,2,2,120,264,35.494136,254,60,5679.062012,12493.93555,0.003,0.003,Attack
0.349343,tcp,-,FIN,10,6,540,268,42.937743,254,252,11129.46289,5129.628906,36.528333,60.590602,Attack
8e-06,udp,dns,INT,2,0,114,0,125000.0003,254,0,57000000.0,0.0,0.008,0.0,Attack
16.170187,ospf,-,REQ,16,0,4352,0,0.927633,254,0,2018.529541,0.0,1290.972,0.0,Attack
0.001092,udp,dns,CON,2,2,130,162,2747.252623,31,29,476190.4688,593406.5625,0.009,0.007,Normal
1.512225,mux,-,INT,4,0,400,0,1.983832,254,0,1587.06543,0.0,504.075,0.0,Attack
8e-06,udp,dns,INT,2,0,114,0,125000.0003,254,0,57000000.0,0.0,0.008,0.0,Attack
7e-06,udp,dns,INT,2,0,114,0,142857.1409,254,0,65142856.0,0.0,0.007,0.0,Attack
7e-06,udp,dns,INT,2,0,114,0,142857.1409,254,0,65142856.0,0.0,0.007,0.0,Attack
0.236844,tcp,-,FIN,16,18,1540,1644,139.332217,31,29,48774.71875,52456.46875,15.768267,13.899706,Normal
4e-06,udp,dns,INT,2,0,114,0,250000.0006,254,0,114000000.0,0.0,0.004,0.0,Attack
9e-06,udp,-,INT,2,0,104,0,111111.1072,254,0,46222220.0,0.0,0.009,0.0,Normal
6e-06,udp,dns,INT,2,0,114,0,166666.6608,254,0,76000000.0,0.0,0.006,0.0,Attack
0.741407,tcp,-,FIN,10,6,534,268,20.231803,254,252,5190.131836,2417.026123,11477.4781,19125.574,Normal
8e-06,udp,dns,INT,2,0,114,0,125000.0003,254,0,57000000.0,0.0,0.008,0.0,Attack
1e-05,udp,dns,INT,2,0,114,0,100000.0025,254,0,45600000.0,0.0,0.01,0.0,Attack
25.085037,udp,-,INT,4,0,208,0,0.119593,254,0,49.750774,0.0,8361.6795,0.0,Attack
9e-06,udp,dns,INT,2,0,114,0,111111.1072,254,0,50666664.0,0.0,0.009,0.0,Attack
0.001704,udp,-,CON,4,4,528,304,4107.981093,31,29,1859154.875,1070422.5,0.442667,0.209,Normal
9e-06,udp,dns,INT,2,0,114,0,111111.1072,254,0,50666664.0,0.0,0.009,0.0,Attack
0.82804,tcp,http,FIN,10,8,832,1344,20.530409,62,252,7236.365234,11361.76953,89.318111,104.951,Attack
0.923419,tcp,-,FIN,10,8,564,354,18.409844,254,252,4401.035645,2685.671387,96.987333,122.14543,Attack
2.231385,tcp,smtp,FIN,142,38,165993,2632,80.219236,62,252,590933.4375,9188.912109,15.938465,59.942242,Attack
9e-06,udp,dns,INT,2,0,114,0,111111.1072,254,0,50666664.0,0.0,0.009,0.0,Attack
3e-06,udp,dns,INT,2,0,114,0,333333.3215,254,0,152000000.0,0.0,0.003,0.0,Attack
8e-06,udp,dns,INT,2,0,114,0,125000.0003,254,0,57000000.0,0.0,0.008,0.0,Attack
1.050666,tcp,http,FIN,10,12,858,6164,19.987323,62,252,5885.790527,43027.94531,116.728111,87.918362,Attack
0.229457,tcp,http,FIN,10,6,1020,268,65.371724,254,252,32005.99609,7809.741699,23.869556,42.132199,Attack
5e-06,br-sat-mon,-,INT,2,0,200,0,200000.0051,254,0,160000000.0,0.0,0.005,0.0,Attack
1.183957,tcp,-,FIN,10,10,608,646,16.04788,254,252,3702.837158,3932.575439,131.446444,116.436664,Attack
3e-06,udp,dns,INT,2,0,114,0,333333.3215,254,0,152000000.0,0.0,0.003,0.0,Attack
0.276168,tcp,http,FIN,10,12,904,8080,76.040674,62,252,23579.85156,214565.0625,30.685333,15.299546,Attack
5e-06,udp,dns,INT,2,0,114,0,200000.0051,254,0,91200000.0,0.0,0.005,0.0,Attack
4e-06,udp,dns,INT,2,0,114,0,250000.0006,254,0,114000000.0,0.0,0.004,0.0,Attack
0.58216,tcp,-,FIN,10,6,534,268,25.766113,254,252,6609.866699,3078.19165,62.298,86.474398,Normal
0.006187,tcp,-,FIN,24,24,2024,4312,7596.573649,31,29,2508485.5,5344108.5,0.252565,0.242478,Normal
8e-06,udp,dns,INT,2,0,114,0,125000.0003,254,0,57000000.0,0.0,0.008,0.0,Attack
0.746555,tcp,-,FIN,10,8,2516,354,22.771264,254,252,24271.48828,3321.925537,80.662111,92.039289,Attack
0.223659,tcp,ftp-data,FIN,14,6,8928,320,84.950753,31,29,296558.5938,9550.25293,17.204539,55.75225,Normal
0.775636,tcp,smtp,FIN,54,24,48233,1792,99.273368,62,252,488270.25,17719.65234,14.634642,33.300738,Attack
2e-06,udp,-,INT,2,0,2128,0,500000.0013,254,0,4256000000.0,0.0,0.002,0.0,Attack
1e-05,udp,-,INT,2,0,206,0,100000.0025,254,0,82400000.0,0.0,0.01,0.0,Attack
3e-06,udp,-,INT,2,0,754,0,333333.3215,254,0,1005333312.0,0.0,0.003,0.0,Attack
0.045819,tcp,smtp,FIN,52,40,37492,3276,1986.075671,31,29,6420219.0,557847.1875,0.88882,1.162795,Normal
0.010154,udp,-,CON,4,4,568,312,689.383525,31,29,335631.2813,184360.8438,3.107,2.923667,Normal
1.838709,tcp,-,FIN,10,8,534,354,9.245617,254,252,2092.772705,1348.772461,204.200333,252.681578,Attack
3e-06,unas,-,INT,2,0,200,0,333333.3215,254,0,266666656.0,0.0,0.003,0.0,Attack
5e-06,udp,-,INT,2,0,144,0,200000.0051,254,0,115200000.0,0.0,0.005,0.0,Attack
0.644119,tcp,http,FIN,10,8,824,1062,26.392638,62,252,9215.688477,11550.66016,71.568778,80.70057,Attack
0.910955,tcp,-,FIN,28,30,4536,3080,62.571696,31,29,38412.43359,26152.77344,33.726519,31.391207,Normal
0.005535,tcp,-,FIN,22,14,1470,1728,6323.396563,31,29,2029268.25,2319783.25,0.263571,0.374615,Normal
0.000974,udp,dns,CON,2,2,146,178,3080.082059,31,29,599589.3125,731006.125,0.001,0.006,Normal
0.253369,udp,-,CON,4,4,568,320,27.627689,31,29,13450.73731,7577.880371,79.681664,79.308336,Normal
2e-06,udp,dns,INT,2,0,134,0,500000.0013,62,0,268000000.0,0.0,0.002,0.0,Attack
0.000961,udp,dns,CON,2,2,146,178,3121.748233,31,29,607700.3125,740894.9375,0.003,0.003,Normal
1.01888,tcp,http,FIN,14,18,1684,10168,30.425565,31,29,12280.15039,75408.28906,78.349613,59.905649,Normal
3e-06,udp,dns,INT,2,0,114,0,333333.3215,254,0,152000000.0,0.0,0.003,0.0,Attack
1.870954,tcp,http,FIN,10,8,1236,354,9.086273,254,252,4759.069336,1325.526978,207.709333,257.358719,Attack
1.004769,tcp,http,FIN,12,18,1580,10168,28.862356,31,29,11536.98047,76467.32813,91.308088,59.072645,Normal
0.122099,tcp,-,FIN,22,24,2054,2478,368.553395,31,29,128485.9063,155611.4375,5.797714,5.283826,Normal
3e-06,unas,-,INT,2,0,200,0,333333.3215,254,0,266666656.0,0.0,0.003,0.0,Attack
0.054891,tcp,-,FIN,72,74,4222,64070,2641.598736,31,29,606875.4375,9211710.0,0.768479,0.754222,Normal
0.02685,tcp,-,FIN,64,66,3806,54798,4804.469269,31,29,1116424.625,16079851.0,0.428161,0.4038,Normal
8e-06,udp,dns,INT,2,0,114,0,125000.0003,254,0,57000000.0,0.0,0.008,0.0,Attack
3e-06,udp,dns,INT,2,0,114,0,333333.3215,254,0,152000000.0,0.0,0.003,0.0,Attack
3e-06,udp,dns,INT,2,0,114,0,333333.3215,254,0,152000000.0,0.0,0.003,0.0,Attack
0.027937,tcp,-,FIN,66,68,3926,57474,4760.711496,31,29,1107348.625,16216200.0,0.425015,0.422338,Normal
4.316133,tcp,http,FIN,12,14,1336,5350,5.792222,62,252,2270.551025,9208.242188,392.375739,324.372615,Attack
0.306967,tcp,-,FIN,10,6,534,268,48.865189,254,252,12535.54981,5837.76123,32.461444,54.259,Attack
1.037361,tcp,http,FIN,26,108,1884,141894,128.209945,62,252,13973.91992,1084143.25,41.49444,9.164271,Attack
0.001055,udp,dns,CON,2,2,146,178,2843.601894,31,29,553554.5,674881.5,0.008,0.007,Normal
0.02386,tcp,-,FIN,60,62,3614,50036,5071.248937,31,29,1191617.75,16505951.0,0.405569,0.381328,Normal
0.048948,tcp,ftp-data,FIN,14,8,8928,424,429.026712,31,29,1355070.625,60635.77344,3.765231,6.9,Normal
0.062969,tcp,-,FIN,90,92,5174,83812,2874.430314,31,29,650097.6875,10532294.0,0.711977,0.693033,Normal
0.001101,udp,dns,CON,2,2,146,178,2724.795636,31,29,530426.875,646684.8125,0.009,0.007,Normal
2.037967,tcp,ftp,FIN,24,22,1248,1602,22.080829,62,252,4694.875,6005.985352,88.60726,93.135143,Attack
6e-06,udp,dns,INT,2,0,114,0,166666.6608,254,0,76000000.0,0.0,0.006,0.0,Attack
0.003963,tcp,http,FIN,8,10,1048,824,4289.679383,31,29,1851122.875,1497855.125,0.518714,0.378222,Normal
0.001778,udp,dns,CON,2,2,146,178,1687.289056,31,29,328458.9375,400449.9375,0.008,0.007,Normal
9e-06,udp,-,INT,2,0,78,0,111111.1072,254,0,34666664.0,0.0,0.009,0.0,Normal
0.608132,tcp,-,FIN,10,6,610,268,24.665697,254,252,7222.116211,2946.72876,63.667111,105.957,Attack
1.11445,tcp,-,FIN,12,8,4678,354,17.048769,254,252,30788.28125,2225.312988,98.835543,146.317,Attack
0.028796,tcp,-,FIN,48,50,2958,32642,3368.523359,31,29,804834.0,8887345.0,0.606191,0.577898,Normal
0.872631,tcp,ftp,FIN,52,54,2934,3740,120.325772,31,29,26384.57617,33654.54688,17.44612,16.455924,Normal
0.001056,udp,dns,CON,2,2,130,162,2840.909069,31,29,492424.25,613636.375,0.008,0.007,Normal
0.467792,tcp,-,CON,6,2,978,86,14.963915,62,252,13937.81836,735.369568,93.5584,0.003,Normal
0.623753,tcp,-,FIN,10,6,550,268,24.04798,254,252,6348.666504,2872.932129,63.508889,109.356797,Attack
0.557406,tcp,http,FIN,10,8,798,1990,30.498415,62,252,10319.22852,25001.52539,61.934,78.17843,Attack
1.47292,tcp,http,FIN,10,10,838,2056,12.899547,62,252,4100.698242,10053.5,163.657778,143.532219,Attack
1.30382,tcp,smtp,FIN,38,22,28392,1818,45.251645,62,252,169624.6406,10651.77734,35.238378,57.442809,Attack
5e-06,udp,dns,INT,2,0,114,0,200000.0051,254,0,91200000.0,0.0,0.005,0.0,Attack
8e-06,udp,dns,INT,2,0,114,0,125000.0003,254,0,57000000.0,0.0,0.008,0.0,Attack
3.601638,tcp,ftp,FIN,24,22,1252,1638,12.494315,62,252,2665.453857,3473.974854,156.585304,167.447625,Attack
3e-06,udp,dns,INT,2,0,114,0,333333.3215,254,0,152000000.0,0.0,0.003,0.0,Attack
1.048277,tcp,http,FIN,14,18,1684,10168,29.572336,31,29,11935.77637,73293.60156,80.610462,61.634003,Normal
6e-06,udp,dns,INT,2,0,114,0,166666.6608,254,0,76000000.0,0.0,0.006,0.0,Attack
9e-06,unas,-,INT,2,0,200,0,111111.1072,254,0,88888888.0,0.0,0.009,0.0,Attack
1e-06,udp,-,INT,2,0,168,0,1000000.003,254,0,672000000.0,0.0,0.001,0.0,Attack
9e-06,sctp,-,INT,2,0,104,0,111111.1072,254,0,46222220.0,0.0,0.009,0.0,Attack
8e-06,udp,dns,INT,2,0,114,0,125000.0003,254,0,57000000.0,0.0,0.008,0.0,Attack
9e-06,udp,dns,INT,2,0,114,0,111111.1072,254,0,50666664.0,0.0,0.009,0.0,Attack
0.61253,tcp,http,FIN,16,58,1108,67283,119.177838,62,252,13569.94727,863605.0625,40.835333,9.872509,Attack
1.529989,tcp,ssh,FIN,108,114,9504,12298,144.445483,31,29,49234.33984,63744.25,14.296065,13.529885,Normal
7e-06,udp,dns,INT,2,0,114,0,142857.1409,254,0,65142856.0,0.0,0.007,0.0,Attack
0.012797,tcp,-,FIN,40,42,2542,23508,6329.608558,31,29,1549738.25,14346488.0,0.337459,0.3,Normal
9e-06,udp,dns,INT,2,0,114,0,111111.1072,254,0,50666664.0,0.0,0.009,0.0,Attack
9e-06,udp,-,INT,2,0,168,0,111111.1072,254,0,74666664.0,0.0,0.009,0.0,Attack
0.004324,tcp,-,FIN,22,14,1470,1728,8094.357333,31,29,2597595.0,2969472.75,0.205905,0.278,Normal
1e-05,ipcv,-,INT,2,0,200,0,100000.0025,254,0,80000000.0,0.0,0.01,0.0,Attack
0.507185,tcp,-,FIN,10,8,600,354,33.518343,254,252,8517.602539,4889.734863,56.353889,63.32657,Normal
8e-06,udp,-,INT,2,0,104,0,125000.0003,254,0,52000000.0,0.0,0.008,0.0,Normal
0.348858,tcp,ftp-data,FIN,8,10,364,3754,48.730429,62,252,7315.297363,77487.11719,49.836858,37.485667,Normal
3e-06,udp,dns,INT,2,0,114,0,333333.3215,254,0,152000000.0,0.0,0.003,0.0,Attack
0.051862,tcp,-,FIN,30,42,2302,34406,1369.01774,31,29,343372.7813,5180980.0,1.776448,1.283025,Normal
0.001087,udp,dns,CON,2,2,146,178,2759.889575,31,29,537258.5,655013.8125,0.009,0.007,Normal
1e-06,udp,dns,INT,2,0,114,0,1000000.003,254,0,456000000.0,0.0,0.001,0.0,Attack
8e-06,udp,dns,INT,2,0,114,0,125000.0003,254,0,57000000.0,0.0,0.008,0.0,Attack
0.036146,udp,-,CON,4,4,520,304,193.659049,31,29,86316.60156,50462.01563,7.008333,7.655333,Normal
58.947353,ospf,-,INT,50,0,5400,0,0.83125,254,0,718.200195,0.0,1203.007375,0.0,Attack
0.094891,tcp,-,FIN,22,14,1470,1728,368.844265,31,29,118367.3906,135313.1563,4.518619,7.248154,Normal
1.57305,udp,-,CON,4,6,1444,2832,5.721369,254,60,5507.771484,12002.16113,524.35,139.670203,Attack
3e-06,udp,-,INT,2,0,1722,0,333333.3215,254,0,2296000000.0,0.0,0.003,0.0,Attack
9e-06,unas,-,INT,2,0,200,0,111111.1072,254,0,88888888.0,0.0,0.009,0.0,Attack
0.0,arp,-,INT,1,0,46,0,0.0,0,0,0.0,0.0,60000.744,0.0,Normal
0.001005,udp,dns,CON,2,2,130,162,2985.074718,31,29,517412.9375,644776.125,0.009,0.007,Normal
9e-06,udp,dns,INT,2,0,114,0,111111.1072,254,0,50666664.0,0.0,0.009,0.0,Attack
4e-06,udp,dns,INT,2,0,114,0,250000.0006,254,0,114000000.0,0.0,0.004,0.0,Attack
9.991968,tcp,http,FIN,236,1500,10878,2026793,173.639465,62,252,8672.56543,1621656.125,42.519012,6.663699,Attack
8e-06,sctp,-,INT,2,0,640,0,125000.0003,254,0,320000000.0,0.0,0.008,0.0,Attack
5e-06,unas,-,INT,2,0,200,0,200000.0051,254,0,160000000.0,0.0,0.005,0.0,Attack
4e-06,xnet,-,INT,2,0,180,0,250000.0006,254,0,180000000.0,0.0,0.004,0.0,Attack
0.017781,tcp,-,FIN,40,42,2558,23162,4555.42418,31,29,1122546.5,10173106.0,0.459868,0.420317,Normal
4e-06,udp,-,INT,2,0,1064,0,250000.0006,254,0,1064000000.0,0.0,0.004,0.0,Normal
0.29068,tcp,http,FIN,10,6,2902,268,51.603139,254,252,71886.60938,6164.85498,29.482444,47.361398,Attack
9e-06,udp,dns,INT,2,0,114,0,111111.1072,254,0,50666664.0,0.0,0.009,0.0,Attack
0.001066,udp,dns,CON,2,2,146,178,2814.258996,31,29,547842.4375,667917.4375,0.008,0.007,Normal
0.050656,tcp,-,FIN,74,74,4342,63516,2901.926819,31,29,676563.5,9895452.0,0.689192,0.686562,Normal
6e-06,unas,-,INT,2,0,200,0,166666.6608,254,0,133333328.0,0.0,0.006,0.0,Attack
0.50353,tcp,-,FIN,10,8,1652,354,33.761641,254,252,23625.20508,4925.227539,53.123778,65.68257,Normal
9e-06,unas,-,INT,2,0,200,0,111111.1072,254,0,88888888.0,0.0,0.009,0.0,Attack
0.507595,tcp,-,FIN,10,6,2574,268,29.551118,254,252,36517.30078,3530.373535,53.765889,90.779398,Attack
8e-06,udp,dns,INT,2,0,114,0,125000.0003,254,0,57000000.0,0.0,0.008,0.0,Attack
2.975993,tcp,smtp,FIN,48,24,41142,1992,23.857584,62,252,108293.2656,5131.732422,63.319,126.466828,Attack
0.005269,tcp,-,FIN,18,18,3936,2456,6642.626885,31,29,5645094.0,3522490.25,0.291647,0.282353,Normal
9e-06,udp,dns,INT,2,0,114,0,111111.1072,254,0,50666664.0,0.0,0.009,0.0,Attack
0.00702,tcp,ssh,FIN,32,24,3728,5474,7834.757943,31,29,4116239.25,5978347.5,0.234,0.246739,Normal
9e-06,udp,dns,INT,2,0,114,0,111111.1072,254,0,50666664.0,0.0,0.009,0.0,Attack
0.261071,tcp,http,FIN,10,6,976,268,57.455635,254,252,26935.20117,6864.033203,27.844333,48.907199,Attack
0.759402,tcp,-,FIN,10,8,534,354,22.386036,254,252,5067.14502,3265.727539,77.087667,100.308711,Normal
0.0,arp,-,INT,1,0,46,0,0.0,0,0,0.0,0.0,60000.764,0.0,Normal
0.338599,tcp,ftp,FIN,52,54,2934,3742,310.101333,31,29,67997.83594,86781.11719,6.633079,6.379812,Normal
2.732547,tcp,http,FIN,10,8,898,354,6.221302,254,252,2368.486328,907.578125,303.532444,371.006281,Attack
5e-06,udp,dns,INT,2,0,114,0,200000.0051,254,0,91200000.0,0.0,0.005,0.0,Attack
1e-05,dcn,-,INT,2,0,200,0,100000.0025,254,0,80000000.0,0.0,0.01,0.0,Attack
0.018129,tcp,-,FIN,16,18,1540,1644,1820.287892,31,29,637211.0625,685310.8125,1.1876,1.039588,Normal
0.613795,tcp,http,FIN,10,8,864,354,27.696544,254,252,10140.19336,4040.437012,64.919333,79.397141,Attack
1e-06,udp,dns,INT,2,0,114,0,1000000.003,254,0,456000000.0,0.0,0.001,0.0,Attack
15.33261,tcp,-,FIN,460,858,25784,1094788,85.895356,31,29,13423.9375,570555.4375,33.403714,17.911368,Normal
3e-06,unas,-,INT,2,0,200,0,333333.3215,254,0,266666656.0,0.0,0.003,0.0,Attack
9e-06,udp,dns,INT,2,0,114,0,111111.1072,254,0,50666664.0,0.0,0.009,0.0,Attack
13.723083,tcp,-,FIN,452,858,25368,1094788,95.386732,31,29,14755.86816,637473.6875,30.427313,16.012237,Normal
3e-06,udp,dns,INT,2,0,114,0,333333.3215,254,0,152000000.0,0.0,0.003,0.0,Attack
0.001061,udp,dns,CON,2,2,146,178,2827.521083,31,29,550424.125,671065.0,0.009,0.007,Normal
0.607284,tcp,-,FIN,12,8,1066,736,31.286844,254,252,12883.59277,8483.674805,52.479001,72.317289,Attack
0.064914,tcp,-,FIN,50,50,3062,33044,1525.09467,31,29,369843.1563,3991003.25,1.373936,1.340937,Normal
5e-06,udp,-,INT,2,0,1344,0,200000.0051,254,0,1075200000.0,0.0,0.005,0.0,Attack
16.170187,ospf,-,REQ,16,0,4352,0,0.927633,254,0,2018.529541,0.0,1290.972,0.0,Attack
1.016037,tcp,-,FIN,10,8,564,354,16.731674,254,252,3999.854492,2440.855957,112.789,133.411422,Attack
22.185228,tcp,-,FIN,440,806,24676,1028278,56.118422,31,29,8877.979492,370337.5938,50.535172,27.558642,Normal
9e-06,unas,-,INT,2,0,200,0,111111.1072,254,0,88888888.0,0.0,0.009,0.0,Attack
0.224225,tcp,ftp-data,FIN,8,12,424,8824,84.736314,31,29,13236.7041,288602.9688,31.985571,20.341728,Normal
3e-06,udp,dns,INT,2,0,114,0,333333.3215,254,0,152000000.0,0.0,0.003,0.0,Attack
6.54683,tcp,smtp,FIN,424,80,538519,4394,76.831075,62,252,656499.6875,5303.330078,15.550665,81.065922,Attack
1.128037,tcp,-,FIN,10,8,534,354,15.070428,254,252,3411.235596,2198.509521,125.337444,136.223,Attack
1e-05,swipe,-,INT,2,0,200,0,100000.0025,254,0,80000000.0,0.0,0.01,0.0,Attack
3e-06,udp,-,INT,2,0,104,0,333333.3215,254,0,138666656.0,0.0,0.003,0.0,Attack
0.413378,tcp,http,CON,6,2,840,96,16.933654,254,252,13546.92285,928.931885,82.6756,0.006,Attack
8e-06,unas,-,INT,2,0,200,0,125000.0003,254,0,100000000.0,0.0,0.008,0.0,Attack
9e-06,unas,-,INT,2,0,200,0,111111.1072,254,0,88888888.0,0.0,0.009,0.0,Attack
9e-06,unas,-,INT,2,0,200,0,111111.1072,254,0,88888888.0,0.0,0.009,0.0,Attack
1.033802,tcp,http,FIN,12,18,1580,10168,28.051792,31,29,11212.97852,74319.83594,93.948639,60.779649,Normal
1.249032,tcp,http,FIN,14,18,1684,10168,24.81922,31,29,10017.35742,61513.23438,96.050767,73.440941,Normal
0.62635,tcp,-,FIN,10,8,758,354,27.141375,254,252,8723.557617,3959.447754,67.954333,80.42743,Attack
1e-06,snp,-,INT,2,0,200,0,1000000.003,254,0,800000000.0,0.0,0.001,0.0,Attack
0.94764,tcp,-,FIN,12,8,1634,708,20.049808,254,252,12646.15234,5234.055176,84.629911,128.45743,Attack
8e-06,udp,dns,INT,2,0,114,0,125000.0003,254,0,57000000.0,0.0,0.008,0.0,Attack
4e-06,qnx,-,INT,2,0,200,0,250000.0006,254,0,200000000.0,0.0,0.004,0.0,Attack
1e-06,udp,dns,INT,2,0,114,0,1000000.003,254,0,456000000.0,0.0,0.001,0.0,Attack
4e-06,udp,dns,INT,2,0,114,0,250000.0006,254,0,114000000.0,0.0,0.004,0.0,Attack
9e-06,bna,-,INT,2,0,200,0,111111.1072,254,0,88888888.0,0.0,0.009,0.0,Attack
0.228338,tcp,http,FIN,10,8,826,1458,74.451032,62,252,26066.62109,44705.65625,25.370889,31.026,Attack
9e-06,udp,dns,INT,2,0,114,0,111111.1072,254,0,50666664.0,0.0,0.009,0.0,Attack
0.75031,tcp,http,FIN,10,8,798,1302,22.657302,62,252,7666.164551,12154.97559,83.330667,92.969289,Attack
0.001075,udp,dns,CON,2,2,130,162,2790.69758,31,29,483720.9063,602790.6875,0.009,0.007,Normal
8e-06,udp,dns,INT,2,0,114,0,125000.0003,254,0,57000000.0,0.0,0.008,0.0,Attack
0.710897,tcp,-,FIN,10,6,612,268,21.100102,254,252,6200.616699,2520.758789,6773.5391,11294.976,Normal
0.000981,udp,dns,CON,2,2,146,178,3058.103916,31,29,595310.875,725790.0,0.003,0.009,Normal
3e-06,udp,dns,INT,2,0,114,0,333333.3215,254,0,152000000.0,0.0,0.003,0.0,Attack
5e-06,unas,-,INT,2,0,200,0,200000.0051,254,0,160000000.0,0.0,0.005,0.0,Attack
0.537415,tcp,-,FIN,10,6,486,268,27.911389,254,252,6520.100586,3334.480713,57.163,94.483602,Attack
9e-06,udp,dns,INT,2,0,114,0,111111.1072,254,0,50666664.0,0.0,0.009,0.0,Attack
1.862686,tcp,smtp,FIN,40,22,32400,1756,32.748407,62,252,135675.0313,7202.501953,47.736179,85.300711,Attack
1.387998,tcp,smtp,FIN,194,44,233791,2746,170.749527,62,252,1340555.25,15469.7627,7.191699,32.074488,Attack
0.001029,udp,dns,CON,2,2,146,178,2915.451794,31,29,567541.3125,691933.875,0.004,0.007,Normal
9e-06,unas,-,INT,2,0,200,0,111111.1072,254,0,88888888.0,0.0,0.009,0.0,Attack
6.359825,tcp,smtp,FIN,26,20,6289,1666,7.075666,62,252,7607.756348,1991.249756,254.370852,329.403313,Attack
9e-06,unas,-,INT,2,0,200,0,111111.1072,254,0,88888888.0,0.0,0.009,0.0,Attack
0.001085,udp,dns,CON,2,2,146,178,2764.976968,31,29,538248.875,656221.1875,0.008,0.006,Normal
13.790198,ospf,-,INT,28,0,12832,0,1.957912,254,0,7178.432129,0.0,510.748063,0.0,Attack
0.389659,tcp,http,FIN,10,6,914,268,38.495198,254,252,16896.82617,4598.893066,43.295444,71.681203,Attack
0.927176,tcp,-,FIN,10,8,588,354,18.335246,254,252,4573.025879,2674.788818,102.914333,115.87343,Normal
0.717209,tcp,-,FIN,10,6,534,268,20.914406,254,252,5365.242188,2498.574463,79.576,124.536203,Attack
1.005932,tcp,http,FIN,14,18,1684,10168,30.817193,31,29,12438.2168,76378.92188,77.353231,59.141824,Normal
0.98913,tcp,http,FIN,10,8,598,354,17.18682,254,252,4359.38623,2507.253906,107.217222,129.483289,Attack
0.676781,tcp,-,FIN,10,8,738,354,25.118909,254,252,7860.740723,3664.405518,7880.7021,9846.14,Normal
0.019119,tcp,-,FIN,16,18,1540,1644,1726.031691,31,29,604215.6875,649824.75,1.190067,1.089882,Normal
3e-06,unas,-,INT,2,0,200,0,333333.3215,254,0,266666656.0,0.0,0.003,0.0,Attack
1e-06,udp,-,INT,2,0,104,0,1000000.003,254,0,416000000.0,0.0,0.001,0.0,Attack
3e-06,unas,-,INT,2,0,200,0,333333.3215,254,0,266666656.0,0.0,0.003,0.0,Attack
3e-06,unas,-,INT,2,0,200,0,333333.3215,254,0,266666656.0,0.0,0.003,0.0,Attack
1.539348,tcp,-,FIN,10,8,564,354,11.043637,254,252,2640.078857,1611.071655,171.009889,208.801578,Attack
9e-06,udp,dns,INT,2,0,114,0,111111.1072,254,0,50666664.0,0.0,0.009,0.0,Attack
1.207634,tcp,http,FIN,14,18,1684,10168,25.67003,31,29,10360.75488,63621.92578,92.869,71.008824,Normal
7e-06,unas,-,INT,2,0,200,0,142857.1409,254,0,114285712.0,0.0,0.007,0.0,Attack
0.0,arp,-,INT,1,0,46,0,0.0,0,0,0.0,0.0,0.0,0.0,Normal
9e-06,udp,dns,INT,2,0,114,0,111111.1072,254,0,50666664.0,0.0,0.009,0.0,Attack
0.497767,tcp,http,FIN,10,6,758,268,30.134581,254,252,10977.02344,3600.077881,54.073,82.713398,Attack
0.257882,tcp,http,FIN,12,20,872,18742,120.210019,62,252,24817.55273,552345.625,23.443819,13.085631,Attack
8e-06,unas,-,INT,2,0,200,0,125000.0003,254,0,100000000.0,0.0,0.008,0.0,Attack
1.616744,tcp,http,FIN,112,20,136021,870,81.02705,254,252,667054.25,4092.175293,14.324756,81.372687,Attack
9e-06,udp,dns,INT,2,0,114,0,111111.1072,254,0,50666664.0,0.0,0.009,0.0,Attack
3e-06,wsn,-,INT,2,0,200,0,333333.3215,254,0,266666656.0,0.0,0.003,0.0,Attack
3.912585,tcp,-,FIN,16,18,1540,1644,8.434322,31,29,2952.523682,3175.394287,260.817994,230.111531,Normal
9e-06,iatp,-,INT,2,0,200,0,111111.1072,254,0,88888888.0,0.0,0.009,0.0,Attack
0.992312,tcp,-,FIN,10,8,564,354,17.131708,254,252,4095.486084,2499.213867,106.084111,131.352281,Attack
0.736386,tcp,http,FIN,10,8,872,1132,23.085719,62,252,8528.135742,10766.09277,81.807778,89.05543,Attack
0.504728,tcp,smtp,FIN,52,40,37268,3276,180.295122,31,29,579353.625,50641.13672,9.889902,12.929205,Normal
5e-06,udp,dns,INT,2,0,114,0,200000.0051,254,0,91200000.0,0.0,0.005,0.0,Attack
8e-06,unas,-,INT,2,0,200,0,125000.0003,254,0,100000000.0,0.0,0.008,0.0,Attack
7e-06,udp,dns,INT,2,0,114,0,142857.1409,254,0,65142856.0,0.0,0.007,0.0,Attack
0.0,arp,-,INT,1,0,46,0,0.0,0,0,0.0,0.0,60000.744,0.0,Normal
0.001389,udp,dns,CON,2,2,146,178,2159.827241,31,29,420446.375,512599.0,0.006,0.004,Normal
2.360831,tcp,http,FIN,26,124,1444,156119,63.113369,62,252,4706.817383,524764.375,94.433243,18.008456,Attack
1e-05,udp,-,INT,2,0,1064,0,100000.0025,254,0,425600000.0,0.0,0.01,0.0,Normal
0.001007,udp,dns,CON,2,2,146,178,2979.146024,31,29,579940.4375,707050.6875,0.001,0.007,Normal
0.009733,tcp,-,FIN,18,18,4528,2456,3596.013622,31,29,3515463.0,1906914.625,0.553353,0.466412,Normal
0.0,arp,-,INT,1,0,46,0,0.0,0,0,0.0,0.0,60000.672,0.0,Normal
6e-06,udp,dns,INT,2,0,114,0,166666.6608,254,0,76000000.0,0.0,0.006,0.0,Attack
0.214104,tcp,-,FIN,10,6,2612,268,70.059411,254,252,87845.16406,8369.764648,23.789333,41.311,Attack
0.0,arp,-,INT,1,0,46,0,0.0,0,0,0.0,0.0,60000.668,0.0,Normal
5e-06,iso-tp4,-,INT,2,0,200,0,200000.0051,254,0,160000000.0,0.0,0.005,0.0,Attack
0.026028,tcp,-,FIN,64,66,3806,51808,4956.201049,31,29,1151682.75,15682803.0,0.407254,0.396828,Normal
8e-06,unas,-,INT,2,0,200,0,125000.0003,254,0,100000000.0,0.0,0.008,0.0,Attack
0.258263,tcp,http,FIN,10,6,1042,268,58.080331,254,252,29055.6543,6938.663574,25.383667,45.636602,Attack
0.462215,tcp,-,FIN,16,12,912,694,58.414373,254,252,14798.30762,11025.17188,29.837267,37.27,Attack
7e-06,udp,-,INT,2,0,1064,0,142857.1409,254,0,608000000.0,0.0,0.007,0.0,Attack
2.140843,tcp,http,FIN,10,10,860,1216,8.875009,62,252,2892.318604,4091.846191,237.871444,227.482,Normal
0.267499,tcp,ftp-data,FIN,14,6,8928,320,71.028303,31,29,247956.0625,7985.07666,20.576847,53.384,Normal
0.231865,tcp,http,FIN,10,14,780,9664,99.195651,62,252,24220.99023,309628.4375,25.638444,16.707923,Attack
3e-06,udp,-,INT,2,0,168,0,333333.3215,254,0,224000000.0,0.0,0.003,0.0,Attack
0.001064,udp,dns,CON,2,2,146,178,2819.548997,31,29,548872.1875,669172.9375,0.01,0.004,Normal
1.9e-05,udp,-,INT,2,0,168,0,52631.58129,254,0,35368424.0,0.0,0.019,0.0,Attack
1.114329,tcp,http,FIN,10,10,798,2028,17.05062,62,252,5161.851074,13109.23438,123.698333,116.066,Attack
0.0,arp,-,INT,1,0,46,0,0.0,0,0,0.0,0.0,60000.552,0.0,Normal
37.642654,ospf,-,INT,20,0,1280,0,0.504747,254,0,258.430237,0.0,1981.19225,0.0,Attack
9e-06,udp,-,INT,2,0,94,0,111111.1072,254,0,41777776.0,0.0,0.009,0.0,Attack
3e-06,udp,dns,INT,2,0,114,0,333333.3215,254,0,152000000.0,0.0,0.003,0.0,Attack
0.026569,tcp,-,FIN,40,42,2542,23508,3048.665794,31,29,746433.8125,6910008.0,0.690921,0.649725,Normal
8e-06,tcp,-,REQ,2,0,90,0,125000.0003,254,0,45000000.0,0.0,0.008,0.0,Normal
0.400862,tcp,-,FIN,10,6,988,268,37.41936,254,252,17761.72266,4470.366211,41.253556,66.999398,Attack
5e-06,udp,dns,INT,2,0,114,0,200000.0051,254,0,91200000.0,0.0,0.005,0.0,Attack
1.27253,tcp,-,FIN,10,8,564,354,13.359214,254,252,3193.637939,1948.873535,140.328556,166.470719,Attack
0.001001,udp,dns,CON,2,2,146,178,2997.002832,31,29,583416.5625,711288.6875,0.006,0.007,Normal
2.067457,tcp,pop3,FIN,30,84,1410,86842,54.656519,62,252,5274.112305,332036.9063,71.291619,24.495964,Attack
9e-06,udp,dns,INT,2,0,114,0,111111.1072,254,0,50666664.0,0.0,0.009,0.0,Attack
0.024381,tcp,smtp,FIN,52,42,37268,3380,3814.445589,31,29,11993601.0,1082810.375,0.47151,0.582415,Normal
0.004657,tcp,-,FIN,22,14,1470,1728,7515.568224,31,29,2411853.25,2757140.0,0.23285,0.304308,Normal
0.552468,tcp,http,FIN,10,6,1006,268,27.150894,254,252,13119.31152,3243.626709,55.407889,90.413,Attack
0.629114,tcp,-,FIN,10,6,534,268,23.843057,254,252,6116.538574,2848.450439,69.901556,94.962,Attack
0.290384,tcp,http,FIN,10,6,470,268,51.65574,254,252,11653.53516,6171.13916,29.108778,54.078801,Attack
2.321838,tcp,-,FIN,10,8,716,354,7.321786,254,252,2222.377441,1068.119385,257.972889,319.187437,Normal
2.190986,tcp,-,FIN,20,8,17266,354,12.323219,254,252,59892.67188,1131.910522,110.584734,292.974,Normal
0.031076,tcp,-,FIN,122,126,7814,16912,7948.256109,31,29,1995108.875,4319217.5,0.272035,0.2442,Normal
9e-06,udp,dns,INT,2,0,114,0,111111.1072,254,0,50666664.0,0.0,0.009,0.0,Attack
3e-06,udp,dns,INT,2,0,114,0,333333.3215,254,0,152000000.0,0.0,0.003,0.0,Attack
4e-06,udp,dns,INT,2,0,114,0,250000.0006,254,0,114000000.0,0.0,0.004,0.0,Attack
1e-06,udp,dns,INT,2,0,114,0,1000000.003,254,0,456000000.0,0.0,0.001,0.0,Attack
0.050902,tcp,-,FIN,40,42,2558,23162,1591.293024,31,29,392126.0313,3553652.0,1.296949,1.229293,Normal
0.022599,tcp,-,FIN,60,62,3614,45696,5354.219099,31,29,1258108.75,15915394.0,0.37761,0.361066,Normal
1.092766,tcp,-,FIN,12,8,1110,740,17.38707,254,252,7452.647461,4743.924805,91.977635,146.491422,Attack
1.348015,tcp,http,FIN,10,10,1122,2884,14.094799,254,252,5993.999023,15406.35742,149.779444,128.023445,Attack
1.116747,tcp,-,FIN,122,126,7818,15800,221.178114,31,29,55547.04688,112290.4297,9.226586,8.929352,Normal
2e-06,udp,dns,INT,2,0,114,0,500000.0013,254,0,228000000.0,0.0,0.002,0.0,Attack
8e-06,udp,dns,INT,2,0,114,0,125000.0003,254,0,57000000.0,0.0,0.008,0.0,Attack
4e-06,udp,-,INT,2,0,168,0,250000.0006,254,0,168000000.0,0.0,0.004,0.0,Attack
16.175554,tcp,-,REQ,4,0,180,0,0.185465,254,0,66.767418,0.0,5391.8515,0.0,Normal
0.00108,udp,dns,CON,2,2,146,178,2777.777885,31,29,540740.75,659259.3125,0.009,0.007,Normal
0.029809,tcp,http,FIN,8,10,1040,824,570.297562,31,29,244221.5469,199134.4844,4.108572,3.256444,Normal
7e-06,udp,dns,INT,2,0,114,0,142857.1409,254,0,65142856.0,0.0,0.007,0.0,Attack
0.004819,udp,-,CON,4,4,568,312,1452.583481,31,29,707200.625,388462.3125,1.253667,1.065667,Normal
1e-05,unas,-,INT,2,0,200,0,100000.0025,254,0,80000000.0,0.0,0.01,0.0,Attack
11.955231,tcp,-,FIN,278,510,15844,641784,65.828926,31,29,10564.74805,428616.4063,43.15844,23.48678,Normal
1.01069,tcp,http,FIN,14,18,1684,10168,30.672116,31,29,12379.66211,76019.35156,77.719385,59.424824,Normal
6e-06,udp,dns,INT,2,0,114,0,166666.6608,254,0,76000000.0,0.0,0.006,0.0,Attack
9e-06,udp,dns,INT,2,0,114,0,111111.1072,254,0,50666664.0,0.0,0.009,0.0,Attack
0.001016,udp,dns,CON,2,2,146,178,2952.755752,31,29,574803.125,700787.375,0.009,0.006,Normal
3e-06,udp,dns,INT,2,0,114,0,333333.3215,254,0,152000000.0,0.0,0.003,0.0,Attack
0.00454,tcp,ftp-data,FIN,14,6,8928,320,4185.021924,31,29,14609691.0,470484.5625,0.349231,0.7852,Normal
0.046408,tcp,ftp-data,FIN,6,8,320,1910,280.124108,31,29,46026.54688,288226.1563,9.2184,6.556286,Normal
3e-06,udp,dns,INT,2,0,114,0,333333.3215,254,0,152000000.0,0.0,0.003,0.0,Attack
0.006948,tcp,-,FIN,22,14,1470,1728,5037.420971,31,29,1616580.375,1848013.875,0.3474,0.482692,Normal
1e-06,udp,dns,INT,2,0,114,0,1000000.003,254,0,456000000.0,0.0,0.001,0.0,Attack
9e-06,udp,dns,INT,2,0,114,0,111111.1072,254,0,50666664.0,0.0,0.009,0.0,Attack
9e-06,udp,dns,INT,2,0,114,0,111111.1072,254,0,50666664.0,0.0,0.009,0.0,Attack
3e-06,wb-expak,-,INT,2,0,200,0,333333.3215,254,0,266666656.0,0.0,0.003,0.0,Attack
0.173394,tcp,-,FIN,10,6,1612,268,86.508186,254,252,66945.80469,10334.84473,18.540667,27.7054,Attack
3e-06,udp,dns,INT,2,0,114,0,333333.3215,254,0,152000000.0,0.0,0.003,0.0,Attack
3e-06,udp,dns,INT,2,0,114,0,333333.3215,254,0,152000000.0,0.0,0.003,0.0,Attack
1.249342,tcp,-,FIN,10,8,564,354,13.607163,254,252,3252.912354,1985.045044,136.165556,172.925422,Attack
0.521887,tcp,-,FIN,10,6,622,268,28.741854,254,252,8584.233398,3433.693359,57.987444,84.567797,Attack
0.001079,udp,dns,CON,2,2,130,162,2780.352305,31,29,481927.7188,600556.125,0.005,0.007,Normal
8e-06,unas,-,INT,2,0,200,0,125000.0003,254,0,100000000.0,0.0,0.008,0.0,Attack
9e-06,unas,-,INT,2,0,200,0,111111.1072,254,0,88888888.0,0.0,0.009,0.0,Attack
0.13358,sctp,-,CON,2,2,152,82,22.458452,254,60,4551.57959,2455.45752,0.003,0.007,Attack
5e-06,unas,-,INT,2,0,200,0,200000.0051,254,0,160000000.0,0.0,0.005,0.0,Attack
0.497802,tcp,smtp,FIN,52,42,37210,3380,186.82127,31,29,586498.25,53033.13672,9.753941,12.127927,Normal
6e-06,udp,dns,INT,2,0,114,0,166666.6608,254,0,76000000.0,0.0,0.006,0.0,Attack
0.926639,tcp,http,FIN,10,8,838,354,18.345871,254,252,6518.180176,2676.338867,102.863889,126.14943,Attack
3e-06,udp,-,INT,2,0,168,0,333333.3215,254,0,224000000.0,0.0,0.003,0.0,Attack
1.369872,tcp,-,FIN,40,42,2558,23162,59.129613,31,29,14570.70508,132047.375,35.117128,33.397928,Normal
4.371233,ospf,-,INT,42,0,2688,0,9.379505,254,0,4802.306152,0.0,106.615437,0.0,Attack
3e-06,udp,dns,INT,2,0,114,0,333333.3215,254,0,152000000.0,0.0,0.003,0.0,Attack
1.125945,tcp,http,FIN,14,18,1684,10168,27.532429,31,29,11112.44336,68237.79688,86.049921,66.179706,Normal
9e-06,unas,-,INT,2,0,200,0,111111.1072,254,0,88888888.0,0.0,0.009,0.0,Attack
0.63058,tcp,-,FIN,10,8,564,354,26.959307,254,252,6444.860352,3932.887207,69.672222,87.27057,Attack
5e-06,udp,dns,INT,2,0,114,0,200000.0051,254,0,91200000.0,0.0,0.005,0.0,Attack
9e-06,udp,dns,INT,2,0,114,0,111111.1072,254,0,50666664.0,0.0,0.009,0.0,Attack
1.118501,tcp,http,FIN,10,10,810,1170,16.987022,62,252,5214.121582,7531.509277,124.277889,115.215555,Attack
8e-06,udp,dns,INT,2,0,114,0,125000.0003,254,0,57000000.0,0.0,0.008,0.0,Attack
7e-06,udp,dns,INT,2,0,114,0,142857.1409,254,0,65142856.0,0.0,0.007,0.0,Attack
1e-06,udp,dns,INT,2,0,114,0,1000000.003,254,0,456000000.0,0.0,0.001,0.0,Attack
0.001001,udp,dns,CON,2,2,146,178,2997.002832,31,29,583416.5625,711288.6875,0.001,0.006,Normal
0.182558,tcp,http,FIN,10,6,794,268,82.165668,254,252,31332.50781,9816.058594,18.968333,33.962199,Attack
3.640921,tcp,smtp,FIN,40,22,30931,1922,16.754002,62,252,66264.54688,4031.946777,93.351743,169.585375,Attack
0.022196,tcp,-,FIN,22,24,2054,2478,2027.392283,31,29,706794.0,856010.0625,1.040333,0.938261,Normal
1.2e-05,udp,dns,INT,2,0,114,0,83333.33039,254,0,38000000.0,0.0,0.012,0.0,Attack
0.0,arp,-,INT,1,0,46,0,0.0,0,0,0.0,0.0,0.0,0.0,Normal
9e-06,udp,dns,INT,2,0,114,0,111111.1072,254,0,50666664.0,0.0,0.009,0.0,Attack
8e-06,udp,dns,INT,2,0,114,0,125000.0003,254,0,57000000.0,0.0,0.008,0.0,Attack
4e-06,udp,dns,INT,2,0,114,0,250000.0006,254,0,114000000.0,0.0,0.004,0.0,Attack
3e-06,udp,dns,INT,2,0,114,0,333333.3215,254,0,152000000.0,0.0,0.003,0.0,Attack
6e-06,unas,-,INT,2,0,200,0,166666.6608,254,0,133333328.0,0.0,0.006,0.0,Attack
0.345536,tcp,-,FIN,14,12,778,678,72.351363,254,252,16739.21094,14400.81543,26.579692,27.721273,Normal
0.038045,tcp,-,FIN,60,62,3598,48710,3180.444187,31,29,744171.375,10077540.0,0.6505,0.633085,Normal
0.201753,tcp,smtp,FIN,52,42,37210,3380,460.959676,31,29,1447116.0,130853.0703,4.110551,4.908463,Normal
9e-06,udp,dns,INT,2,0,114,0,111111.1072,254,0,50666664.0,0.0,0.009,0.0,Attack
1e-06,udp,dns,INT,2,0,114,0,1000000.003,254,0,456000000.0,0.0,0.001,0.0,Attack
0.863759,tcp,-,FIN,10,8,564,354,19.681416,254,252,4705.016113,2871.171387,93.372,116.053141,Attack
6e-06,pim,-,INT,2,0,200,0,166666.6608,254,0,133333328.0,0.0,0.006,0.0,Attack
0.004384,tcp,-,FIN,22,14,1470,1728,7983.576908,31,29,2562044.0,2928832.25,0.208762,0.278462,Normal
0.421822,tcp,http,FIN,10,6,846,268,35.560022,254,252,14451.59277,4248.237305,46.330667,74.939203,Attack
2.686477,tcp,-,FIN,256,44,330633,1902,111.298182,62,252,980740.25,5535.875,10.414736,60.663254,Attack
8e-06,udp,dns,INT,2,0,114,0,125000.0003,254,0,57000000.0,0.0,0.008,0.0,Attack
7e-06,udp,dns,INT,2,0,114,0,142857.1409,254,0,65142856.0,0.0,0.007,0.0,Attack
2e-06,udp,-,INT,2,0,104,0,500000.0013,254,0,208000000.0,0.0,0.002,0.0,Normal
9e-06,udp,dns,INT,2,0,114,0,111111.1072,254,0,50666664.0,0.0,0.009,0.0,Attack
0.625242,tcp,http,FIN,14,20,1876,17842,52.779564,62,252,22288.9707,216876.0313,48.095538,26.683105,Attack
9e-06,ib,-,INT,2,0,200,0,111111.1072,254,0,88888888.0,0.0,0.009,0.0,Attack
0.000954,udp,dns,CON,2,2,130,162,3144.654127,31,29,545073.375,679245.3125,0.006,0.002,Normal
1.15852,tcp,-,FIN,28,30,4480,3080,49.200705,31,29,29831.16406,20564.16797,42.897,39.930172,Normal
1.007437,tcp,ftp-data,FIN,8,8,364,898,14.889269,62,252,2533.160889,6241.581543,143.919576,134.088422,Attack
9e-06,udp,dns,INT,2,0,114,0,111111.1072,254,0,50666664.0,0.0,0.009,0.0,Attack
5e-06,udp,dns,INT,2,0,114,0,200000.0051,254,0,91200000.0,0.0,0.005,0.0,Attack
0.001041,udp,dns,CON,2,2,130,162,2881.844351,31,29,499519.6875,622478.375,0.008,0.007,Normal
1.799052,tcp,-,FIN,10,8,564,354,9.449421,254,252,2258.967529,1378.503784,199.894667,244.080859,Attack
9e-06,udp,-,INT,2,0,104,0,111111.1072,254,0,46222220.0,0.0,0.009,0.0,Attack
4e-06,udp,-,INT,2,0,104,0,250000.0006,254,0,104000000.0,0.0,0.004,0.0,Attack
0.549341,tcp,-,FIN,10,6,2516,268,27.305443,254,252,32984.97656,3262.090332,53.903667,91.889602,Normal
3e-06,udp,dns,INT,2,0,114,0,333333.3215,254,0,152000000.0,0.0,0.003,0.0,Attack
13.779643,tcp,-,REQ,4,0,180,0,0.217712,254,0,78.376488,0.0,4593.2145,0.0,Normal
1.009674,tcp,http,FIN,14,18,1684,10168,30.702981,31,29,12392.11914,76095.85156,77.640538,59.364118,Normal
0.878515,tcp,-,FIN,10,8,534,354,19.350836,254,252,4380.118652,2822.945557,95.518333,113.679711,Normal
0.02528,tcp,smtp,FIN,52,42,37152,3380,3678.797375,31,29,11531012.0,1044303.75,0.488549,0.604854,Normal
9e-06,udp,dns,INT,2,0,114,0,111111.1072,254,0,50666664.0,0.0,0.009,0.0,Attack
6.549205,tcp,-,FIN,62,304,2686,412206,55.731957,62,252,3228.483643,501863.6875,107.364015,21.283997,Attack
1e-05,micp,-,INT,2,0,200,0,100000.0025,254,0,80000000.0,0.0,0.01,0.0,Attack
0.005757,tcp,-,FIN,22,24,2054,2478,7816.571359,31,29,2725030.5,3300330.25,0.258048,0.227826,Normal
0.611487,tcp,-,FIN,10,6,588,268,24.530367,254,252,6933.916992,2930.561279,60.640778,92.954797,Attack
3e-06,unas,-,INT,2,0,200,0,333333.3215,254,0,266666656.0,0.0,0.003,0.0,Attack
0.680632,tcp,-,FIN,10,8,564,354,24.976786,254,252,5970.921387,3643.672363,73.341222,96.165141,Attack
0.002347,udp,dns,CON,2,2,146,178,1278.227555,31,29,248828.2969,303366.0,0.001,0.025,Normal
1e-06,udp,dns,INT,2,0,114,0,1000000.003,254,0,456000000.0,0.0,0.001,0.0,Attack
9e-06,ipv6,-,INT,2,0,200,0,111111.1072,254,0,88888888.0,0.0,0.009,0.0,Attack
0.001024,udp,dns,CON,2,2,130,162,2929.687507,31,29,507812.5,632812.5,0.009,0.007,Normal
2.43515,tcp,smtp,FIN,24,24,4381,2004,19.30066,62,252,13794.63281,6310.905273,105.876087,101.732172,Attack
0.659398,tcp,-,FIN,10,6,534,268,22.748021,254,252,5835.625488,2717.630127,66.139556,109.436602,Normal
1e-06,udp,dns,INT,2,0,114,0,1000000.003,254,0,456000000.0,0.0,0.001,0.0,Attack
9e-06,udp,-,INT,2,0,384,0,111111.1072,254,0,170666656.0,0.0,0.009,0.0,Attack
9e-06,uti,-,INT,2,0,200,0,111111.1072,254,0,88888888.0,0.0,0.009,0.0,Attack
9e-06,udp,-,INT,2,0,188,0,111111.1072,254,0,83555552.0,0.0,0.009,0.0,Attack
0.623312,tcp,-,FIN,10,8,2502,354,27.273661,254,252,28903.66406,3978.74585,66.952,90.824664,Attack
0.945868,tcp,-,FIN,10,10,608,646,20.087369,254,252,4634.895996,4922.462891,105.096444,94.717445,Attack
0.47951,tcp,-,FIN,28,30,4480,3080,118.871346,31,29,72073.57031,49684.05078,17.747408,16.515172,Normal
3e-06,udp,dns,INT,2,0,114,0,333333.3215,254,0,152000000.0,0.0,0.003,0.0,Attack
0.684539,tcp,-,FIN,12,8,1044,732,27.755905,254,252,11184.16895,7491.172852,60.184815,88.383711,Attack
0.001032,udp,dns,CON,2,2,132,164,2906.976908,31,29,511627.9375,635658.9375,0.01,0.007,Normal
9e-06,sdrp,-,INT,2,0,200,0,111111.1072,254,0,88888888.0,0.0,0.009,0.0,Attack
9e-06,unas,-,INT,2,0,200,0,111111.1072,254,0,88888888.0,0.0,0.009,0.0,Attack
0.66286,tcp,http,FIN,10,10,840,4240,28.663671,62,252,9124.098633,46054.97656,73.651111,60.064333,Attack
8e-06,aris,-,INT,2,0,200,0,125000.0003,254,0,100000000.0,0.0,0.008,0.0,Attack
0.632103,tcp,http,FIN,10,6,822,268,23.730309,254,252,9365.561523,2834.980957,70.125889,115.754398,Attack
1e-06,udp,dns,INT,2,0,114,0,1000000.003,254,0,456000000.0,0.0,0.001,0.0,Attack
4e-06,unas,-,INT,2,0,200,0,250000.0006,254,0,200000000.0,0.0,0.004,0.0,Attack
3e-06,udp,dns,INT,2,0,114,0,333333.3215,254,0,152000000.0,0.0,0.003,0.0,Attack
0.001082,udp,dns,CON,2,2,146,178,2772.643321,31,29,539741.25,658040.6875,0.009,0.007,Normal
28.484228,tcp,-,FIN,232,232,34232,36352,16.254609,62,252,9573.016602,10165.90625,123.308343,123.085125,Attack
0.023809,tcp,smtp,FIN,54,40,37808,3276,3906.085794,31,29,12468562.0,1073543.625,0.460137,0.597385,Normal
43.872566,ospf,-,INT,42,0,2184,0,0.934525,254,0,388.762299,0.0,1070.062625,0.0,Attack
0.00401,tcp,http,FIN,8,10,1052,824,4239.401707,31,29,1837406.625,1480299.375,0.521714,0.384444,Normal
3e-06,udp,dns,INT,2,0,114,0,333333.3215,254,0,152000000.0,0.0,0.003,0.0,Attack
0.017908,tcp,-,FIN,16,18,1540,1644,1842.751899,31,29,645074.875,693768.1875,1.174,1.085875,Normal
0.981981,tcp,-,FIN,10,8,622,354,17.311944,254,252,4562.206543,2525.50708,109.109,122.855859,Normal
1.4e-05,mobile,-,INT,1,0,60,0,0.0,0,0,0.0,0.0,0.0,0.0,Attack
2e-06,udp,dns,INT,2,0,114,0,500000.0013,254,0,228000000.0,0.0,0.002,0.0,Attack
0.66984,tcp,smtp,FIN,52,42,37372,3380,138.83913,31,29,437764.25,39412.39844,13.126804,16.733125,Normal
1.1e-05,udp,-,INT,2,0,2058,0,90909.0902,254,0,748363648.0,0.0,0.011,0.0,Attack
1.107164,tcp,http,FIN,12,18,1580,10168,26.193048,31,29,10469.99316,69395.32031,100.619639,65.095469,Normal
0.004654,tcp,-,FIN,22,14,1470,1728,7520.412471,31,29,2413407.75,2758917.0,0.221619,0.302462,Normal
3e-06,unas,-,INT,2,0,200,0,333333.3215,254,0,266666656.0,0.0,0.003,0.0,Attack
0.001022,udp,dns,CON,2,2,130,162,2935.420795,31,29,508806.2813,634050.875,0.01,0.007,Normal
3e-06,udp,dns,INT,2,0,114,0,333333.3215,254,0,152000000.0,0.0,0.003,0.0,Attack
0.582864,tcp,-,FIN,16,18,1540,1644,56.616982,31,29,19819.375,21315.43555,38.836934,34.21941,Normal
0.018318,tcp,-,FIN,48,50,2958,33044,5295.338116,31,29,1265203.625,14143029.0,0.389978,0.363286,Normal
3e-06,unas,-,INT,2,0,200,0,333333.3215,254,0,266666656.0,0.0,0.003,0.0,Attack
0.209366,tcp,http,FIN,10,6,832,268,71.644873,254,252,28619.73828,8559.173828,23.262889,38.797398,Attack
0.0,arp,-,INT,1,0,46,0,0.0,0,0,0.0,0.0,60000.72,0.0,Normal
0.107066,tcp,-,FIN,22,24,2054,2478,420.301504,31,29,146526.4375,177460.6406,5.08119,4.628522,Normal
9e-06,unas,-,INT,2,0,200,0,111111.1072,254,0,88888888.0,0.0,0.009,0.0,Attack
3e-06,udp,dns,INT,2,0,114,0,333333.3215,254,0,152000000.0,0.0,0.003,0.0,Attack
59.49836,ospf,-,REQ,74,0,20128,0,1.226925,254,0,2669.787842,0.0,828.756313,0.0,Attack
0.001043,udp,dns,CON,2,2,146,178,2876.318242,31,29,559923.3125,682646.1875,0.009,0.007,Normal
9e-06,udp,-,INT,2,0,168,0,111111.1072,254,0,74666664.0,0.0,0.009,0.0,Attack
1.231032,tcp,http,FIN,14,18,1684,10168,25.182123,31,29,10163.83008,62412.67578,94.667233,72.385059,Normal
0.0,arp,-,INT,1,0,46,0,0.0,0,0,0.0,0.0,60000.552,0.0,Normal
0.977707,tcp,http,FIN,10,8,848,354,17.387622,254,252,6251.361328,2536.547119,102.224444,126.130289,Attack
0.569378,tcp,-,FIN,10,6,756,268,26.344537,254,252,9568.335938,3147.293945,60.317556,98.071203,Attack
0.004716,tcp,-,FIN,18,18,4320,2456,7421.543596,31,29,6921119.5,3935538.5,0.259588,0.248706,Normal
2e-06,udp,dns,INT,2,0,114,0,500000.0013,254,0,228000000.0,0.0,0.002,0.0,Attack
3.003486,tcp,http,FIN,10,8,968,354,5.66009,254,252,2322.634521,825.707214,333.720667,419.024719,Attack
4e-06,idpr,-,INT,2,0,200,0,250000.0006,254,0,200000000.0,0.0,0.004,0.0,Attack
0.515544,tcp,http,FIN,14,10,3010,2052,44.613069,254,252,43371.66016,28660.98828,38.374383,52.294,Attack
0.050107,tcp,-,FIN,40,42,2542,23508,1616.54065,31,29,395793.0,3663999.25,1.275846,1.209098,Normal
1.46667,tcp,-,FIN,36,14,34710,988,33.409014,254,252,184068.6719,5007.26123,41.904856,101.385383,Attack
2e-06,prm,-,INT,2,0,200,0,500000.0013,254,0,400000000.0,0.0,0.002,0.0,Attack
0.79908,tcp,-,FIN,10,8,564,354,21.274465,254,252,5085.848633,3103.569092,87.261667,104.473,Attack
0.015021,tcp,-,FIN,40,42,2542,23508,5392.450549,31,29,1320284.875,12222355.0,0.395,0.3622,Normal
5e-06,udp,-,INT,2,0,2664,0,200000.0051,254,0,2131200000.0,0.0,0.005,0.0,Attack
0.001061,udp,dns,CON,2,2,146,178,2827.521083,31,29,550424.125,671065.0,0.009,0.008,Normal
43.872566,ospf,-,INT,42,0,2184,0,0.934525,254,0,388.762299,0.0,1070.062625,0.0,Attack
0.874432,tcp,-,FIN,10,8,2516,354,19.441191,254,252,20722.02148,2836.126709,97.061444,108.00143,Normal
3e-06,udp,dns,INT,2,0,114,0,333333.3215,254,0,152000000.0,0.0,0.003,0.0,Attack
0.378437,tcp,-,FIN,10,6,1612,268,39.636715,254,252,30673.5332,4735.266113,40.252111,70.681203,Attack
1e-05,sctp,-,INT,2,0,200,0,100000.0025,254,0,80000000.0,0.0,0.01,0.0,Attack
0.001049,udp,dns,CON,2,2,146,178,2859.866662,31,29,556720.6875,678741.6875,0.009,0.007,Normal
2e-06,udp,dns,INT,2,0,114,0,500000.0013,254,0,228000000.0,0.0,0.002,0.0,Attack
0.453904,tcp,-,CON,6,2,978,86,15.421763,62,252,14364.27051,757.869507,90.7808,0.007,Normal
0.056856,tcp,-,FIN,64,66,3806,54798,2268.889869,31,29,527226.6875,7593640.0,0.912032,0.857185,Normal
0.015916,tcp,-,FIN,48,50,2974,30506,6094.496415,31,29,1464187.0,15026892.0,0.339283,0.31302,Normal
0.539478,tcp,-,CON,6,2,978,86,12.975506,62,252,12085.75684,637.653442,107.8956,0.004,Normal
0.22619,tcp,http,FIN,10,6,1024,268,66.315929,254,252,32609.75195,7922.542969,23.226333,43.423801,Attack
9e-06,unas,-,INT,2,0,200,0,111111.1072,254,0,88888888.0,0.0,0.009,0.0,Attack
9e-06,3pc,-,INT,2,0,200,0,111111.1072,254,0,88888888.0,0.0,0.009,0.0,Attack
50.004398,ospf,-,REQ,6,0,384,0,0.099991,1,0,51.195496,0.0,10000.883,0.0,Normal
9e-06,udp,dns,INT,2,0,114,0,111111.1072,254,0,50666664.0,0.0,0.009,0.0,Attack
3e-06,udp,dns,INT,2,0,114,0,333333.3215,254,0,152000000.0,0.0,0.003,0.0,Attack
0.713635,tcp,-,FIN,10,8,756,354,23.821701,254,252,7634.154297,3475.165771,79.187111,91.47243,Attack
8e-06,visa,-,INT,2,0,200,0,125000.0003,254,0,100000000.0,0.0,0.008,0.0,Attack
2.34732,tcp,http,FIN,22,94,1708,115786,48.99204,62,252,5558.679688,390419.6875,109.946574,24.464753,Attack
0.421287,tcp,http,FIN,10,8,778,2044,40.352539,62,252,13311.59082,33972.08984,46.809667,57.87343,Attack
1e-06,udp,-,INT,2,0,544,0,1000000.003,254,0,2176000000.0,0.0,0.001,0.0,Attack
0.586395,tcp,-,FIN,10,6,534,268,25.580026,254,252,6562.129395,3055.960449,63.176667,98.597,Normal
0.000974,udp,dns,CON,2,2,146,178,3080.082059,31,29,599589.3125,731006.125,0.009,0.007,Normal
0.868413,tcp,-,FIN,10,8,534,354,19.57594,254,252,4431.071777,2855.78418,96.490333,110.873859,Attack
0.180182,tcp,-,FIN,10,6,630,268,83.249161,254,252,25174.54688,9945.5,20.020222,25.7516,Normal
0.004719,tcp,-,FIN,18,18,4136,2456,7416.825844,31,29,6623437.5,3933036.75,0.259059,0.246941,Normal
9e-06,leaf-1,-,INT,2,0,200,0,111111.1072,254,0,88888888.0,0.0,0.009,0.0,Attack
0.001034,udp,dns,CON,2,2,146,178,2901.354085,31,29,564796.9375,688588.0625,0.008,0.009,Normal
4e-06,udp,dns,INT,2,0,114,0,250000.0006,254,0,114000000.0,0.0,0.004,0.0,Attack
0.721342,tcp,-,FIN,28,30,4616,3080,79.01938,31,29,49374.63672,33027.32813,26.704888,24.852689,Normal
4e-06,udp,dns,INT,2,0,114,0,250000.0006,254,0,114000000.0,0.0,0.004,0.0,Attack
0.004694,udp,-,CON,4,4,568,304,1491.265481,31,29,726033.25,388581.1875,1.265333,1.054667,Normal
4e-06,udp,-,INT,2,0,608,0,250000.0006,254,0,608000000.0,0.0,0.004,0.0,Attack
0.747424,tcp,-,FIN,10,6,490,268,20.06893,254,252,4720.212402,2397.568115,82.935333,120.919797,Attack
9e-06,udp,dns,INT,2,0,114,0,111111.1072,254,0,50666664.0,0.0,0.009,0.0,Attack
0.736268,tcp,http,FIN,10,6,510,268,20.373017,254,252,4987.314453,2433.896484,78.581667,134.945406,Attack
0.739325,tcp,ftp-data,FIN,8,8,364,910,20.288777,62,252,3451.797363,8624.083008,105.617855,94.141,Attack
3e-06,unas,-,INT,2,0,200,0,333333.3215,254,0,266666656.0,0.0,0.003,0.0,Attack
6e-06,udp,-,INT,2,0,104,0,166666.6608,254,0,69333328.0,0.0,0.006,0.0,Normal
5e-06,udp,dns,INT,2,0,114,0,200000.0051,254,0,91200000.0,0.0,0.005,0.0,Attack
2e-06,udp,dns,INT,2,0,114,0,500000.0013,254,0,228000000.0,0.0,0.002,0.0,Attack
1.845875,tcp,pop3,FIN,20,22,956,5518,22.211688,62,252,3939.594971,22831.44727,97.151314,85.241429,Attack
6e-06,unas,-,INT,2,0,200,0,166666.6608,254,0,133333328.0,0.0,0.006,0.0,Attack
2.683926,tcp,smtp,FIN,26,20,6371,1652,16.766482,62,252,18259.81641,4679.711426,107.357041,138.045734,Attack
7e-06,udp,-,INT,2,0,214,0,142857.1409,254,0,122285712.0,0.0,0.007,0.0,Attack
0.655339,tcp,-,FIN,14,16,790,902,44.251906,254,252,8960.248047,10327.47949,50.410694,38.4678,Attack
9e-06,unas,-,INT,2,0,200,0,111111.1072,254,0,88888888.0,0.0,0.009,0.0,Attack
1.9e-05,ip,-,INT,2,0,180,0,52631.58129,254,0,37894740.0,0.0,0.019,0.0,Attack
0.795529,tcp,-,FIN,10,8,534,354,21.369428,254,252,4837.032715,3117.422363,80.884,102.74357,Normal
1.5e-05,udp,dns,INT,2,0,114,0,66666.66835,254,0,30400000.0,0.0,0.015,0.0,Attack
0.0,arp,-,INT,1,0,46,0,0.0,0,0,0.0,0.0,60000.668,0.0,Normal
8e-06,udp,dns,INT,2,0,114,0,125000.0003,254,0,57000000.0,0.0,0.008,0.0,Attack
40.088387,tcp,-,FIN,66,66,3910,51808,3.267779,31,29,768.501892,10182.30078,616.739595,626.366688,Normal
9e-06,cphb,-,INT,2,0,200,0,111111.1072,254,0,88888888.0,0.0,0.009,0.0,Attack
4e-06,unas,-,INT,2,0,200,0,250000.0006,254,0,200000000.0,0.0,0.004,0.0,Attack
9e-06,udp,dns,INT,2,0,114,0,111111.1072,254,0,50666664.0,0.0,0.009,0.0,Attack
0.610833,tcp,-,FIN,10,6,1612,268,24.55663,254,252,19003.55859,2933.69873,65.708778,114.147398,Attack
0.000941,udp,dns,CON,2,2,130,162,3188.097749,31,29,552603.625,688629.125,0.008,0.007,Normal
0.688864,tcp,-,FIN,10,8,636,354,24.678311,254,252,6654.434082,3600.130127,75.053889,88.132289,Attack
0.028344,tcp,-,FIN,68,70,4014,59460,4833.474498,31,29,1116285.625,16542761.0,0.417716,0.403739,Normal
0.682233,tcp,-,FIN,10,6,534,268,21.986624,254,252,5640.301758,2626.668701,75.701222,119.695203,Normal
8e-06,unas,-,INT,2,0,200,0,125000.0003,254,0,100000000.0,0.0,0.008,0.0,Attack
6e-06,udp,dns,INT,2,0,114,0,166666.6608,254,0,76000000.0,0.0,0.006,0.0,Attack
8e-06,unas,-,INT,2,0,200,0,125000.0003,254,0,100000000.0,0.0,0.008,0.0,Attack
0.42514,tcp,-,FIN,10,6,546,268,35.282496,254,252,9258.126953,4215.082031,44.285889,70.518602,Attack
1.451533,tcp,http,FIN,14,16,1422,9090,19.978878,62,252,7280.578613,46968.27734,111.656387,92.271401,Attack
8e-06,udp,dns,INT,2,0,114,0,125000.0003,254,0,57000000.0,0.0,0.008,0.0,Attack
8e-06,udp,dns,INT,2,0,114,0,125000.0003,254,0,57000000.0,0.0,0.008,0.0,Attack
1.03271,tcp,http,FIN,12,18,1580,10168,28.081457,31,29,11224.83594,74398.42969,93.851365,60.71594,Normal
0.002853,tcp,ftp-data,FIN,6,8,320,1826,4556.606967,31,29,748685.5625,4480897.0,0.5072,0.337571,Normal
5e-06,udp,dns,INT,2,0,114,0,200000.0051,254,0,91200000.0,0.0,0.005,0.0,Attack
3e-06,unas,-,INT,2,0,200,0,333333.3215,254,0,266666656.0,0.0,0.003,0.0,Attack
9e-06,udp,dns,INT,2,0,114,0,111111.1072,254,0,50666664.0,0.0,0.009,0.0,Attack
9e-06,kryptolan,-,INT,2,0,200,0,111111.1072,254,0,88888888.0,0.0,0.009,0.0,Attack
9e-06,udp,dns,INT,2,0,114,0,111111.1072,254,0,50666664.0,0.0,0.009,0.0,Attack
2e-06,udp,dns,INT,2,0,114,0,500000.0013,254,0,228000000.0,0.0,0.002,0.0,Attack
0.781617,tcp,-,FIN,28,30,4536,3080,72.925744,31,29,44768.73047,30480.40234,28.937,26.924449,Normal
1e-06,visa,-,INT,2,0,200,0,1000000.003,254,0,800000000.0,0.0,0.001,0.0,Attack
0.018078,tcp,-,FIN,16,18,1540,1644,1825.423232,31,29,639008.75,687244.1875,1.184333,1.036823,Normal
0.675294,tcp,-,FIN,10,8,564,354,25.174221,254,252,6018.119629,3672.474609,75.032667,89.77957,Attack
8e-06,udp,dns,INT,2,0,114,0,125000.0003,254,0,57000000.0,0.0,0.008,0.0,Attack
6e-06,unas,-,INT,2,0,200,0,166666.6608,254,0,133333328.0,0.0,0.006,0.0,Attack
9e-06,udp,dns,INT,2,0,114,0,111111.1072,254,0,50666664.0,0.0,0.009,0.0,Attack
1.1e-05,udp,-,INT,2,0,1064,0,90909.0902,254,0,386909088.0,0.0,0.011,0.0,Attack
3e-06,unas,-,INT,2,0,200,0,333333.3215,254,0,266666656.0,0.0,0.003,0.0,Attack
0.01831,tcp,-,FIN,40,42,2542,23508,4423.812304,31,29,1083124.0,10026871.0,0.460179,0.433902,Normal
1.226412,tcp,ftp,FIN,22,22,1158,1650,35.061625,62,252,7214.541016,10273.87207,58.400573,57.528379,Attack
1.6e-05,unas,-,INT,2,0,200,0,62500.00016,254,0,50000000.0,0.0,0.016,0.0,Attack
9e-06,udp,dns,INT,2,0,114,0,111111.1072,254,0,50666664.0,0.0,0.009,0.0,Attack
9e-06,udp,dns,INT,2,0,114,0,111111.1072,254,0,50666664.0,0.0,0.009,0.0,Attack
0.640324,tcp,-,FIN,10,8,564,354,26.54906,254,252,6346.787109,3873.039307,70.527333,89.126141,Attack
9e-06,udp,-,INT,2,0,304,0,111111.1072,254,0,135111104.0,0.0,0.009,0.0,Attack
5e-06,udp,dns,INT,2,0,114,0,200000.0051,254,0,91200000.0,0.0,0.005,0.0,Attack
6.887705,udp,dns,INT,36,0,7956,0,5.081519,254,0,8984.125,0.0,196.791578,0.0,Attack
1.255056,tcp,http,FIN,14,18,1684,10168,24.700093,31,29,9969.276367,61217.98438,96.514767,73.799529,Normal
1e-06,sep,-,INT,2,0,104,0,1000000.003,254,0,416000000.0,0.0,0.001,0.0,Attack
5e-06,udp,dns,INT,2,0,114,0,200000.0051,254,0,91200000.0,0.0,0.005,0.0,Attack
0.215956,tcp,http,FIN,10,6,926,268,69.458593,254,252,30895.18164,8297.986328,22.420556,33.463602,Attack
0.0,arp,-,INT,1,0,46,0,0.0,0,0,0.0,0.0,60000.808,0.0,Normal
0.816886,tcp,http,FIN,10,8,566,354,20.810737,254,252,4994.577148,3035.919189,90.652111,104.102,Attack
5e-06,udp,dns,INT,2,0,114,0,200000.0051,254,0,91200000.0,0.0,0.005,0.0,Attack
0.701277,tcp,http,FIN,10,6,684,268,21.38955,254,252,7027.180176,2555.338379,77.822667,118.194,Attack
0.380509,tcp,http,FIN,16,48,1068,57651,165.567705,62,252,21066.51953,1186831.375,25.367267,7.920553,Attack
7e-06,udp,dns,INT,2,0,114,0,142857.1409,254,0,65142856.0,0.0,0.007,0.0,Attack
3e-06,rsvp,-,INT,2,0,200,0,333333.3215,254,0,266666656.0,0.0,0.003,0.0,Attack
8e-06,udp,dns,INT,2,0,114,0,125000.0003,254,0,57000000.0,0.0,0.008,0.0,Attack
4e-06,udp,-,INT,2,0,104,0,250000.0006,254,0,104000000.0,0.0,0.004,0.0,Attack
7.883208,tcp,ftp,FIN,26,24,1346,1738,6.215744,62,252,1314.185791,1690.682373,315.32572,338.042188,Attack
9e-06,udp,-,INT,2,0,168,0,111111.1072,254,0,74666664.0,0.0,0.009,0.0,Attack
2.094622,tcp,ftp,FIN,52,54,2934,3742,50.128379,31,29,10991.95996,14028.30762,41.064979,39.51102,Normal
8e-06,udp,dns,INT,2,0,114,0,125000.0003,254,0,57000000.0,0.0,0.008,0.0,Attack
1.250442,ospf,-,INT,42,0,1890,0,32.788405,254,0,11803.82617,0.0,30.498586,0.0,Attack
5e-06,dcn,-,INT,2,0,200,0,200000.0051,254,0,160000000.0,0.0,0.005,0.0,Attack
1e-05,udp,-,INT,2,0,2454,0,100000.0025,254,0,981600000.0,0.0,0.01,0.0,Attack
0.764677,tcp,http,FIN,10,6,884,268,19.616126,254,252,8327.699219,2343.473145,84.964111,139.528,Attack
1.159081,tcp,http,FIN,14,18,1684,10168,26.745327,31,29,10794.75879,66287.0,89.129305,68.149235,Normal
16.170187,ospf,-,REQ,16,0,4352,0,0.927633,254,0,2018.529541,0.0,1290.972,0.0,Attack
1.2e-05,udp,-,INT,2,0,1244,0,83333.33039,254,0,414666656.0,0.0,0.012,0.0,Attack
1.225965,tcp,smtp,FIN,162,40,191398,2612,163.952475,62,252,1241255.625,16620.37695,7.662281,30.497385,Attack
9e-06,udp,dns,INT,2,0,114,0,111111.1072,254,0,50666664.0,0.0,0.009,0.0,Attack
0.41665,tcp,-,FIN,30,14,25684,764,103.204129,254,252,476716.6563,13632.54492,14.367242,30.150385,Attack
9e-06,xtp,-,INT,2,0,200,0,111111.1072,254,0,88888888.0,0.0,0.009,0.0,Attack
1.007505,tcp,http,FIN,14,18,1684,10168,30.769076,31,29,12418.7959,76259.66406,77.471618,59.235235,Normal
59.400505,ospf,-,REQ,64,0,17408,0,1.060597,254,0,2307.859131,0.0,954.815563,0.0,Attack
0.004445,udp,-,CON,4,4,568,312,1574.803119,31,29,766704.125,421147.3438,1.173667,1.037,Normal
3e-06,udp,dns,INT,2,0,114,0,333333.3215,254,0,152000000.0,0.0,0.003,0.0,Attack
0.173617,tcp,http,FIN,10,6,846,268,86.397067,254,252,35111.76953,10321.56934,18.134889,32.6206,Attack
1.340681,tcp,-,FIN,12,12,660,570,17.155461,254,252,3610.105713,3120.802246,121.880085,115.51318,Attack
0.019556,tcp,-,FIN,16,18,1540,1644,1687.461577,31,29,590713.8125,635303.6875,1.281533,1.123353,Normal
1e-05,udp,-,INT,2,0,168,0,100000.0025,254,0,67200000.0,0.0,0.01,0.0,Attack
9e-06,udp,dns,INT,2,0,114,0,111111.1072,254,0,50666664.0,0.0,0.009,0.0,Attack
1.064202,tcp,-,FIN,16,10,916,556,23.491782,254,252,6457.420898,3766.202393,68.013601,108.148219,Attack
8e-06,udp,-,INT,2,0,104,0,125000.0003,254,0,52000000.0,0.0,0.008,0.0,Normal
8e-06,udp,dns,INT,2,0,114,0,125000.0003,254,0,57000000.0,0.0,0.008,0.0,Attack
3e-06,udp,-,INT,2,0,1180,0,333333.3215,254,0,1573333248.0,0.0,0.003,0.0,Normal
0.73793,tcp,-,FIN,10,6,2516,268,20.327131,254,252,24555.17383,2428.414551,79.246556,131.233,Normal
0.735417,tcp,http,FIN,10,10,782,5970,25.835682,62,252,7658.240234,58448.47266,81.713,75.228891,Attack
9e-06,udp,dns,INT,2,0,114,0,111111.1072,254,0,50666664.0,0.0,0.009,0.0,Attack
0.550515,tcp,http,FIN,10,6,1006,268,27.247214,254,252,13165.85352,3255.133789,58.189222,96.166,Attack
0.001061,udp,dns,CON,2,2,146,178,2827.521083,31,29,550424.125,671065.0,0.009,0.007,Normal
9e-06,unas,-,INT,2,0,200,0,111111.1072,254,0,88888888.0,0.0,0.009,0.0,Attack
5e-06,udp,dns,INT,2,0,114,0,200000.0051,254,0,91200000.0,0.0,0.005,0.0,Attack
4.7e-05,swipe,-,INT,1,0,60,0,0.0,0,0,0.0,0.0,0.0,0.0,Attack
0.215814,tcp,http,FIN,10,6,624,268,69.504297,62,252,20832.75391,8303.446289,22.070667,37.774602,Attack
0.826884,tcp,ssh,FIN,108,114,9504,12298,267.268453,31,29,91098.63281,117946.4141,7.725066,7.312345,Normal
0.178411,tcp,http,FIN,10,10,844,4756,106.495672,62,252,34078.61328,191961.25,19.823444,17.401333,Attack
5e-06,gre,-,INT,2,0,200,0,200000.0051,254,0,160000000.0,0.0,0.005,0.0,Attack
0.145027,tcp,-,CON,6,2,986,86,48.266876,62,252,45343.28125,2371.972168,29.0054,0.005,Normal
4e-06,udp,dns,INT,2,0,114,0,250000.0006,254,0,114000000.0,0.0,0.004,0.0,Attack
0.017837,tcp,-,FIN,48,50,2958,32642,5438.134475,31,29,1299321.75,14347705.0,0.372872,0.353571,Normal
9e-06,udp,dns,INT,2,0,114,0,111111.1072,254,0,50666664.0,0.0,0.009,0.0,Attack
9e-06,udp,dns,INT,2,0,114,0,111111.1072,254,0,50666664.0,0.0,0.009,0.0,Attack
2.769401,tcp,smtp,FIN,30,22,13597,1848,18.415534,62,252,37969.21875,5095.686523,95.465759,128.801859,Attack
0.276094,tcp,-,FIN,26,26,4352,2872,184.719704,31,29,121263.0547,80030.71875,11.02364,11.0248,Normal
0.004169,tcp,-,FIN,12,12,1064,2260,5516.910733,31,29,1872871.25,3976013.5,0.346909,0.324818,Normal
6e-06,udp,dns,INT,2,0,114,0,166666.6608,254,0,76000000.0,0.0,0.006,0.0,Attack
9e-06,udp,dns,INT,2,0,114,0,111111.1072,254,0,50666664.0,0.0,0.009,0.0,Attack
1.1e-05,udp,-,INT,2,0,1064,0,90909.0902,254,0,386909088.0,0.0,0.011,0.0,Normal
2.003943,tcp,http,FIN,14,18,1772,10894,15.469502,62,252,6571.04541,41075.01953,154.073,113.563058,Attack
0.186027,udp,-,CON,4,4,536,304,37.628945,31,29,17287.8125,9805.02832,56.630668,47.343,Normal
9e-06,udp,dns,INT,2,0,114,0,111111.1072,254,0,50666664.0,0.0,0.009,0.0,Attack
0.068921,tcp,-,FIN,48,50,2958,33044,1407.408487,31,29,336269.0625,3758970.5,1.491478,1.395592,Normal
1.24305,tcp,http,FIN,14,18,1684,10168,24.938659,31,29,10065.56445,61809.26172,95.59,73.090647,Normal
0.010226,tcp,-,FIN,38,40,2438,19266,7529.82586,31,29,1857226.625,14695873.0,0.271361,0.247487,Normal
0.0,arp,-,INT,1,0,46,0,0.0,0,0,0.0,0.0,60000.836,0.0,Normal
0.885993,tcp,http,FIN,60,14,68197,612,82.393427,254,252,605521.6875,5137.738281,14.482492,61.941691,Attack
0.033148,tcp,-,FIN,72,74,4238,63516,4374.32147,31,29,1008809.063,15121999.0,0.465186,0.445904,Normal
5e-06,udp,dns,INT,2,0,114,0,200000.0051,254,0,91200000.0,0.0,0.005,0.0,Attack
0.007144,udp,-,CON,4,4,568,312,979.843237,31,29,477043.6875,262038.0781,1.767333,1.615,Normal
9e-06,udp,dns,INT,2,0,114,0,111111.1072,254,0,50666664.0,0.0,0.009,0.0,Attack
9e-06,udp,dns,INT,2,0,114,0,111111.1072,254,0,50666664.0,0.0,0.009,0.0,Attack
0.854632,tcp,ftp,FIN,52,54,2934,3742,122.859895,31,29,26940.25,34382.05078,16.751138,16.114755,Normal
9e-06,udp,dns,INT,2,0,114,0,111111.1072,254,0,50666664.0,0.0,0.009,0.0,Attack
3e-06,nsfnet-igp,-,INT,2,0,200,0,333333.3215,254,0,266666656.0,0.0,0.003,0.0,Attack
3e-06,unas,-,INT,2,0,200,0,333333.3215,254,0,266666656.0,0.0,0.003,0.0,Attack
1e-06,iplt,-,INT,2,0,200,0,1000000.003,254,0,800000000.0,0.0,0.001,0.0,Attack
9e-06,unas,-,INT,2,0,200,0,111111.1072,254,0,88888888.0,0.0,0.009,0.0,Attack
1.533705,tcp,pop3,FIN,20,24,944,7630,28.036682,62,252,4678.865723,38145.53516,80.721317,63.101913,Attack
3e-06,udp,dns,INT,2,0,114,0,333333.3215,254,0,152000000.0,0.0,0.003,0.0,Attack
1.133288,tcp,http,FIN,10,10,872,1218,16.765376,62,252,5541.397949,7743.838867,125.920889,116.604336,Normal
4e-06,mfe-nsp,-,INT,2,0,200,0,250000.0006,254,0,200000000.0,0.0,0.004,0.0,Attack
0.241844,tcp,-,FIN,48,50,2958,32642,401.085,31,29,95830.36719,1058202.875,5.250674,4.924224,Normal
1.815462,tcp,pop3,FIN,42,158,1880,186167,109.613972,62,252,8090.502441,815171.0,44.279562,11.602467,Attack
0.50703,tcp,-,FIN,10,6,1252,268,29.584048,254,252,17781.98438,3534.307617,53.265778,85.836,Attack
1e-05,rsvp,-,INT,2,0,200,0,100000.0025,254,0,80000000.0,0.0,0.01,0.0,Attack
0.022856,tcp,-,FIN,52,54,3182,39076,4593.979536,31,29,1092404.625,13424221.0,0.45066,0.428885,Normal
0.042901,tcp,-,FIN,60,62,3614,50036,2820.447198,31,29,662735.1875,9180020.0,0.721932,0.693836,Normal
27.286858,tcp,http,FIN,8,10,1052,824,0.623011,31,29,270.020111,217.540619,3895.967286,3031.80525,Normal
7e-06,fire,-,INT,2,0,200,0,142857.1409,254,0,114285712.0,0.0,0.007,0.0,Attack
1.228138,tcp,ftp,FIN,22,22,1178,1642,35.012353,62,252,7328.166992,10213.83594,58.482763,57.768621,Attack
4.598935,ospf,-,INT,82,0,5248,0,17.612773,254,0,9017.739258,0.0,56.776977,0.0,Attack
1.205164,tcp,-,FIN,14,8,5158,698,17.425015,254,252,31796.50391,4055.879639,92.695305,154.982281,Attack
4.870064,tcp,smtp,FIN,92,30,94225,2224,24.84567,62,252,153100.25,3531.78125,53.511716,163.492938,Attack
5e-06,unas,-,INT,2,0,200,0,200000.0051,254,0,160000000.0,0.0,0.005,0.0,Attack
3e-06,udp,dns,INT,2,0,114,0,333333.3215,254,0,152000000.0,0.0,0.003,0.0,Attack
28.344326,udp,-,INT,4,0,2128,0,0.105841,254,0,450.460541,0.0,9448.109,0.0,Attack
0.417305,tcp,-,FIN,10,6,1612,268,35.944933,254,252,27816.58594,4294.221191,46.258889,70.175203,Normal
0.674521,tcp,-,FIN,10,8,564,354,25.203069,254,252,6025.016113,3676.683105,73.849667,93.030711,Attack
3e-06,udp,dns,INT,2,0,114,0,333333.3215,254,0,152000000.0,0.0,0.003,0.0,Attack
5e-06,udp,-,INT,2,0,168,0,200000.0051,254,0,134400000.0,0.0,0.005,0.0,Attack
8e-06,udp,dns,INT,2,0,114,0,125000.0003,254,0,57000000.0,0.0,0.008,0.0,Attack
9e-06,vrrp,-,INT,2,0,200,0,111111.1072,254,0,88888888.0,0.0,0.009,0.0,Attack
0.030472,tcp,smtp,FIN,52,42,37492,3380,3051.982228,31,29,9653715.0,866369.125,0.627417,0.729463,Normal
5e-06,udp,dns,INT,2,0,114,0,200000.0051,254,0,91200000.0,0.0,0.005,0.0,Attack
7e-06,unas,-,INT,2,0,200,0,142857.1409,254,0,114285712.0,0.0,0.007,0.0,Attack
4.220524,tcp,http,FIN,330,746,17642,1087890,254.707719,31,29,33339.9375,2059331.125,12.827395,5.664512,Normal
9e-06,unas,-,INT,2,0,200,0,111111.1072,254,0,88888888.0,0.0,0.009,0.0,Attack
0.504938,tcp,http,FIN,10,6,514,268,29.706617,254,252,7335.554199,3548.950439,51.558889,87.818602,Attack
1.278955,tcp,ftp-data,FIN,8,10,364,3754,13.292102,62,252,1995.379028,21136.00586,182.615857,125.058556,Attack
9e-06,udp,dns,INT,2,0,114,0,111111.1072,254,0,50666664.0,0.0,0.009,0.0,Attack
59.49836,ospf,-,REQ,74,0,20128,0,1.226925,254,0,2669.787842,0.0,828.756313,0.0,Attack
44.398197,tcp,-,FIN,24,20,2048,1626,0.968508,254,252,353.708069,278.389679,1930.321477,2331.797,Attack
2.850689,tcp,smtp,FIN,26,22,6379,1900,16.487243,62,252,17214.08398,5090.699219,114.027558,132.465375,Attack
0.004549,tcp,ftp-data,FIN,8,12,424,8824,4176.74219,31,29,652451.125,14225544.0,0.603143,0.370182,Normal
0.531259,tcp,http,FIN,10,10,794,3388,35.7641,62,252,10766.87598,45928.63281,59.028778,57.627444,Attack
3.527888,tcp,-,FIN,30,42,2302,34406,20.125355,31,29,5047.779297,76163.41406,121.623141,88.184748,Normal
1.738531,tcp,ftp,FIN,14,12,820,682,14.379956,254,252,3506.408691,2880.592773,130.393995,150.462906,Normal
4e-06,rdp,-,INT,2,0,200,0,250000.0006,254,0,200000000.0,0.0,0.004,0.0,Attack
0.431565,tcp,http,FIN,10,8,758,880,39.391518,62,252,12660.89746,14273.63281,47.937333,48.467855,Attack
0.027167,tcp,-,FIN,60,62,3614,50036,4453.933101,31,29,1046563.875,14496706.0,0.458879,0.436672,Normal
0.561341,tcp,-,FIN,10,6,944,268,26.721726,254,252,12113.84863,3192.355469,55.260222,98.016,Normal
9e-06,udp,dns,INT,2,0,114,0,111111.1072,254,0,50666664.0,0.0,0.009,0.0,Attack
1e-06,udp,dns,INT,2,0,114,0,1000000.003,254,0,456000000.0,0.0,0.001,0.0,Attack
0.000995,udp,dns,CON,2,2,130,162,3015.075348,31,29,522613.0625,651256.25,0.001,0.007,Normal
9e-06,unas,-,INT,2,0,200,0,111111.1072,254,0,88888888.0,0.0,0.009,0.0,Attack
8e-06,unas,-,INT,2,0,200,0,125000.0003,254,0,100000000.0,0.0,0.008,0.0,Attack
5e-06,udp,dns,INT,2,0,114,0,200000.0051,254,0,91200000.0,0.0,0.005,0.0,Attack
9e-06,udp,dns,INT,2,0,114,0,111111.1072,254,0,50666664.0,0.0,0.009,0.0,Attack
1.029783,tcp,http,FIN,10,8,798,354,16.508332,254,252,5585.642578,2408.274414,114.309444,137.572141,Attack
8e-06,udp,dns,INT,2,0,114,0,125000.0003,254,0,57000000.0,0.0,0.008,0.0,Attack
0.476927,tcp,smtp,FIN,52,42,37210,3380,194.998391,31,29,612169.125,55354.38281,9.344608,11.620098,Normal
9e-06,mfe-nsp,-,INT,2,0,200,0,111111.1072,254,0,88888888.0,0.0,0.009,0.0,Attack
1.361192,tcp,-,FIN,12,10,1490,812,15.427655,254,252,8028.257812,4296.234375,121.024548,139.284891,Attack
9e-06,narp,-,INT,2,0,200,0,111111.1072,254,0,88888888.0,0.0,0.009,0.0,Attack
1.555244,tcp,ftp-data,FIN,8,8,364,860,9.644789,62,252,1640.900146,3873.347168,222.016714,211.458578,Attack
3e-06,udp,dns,INT,2,0,114,0,333333.3215,254,0,152000000.0,0.0,0.003,0.0,Attack
5e-06,udp,-,INT,2,0,168,0,200000.0051,254,0,134400000.0,0.0,0.005,0.0,Attack
3e-06,udp,dns,INT,2,0,114,0,333333.3215,254,0,152000000.0,0.0,0.003,0.0,Attack
1.256907,tcp,-,FIN,10,8,568,354,13.525265,254,252,3258.793213,1973.097534,136.715556,167.015578,Attack
6e-06,smp,-,INT,2,0,200,0,166666.6608,254,0,133333328.0,0.0,0.006,0.0,Attack
3e-06,unas,-,INT,2,0,200,0,333333.3215,254,0,266666656.0,0.0,0.003,0.0,Attack
9e-06,udp,dns,INT,2,0,114,0,111111.1072,254,0,50666664.0,0.0,0.009,0.0,Attack
0.001014,udp,dns,CON,2,2,146,178,2958.579772,31,29,575936.875,702169.625,0.008,0.007,Normal
0.304413,tcp,ssl,FIN,10,10,960,4192,62.415208,254,252,22705.99609,99154.77344,33.823667,32.991556,Attack
5e-06,unas,-,INT,2,0,200,0,200000.0051,254,0,160000000.0,0.0,0.005,0.0,Attack
0.466884,tcp,smtp,FIN,52,38,37492,3172,190.625514,31,29,630066.5625,52929.63672,9.146922,12.953973,Normal
9e-06,udp,dns,INT,2,0,114,0,111111.1072,254,0,50666664.0,0.0,0.009,0.0,Attack
1e-05,swipe,-,INT,2,0,200,0,100000.0025,254,0,80000000.0,0.0,0.01,0.0,Attack
9e-06,udp,-,INT,2,0,432,0,111111.1072,254,0,192000000.0,0.0,0.009,0.0,Normal
3e-06,udp,dns,INT,2,0,114,0,333333.3215,254,0,152000000.0,0.0,0.003,0.0,Attack
0.853033,tcp,ftp-data,FIN,8,10,364,4174,19.928889,62,252,2991.677979,35234.27734,121.861862,89.322778,Attack
0.954487,tcp,-,FIN,10,6,738,268,15.715248,254,252,5573.674316,1877.448242,105.954111,169.867797,Attack
8e-06,udp,dns,INT,2,0,114,0,125000.0003,254,0,57000000.0,0.0,0.008,0.0,Attack
0.348134,tcp,-,FIN,10,6,966,268,43.086856,62,252,19992.30078,5147.442871,35.043778,53.970602,Attack
6e-06,aes-sp3-d,-,INT,2,0,200,0,166666.6608,254,0,133333328.0,0.0,0.006,0.0,Attack
1e-06,udp,-,INT,2,0,1066,0,1000000.003,254,0,4264000000.0,0.0,0.001,0.0,Attack
0.000108,udp,-,INT,2,0,503,0,9259.259244,64,0,18666666.0,0.0,0.108,0.0,Normal
0.001008,udp,dns,CON,2,2,146,178,2976.1905,31,29,579365.0625,706349.1875,0.015,0.007,Normal
0.017909,tcp,-,FIN,16,18,1540,1644,1842.648979,31,29,645038.8125,693729.4375,1.173867,1.025765,Normal
9e-06,udp,dns,INT,2,0,114,0,111111.1072,254,0,50666664.0,0.0,0.009,0.0,Attack
0.001015,udp,dns,CON,2,2,130,162,2955.664893,31,29,512315.25,638423.625,0.009,0.007,Normal
2.226126,tcp,-,FIN,28,84,1454,87000,49.862408,62,252,5041.942871,308931.3125,82.404627,26.46306,Attack
0.87061,tcp,-,FIN,10,8,748,354,19.526539,254,252,6193.358887,2848.577393,6124.6376,7647.876,Attack
9e-06,udp,dns,INT,2,0,114,0,111111.1072,254,0,50666664.0,0.0,0.009,0.0,Attack
33.367344,tcp,-,FIN,64,68,3806,51912,3.925994,31,29,898.363403,12263.24805,538.177661,505.555427,Normal
8e-06,udp,dns,INT,2,0,114,0,125000.0003,254,0,57000000.0,0.0,0.008,0.0,Attack
0.003873,tcp,http,FIN,8,10,1052,824,4389.362341,31,29,1902401.25,1532662.0,0.504857,0.375333,Normal
3e-06,unas,-,INT,2,0,200,0,333333.3215,254,0,266666656.0,0.0,0.003,0.0,Attack
8e-06,udp,dns,INT,2,0,114,0,125000.0003,254,0,57000000.0,0.0,0.008,0.0,Attack
0.0,arp,-,INT,1,0,46,0,0.0,0,0,0.0,0.0,60000.684,0.0,Normal
9e-06,unas,-,INT,2,0,200,0,111111.1072,254,0,88888888.0,0.0,0.009,0.0,Attack
5e-06,unas,-,INT,2,0,200,0,200000.0051,254,0,160000000.0,0.0,0.005,0.0,Attack
8e-06,ddp,-,INT,2,0,200,0,125000.0003,254,0,100000000.0,0.0,0.008,0.0,Attack
4.91964,tcp,ftp,FIN,24,24,1296,1704,9.553544,62,252,2019.659912,2655.47876,213.897386,209.216516,Attack
3e-06,udp,-,INT,2,0,2876,0,333333.3215,254,0,3834666496.0,0.0,0.003,0.0,Attack
9e-06,udp,dns,INT,2,0,114,0,111111.1072,254,0,50666664.0,0.0,0.009,0.0,Attack
0.518501,udp,-,CON,4,2,228,91,9.643183,254,60,2638.375,709.738281,0.856,0.008,Attack
4e-06,udp,dns,INT,2,0,114,0,250000.0006,254,0,114000000.0,0.0,0.004,0.0,Attack
0.052107,tcp,-,FIN,22,24,2054,2478,863.607596,31,29,301072.8125,364634.3125,2.464762,2.237087,Normal
0.37714,tcp,http,FIN,34,8,34330,354,108.712949,254,252,706814.5,6575.807617,11.428485,52.845145,Attack
0.971558,tcp,http,FIN,10,8,1936,354,17.497669,254,252,14352.20606,2552.601074,103.281889,129.867711,Attack
0.002684,tcp,ftp-data,FIN,6,8,320,1826,4843.517232,31,29,795827.125,4763040.5,0.4734,0.315571,Normal
0.001065,udp,dns,CON,2,2,146,178,2816.901513,31,29,548356.8125,668544.625,0.009,0.007,Normal
0.380482,tcp,-,FIN,28,28,4456,2976,144.553492,31,29,90348.5625,60344.51172,14.080223,14.074223,Normal
7e-06,udp,dns,INT,2,0,114,0,142857.1409,254,0,65142856.0,0.0,0.007,0.0,Attack
0.953241,tcp,http,FIN,14,36,998,42962,51.403581,62,252,7779.774414,350543.0313,73.315541,24.033086,Attack
0.870188,tcp,-,FIN,10,10,608,646,21.834362,254,252,5037.991699,5350.567871,96.687556,90.519219,Attack
0.043917,tcp,-,FIN,38,40,2438,19266,1753.307364,31,29,432452.125,3421909.5,1.178162,1.111718,Normal
8e-06,udp,-,INT,2,0,104,0,125000.0003,254,0,52000000.0,0.0,0.008,0.0,Attack
0.337545,tcp,http,FIN,12,10,1300,2090,62.213926,62,252,28251.04688,44580.72266,30.685908,36.020223,Attack
0.588089,tcp,http,FIN,10,6,1298,268,25.506344,254,252,15902.35547,3047.157959,65.190889,100.825602,Attack
3e-06,udp,dns,INT,2,0,114,0,333333.3215,254,0,152000000.0,0.0,0.003,0.0,Attack
0.00123,udp,dns,CON,2,2,132,164,2439.024286,31,29,429268.2813,533333.3125,0.008,0.005,Normal
1.051516,cbt,-,INT,4,0,360,0,2.853023,254,0,2054.177002,0.0,350.505344,0.0,Attack
0.943909,tcp,-,FIN,10,8,564,354,18.010211,254,252,4305.5,2627.371826,104.878778,119.115,Attack
5e-06,udp,dns,INT,2,0,114,0,200000.0051,254,0,91200000.0,0.0,0.005,0.0,Attack
0.604778,tcp,-,FIN,14,12,778,678,41.337483,254,252,9563.839844,8227.8125,46.521383,49.551727,Normal
9e-06,udp,dns,INT,2,0,114,0,111111.1072,254,0,50666664.0,0.0,0.009,0.0,Attack
9e-06,unas,-,INT,2,0,200,0,111111.1072,254,0,88888888.0,0.0,0.009,0.0,Attack
1e-05,sun-nd,-,INT,1,0,60,0,0.0,0,0,0.0,0.0,0.0,0.0,Attack
0.482852,tcp,http,FIN,10,16,784,13310,51.775698,62,252,11697.16602,206754.8594,53.576444,29.351133,Attack
0.0,arp,-,INT,1,0,46,0,0.0,0,0,0.0,0.0,60000.716,0.0,Normal
7e-06,ipv6,-,INT,2,0,86,0,142857.1409,254,0,49142856.0,0.0,0.007,0.0,Attack
4e-06,udp,-,INT,2,0,1064,0,250000.0006,254,0,1064000000.0,0.0,0.004,0.0,Attack
9e-06,udp,dns,INT,2,0,114,0,111111.1072,254,0,50666664.0,0.0,0.009,0.0,Attack
9e-06,udp,-,INT,2,0,170,0,111111.1072,254,0,75555552.0,0.0,0.009,0.0,Attack
0.933821,tcp,ftp-data,FIN,8,10,364,3754,18.204773,62,252,2732.857666,28947.73047,133.403,94.663889,Attack
8e-06,udp,dns,INT,2,0,114,0,125000.0003,254,0,57000000.0,0.0,0.008,0.0,Attack
9e-06,udp,dns,INT,2,0,114,0,111111.1072,254,0,50666664.0,0.0,0.009,0.0,Attack
3e-06,udp,dns,INT,2,0,114,0,333333.3215,254,0,152000000.0,0.0,0.003,0.0,Attack
9e-06,sccopmce,-,INT,2,0,200,0,111111.1072,254,0,88888888.0,0.0,0.009,0.0,Attack
7e-06,udp,dns,INT,2,0,114,0,142857.1409,254,0,65142856.0,0.0,0.007,0.0,Attack
9e-06,any,-,INT,2,0,200,0,111111.1072,254,0,88888888.0,0.0,0.009,0.0,Attack
2.066849,tcp,-,FIN,10,8,534,354,8.225081,254,252,1861.77124,1199.894165,226.452556,289.02,Attack
9e-06,bna,-,INT,2,0,200,0,111111.1072,254,0,88888888.0,0.0,0.009,0.0,Attack
0.031204,tcp,-,FIN,48,50,2958,33044,3108.575812,31,29,742725.3125,8302525.5,0.657383,0.639688,Normal
2.5e-05,udp,-,INT,3,0,3028,0,80000.00202,254,0,646080000.0,0.0,0.019,0.0,Attack
59.879597,ospf,-,INT,128,0,34816,0,2.120923,254,0,4615.12793,0.0,471.492656,0.0,Attack
8e-06,udp,dns,INT,2,0,114,0,125000.0003,254,0,57000000.0,0.0,0.008,0.0,Attack
2.146296,ospf,-,INT,18,0,2858,0,7.920622,254,0,10063.84961,0.0,126.252703,0.0,Attack
1.728431,tcp,-,FIN,10,8,564,354,9.83551,254,252,2351.265381,1434.827271,187.214778,234.057859,Attack
9e-06,unas,-,INT,2,0,200,0,111111.1072,254,0,88888888.0,0.0,0.009,0.0,Attack
1.12617,tcp,-,FIN,10,8,536,354,15.095411,254,252,3431.098145,2202.154053,118.819111,139.363859,Attack
0.148776,tcp,smtp,FIN,52,40,37492,3276,611.657816,31,29,1977254.5,171801.9063,2.910412,3.80059,Normal
9e-06,udp,dns,INT,2,0,114,0,111111.1072,254,0,50666664.0,0.0,0.009,0.0,Attack
0.612732,tcp,-,FIN,14,14,790,816,44.064942,254,252,9583.308594,9896.65918,47.133232,41.79623,Attack
0.994333,tcp,http,FIN,10,8,1292,354,17.096888,254,252,9357.026367,2494.134277,106.520111,125.66843,Attack
7e-06,unas,-,INT,2,0,200,0,142857.1409,254,0,114285712.0,0.0,0.007,0.0,Attack
0.632373,tcp,-,FIN,10,6,534,268,23.720179,254,252,6085.016602,2833.770752,70.135667,103.798,Normal
3e-06,udp,dns,INT,2,0,114,0,333333.3215,254,0,152000000.0,0.0,0.003,0.0,Attack
1.529903,tcp,-,FIN,122,126,7820,15306,161.448138,31,29,40556.81641,79403.72656,12.640909,12.232176,Normal
1.495813,tcp,-,FIN,10,8,564,354,11.365057,254,252,2716.917236,1657.961182,164.355778,197.538422,Attack
0.035887,tcp,smtp,FIN,54,42,37938,3380,2647.198207,31,29,8300722.0,735642.4375,0.670755,0.863146,Normal
9e-06,udp,dns,INT,2,0,114,0,111111.1072,254,0,50666664.0,0.0,0.009,0.0,Attack
0.035304,tcp,-,FIN,122,126,7818,15180,6996.374599,31,29,1757081.375,3412644.5,0.296144,0.278064,Normal
9e-06,udp,dns,INT,2,0,114,0,111111.1072,254,0,50666664.0,0.0,0.009,0.0,Attack
0.023906,tcp,-,FIN,60,62,3598,48918,5061.490848,31,29,1184305.25,16106082.0,0.406638,0.389967,Normal
0.373677,tcp,ftp-data,FIN,14,6,8928,320,50.846054,31,29,177500.8906,5716.166992,28.744386,74.597602,Normal
1e-06,udp,dns,INT,2,0,114,0,1000000.003,254,0,456000000.0,0.0,0.001,0.0,Attack
4.034682,tcp,smtp,FIN,24,20,6397,1650,10.657594,62,252,12156.59668,3109.043213,175.420951,204.545109,Attack
3e-06,udp,dns,INT,2,0,114,0,333333.3215,254,0,152000000.0,0.0,0.003,0.0,Attack
5e-06,udp,dns,INT,2,0,114,0,200000.0051,254,0,91200000.0,0.0,0.005,0.0,Attack
0.436978,tcp,-,FIN,10,6,756,268,34.32667,254,252,12467.44629,4100.893066,44.859222,73.876398,Attack
4.017737,tcp,ftp,FIN,24,22,1280,1664,11.200335,62,252,2443.166504,3163.970215,174.684223,185.560949,Attack
5e-06,udp,dns,INT,2,0,114,0,200000.0051,254,0,91200000.0,0.0,0.005,0.0,Attack
1.6826,tcp,-,FIN,10,8,756,354,10.103411,254,252,3237.846191,1473.909424,186.955556,224.785141,Attack
0.004833,udp,-,CON,4,4,568,304,1448.375816,31,29,705152.125,377405.3438,1.312,1.103333,Normal
0.051831,tcp,-,FIN,40,42,2542,23508,1562.771328,31,29,382628.1563,3542127.25,1.355158,1.28235,Normal
0.605205,tcp,http,FIN,10,8,860,1122,28.089656,62,252,10231.24414,12980.72559,67.245,73.508859,Attack
1.055988,tcp,-,FIN,10,8,2446,354,16.098668,254,252,16682.00781,2348.511719,112.016778,140.336578,Attack
2.533735,tcp,-,FIN,238,438,13662,548216,266.405125,31,29,42956.34766,1726984.0,10.689498,5.796702,Normal
9e-06,ipv6-opts,-,INT,2,0,200,0,111111.1072,254,0,88888888.0,0.0,0.009,0.0,Attack
0.000979,udp,dns,CON,2,2,130,162,3064.351366,31,29,531154.25,661899.875,0.006,0.007,Normal
4e-06,any,-,INT,2,0,200,0,250000.0006,254,0,200000000.0,0.0,0.004,0.0,Attack
0.878361,tcp,-,FIN,10,8,738,354,19.354229,254,252,6056.735352,2823.44043,97.495222,108.55257,Normal
5e-06,udp,-,INT,2,0,242,0,200000.0051,254,0,193600000.0,0.0,0.005,0.0,Attack
0.598985,tcp,-,FIN,10,6,2530,268,25.042363,254,252,30411.44531,2991.727539,66.553889,100.527,Attack
0.893282,tcp,pop3,FIN,20,28,962,13950,52.614964,62,252,8185.544922,120472.5938,47.014842,31.692999,Attack
0.037073,tcp,-,FIN,60,62,3598,48710,3263.830709,31,29,763682.4375,10341758.0,0.631483,0.597475,Normal
0.0,arp,-,INT,1,0,46,0,0.0,0,0,0.0,0.0,60000.688,0.0,Normal
4e-06,unas,-,INT,2,0,200,0,250000.0006,254,0,200000000.0,0.0,0.004,0.0,Attack
0.300277,tcp,-,FIN,26,28,4352,2976,176.503698,31,29,111497.0547,76462.73438,11.99856,11.101259,Normal
3e-06,udp,dns,INT,2,0,114,0,333333.3215,254,0,152000000.0,0.0,0.003,0.0,Attack
0.01687,tcp,-,FIN,48,50,2958,33044,5749.851989,31,29,1373799.75,15356966.0,0.376068,0.340458,Normal
0.191488,tcp,http,FIN,10,6,768,268,78.333891,254,252,28910.42773,9358.289062,19.692222,36.494,Attack
3.01672,tcp,-,FIN,10,8,2516,354,5.635259,254,252,6006.523438,822.0849,335.191111,405.143719,Attack
6e-06,udp,dns,INT,2,0,114,0,166666.6608,254,0,76000000.0,0.0,0.006,0.0,Attack
3.314953,tcp,-,FIN,10,8,526,354,5.128278,254,252,1143.907593,748.125244,365.515556,455.908563,Attack
8e-06,unas,-,INT,2,0,200,0,125000.0003,254,0,100000000.0,0.0,0.008,0.0,Attack
3e-06,udp,dns,INT,2,0,114,0,333333.3215,254,0,152000000.0,0.0,0.003,0.0,Attack
1.240272,tcp,-,FIN,10,8,564,354,13.70667,254,252,3276.700439,1999.561279,135.906333,173.702141,Attack
9e-06,udp,-,INT,2,0,168,0,111111.1072,254,0,74666664.0,0.0,0.009,0.0,Attack
0.018253,tcp,-,FIN,16,18,1540,1644,1807.921941,31,29,632882.25,680655.1875,1.1958,1.047118,Normal
3e-06,udp,dns,INT,2,0,114,0,333333.3215,254,0,152000000.0,0.0,0.003,0.0,Attack
0.004077,tcp,-,FIN,12,12,1064,2260,5641.402885,31,29,1915133.625,4065734.5,0.337545,0.315364,Normal
9e-06,udp,-,INT,2,0,78,0,111111.1072,254,0,34666664.0,0.0,0.009,0.0,Attack
0.780658,tcp,http,FIN,10,10,1786,1070,24.338442,254,252,16478.40625,9868.597656,86.739778,74.348109,Attack
0.307041,tcp,http,FIN,10,6,1494,268,48.853412,254,252,35044.17969,5836.354492,30.653667,49.333199,Attack
0.347565,tcp,-,FIN,10,6,486,268,43.157396,254,252,10081.56738,5155.870117,31.032222,61.583602,Attack
0.001024,udp,dns,CON,2,2,146,178,2929.687507,31,29,570312.5,695312.5,0.01,0.007,Normal
9e-06,udp,-,INT,2,0,168,0,111111.1072,254,0,74666664.0,0.0,0.009,0.0,Attack
1.367262,tcp,-,FIN,10,8,564,354,12.433608,254,252,2972.36377,1813.843994,151.918,185.392578,Attack
58.411156,ospf,-,REQ,50,0,13600,0,0.838881,254,0,1825.404785,0.0,1242.1865,0.0,Attack
3e-06,swipe,-,INT,2,0,200,0,333333.3215,254,0,266666656.0,0.0,0.003,0.0,Attack
0.001693,udp,-,CON,4,4,544,304,4134.672255,31,29,1927938.625,1077377.5,0.441333,0.202667,Normal
0.0,arp,-,INT,1,0,46,0,0.0,0,0,0.0,0.0,60000.664,0.0,Normal
1.012527,tcp,http,FIN,14,18,1684,10168,30.616468,31,29,12357.20117,75881.4375,77.856308,59.527706,Normal
8e-06,udp,dns,INT,2,0,114,0,125000.0003,254,0,57000000.0,0.0,0.008,0.0,Attack
1.24001,tcp,http,FIN,14,18,1684,10168,24.999798,31,29,10090.24121,61960.78906,95.358844,72.908941,Normal
1.658774,tcp,ftp,FIN,14,12,2740,682,15.071372,254,252,12274.125,3019.097168,121.718389,136.311734,Attack
0.004863,tcp,-,FIN,18,18,4096,2456,7197.203359,31,29,6364795.5,3816574.0,0.267059,0.255118,Normal
6e-06,3pc,-,INT,2,0,200,0,166666.6608,254,0,133333328.0,0.0,0.006,0.0,Attack
9e-06,udp,dns,INT,2,0,114,0,111111.1072,254,0,50666664.0,0.0,0.009,0.0,Attack
0.021954,tcp,smtp,FIN,54,42,37914,3380,4327.229663,31,29,13559989.0,1202514.375,0.415231,0.522854,Normal
0.04983,tcp,-,FIN,90,92,5174,83812,3632.349928,31,29,821513.125,13309412.0,0.562807,0.541055,Normal
4e-06,unas,-,INT,2,0,200,0,250000.0006,254,0,200000000.0,0.0,0.004,0.0,Attack
1.766369,tcp,ftp,FIN,22,24,1198,1710,25.475991,62,252,5181.250488,7423.137695,84.11281,71.465697,Attack
5e-06,udp,dns,INT,2,0,114,0,200000.0051,254,0,91200000.0,0.0,0.005,0.0,Attack
0.643369,tcp,dns,FIN,10,6,660,268,23.314769,254,252,7386.118652,2785.337646,64.177,112.757797,Attack
0.001021,udp,dns,CON,2,2,130,162,2938.295862,31,29,509304.625,634671.875,0.009,0.002,Normal
6e-06,udp,dns,INT,2,0,114,0,166666.6608,254,0,76000000.0,0.0,0.006,0.0,Attack
0.447476,tcp,http,FIN,10,6,986,268,33.521351,254,252,15875.71191,4004.684082,49.624778,78.291398,Attack
3e-06,xns-idp,-,INT,2,0,200,0,333333.3215,254,0,266666656.0,0.0,0.003,0.0,Attack
1.166192,pim,-,INT,8,0,480,0,6.002442,254,0,2881.172119,0.0,166.598859,0.0,Attack
0.00178,udp,-,CON,4,4,544,304,3932.58416,31,29,1833707.875,1024719.063,0.452667,0.232333,Normal
1.211159,tcp,ftp,FIN,12,12,632,682,18.990075,254,252,3831.04126,4134.882324,110.105365,100.955453,Attack
0.001072,udp,dns,CON,2,2,130,162,2798.507427,31,29,485074.625,604477.625,0.008,0.001,Normal
0.022239,tcp,smtp,FIN,54,42,37938,3380,4271.774886,31,29,13394847.0,1187103.75,0.429431,0.530561,Normal
9e-06,udp,dns,INT,2,0,114,0,111111.1072,254,0,50666664.0,0.0,0.009,0.0,Attack
9e-06,ggp,-,INT,2,0,180,0,111111.1072,254,0,80000000.0,0.0,0.009,0.0,Attack
6e-06,udp,-,INT,2,0,1554,0,166666.6608,254,0,1035999936.0,0.0,0.006,0.0,Attack
8e-06,unas,-,INT,2,0,200,0,125000.0003,254,0,100000000.0,0.0,0.008,0.0,Attack
8e-06,udp,dns,INT,2,0,114,0,125000.0003,254,0,57000000.0,0.0,0.008,0.0,Attack
9e-06,udp,dns,INT,2,0,114,0,111111.1072,254,0,50666664.0,0.0,0.009,0.0,Attack
0.780978,tcp,-,FIN,12,8,1002,726,24.328469,254,252,9413.836914,6514.908203,70.997997,100.96043,Attack
9e-06,unas,-,INT,2,0,200,0,111111.1072,254,0,88888888.0,0.0,0.009,0.0,Attack
0.001341,udp,dns,CON,2,2,130,162,2237.136521,31,29,387770.3438,483221.5,0.001,0.004,Normal
0.041847,tcp,-,FIN,38,40,2438,19266,1840.036245,31,29,453843.75,3591177.25,1.153722,1.05841,Normal
0.456376,tcp,-,FIN,10,8,2512,434,37.249988,254,252,39633.98828,6661.174316,46.615222,61.01,Attack
0.001047,udp,dns,CON,2,2,146,178,2865.329359,31,29,557784.125,680038.1875,0.011,0.007,Normal
8e-06,udp,dns,INT,2,0,114,0,125000.0003,254,0,57000000.0,0.0,0.008,0.0,Attack
1e-05,udp,dns,INT,2,0,114,0,100000.0025,254,0,45600000.0,0.0,0.01,0.0,Attack
4e-06,udp,dns,INT,2,0,114,0,250000.0006,254,0,114000000.0,0.0,0.004,0.0,Attack
0.213648,tcp,-,FIN,10,6,1334,268,70.20894,254,252,44971.16797,8387.62793,23.738667,41.336602,Attack
0.158697,tcp,-,CON,6,2,978,86,44.109216,62,252,41084.58594,2167.652832,31.7394,0.008,Normal
1.161414,tcp,http,FIN,14,18,1684,10168,26.691601,31,29,10773.07422,66153.84375,89.312615,68.286059,Normal
0.001712,udp,-,CON,4,4,520,304,4088.785053,31,29,1822429.875,1065420.5,0.449667,0.2,Normal
3e-06,udp,dns,INT,2,0,114,0,333333.3215,254,0,152000000.0,0.0,0.003,0.0,Attack
1.005845,tcp,http,FIN,10,8,1182,354,16.901213,254,252,8462.537109,2465.588867,111.760556,130.31757,Attack
0.721162,tcp,-,FIN,10,6,756,268,20.799764,254,252,7554.474121,2484.878418,72.563778,126.467602,Attack
9e-06,udp,dns,INT,2,0,114,0,111111.1072,254,0,50666664.0,0.0,0.009,0.0,Attack
1e-05,unas,-,INT,2,0,200,0,100000.0025,254,0,80000000.0,0.0,0.01,0.0,Attack
5e-06,udp,-,INT,2,0,168,0,200000.0051,254,0,134400000.0,0.0,0.005,0.0,Attack
0.667658,tcp,http,FIN,10,8,856,922,25.462139,62,252,9238.262695,9669.62207,74.184222,71.462,Attack
9e-06,udp,-,INT,2,0,168,0,111111.1072,254,0,74666664.0,0.0,0.009,0.0,Attack
2e-06,udp,dns,INT,2,0,114,0,500000.0013,254,0,228000000.0,0.0,0.002,0.0,Attack
5e-06,ipv6-opts,-,INT,2,0,200,0,200000.0051,254,0,160000000.0,0.0,0.005,0.0,Attack
9e-06,udp,dns,INT,2,0,114,0,111111.1072,254,0,50666664.0,0.0,0.009,0.0,Attack
7e-06,etherip,-,INT,2,0,200,0,142857.1409,254,0,114285712.0,0.0,0.007,0.0,Attack
2e-06,udp,-,INT,2,0,1828,0,500000.0013,254,0,3656000000.0,0.0,0.002,0.0,Attack
8e-06,udp,dns,INT,2,0,114,0,125000.0003,254,0,57000000.0,0.0,0.008,0.0,Attack
0.00611,tcp,ssh,FIN,32,24,3728,5474,9001.636722,31,29,4729296.5,6868740.0,0.197097,0.236261,Normal
0.024917,tcp,-,FIN,60,62,3614,50036,4856.12215,31,29,1141068.25,15805755.0,0.431614,0.398525,Normal
9e-06,sctp,-,INT,2,0,440,0,111111.1072,254,0,195555552.0,0.0,0.009,0.0,Attack
0.112389,udp,dns,CON,2,2,144,406,26.693004,62,252,5125.056641,14449.8125,0.006,0.009,Attack
0.370381,tcp,-,FIN,10,6,2306,268,40.498838,254,252,44840.3125,4838.26123,37.766111,59.208199,Attack
1.081025,tcp,-,FIN,10,8,564,354,15.725816,254,252,3759.39502,2294.118896,115.417111,148.016719,Attack
9e-06,aris,-,INT,2,0,200,0,111111.1072,254,0,88888888.0,0.0,0.009,0.0,Attack
8e-06,crtp,-,INT,2,0,200,0,125000.0003,254,0,100000000.0,0.0,0.008,0.0,Attack
17.835382,tcp,-,FIN,118,558,5318,723922,37.846119,62,252,2365.186279,324130.9688,152.439099,31.710945,Attack
9e-06,udp,dns,INT,2,0,114,0,111111.1072,254,0,50666664.0,0.0,0.009,0.0,Attack
0.001038,udp,dns,CON,2,2,146,178,2890.173445,31,29,562620.4375,685934.5,0.008,0.007,Normal
6e-06,cphb,-,INT,2,0,200,0,166666.6608,254,0,133333328.0,0.0,0.006,0.0,Attack
1.117931,tcp,ftp,FIN,14,12,798,682,22.36274,254,252,5302.652832,4479.704102,83.601998,93.103,Normal
9e-06,udp,dns,INT,2,0,114,0,111111.1072,254,0,50666664.0,0.0,0.009,0.0,Attack
5e-06,ipip,-,INT,2,0,200,0,200000.0051,254,0,160000000.0,0.0,0.005,0.0,Attack
0.787887,tcp,-,FIN,12,10,994,840,26.653569,254,252,9260.211914,7676.228027,71.544453,77.067781,Normal
0.004116,tcp,-,FIN,12,12,1064,2260,5587.949273,31,29,1896987.25,4027210.75,0.343545,0.318727,Normal
1e-05,udp,-,INT,2,0,168,0,100000.0025,254,0,67200000.0,0.0,0.01,0.0,Attack
0.180763,tcp,ftp-data,FIN,6,8,320,1932,71.91737,31,29,11816.57715,74838.32031,36.0836,25.755857,Normal
0.044015,tcp,smtp,FIN,54,42,37938,3380,2158.355032,31,29,6767874.5,599795.5,0.839538,1.062268,Normal
0.037399,udp,-,CON,4,4,568,312,187.170773,31,29,91125.42969,50054.8125,7.339,11.965667,Normal
0.766996,tcp,-,FIN,12,10,1066,804,27.379542,254,252,10200.83496,7551.538574,69.726912,74.435445,Attack
4e-06,udp,dns,INT,2,0,114,0,250000.0006,254,0,114000000.0,0.0,0.004,0.0,Attack
0.0,arp,-,INT,1,0,46,0,0.0,0,0,0.0,0.0,60000.752,0.0,Normal
1.781173,tcp,-,FIN,28,82,1446,87308,61.195628,62,252,6265.53418,387358.2188,65.957293,21.372371,Attack
7e-06,udp,dns,INT,2,0,114,0,142857.1409,254,0,65142856.0,0.0,0.007,0.0,Attack
1.273065,tcp,http,FIN,14,18,1684,10168,24.350682,31,29,9828.249023,60351.98828,97.901692,74.853529,Normal
1.038553,tcp,http,FIN,14,18,1684,10168,29.849223,31,29,12047.53125,73979.85156,79.863156,61.046765,Normal
4e-06,udp,dns,INT,2,0,114,0,250000.0006,254,0,114000000.0,0.0,0.004,0.0,Attack
0.191196,tcp,http,FIN,10,6,948,268,78.453526,254,252,35732.96484,9372.581055,19.723111,36.760801,Attack
3e-06,udp,dns,INT,2,0,114,0,333333.3215,254,0,152000000.0,0.0,0.003,0.0,Attack
0.142863,tcp,-,FIN,60,62,3598,48710,846.965242,31,29,198175.875,2683689.75,2.416034,2.332951,Normal
0.080255,tcp,http,FIN,8,10,1048,824,211.824804,31,29,91408.63281,73964.23438,11.416285,8.863667,Normal
3e-06,udp,dns,INT,2,0,114,0,333333.3215,254,0,152000000.0,0.0,0.003,0.0,Attack
0.005961,tcp,-,FIN,22,24,2054,2478,7549.068963,31,29,2631773.25,3187384.75,0.265905,0.237636,Normal
6e-06,udp,dns,INT,2,0,114,0,166666.6608,254,0,76000000.0,0.0,0.006,0.0,Attack
0.01938,tcp,-,FIN,48,50,2958,32642,5005.160091,31,29,1195872.125,13205367.0,0.414565,0.402021,Normal
9e-06,udp,dns,INT,2,0,114,0,111111.1072,254,0,50666664.0,0.0,0.009,0.0,Attack
0.873816,tcp,-,FIN,12,8,1002,692,21.743708,254,252,8413.670898,5548.078613,79.437821,107.042289,Attack
9e-06,xns-idp,-,INT,2,0,200,0,111111.1072,254,0,88888888.0,0.0,0.009,0.0,Attack
0.292829,tcp,http,FIN,10,10,796,3742,64.884282,62,252,19588.22266,92012.74219,32.437667,29.979333,Attack
1.059947,tcp,http,FIN,12,18,1580,10168,27.359858,31,29,10936.39551,72486.64063,96.328,62.312468,Normal
7e-06,udp,-,INT,2,0,78,0,142857.1409,254,0,44571428.0,0.0,0.007,0.0,Attack
1.621525,tcp,smtp,FIN,20,20,3150,1656,24.051432,62,252,14766.3457,7765.529297,85.343419,82.048,Attack
0.025006,tcp,-,FIN,60,62,3614,50036,4838.838688,31,29,1137007.125,15749500.0,0.41861,0.406067,Normal
7e-06,udp,-,INT,2,0,602,0,142857.1409,254,0,344000000.0,0.0,0.007,0.0,Attack
8e-06,nsfnet-igp,-,INT,2,0,200,0,125000.0003,254,0,100000000.0,0.0,0.008,0.0,Attack
0.333061,tcp,-,FIN,16,18,1540,1644,99.080946,31,29,34684.33594,37302.47656,22.182,19.564412,Normal
8e-06,3pc,-,INT,2,0,200,0,125000.0003,254,0,100000000.0,0.0,0.008,0.0,Attack
1e-05,udp,dns,INT,2,0,114,0,100000.0025,254,0,45600000.0,0.0,0.01,0.0,Attack
0.001043,udp,dns,CON,2,2,146,178,2876.318242,31,29,559923.3125,682646.1875,0.009,0.001,Normal
1.099854,tcp,-,FIN,122,126,7820,15306,224.575263,31,29,56414.76172,110451.0234,9.086513,8.863121,Normal
6e-06,xtp,-,INT,2,0,200,0,166666.6608,254,0,133333328.0,0.0,0.006,0.0,Attack
59.02319,ospf,-,REQ,26,0,2808,0,0.423562,254,0,365.957855,0.0,2446.801,0.0,Attack
6e-06,udp,dns,INT,2,0,114,0,166666.6608,254,0,76000000.0,0.0,0.006,0.0,Attack
0.406149,udp,-,CON,4,4,568,312,17.235054,31,29,8391.008789,4609.145996,117.680336,130.302664,Normal
1.103815,tcp,-,FIN,10,6,512,268,13.589234,254,252,3341.139648,1623.460571,116.423778,193.520594,Attack
0.460176,tcp,-,FIN,10,6,1022,268,32.596225,254,252,15993.88086,3894.162354,48.342444,79.615398,Attack
9e-06,udp,dns,INT,2,0,114,0,111111.1072,254,0,50666664.0,0.0,0.009,0.0,Attack
9e-06,udp,dns,INT,2,0,114,0,111111.1072,254,0,50666664.0,0.0,0.009,0.0,Attack
5e-06,udp,dns,INT,2,0,114,0,200000.0051,254,0,91200000.0,0.0,0.005,0.0,Attack
3e-06,udp,dns,INT,2,0,114,0,333333.3215,254,0,152000000.0,0.0,0.003,0.0,Attack
9e-06,unas,-,INT,2,0,200,0,111111.1072,254,0,88888888.0,0.0,0.009,0.0,Attack
0.018489,tcp,-,FIN,16,18,1540,1644,1784.845095,31,29,624803.9375,671967.125,1.211933,1.060706,Normal
0.06368,tcp,ftp,FIN,52,54,2934,3742,1648.869331,31,29,361557.7813,461432.1563,1.320375,1.191132,Normal
0.478366,tcp,-,FIN,12,8,906,376,39.718543,254,252,13897.30957,5502.063477,42.704181,67.11943,Attack
0.020996,tcp,-,FIN,48,50,2974,30506,4619.927469,31,29,1109925.625,11391122.0,0.449457,0.422917,Normal
0.00477,udp,-,CON,4,4,568,312,1467.505241,31,29,714465.4375,392452.8438,1.237333,1.096333,Normal
0.033193,tcp,smtp,FIN,52,42,37210,3380,2801.795588,31,29,8795831.0,795348.4375,0.644314,0.797829,Normal
3e-06,unas,-,INT,2,0,200,0,333333.3215,254,0,266666656.0,0.0,0.003,0.0,Attack
1.0898,tcp,http,FIN,12,18,1580,10168,26.610387,31,29,10636.81445,70501.00781,98.965911,64.077057,Normal
0.001663,udp,-,CON,4,4,520,304,4209.26044,31,29,1876127.5,1096813.0,0.431667,0.206,Normal
8e-06,unas,-,INT,2,0,200,0,125000.0003,254,0,100000000.0,0.0,0.008,0.0,Attack
0.595005,tcp,-,FIN,10,6,2050,268,25.209873,254,252,24806.51563,3011.739502,66.015222,99.655602,Attack
7e-06,udp,dns,INT,2,0,114,0,142857.1409,254,0,65142856.0,0.0,0.007,0.0,Attack
0.540638,tcp,http,FIN,10,8,804,1080,31.444329,62,252,10713.26758,13983.47754,59.955778,64.74043,Attack
59.481392,udp,dns,INT,68,0,5304,0,1.126403,254,0,702.875305,0.0,887.782,0.0,Attack
0.299048,udp,-,CON,4,4,568,312,23.407613,31,29,11396.16406,6259.864258,86.331336,82.230336,Normal
0.649721,tcp,-,FIN,10,6,534,268,23.086832,254,252,5922.541992,2758.106934,68.615222,113.008602,Attack
0.278416,tcp,-,FIN,12,8,894,516,68.243203,254,252,23561.86328,12987.75879,24.08791,35.81943,Attack
8e-06,srp,-,INT,2,0,200,0,125000.0003,254,0,100000000.0,0.0,0.008,0.0,Attack
0.357794,tcp,smtp,FIN,52,40,37358,3276,254.336303,31,29,819242.375,71437.75781,7.008392,9.160538,Normal
5e-06,unas,-,INT,2,0,200,0,200000.0051,254,0,160000000.0,0.0,0.005,0.0,Attack
1.2e-05,udp,-,INT,2,0,168,0,83333.33039,254,0,56000000.0,0.0,0.012,0.0,Attack
1.26609,tcp,-,FIN,10,8,564,354,13.427165,254,252,3209.882324,1958.786499,138.447556,169.496141,Attack
9e-06,udp,dns,INT,2,0,114,0,111111.1072,254,0,50666664.0,0.0,0.009,0.0,Attack
8e-06,udp,-,INT,2,0,104,0,125000.0003,254,0,52000000.0,0.0,0.008,0.0,Attack
0.000968,udp,dns,CON,2,2,130,162,3099.173623,31,29,537190.125,669421.5,0.002,0.004,Normal
0.469963,tcp,http,FIN,10,10,798,4256,40.428713,62,252,12239.26074,65213.64063,52.218111,47.010111,Attack
0.001692,udp,-,CON,4,4,536,304,4137.115933,31,29,1900709.25,1078014.25,0.425333,0.217,Normal
9e-06,prm,-,INT,2,0,200,0,111111.1072,254,0,88888888.0,0.0,0.009,0.0,Attack
0.93523,tcp,-,FIN,14,14,1086,764,28.869903,254,252,8631.032227,6073.37207,71.940767,66.855156,Normal
3.291355,tcp,http,FIN,10,12,780,3922,6.380351,62,252,1706.288208,8740.473633,365.664,290.910449,Attack
8e-06,udp,dns,INT,2,0,114,0,125000.0003,254,0,57000000.0,0.0,0.008,0.0,Attack
0.018397,tcp,-,FIN,16,18,1540,1644,1793.770754,31,29,627928.5,675327.5,1.2058,1.121563,Normal
0.667266,tcp,-,FIN,12,8,1008,738,28.474401,254,252,11078.04102,7745.037109,58.530726,85.933141,Attack
0.353777,tcp,-,FIN,16,18,1540,1644,93.279102,31,29,32653.33984,35118.16797,23.563,20.682412,Normal
9e-06,prm,-,INT,2,0,200,0,111111.1072,254,0,88888888.0,0.0,0.009,0.0,Attack
2.051976,tcp,-,FIN,26,70,1374,71934,46.296839,62,252,5154.056641,276443.7813,82.07904,29.304309,Attack
0.539371,tcp,http,FIN,10,6,694,268,27.810171,254,252,9270.056641,3322.388428,57.602333,93.460797,Attack
1.006117,tcp,http,FIN,14,18,1684,10168,30.811526,31,29,12435.92969,76364.875,77.365079,59.156588,Normal
8e-06,udp,-,INT,2,0,90,0,125000.0003,254,0,45000000.0,0.0,0.008,0.0,Attack
0.034554,tcp,-,FIN,48,50,2958,32642,2807.200247,31,29,670718.25,7406378.0,0.744457,0.709396,Normal
0.844853,tcp,-,FIN,42,42,2662,23162,98.241945,31,29,24610.19922,214105.8906,20.598414,20.593488,Normal
0.565552,tcp,http,FIN,10,6,1076,268,26.52276,254,252,13706.96289,3168.585693,58.944889,100.210602,Attack
0.797676,tcp,-,FIN,10,8,564,354,21.31191,254,252,5094.800293,3109.031738,82.954889,106.738141,Attack
0.209745,tcp,-,CON,6,2,978,86,33.373858,62,252,31085.36523,1640.086792,41.949,0.003,Normal
0.458758,tcp,http,FIN,10,6,1132,268,32.696978,254,252,17769.7168,3906.198975,50.973111,85.952,Attack
1e-06,udp,-,INT,2,0,104,0,1000000.003,254,0,416000000.0,0.0,0.001,0.0,Normal
1e-05,unas,-,INT,2,0,200,0,100000.0025,254,0,80000000.0,0.0,0.01,0.0,Attack
6e-06,unas,-,INT,2,0,200,0,166666.6608,254,0,133333328.0,0.0,0.006,0.0,Attack
8e-06,udp,dns,INT,2,0,114,0,125000.0003,254,0,57000000.0,0.0,0.008,0.0,Attack
8e-06,unas,-,INT,2,0,200,0,125000.0003,254,0,100000000.0,0.0,0.008,0.0,Attack
15.460667,tcp,-,FIN,272,510,15532,641784,50.515286,31,29,8007.416504,331435.125,57.049115,30.3737,Normal
0.452613,tcp,http,FIN,10,10,764,6214,41.978468,62,252,12160.49902,98857.07813,50.290333,45.167111,Attack
8e-06,udp,dns,INT,2,0,114,0,125000.0003,254,0,57000000.0,0.0,0.008,0.0,Attack
2e-06,udp,-,INT,2,0,640,0,500000.0013,254,0,1280000000.0,0.0,0.002,0.0,Attack
3e-06,nsfnet-igp,-,INT,2,0,200,0,333333.3215,254,0,266666656.0,0.0,0.003,0.0,Attack
0.165969,tcp,-,FIN,60,62,3614,50036,729.051814,31,29,171309.0938,2372925.0,2.807661,2.711672,Normal
1e-06,visa,-,INT,2,0,200,0,1000000.003,254,0,800000000.0,0.0,0.001,0.0,Attack
8e-06,udp,dns,INT,2,0,114,0,125000.0003,254,0,57000000.0,0.0,0.008,0.0,Attack
0.824237,tcp,http,FIN,10,8,802,1088,20.625136,62,252,7007.693359,9240.060547,91.581889,100.60943,Normal
2.85808,tcp,smtp,FIN,34,22,23722,1854,19.243689,62,252,64448.86328,4954.375,86.58479,134.251625,Attack
0.005961,tcp,-,FIN,22,24,1958,2308,7549.068963,31,29,2508304.0,2968629.5,0.267667,0.233043,Normal
3e-06,idpr,-,INT,2,0,200,0,333333.3215,254,0,266666656.0,0.0,0.003,0.0,Attack
0.502696,tcp,http,FIN,10,8,826,1102,33.817657,62,252,11840.1582,15357.19434,55.855111,57.69643,Normal
0.0,arp,-,INT,1,0,46,0,0.0,0,0,0.0,0.0,60000.756,0.0,Normal
0.87454,tcp,-,FIN,234,438,13454,548216,767.260528,31,29,122551.2891,5003453.5,3.752082,2.000195,Normal
32.136795,tcp,-,FIN,20,16,1116,708,1.089094,254,252,264.120911,165.293396,1691.410316,2137.4635,Attack
9e-06,udp,dns,INT,2,0,114,0,111111.1072,254,0,50666664.0,0.0,0.009,0.0,Attack
0.376853,tcp,-,FIN,10,6,532,268,39.80332,254,252,10168.42188,4755.169922,38.530333,57.374801,Attack
4e-06,udp,dns,INT,2,0,114,0,250000.0006,254,0,114000000.0,0.0,0.004,0.0,Attack
9e-06,udp,-,INT,2,0,168,0,111111.1072,254,0,74666664.0,0.0,0.009,0.0,Attack
0.742828,tcp,-,CON,6,2,978,86,9.423446,62,252,8777.267578,463.095093,148.5656,0.002,Normal
0.004462,udp,-,CON,4,4,568,312,1568.803233,31,29,763783.0625,419542.8125,1.178,1.005667,Normal
0.317125,udp,-,CON,4,4,568,312,22.073315,31,29,10746.55176,5903.035156,100.666336,100.61,Normal
59.943161,tcp,smtp,CON,3882,656,5267637,28972,75.688368,62,252,702836.625,3860.723877,15.443501,91.35468,Attack
8e-06,udp,dns,INT,2,0,114,0,125000.0003,254,0,57000000.0,0.0,0.008,0.0,Attack
9e-06,udp,-,INT,2,0,584,0,111111.1072,254,0,259555552.0,0.0,0.009,0.0,Attack
0.675246,tcp,http,FIN,10,18,830,16644,39.985428,62,252,8850.108398,186243.2344,75.027333,35.741824,Attack
0.004331,udp,-,CON,4,4,568,312,1616.254851,31,29,786885.25,432232.7188,1.169,0.981667,Normal
7e-06,unas,-,INT,2,0,200,0,142857.1409,254,0,114285712.0,0.0,0.007,0.0,Attack
2.625267,tcp,http,FIN,10,8,864,354,6.475532,254,252,2370.806396,944.665833,277.169333,359.631156,Attack
0.90578,tcp,-,FIN,10,6,1844,268,16.560312,254,252,14661.39648,1978.405273,89.670222,158.361594,Attack
0.000989,udp,dns,CON,2,2,130,162,3033.367149,31,29,525783.625,655207.3125,0.004,0.004,Normal
59.995464,arp,-,INT,2,0,92,0,0.016668,0,0,6.133797,0.0,60000.632,0.0,Normal
0.637296,tcp,http,FIN,10,8,862,2476,26.675202,62,252,9741.15625,27202.42969,70.810667,78.93957,Attack
0.971701,tcp,-,FIN,12,8,1112,742,19.553339,254,252,8397.644531,5351.44043,88.324726,126.81743,Attack
0.320967,tcp,http,FIN,10,6,870,268,46.733778,254,252,19516.02539,5583.128906,31.080333,55.974,Attack
3e-05,udp,dns,INT,2,0,114,0,33333.33418,254,0,15200000.0,0.0,0.03,0.0,Attack
3e-06,udp,dns,INT,2,0,114,0,333333.3215,254,0,152000000.0,0.0,0.003,0.0,Attack
9e-06,udp,dns,INT,2,0,114,0,111111.1072,254,0,50666664.0,0.0,0.009,0.0,Attack
0.025871,tcp,-,FIN,52,54,3182,39076,4058.598537,31,29,965096.0625,11859766.0,0.51112,0.478038,Normal
8e-06,unas,-,INT,2,0,200,0,125000.0003,254,0,100000000.0,0.0,0.008,0.0,Attack
9e-06,udp,dns,INT,2,0,114,0,111111.1072,254,0,50666664.0,0.0,0.009,0.0,Attack
3.365383,tcp,ftp,FIN,14,12,672,682,7.428575,254,252,1483.337891,1488.092163,258.875615,299.407812,Attack
0.001041,udp,dns,CON,2,2,130,162,2881.844351,31,29,499519.6875,622478.375,0.007,0.008,Normal
9e-06,udp,-,INT,2,0,304,0,111111.1072,254,0,135111104.0,0.0,0.009,0.0,Attack
0.253587,tcp,http,FIN,22,8,20638,354,114.359171,254,252,621482.9375,9779.680664,12.075571,31.127428,Attack
1.016204,tcp,http,FIN,12,18,1580,10168,28.537577,31,29,11407.1582,75606.86719,92.349271,59.744295,Normal
3e-06,tcp,-,REQ,2,0,90,0,333333.3215,254,0,119999992.0,0.0,0.003,0.0,Normal
0.229124,tcp,ftp-data,FIN,8,12,424,8824,82.924532,31,29,12953.68457,282432.2188,32.683144,20.781091,Normal
0.78192,tcp,-,FIN,122,126,7816,15092,315.889087,31,29,79312.46094,153192.1406,6.459314,6.251432,Normal
1.045135,tcp,http,FIN,12,18,1580,10168,27.747611,31,29,11091.38965,73513.94531,94.981182,61.446709,Normal
1.158211,tcp,ftp,FIN,22,22,1198,1636,37.126223,62,252,7901.841797,10789.05273,55.152906,54.415856,Attack
5.091967,tcp,pop3,FIN,50,226,2252,276251,54.006633,62,252,3467.422363,432098.625,103.912099,22.363813,Attack
4.371233,ospf,-,INT,42,0,2688,0,9.379505,254,0,4802.306152,0.0,106.615437,0.0,Attack
9e-06,udp,dns,INT,2,0,114,0,111111.1072,254,0,50666664.0,0.0,0.009,0.0,Attack
3e-06,udp,dns,INT,2,0,114,0,333333.3215,254,0,152000000.0,0.0,0.003,0.0,Attack
5e-06,udp,dns,INT,2,0,114,0,200000.0051,254,0,91200000.0,0.0,0.005,0.0,Attack
0.214357,tcp,-,CON,6,2,986,86,32.655803,62,252,30677.79492,1604.799438,42.8714,0.009,Normal
55.691151,udp,-,CON,196,196,111416,146944,7.020864,254,60,15923.24805,21000.82227,282.113031,284.503562,Attack
5e-06,udp,-,INT,2,0,168,0,200000.0051,254,0,134400000.0,0.0,0.005,0.0,Attack
0.680096,tcp,-,FIN,10,8,2516,354,24.996472,254,252,26643.29883,3646.544189,73.161,88.870289,Attack
3e-06,udp,dns,INT,2,0,114,0,333333.3215,254,0,152000000.0,0.0,0.003,0.0,Attack
1.38048,tcp,http,FIN,60,14,68195,612,52.880156,254,252,388612.6563,3297.403564,22.239898,88.866695,Attack
9e-06,udp,dns,INT,2,0,114,0,111111.1072,254,0,50666664.0,0.0,0.009,0.0,Attack
5e-06,udp,dns,INT,2,0,114,0,200000.0051,254,0,91200000.0,0.0,0.005,0.0,Attack
0.172237,tcp,-,FIN,10,6,674,268,87.089304,254,252,28193.71094,10404.26856,17.674444,23.941199,Normal
0.036317,udp,-,CON,4,4,528,304,192.747207,31,29,87231.88281,50224.41406,7.011,7.750667,Normal
1.257099,tcp,-,FIN,10,8,2036,354,13.523199,254,252,11664.95215,1972.796021,130.229111,162.446422,Attack
1.182371,tcp,-,FIN,38,40,2438,18508,65.123382,31,29,16062.63965,122100.4219,31.946,31.943352,Normal
0.734531,tcp,-,FIN,60,14,68197,612,99.383146,254,252,730381.6875,6197.151855,12.096339,52.959617,Normal
0.71218,tcp,http,FIN,10,8,860,1110,23.870369,62,252,8694.430664,10918.58789,79.131111,93.031859,Normal
0.434263,tcp,http,FIN,10,10,788,4246,43.752289,62,252,13079.63184,70408.94531,48.251444,32.493556,Attack
0.007127,tcp,-,FIN,18,18,3736,2456,4910.90219,31,29,3961274.0,2604181.25,0.400353,0.385765,Normal
0.799961,tcp,-,FIN,122,126,7810,15494,308.765064,31,29,77463.78125,153727.5,6.663242,6.395872,Normal
0.714929,tcp,-,FIN,10,6,1612,268,20.981105,254,252,16236.57813,2506.542725,75.631444,126.132,Normal
1e-05,qnx,-,INT,2,0,200,0,100000.0025,254,0,80000000.0,0.0,0.01,0.0,Attack
0.080978,tcp,-,FIN,64,66,3806,51808,1593.025292,31,29,370174.625,5040776.5,1.28027,1.233585,Normal
9e-06,udp,dns,INT,2,0,114,0,111111.1072,254,0,50666664.0,0.0,0.009,0.0,Attack
0.019033,tcp,-,FIN,40,42,2542,23508,4255.766329,31,29,1041979.75,9645983.0,0.475769,0.45222,Normal
7e-06,udp,-,INT,2,0,168,0,142857.1409,254,0,96000000.0,0.0,0.007,0.0,Attack
0.01939,tcp,-,FIN,16,18,1540,1644,1701.908197,31,29,595771.0,640742.625,1.271667,1.113177,Normal
0.947687,tcp,-,FIN,14,12,774,642,26.380019,254,252,6069.514648,4972.105957,72.899,80.478547,Normal
9e-06,ip,-,INT,2,0,180,0,111111.1072,254,0,80000000.0,0.0,0.009,0.0,Attack
0.008049,tcp,-,FIN,22,24,2054,2478,5590.756578,31,29,1949062.0,2360541.75,0.3851,0.337136,Normal
3.303271,sctp,-,CON,4,4,840,880,2.119112,254,60,1525.760376,1598.415649,1101.090375,488.900344,Attack
9e-06,udp,dns,INT,2,0,114,0,111111.1072,254,0,50666664.0,0.0,0.009,0.0,Attack
1.212986,tcp,-,FIN,10,8,534,354,14.015001,254,252,3172.33667,2044.541382,134.776222,159.352422,Normal
3e-06,dcn,-,INT,2,0,200,0,333333.3215,254,0,266666656.0,0.0,0.003,0.0,Attack
0.245602,tcp,http,FIN,10,10,808,5686,77.360935,62,252,23713.16211,166708.75,27.289111,26.145667,Attack
2.190726,tcp,smtp,FIN,162,40,193940,2494,91.750404,62,252,703850.6875,8881.074219,13.692038,54.037512,Attack
4e-06,udp,-,INT,2,0,796,0,250000.0006,254,0,796000000.0,0.0,0.004,0.0,Normal
2e-06,udp,dns,INT,2,0,114,0,500000.0013,254,0,228000000.0,0.0,0.002,0.0,Attack
0.858295,tcp,-,FIN,12,10,1894,844,24.467111,254,252,16190.23731,7083.811523,76.680361,90.528664,Attack
9e-06,udp,dns,INT,2,0,114,0,111111.1072,254,0,50666664.0,0.0,0.009,0.0,Attack
0.033462,tcp,-,FIN,16,18,1540,1644,986.193319,31,29,345227.4375,371286.8438,2.209733,2.062187,Normal
1e-05,udp,dns,INT,2,0,114,0,100000.0025,254,0,45600000.0,0.0,0.01,0.0,Attack
0.016668,tcp,-,FIN,48,50,2974,30506,5819.534672,31,29,1398128.25,14348933.0,0.34734,0.328082,Normal
5e-06,udp,dns,INT,2,0,114,0,200000.0051,254,0,91200000.0,0.0,0.005,0.0,Attack
0.569266,tcp,-,FIN,16,10,900,556,43.916199,254,252,11860.88672,7040.64502,37.951068,59.024332,Attack
0.971276,tcp,-,FIN,60,14,68181,612,75.158864,254,252,552222.0625,4686.618652,15.402373,71.065695,Attack
0.420104,tcp,http,FIN,10,8,1042,354,40.466171,254,252,17862.24414,5903.300293,44.785111,52.557855,Attack
3e-06,udp,dns,INT,2,0,114,0,333333.3215,254,0,152000000.0,0.0,0.003,0.0,Attack
0.006658,tcp,-,FIN,22,24,2054,2478,6758.786483,31,29,2356263.25,2853709.75,0.300238,0.264348,Normal
9e-06,udp,dns,INT,2,0,114,0,111111.1072,254,0,50666664.0,0.0,0.009,0.0,Attack
8e-06,udp,dns,INT,2,0,114,0,125000.0003,254,0,57000000.0,0.0,0.008,0.0,Attack
0.00101,udp,dns,CON,2,2,146,178,2970.297008,31,29,578217.8125,704950.5,0.005,0.007,Normal
8e-06,udp,dns,INT,2,0,114,0,125000.0003,254,0,57000000.0,0.0,0.008,0.0,Attack
0.495942,tcp,-,FIN,12,8,986,714,38.310932,254,252,14582.35059,10081.82422,42.185999,66.44657,Attack
0.004749,udp,-,CON,4,4,568,312,1473.994503,31,29,717624.75,394188.25,1.287,1.106,Normal
1e-05,udp,-,INT,2,0,168,0,100000.0025,254,0,67200000.0,0.0,0.01,0.0,Attack
3e-06,egp,-,INT,2,0,180,0,333333.3215,254,0,239999984.0,0.0,0.003,0.0,Attack
8e-06,udp,dns,INT,2,0,114,0,125000.0003,254,0,57000000.0,0.0,0.008,0.0,Attack
0.371841,tcp,http,FIN,10,8,860,1334,45.718464,62,252,16652.27734,25129.01953,41.315667,43.27157,Attack
9e-06,udp,dns,INT,2,0,114,0,111111.1072,254,0,50666664.0,0.0,0.009,0.0,Attack
0.754595,tcp,ftp,FIN,52,54,2934,3740,139.147493,31,29,30511.73242,38918.89063,14.789627,14.22851,Normal
3e-06,udp,dns,INT,2,0,114,0,333333.3215,254,0,152000000.0,0.0,0.003,0.0,Attack
1.150504,tcp,-,FIN,10,6,744,268,13.037764,254,252,4658.827637,1557.578247,6222.2559,10365.054,Attack
0.004701,tcp,-,FIN,18,18,3936,2456,7445.224147,31,29,6327164.0,3948096.0,0.258412,0.246,Normal
0.036952,tcp,-,FIN,28,42,2198,34406,1867.287286,31,29,458973.8125,7271487.5,1.356,0.889707,Normal
1.0427,tcp,http,FIN,10,10,796,1172,18.221923,62,252,5501.102539,8094.370117,115.855556,109.418891,Normal
1e-06,nvp,-,INT,2,0,180,0,1000000.003,254,0,720000000.0,0.0,0.001,0.0,Attack
1.326616,tcp,-,FIN,12,8,1068,700,14.322154,254,252,5903.742676,3696.623535,128.985203,182.308578,Attack
6e-06,any,-,INT,2,0,200,0,166666.6608,254,0,133333328.0,0.0,0.006,0.0,Attack
4e-06,aes-sp3-d,-,INT,2,0,200,0,250000.0006,254,0,200000000.0,0.0,0.004,0.0,Attack
0.521728,tcp,-,FIN,10,6,708,268,28.750614,254,252,9782.875977,3434.73999,57.969778,89.920398,Attack
9e-06,udp,dns,INT,2,0,114,0,111111.1072,254,0,50666664.0,0.0,0.009,0.0,Attack
3e-06,udp,-,INT,2,0,104,0,333333.3215,254,0,138666656.0,0.0,0.003,0.0,Attack
0.005872,tcp,ssh,FIN,32,24,3728,5474,9366.485,31,29,4920981.0,7147139.0,0.189419,0.226652,Normal
8e-06,udp,dns,INT,2,0,114,0,125000.0003,254,0,57000000.0,0.0,0.008,0.0,Attack
9e-06,udp,dns,INT,2,0,114,0,111111.1072,254,0,50666664.0,0.0,0.009,0.0,Attack
8e-06,crudp,-,INT,2,0,200,0,125000.0003,254,0,100000000.0,0.0,0.008,0.0,Attack
1.178852,tcp,-,FIN,10,8,498,354,14.42081,254,252,3047.032227,2103.741699,125.230889,150.256578,Normal
0.025006,tcp,-,FIN,60,62,3614,50036,4838.838688,31,29,1137007.125,15749500.0,0.425569,0.406333,Normal
5e-06,sun-nd,-,INT,2,0,200,0,200000.0051,254,0,160000000.0,0.0,0.005,0.0,Attack
0.001042,udp,dns,CON,2,2,132,164,2879.078645,31,29,506717.8438,629558.5,0.009,0.007,Normal
9e-06,fc,-,INT,2,0,200,0,111111.1072,254,0,88888888.0,0.0,0.009,0.0,Attack
3e-06,udp,dns,INT,2,0,114,0,333333.3215,254,0,152000000.0,0.0,0.003,0.0,Attack
0.050861,tcp,ssh,FIN,62,58,5928,8010,2339.710144,31,29,917480.9375,1238198.25,0.847683,0.92813,Normal
0.94467,tcp,-,FIN,12,10,1058,802,22.229985,254,252,8214.508789,6114.304199,82.166182,97.242219,Attack
9e-06,trunk-1,-,INT,2,0,200,0,111111.1072,254,0,88888888.0,0.0,0.009,0.0,Attack
0.017876,tcp,-,FIN,48,50,2974,30506,5426.270098,31,29,1303647.375,13379280.0,0.381848,0.353102,Normal
0.693954,tcp,http,FIN,10,8,800,1282,24.497301,62,252,8300.261719,12934.5752,77.106,65.680859,Attack
0.007664,tcp,-,FIN,22,24,2054,2478,5871.607401,31,29,2046972.875,2479123.0,0.347857,0.311348,Normal
0.726096,tcp,-,FIN,12,10,994,856,28.921796,254,252,10048.25879,8494.745117,66.00873,70.207109,Attack
0.001073,udp,dns,CON,2,2,146,178,2795.899292,31,29,544268.375,663560.125,0.009,0.007,Normal
0.53343,tcp,smtp,FIN,52,42,37268,3380,174.343407,31,29,548180.6875,49491.03125,10.452765,12.998829,Normal
9e-06,unas,-,INT,2,0,200,0,111111.1072,254,0,88888888.0,0.0,0.009,0.0,Attack
0.010907,tcp,-,FIN,34,36,2230,13500,6326.212564,31,29,1587971.0,9626845.0,0.320606,0.304412,Normal
1.138304,tcp,http,FIN,360,746,19202,1087890,970.742442,31,29,134579.1563,7635443.5,3.169855,1.527262,Normal
0.800498,tcp,-,FIN,14,10,774,556,28.732114,254,252,7185.526855,5006.883301,61.576767,82.592781,Attack
0.126852,tcp,-,FIN,68,68,4030,57474,1064.232286,31,29,250433.5625,3571342.75,1.888701,1.885224,Normal
9e-06,ipv6,-,INT,2,0,200,0,111111.1072,254,0,88888888.0,0.0,0.009,0.0,Attack
0.946735,tcp,-,FIN,10,8,564,354,17.95645,254,252,4292.647949,2619.529053,99.466,127.866859,Attack
0.919757,tcp,-,FIN,12,8,1046,736,20.65763,254,252,8341.333984,5601.479492,81.52182,110.021141,Attack
0.838836,tcp,-,FIN,34,10,34246,440,51.261509,254,252,317001.1875,3776.661865,24.742334,80.577891,Normal
9e-06,irtp,-,INT,2,0,200,0,111111.1072,254,0,88888888.0,0.0,0.009,0.0,Attack
1.442899,tcp,-,FIN,38,12,41294,526,33.959411,254,252,222928.9844,2677.942139,37.708785,122.763727,Attack
0.016606,tcp,-,FIN,48,50,2958,32642,5841.262433,31,29,1395640.125,15411298.0,0.361156,0.334104,Normal
0.001033,udp,dns,CON,2,2,146,178,2904.162775,31,29,565343.6875,689254.625,0.009,0.007,Normal
1.142962,tcp,-,FIN,60,14,68469,612,63.869141,254,252,471252.7813,3982.634766,18.932186,82.641766,Attack
0.006103,tcp,-,FIN,22,24,2054,2478,7373.42274,31,29,2570539.0,3113223.0,0.260333,0.24313,Normal
5e-06,udp,-,INT,2,0,168,0,200000.0051,254,0,134400000.0,0.0,0.005,0.0,Attack
9e-06,udp,dns,INT,2,0,114,0,111111.1072,254,0,50666664.0,0.0,0.009,0.0,Attack
3e-06,udp,dns,INT,2,0,114,0,333333.3215,254,0,152000000.0,0.0,0.003,0.0,Attack
8e-06,udp,dns,INT,2,0,114,0,125000.0003,254,0,57000000.0,0.0,0.008,0.0,Attack
3e-06,unas,-,INT,2,0,200,0,333333.3215,254,0,266666656.0,0.0,0.003,0.0,Attack
9e-06,unas,-,INT,2,0,200,0,111111.1072,254,0,88888888.0,0.0,0.009,0.0,Attack
0.548487,tcp,-,FIN,10,8,1506,354,30.994353,254,252,19778.04297,4521.529297,59.195556,68.142859,Normal
1.578221,tcp,-,FIN,16,18,1540,1644,20.90962,31,29,7319.634277,7872.154785,105.139397,91.586117,Normal
0.019119,tcp,-,FIN,16,18,1540,1644,1726.031691,31,29,604215.6875,649824.75,1.253867,1.097471,Normal
9e-06,udp,dns,INT,2,0,114,0,111111.1072,254,0,50666664.0,0.0,0.009,0.0,Attack
6e-06,unas,-,INT,2,0,200,0,166666.6608,254,0,133333328.0,0.0,0.006,0.0,Attack
3e-06,udp,dns,INT,2,0,114,0,333333.3215,254,0,152000000.0,0.0,0.003,0.0,Attack
0.436846,tcp,http,FIN,10,6,960,268,34.337044,254,252,15822.50977,4102.132324,48.434333,70.689203,Attack
1.031982,tcp,http,FIN,14,18,1684,10168,30.039285,31,29,12124.24316,74450.91406,79.353156,60.673118,Normal
0.708856,tcp,-,FIN,14,10,774,556,32.446647,254,252,8114.483398,5654.181152,53.002153,73.553445,Normal
1e-05,sdrp,-,INT,2,0,200,0,100000.0025,254,0,80000000.0,0.0,0.01,0.0,Attack
0.081415,tcp,ftp-data,FIN,6,8,320,1882,159.67574,31,29,26235.95313,161837.5,16.2204,11.556857,Normal
1.004684,tcp,http,FIN,12,18,1580,10168,28.864798,31,29,11537.95606,76473.79688,91.301365,59.070591,Normal
3e-06,unas,-,INT,2,0,200,0,333333.3215,254,0,266666656.0,0.0,0.003,0.0,Attack
9e-06,udp,-,INT,2,0,1064,0,111111.1072,254,0,472888864.0,0.0,0.009,0.0,Attack
7e-06,udp,-,INT,2,0,168,0,142857.1409,254,0,96000000.0,0.0,0.007,0.0,Attack
6e-06,udp,dns,INT,2,0,114,0,166666.6608,254,0,76000000.0,0.0,0.006,0.0,Attack
5e-06,gmtp,-,INT,2,0,200,0,200000.0051,254,0,160000000.0,0.0,0.005,0.0,Attack
0.674192,tcp,-,FIN,10,8,564,354,25.215368,254,252,6027.956543,3678.477295,73.651222,93.335141,Attack
1e-05,udp,dns,INT,2,0,114,0,100000.0025,254,0,45600000.0,0.0,0.01,0.0,Attack
8e-06,udp,-,INT,2,0,168,0,125000.0003,254,0,84000000.0,0.0,0.008,0.0,Attack
8e-06,unas,-,INT,2,0,200,0,125000.0003,254,0,100000000.0,0.0,0.008,0.0,Attack
0.068858,tcp,-,FIN,48,50,2958,33044,1408.696205,31,29,336576.75,3762409.75,1.45817,1.394265,Normal
0.231023,tcp,http,FIN,10,10,872,3682,82.242894,62,252,27183.44141,114759.1406,25.669222,24.495223,Attack
3e-06,udp,dns,INT,2,0,114,0,333333.3215,254,0,152000000.0,0.0,0.003,0.0,Attack
9e-06,udp,dns,INT,2,0,114,0,111111.1072,254,0,50666664.0,0.0,0.009,0.0,Attack
8e-06,udp,dns,INT,2,0,114,0,125000.0003,254,0,57000000.0,0.0,0.008,0.0,Attack
2e-06,udp,dns,INT,2,0,114,0,500000.0013,254,0,228000000.0,0.0,0.002,0.0,Attack
44.300476,ospf,-,INT,28,0,12832,0,0.609474,254,0,2234.55835,0.0,1640.758375,0.0,Attack
0.198917,tcp,http,FIN,14,6,7590,268,95.517225,254,252,283454.9063,9008.782227,15.301307,37.372602,Attack
19.295721,udp,-,INT,4,0,402,0,0.155475,254,0,125.209106,0.0,6431.9075,0.0,Attack
1.39924,tcp,-,FIN,12,8,1012,726,13.5788,254,252,5305.737305,3636.259521,127.203639,185.482859,Attack
9e-06,udp,dns,INT,2,0,114,0,111111.1072,254,0,50666664.0,0.0,0.009,0.0,Attack
9e-06,udp,dns,INT,2,0,114,0,111111.1072,254,0,50666664.0,0.0,0.009,0.0,Attack
8e-06,udp,-,INT,2,0,168,0,125000.0003,254,0,84000000.0,0.0,0.008,0.0,Attack
0.142414,tcp,-,CON,6,2,986,86,49.15247,62,252,46175.23438,2415.492676,28.4828,0.007,Normal
9e-06,udp,dns,INT,2,0,114,0,111111.1072,254,0,50666664.0,0.0,0.009,0.0,Attack
8e-06,unas,-,INT,2,0,200,0,125000.0003,254,0,100000000.0,0.0,0.008,0.0,Attack
6e-06,unas,-,INT,2,0,200,0,166666.6608,254,0,133333328.0,0.0,0.006,0.0,Attack
9e-06,udp,dns,INT,2,0,114,0,111111.1072,254,0,50666664.0,0.0,0.009,0.0,Attack
0.475955,tcp,-,FIN,10,6,756,268,31.515584,254,252,11446.45996,3765.061768,48.095889,68.601797,Attack
0.001066,udp,dns,CON,2,2,146,178,2814.258996,31,29,547842.4375,667917.4375,0.009,0.005,Normal
3.478152,tcp,-,FIN,12,12,1474,942,6.612707,254,252,3109.697266,1987.262207,316.195642,310.521906,Attack
3e-06,udp,dns,INT,2,0,114,0,333333.3215,254,0,152000000.0,0.0,0.003,0.0,Attack
0.323852,tcp,ssh,FIN,32,24,3728,5474,169.830662,31,29,89225.94531,129590.0625,10.795067,14.051392,Normal
3.143363,tcp,smtp,FIN,26,20,2738,1718,14.315878,62,252,6701.103027,4156.058105,125.694237,161.241312,Attack
0.001048,udp,dns,CON,2,2,146,178,2862.595564,31,29,557251.9375,679389.375,0.001,0.009,Normal
0.363365,tcp,-,FIN,10,6,510,268,41.280806,254,252,10105.54102,4931.680176,38.140111,58.827199,Attack
0.696554,tcp,-,FIN,10,6,610,268,21.534583,254,252,6305.325684,2572.664795,77.330111,118.924398,Normal
0.84564,tcp,ftp,FIN,52,54,2934,3742,124.166311,31,29,27226.71484,34747.64844,16.574863,15.945905,Normal
0.405776,tcp,-,FIN,28,30,4480,3080,140.471592,31,29,85170.14063,58712.19531,15.017037,13.975,Normal
9e-06,eigrp,-,INT,2,0,200,0,111111.1072,254,0,88888888.0,0.0,0.009,0.0,Attack
2e-06,udp,dns,INT,2,0,114,0,500000.0013,254,0,228000000.0,0.0,0.002,0.0,Attack
0.960953,tcp,-,FIN,14,10,774,556,23.934573,254,252,5985.724609,4170.859375,73.919459,100.062219,Attack
0.471101,tcp,-,FIN,10,6,756,268,31.840307,254,252,11564.39941,3803.855225,48.919333,60.113199,Attack
0.034515,tcp,-,FIN,16,18,1540,1644,956.106016,31,29,334695.0625,359959.4375,2.278533,1.978177,Normal
1.595999,tcp,-,FIN,16,12,860,642,16.917304,254,252,4045.115234,2952.382812,106.399936,143.397094,Attack
4.371233,ospf,-,INT,42,0,2688,0,9.379505,254,0,4802.306152,0.0,106.615437,0.0,Attack
0.470632,tcp,http,FIN,10,6,1310,268,31.872037,254,252,20041.13672,3807.645996,52.292444,80.304602,Attack
1.130683,tcp,http,FIN,14,18,1684,10168,27.417058,31,29,11065.87793,67951.85156,86.947151,66.470764,Normal
0.028953,tcp,-,FIN,64,66,3806,51808,4455.496701,31,29,1035333.125,14098435.0,0.462016,0.449857,Normal
0.00535,tcp,-,FIN,18,18,4136,2456,6542.0558,31,29,5842242.5,3469158.75,0.294588,0.280529,Normal
1.333758,tcp,http,FIN,366,746,19514,1087890,832.984697,31,29,116728.8203,6516516.5,3.663267,1.789572,Normal
3e-06,ippc,-,INT,2,0,200,0,333333.3215,254,0,266666656.0,0.0,0.003,0.0,Attack
1.959922,tcp,http,FIN,10,10,864,1754,9.694264,254,252,3175.636719,6445.154785,217.769111,206.419219,Attack
0.391418,tcp,-,FIN,22,24,1920,4312,114.966606,31,29,37463.78516,84472.35156,18.621524,16.991218,Normal
3e-06,udp,dns,INT,2,0,114,0,333333.3215,254,0,152000000.0,0.0,0.003,0.0,Attack
5e-06,unas,-,INT,2,0,200,0,200000.0051,254,0,160000000.0,0.0,0.005,0.0,Attack
0.312655,tcp,ssl,FIN,10,10,996,4322,60.769858,254,252,22951.81641,99534.63281,34.739444,33.893444,Attack
6e-06,udp,dns,INT,2,0,114,0,166666.6608,254,0,76000000.0,0.0,0.006,0.0,Attack
0.495823,tcp,-,FIN,10,6,534,268,30.252732,254,252,7760.833984,3614.193115,52.965778,84.074398,Attack
8e-06,udp,-,INT,2,0,202,0,125000.0003,254,0,101000000.0,0.0,0.008,0.0,Attack
4e-06,unas,-,INT,2,0,200,0,250000.0006,254,0,200000000.0,0.0,0.004,0.0,Attack
5e-06,zero,-,INT,2,0,200,0,200000.0051,254,0,160000000.0,0.0,0.005,0.0,Attack
0.0,arp,-,INT,1,0,46,0,0.0,0,0,0.0,0.0,60000.62,0.0,Normal
6e-06,unas,-,INT,2,0,200,0,166666.6608,254,0,133333328.0,0.0,0.006,0.0,Attack
3e-06,udp,dns,INT,2,0,114,0,333333.3215,254,0,152000000.0,0.0,0.003,0.0,Attack
59.996548,arp,-,INT,2,0,92,0,0.016668,0,0,6.133686,0.0,59998.624,0.0,Normal
1.008659,tcp,http,FIN,14,18,1684,10168,30.733875,31,29,12404.58887,76172.42188,77.562921,59.301,Normal
2e-06,udp,dns,INT,2,0,114,0,500000.0013,254,0,228000000.0,0.0,0.002,0.0,Attack
9e-06,udp,-,INT,2,0,2082,0,111111.1072,254,0,925333312.0,0.0,0.009,0.0,Attack
0.0,arp,-,INT,1,0,46,0,0.0,0,0,0.0,0.0,60000.768,0.0,Normal
9e-06,unas,-,INT,2,0,200,0,111111.1072,254,0,88888888.0,0.0,0.009,0.0,Attack
3e-06,udp,dns,INT,2,0,114,0,333333.3215,254,0,152000000.0,0.0,0.003,0.0,Attack
0.002804,tcp,ftp-data,FIN,6,8,320,1910,4636.234066,31,29,761768.9375,4770328.0,0.4966,0.326,Normal
5e-06,udp,dns,INT,2,0,114,0,200000.0051,254,0,91200000.0,0.0,0.005,0.0,Attack
8e-06,udp,-,INT,2,0,78,0,125000.0003,254,0,39000000.0,0.0,0.008,0.0,Normal
7e-06,udp,-,INT,2,0,542,0,142857.1409,254,0,309714272.0,0.0,0.007,0.0,Attack
0.600275,tcp,-,FIN,10,6,534,268,24.988548,254,252,6410.395508,2985.298584,63.118556,106.718398,Normal
1.105297,tcp,smtp,FIN,42,22,31853,1892,56.998256,62,252,225061.6875,13071.60059,26.958465,50.214094,Attack
0.000108,udp,-,INT,2,0,503,0,9259.259244,64,0,18666666.0,0.0,0.108,0.0,Normal
9e-06,unas,-,INT,2,0,200,0,111111.1072,254,0,88888888.0,0.0,0.009,0.0,Attack
8e-06,igp,-,INT,2,0,180,0,125000.0003,254,0,90000000.0,0.0,0.008,0.0,Attack
0.001063,udp,dns,CON,2,2,146,178,2822.201463,31,29,549388.5625,669802.5,0.008,0.008,Normal
1e-05,udp,-,INT,2,0,168,0,100000.0025,254,0,67200000.0,0.0,0.01,0.0,Attack
0.023953,tcp,-,FIN,52,54,3182,39076,4383.584504,31,29,1042374.625,12809418.0,0.463078,0.441755,Normal
0.11685,tcp,-,FIN,66,68,3926,57474,1138.211347,31,29,264749.6563,3877038.75,1.7928,1.712433,Normal
1.494859,tcp,-,FIN,26,68,1348,69806,62.213226,62,252,6941.123047,368088.2188,59.794359,21.381164,Attack
1.274938,tcp,-,FIN,10,8,534,354,13.333982,254,252,3018.186035,1945.192627,141.557,167.786422,Attack
0.446152,tcp,-,FIN,10,6,632,268,33.620829,254,252,10202.80078,4016.568359,47.163778,82.477203,Normal
0.350079,tcp,-,FIN,28,30,4656,3080,162.820392,31,29,102605.4141,68053.21094,12.953593,12.053689,Normal
0.96732,tcp,-,FIN,14,14,778,764,27.912169,254,252,5979.406738,5871.893555,74.409231,70.970766,Attack
0.004497,udp,-,CON,4,4,568,312,1556.593279,31,29,757838.5625,416277.5313,1.201,0.997333,Normal
0.315582,tcp,-,FIN,10,6,486,268,47.531227,254,252,11103.29492,5678.397461,31.674778,55.323199,Normal
0.038665,tcp,-,FIN,64,66,3806,54798,3336.350675,31,29,775274.8125,11166274.0,0.608508,0.586462,Normal
3e-06,udp,dns,INT,2,0,114,0,333333.3215,254,0,152000000.0,0.0,0.003,0.0,Attack
1.88693,tcp,smtp,FIN,26,26,7485,1992,27.02803,62,252,30517.29492,8123.248047,75.477198,75.117359,Attack
9e-06,unas,-,INT,2,0,200,0,111111.1072,254,0,88888888.0,0.0,0.009,0.0,Attack
6e-06,udp,dns,INT,2,0,114,0,166666.6608,254,0,76000000.0,0.0,0.006,0.0,Attack
0.077221,tcp,-,FIN,68,70,4014,59460,1774.128829,31,29,409733.125,6072027.0,1.147746,1.111217,Normal
1.203324,tcp,-,FIN,12,8,3062,752,15.789597,254,252,18661.64063,4374.549316,109.393088,154.634859,Attack
2.012122,tcp,smtp,FIN,26,20,8343,1628,22.36445,62,252,31898.66406,6150.720703,80.484878,101.811477,Attack
0.048971,tcp,ftp-data,FIN,14,8,8928,424,428.825214,31,29,1354434.25,60607.29688,3.767,6.906571,Normal
3.046171,tcp,-,FIN,36,12,34710,870,15.429206,254,252,88625.35938,2095.74585,87.004684,269.987281,Attack
0.563826,tcp,http,FIN,12,26,1006,30258,65.623079,62,252,13096.23828,412822.375,51.256908,19.07784,Attack
3e-06,unas,-,INT,2,0,200,0,333333.3215,254,0,266666656.0,0.0,0.003,0.0,Attack
6e-06,udp,dns,INT,2,0,114,0,166666.6608,254,0,76000000.0,0.0,0.006,0.0,Attack
3e-06,udp,dns,INT,2,0,114,0,333333.3215,254,0,152000000.0,0.0,0.003,0.0,Attack
9e-06,hmp,-,INT,2,0,200,0,111111.1072,254,0,88888888.0,0.0,0.009,0.0,Attack
1.1e-05,udp,-,INT,2,0,1064,0,90909.0902,254,0,386909088.0,0.0,0.011,0.0,Normal
3e-06,udp,dns,INT,2,0,114,0,333333.3215,254,0,152000000.0,0.0,0.003,0.0,Attack
0.727885,tcp,-,FIN,10,6,756,268,20.607651,254,252,7484.69873,2461.927246,80.876111,119.694,Attack
0.587306,tcp,ftp,FIN,12,12,664,682,39.161866,254,252,8295.504883,8527.070312,53.391454,48.550637,Normal
3e-06,udp,dns,INT,2,0,114,0,333333.3215,254,0,152000000.0,0.0,0.003,0.0,Attack
0.00102,udp,dns,CON,2,2,146,178,2941.176566,31,29,572549.0625,698039.25,0.009,0.006,Normal
1.818162,tcp,http,FIN,10,10,824,1420,10.450114,62,252,3264.835693,5623.26123,201.924111,194.239,Attack
8e-06,udp,dns,INT,2,0,114,0,125000.0003,254,0,57000000.0,0.0,0.008,0.0,Attack
0.035301,tcp,-,FIN,48,50,2958,33044,2747.797522,31,29,656525.3125,7338942.5,0.744319,0.710837,Normal
1.305032,tcp,-,FIN,10,8,534,354,13.0265,254,252,2948.58667,1900.336548,141.728778,174.222859,Normal
5e-06,br-sat-mon,-,INT,2,0,200,0,200000.0051,254,0,160000000.0,0.0,0.005,0.0,Attack
0.023646,tcp,-,FIN,48,50,2974,30506,4102.173595,31,29,985536.625,10114522.0,0.507043,0.481563,Normal
3e-06,udp,dns,INT,2,0,114,0,333333.3215,254,0,152000000.0,0.0,0.003,0.0,Attack
4e-06,mfe-nsp,-,INT,2,0,200,0,250000.0006,254,0,200000000.0,0.0,0.004,0.0,Attack
0.873222,tcp,-,FIN,22,12,17786,938,37.791077,254,252,155543.5,7878.867188,39.435475,74.687727,Attack
0.47712,tcp,-,FIN,10,6,534,268,31.438631,254,252,8065.056641,3755.868408,51.320333,79.757203,Normal
1e-05,udp,dns,INT,2,0,114,0,100000.0025,254,0,45600000.0,0.0,0.01,0.0,Attack
3e-06,udp,dns,INT,2,0,114,0,333333.3215,254,0,152000000.0,0.0,0.003,0.0,Attack
1e-06,idpr,-,INT,2,0,200,0,1000000.003,254,0,800000000.0,0.0,0.001,0.0,Attack
1.559118,tcp,http,FIN,10,12,824,4066,13.469153,62,252,3807.280762,19128.76367,173.235333,132.395176,Attack
27.368465,tcp,-,FIN,16,18,1272,2572,1.205767,31,29,348.722504,710.306519,1824.407267,1609.86775,Normal
2.836784,tcp,smtp,FIN,60,28,54963,2002,30.668533,62,252,152417.6719,5445.603516,48.081084,101.53193,Attack
9e-06,udp,-,INT,2,0,168,0,111111.1072,254,0,74666664.0,0.0,0.009,0.0,Attack
0.269925,tcp,http,FIN,10,8,1084,1020,62.980458,254,252,28926.55469,26466.61133,29.991667,37.636,Attack
3e-06,udp,dns,INT,2,0,114,0,333333.3215,254,0,152000000.0,0.0,0.003,0.0,Attack
3e-06,udp,dns,INT,2,0,114,0,333333.3215,254,0,152000000.0,0.0,0.003,0.0,Attack
0.931131,tcp,-,FIN,10,8,564,354,18.257366,254,252,4364.584473,2663.42749,93.154222,127.394141,Attack
8e-06,udp,dns,INT,2,0,114,0,125000.0003,254,0,57000000.0,0.0,0.008,0.0,Attack
1.194581,tcp,-,FIN,10,8,714,354,14.230931,254,252,4306.112305,2076.041748,132.629667,157.191,Normal
1.120035,ospf,-,INT,28,0,3024,0,24.106388,254,0,20827.91992,0.0,41.482777,0.0,Attack
0.058851,tcp,-,FIN,84,86,4862,75600,2871.658939,31,29,653174.9375,10157313.0,0.705217,0.687012,Normal
3e-06,fire,-,INT,2,0,200,0,333333.3215,254,0,266666656.0,0.0,0.003,0.0,Attack
9e-06,udp,dns,INT,2,0,114,0,111111.1072,254,0,50666664.0,0.0,0.009,0.0,Attack
9e-06,sctp,-,INT,2,0,152,0,111111.1072,254,0,67555552.0,0.0,0.009,0.0,Attack
8e-06,unas,-,INT,2,0,200,0,125000.0003,254,0,100000000.0,0.0,0.008,0.0,Attack
0.877663,tcp,http,FIN,10,8,748,354,19.369621,254,252,6143.587891,2825.685791,88.153667,115.268,Attack
8e-06,visa,-,INT,2,0,200,0,125000.0003,254,0,100000000.0,0.0,0.008,0.0,Attack
2.492837,tcp,-,FIN,40,42,2558,23162,32.4931,31,29,8006.941406,72563.10938,63.887514,60.789221,Normal
1.026717,tcp,-,FIN,16,10,3460,556,24.349457,254,252,25276.68359,3903.704834,66.273199,107.492109,Normal
9e-06,3pc,-,INT,2,0,200,0,111111.1072,254,0,88888888.0,0.0,0.009,0.0,Attack
1.31429,tcp,-,FIN,12,10,1078,832,15.978208,254,252,6019.97998,4559.115234,119.480903,137.189562,Attack
9e-06,udp,dns,INT,2,0,114,0,111111.1072,254,0,50666664.0,0.0,0.009,0.0,Attack
9e-06,pnni,-,INT,2,0,200,0,111111.1072,254,0,88888888.0,0.0,0.009,0.0,Attack
1.898953,tcp,http,FIN,10,10,936,2836,10.005514,62,252,3551.430664,10755.40039,210.994778,191.192563,Attack
0.002045,udp,-,CON,4,4,528,304,3422.982932,31,29,1549144.25,891931.5625,0.557667,0.212333,Normal
0.913697,tcp,-,FIN,18,10,6038,556,29.550277,254,252,49933.40234,4386.574707,52.507119,94.135891,Normal
1.646791,tcp,-,FIN,12,10,1022,834,12.752074,254,252,4551.883301,3648.307617,149.628003,174.268438,Attack
9e-06,gre,-,INT,2,0,156,0,111111.1072,254,0,69333328.0,0.0,0.009,0.0,Attack
0.216482,tcp,http,FIN,10,8,852,1590,78.528469,62,252,28344.1582,51440.76563,24.053556,29.337857,Attack
1e-05,udp,-,INT,2,0,168,0,100000.0025,254,0,67200000.0,0.0,0.01,0.0,Attack
3e-06,udp,dns,INT,2,0,114,0,333333.3215,254,0,152000000.0,0.0,0.003,0.0,Attack
0.683363,tcp,-,FIN,20,8,16864,436,39.510479,254,252,187554.7813,4472.000977,35.966473,76.645,Attack
1.347859,tcp,http,FIN,10,8,836,354,12.612595,254,252,4469.310059,1839.955078,149.762111,179.402859,Attack
9e-06,udp,dns,INT,2,0,114,0,111111.1072,254,0,50666664.0,0.0,0.009,0.0,Attack
2e-06,udp,dns,INT,2,0,114,0,500000.0013,254,0,228000000.0,0.0,0.002,0.0,Attack
9e-06,udp,dns,INT,2,0,114,0,111111.1072,254,0,50666664.0,0.0,0.009,0.0,Attack
0.311248,tcp,-,FIN,10,6,2516,268,48.19308,254,252,58217.24219,5757.466797,34.569222,51.164,Normal
4e-06,unas,-,INT,2,0,200,0,250000.0006,254,0,200000000.0,0.0,0.004,0.0,Attack
1.859144,tcp,pop3,FIN,20,26,954,11558,24.204688,62,252,3902.871582,47824.16016,97.849683,72.172363,Attack
2.027196,tcp,-,FIN,12,8,994,730,9.372552,254,252,3599.060059,2521.709961,176.379188,275.494562,Attack
2.709741,tcp,smtp,FIN,194,44,231349,2662,87.46223,62,252,679495.1875,7681.914551,14.040109,62.393,Attack
0.86601,tcp,-,FIN,204,388,11826,485110,682.440149,31,29,108719.2969,4469786.5,4.347713,2.236501,Normal
12.52297,tcp,-,REQ,4,0,180,0,0.23956,254,0,86.241524,0.0,4174.32325,0.0,Normal
0.064877,tcp,-,FIN,48,50,2958,32642,1495.136872,31,29,357229.8125,3944695.25,1.403587,1.314367,Normal
1.889091,tcp,-,FIN,58,14,68119,612,37.584213,254,252,283501.4375,2409.624512,33.124789,149.007672,Normal
0.031625,tcp,-,FIN,64,66,3806,51808,4079.051526,31,29,947857.75,12907257.0,0.512951,0.478,Normal
0.070136,tcp,-,FIN,52,54,3182,39076,1497.091297,31,29,355994.0625,4374700.5,1.365961,1.312472,Normal
0.001807,udp,-,CON,4,4,536,304,3873.82397,31,29,1779745.375,1009407.875,0.481667,0.238333,Normal
0.006593,tcp,-,FIN,22,24,2054,2478,6825.420752,31,29,2379493.25,2881844.25,0.297095,0.259826,Normal
8e-06,udp,dns,INT,2,0,114,0,125000.0003,254,0,57000000.0,0.0,0.008,0.0,Attack
3e-06,udp,dns,INT,2,0,114,0,333333.3215,254,0,152000000.0,0.0,0.003,0.0,Attack
0.024925,tcp,-,FIN,52,54,3182,39076,4212.638065,31,29,1001725.188,12309890.0,0.482569,0.459962,Normal
0.065919,tcp,-,FIN,22,14,1470,1728,530.954681,31,29,170390.9375,194784.5156,3.139,5.015692,Normal
9e-06,udp,dns,INT,2,0,114,0,111111.1072,254,0,50666664.0,0.0,0.009,0.0,Attack
1.744389,tcp,http,FIN,10,8,1102,354,9.745532,254,252,4549.443848,1421.701172,189.282889,228.814141,Attack
1.125965,tcp,http,FIN,14,18,1684,10168,27.531939,31,29,11112.24609,68236.57813,86.587228,66.204529,Normal
0.087373,udp,-,CON,4,4,568,304,80.11628,31,29,39005.18359,20876.01367,24.013666,24.311334,Normal
0.533358,tcp,http,FIN,16,12,2858,2052,50.622661,254,252,40198.14063,28213.69531,34.392467,47.704547,Attack
6e-06,gre,-,INT,2,0,156,0,166666.6608,254,0,104000000.0,0.0,0.006,0.0,Attack
6e-06,udp,dns,INT,2,0,114,0,166666.6608,254,0,76000000.0,0.0,0.006,0.0,Attack
3e-06,udp,dns,INT,2,0,114,0,333333.3215,254,0,152000000.0,0.0,0.003,0.0,Attack
1e-06,udp,dns,INT,2,0,114,0,1000000.003,254,0,456000000.0,0.0,0.001,0.0,Attack
10.331972,tcp,-,FIN,452,858,25368,1094788,126.694109,31,29,19598.96875,846702.25,22.959246,12.05543,Normal
0.384254,tcp,http,FIN,10,10,816,4886,49.446459,62,252,15302.37793,91564.42969,48.031751,31.106222,Attack
0.0,arp,-,INT,1,0,46,0,0.0,0,0,0.0,0.0,60000.752,0.0,Normal
7e-06,udp,dns,INT,2,0,114,0,142857.1409,254,0,65142856.0,0.0,0.007,0.0,Attack
5e-06,udp,-,INT,2,0,1064,0,200000.0051,254,0,851200000.0,0.0,0.005,0.0,Attack
3e-06,chaos,-,INT,2,0,200,0,333333.3215,254,0,266666656.0,0.0,0.003,0.0,Attack
0.03003,tcp,-,FIN,54,54,3286,39076,3563.103671,31,29,859407.3125,10217250.0,0.560528,0.557038,Normal
0.777871,tcp,-,FIN,22,12,17786,868,42.423486,254,252,174609.9219,8186.447266,34.317715,67.057547,Attack
1.156332,tcp,http,FIN,10,6,980,268,12.972053,254,252,6102.053711,1549.727905,126.640222,211.032797,Attack
4e-06,udp,dns,INT,2,0,114,0,250000.0006,254,0,114000000.0,0.0,0.004,0.0,Attack
9e-06,udp,dns,INT,2,0,114,0,111111.1072,254,0,50666664.0,0.0,0.009,0.0,Attack
3e-06,udp,dns,INT,2,0,114,0,333333.3215,254,0,152000000.0,0.0,0.003,0.0,Attack
31.361422,tcp,ssh,RST,8,4,344,248,0.350749,254,60,76.782234,47.446827,4480.202857,354.922344,Normal
8e-06,udp,dns,INT,2,0,114,0,125000.0003,254,0,57000000.0,0.0,0.008,0.0,Attack
0.408906,tcp,http,FIN,10,6,886,268,36.683246,254,252,15612.38965,4382.425293,36.418,74.021797,Attack
9e-06,cpnx,-,INT,2,0,200,0,111111.1072,254,0,88888888.0,0.0,0.009,0.0,Attack
1.68225,tcp,ftp-data,FIN,8,8,364,510,8.916629,62,252,1517.015869,2125.724365,240.321438,230.108141,Attack
1.509228,tcp,smtp,FIN,22,20,2904,1856,27.166207,62,252,14693.60547,9350.475586,71.868001,73.867266,Attack
4e-06,unas,-,INT,2,0,200,0,250000.0006,254,0,200000000.0,0.0,0.004,0.0,Attack
3e-06,udp,dns,INT,2,0,114,0,333333.3215,254,0,152000000.0,0.0,0.003,0.0,Attack
1.730543,tcp,ftp,FIN,16,12,784,682,15.602039,254,252,3397.777344,2893.889404,110.750335,149.419547,Attack
9e-06,udp,dns,INT,2,0,114,0,111111.1072,254,0,50666664.0,0.0,0.009,0.0,Attack
9e-06,udp,dns,INT,2,0,114,0,111111.1072,254,0,50666664.0,0.0,0.009,0.0,Attack
3.980463,tcp,smtp,FIN,34,22,22478,2014,13.817488,62,252,43848.16406,3864.876953,120.59051,180.390953,Attack
0.752064,tcp,-,FIN,10,8,564,354,22.60446,254,252,5403.79541,3297.591797,81.153222,103.24457,Attack
0.48709,tcp,-,FIN,10,6,590,268,30.795131,254,252,8721.180664,3678.991699,52.109444,86.461,Attack
9e-06,udp,dns,INT,2,0,114,0,111111.1072,254,0,50666664.0,0.0,0.009,0.0,Attack
9e-06,pim,-,INT,2,0,200,0,111111.1072,254,0,88888888.0,0.0,0.009,0.0,Attack
1.493624,tcp,-,FIN,12,10,982,802,14.059764,254,252,4825.84668,3867.104492,132.537452,154.653109,Attack
3e-06,udp,-,INT,2,0,104,0,333333.3215,254,0,138666656.0,0.0,0.003,0.0,Attack
4e-06,udp,dns,INT,2,0,114,0,250000.0006,254,0,114000000.0,0.0,0.004,0.0,Attack
6e-06,udp,-,INT,2,0,168,0,166666.6608,254,0,112000000.0,0.0,0.006,0.0,Attack
9e-06,unas,-,INT,2,0,200,0,111111.1072,254,0,88888888.0,0.0,0.009,0.0,Attack
5e-06,iso-tp4,-,INT,2,0,200,0,200000.0051,254,0,160000000.0,0.0,0.005,0.0,Attack
0.001068,udp,dns,CON,2,2,146,178,2808.988808,31,29,546816.5,666666.6875,0.007,0.007,Normal
5e-06,udp,dns,INT,2,0,114,0,200000.0051,254,0,91200000.0,0.0,0.005,0.0,Attack
1e-05,udp,-,INT,2,0,1290,0,100000.0025,254,0,516000000.0,0.0,0.01,0.0,Normal
1.142555,tcp,-,FIN,10,8,564,354,14.878934,254,252,3556.94043,2170.57373,126.950556,119.760289,Attack
9e-06,fc,-,INT,2,0,200,0,111111.1072,254,0,88888888.0,0.0,0.009,0.0,Attack
4e-06,igp,-,INT,2,0,180,0,250000.0006,254,0,180000000.0,0.0,0.004,0.0,Attack
4e-06,udp,-,INT,2,0,78,0,250000.0006,254,0,78000000.0,0.0,0.004,0.0,Attack
1.264006,tcp,-,FIN,28,26,3970,3422,41.93018,254,252,24234.0625,20829.01563,46.815037,50.26448,Attack
2.764323,tcp,-,FIN,10,8,564,354,6.149788,254,252,1470.161011,897.145508,304.784333,380.124844,Attack
1.92071,tcp,-,FIN,60,16,68185,698,39.048061,254,252,279267.5625,2728.157959,31.915577,122.022797,Attack
1.026777,tcp,ftp-data,FIN,8,8,364,1642,14.608819,62,252,2485.447021,11196.19922,146.556143,135.336859,Attack
0.324409,tcp,-,FIN,10,6,1612,268,46.237927,254,252,35781.99219,5523.891113,31.199556,51.389199,Attack
0.956603,tcp,http,FIN,12,10,918,3486,21.952681,62,252,7041.583496,26242.86133,86.963912,95.757889,Attack
2.368971,tcp,ftp,FIN,24,22,1252,1634,18.995588,62,252,4052.39209,5268.109863,102.998738,110.483568,Attack
0.00107,udp,dns,CON,2,2,132,164,2803.738322,31,29,493457.9375,613084.125,0.009,0.006,Normal
9e-06,udp,dns,INT,2,0,114,0,111111.1072,254,0,50666664.0,0.0,0.009,0.0,Attack
3e-06,udp,dns,INT,2,0,114,0,333333.3215,254,0,152000000.0,0.0,0.003,0.0,Attack
9e-06,udp,dns,INT,2,0,114,0,111111.1072,254,0,50666664.0,0.0,0.009,0.0,Attack
0.001137,udp,dns,CON,2,2,132,164,2638.522328,31,29,464379.9375,576956.875,0.009,0.006,Normal
0.659257,tcp,-,FIN,10,6,2548,268,22.752887,254,252,27837.39844,2718.21167,73.145222,113.538,Attack
3e-06,udp,dns,INT,2,0,114,0,333333.3215,254,0,152000000.0,0.0,0.003,0.0,Attack
9e-06,udp,-,INT,2,0,104,0,111111.1072,254,0,46222220.0,0.0,0.009,0.0,Attack
0.41546,tcp,-,FIN,28,30,4456,3080,137.197327,31,29,82742.02344,57343.66797,15.368555,14.306621,Normal
0.003498,tcp,-,FIN,20,18,1366,1936,10577.47256,31,29,2968553.5,4182961.5,0.184105,0.170059,Normal
8e-06,udp,dns,INT,2,0,114,0,125000.0003,254,0,57000000.0,0.0,0.008,0.0,Attack
8e-06,unas,-,INT,2,0,200,0,125000.0003,254,0,100000000.0,0.0,0.008,0.0,Attack
1.036256,tcp,http,FIN,12,18,1580,10168,27.985364,31,29,11186.42578,74143.84375,94.173635,60.924058,Normal
0.945179,tcp,smtp,FIN,78,28,82016,2010,111.09007,62,252,685288.1875,16411.70703,12.275052,33.177297,Attack
4e-06,udp,dns,INT,2,0,114,0,250000.0006,254,0,114000000.0,0.0,0.004,0.0,Attack
0.002105,udp,dns,CON,2,2,146,178,1425.178172,31,29,277434.6875,338242.2813,0.002,0.005,Normal
0.001035,udp,dns,CON,2,2,130,162,2898.550823,31,29,502415.4688,626087.0,0.009,0.006,Normal
2e-06,udp,dns,INT,2,0,114,0,500000.0013,254,0,228000000.0,0.0,0.002,0.0,Attack
3e-06,udp,dns,INT,2,0,114,0,333333.3215,254,0,152000000.0,0.0,0.003,0.0,Attack
5e-06,udp,dns,INT,2,0,114,0,200000.0051,254,0,91200000.0,0.0,0.005,0.0,Attack
3e-06,udp,-,INT,2,0,280,0,333333.3215,254,0,373333312.0,0.0,0.003,0.0,Attack
0.201932,udp,-,CON,4,4,528,304,34.665135,31,29,15688.4502,9032.744141,16.948334,62.964668,Normal
0.7887,tcp,-,FIN,122,126,7814,14990,313.173583,31,29,78610.375,150850.7656,6.624731,6.305904,Normal
0.845715,tcp,-,FIN,12,8,1162,746,22.466198,254,252,10083.77539,6177.021973,74.734997,111.76243,Attack
0.375514,tcp,-,FIN,62,106,4068,114238,444.723765,31,29,85280.44531,2410797.0,6.150803,3.5718,Normal
0.0,arp,-,INT,1,0,46,0,0.0,0,0,0.0,0.0,60000.736,0.0,Normal
0.226401,tcp,http,FIN,10,14,872,11456,101.589657,62,252,27738.39258,375899.4063,25.155667,15.654154,Attack
8e-06,udp,dns,INT,2,0,114,0,125000.0003,254,0,57000000.0,0.0,0.008,0.0,Attack
0.628203,tcp,-,FIN,10,8,564,354,27.061317,254,252,6469.246582,3947.768555,69.800333,82.12357,Attack
1.100194,tcp,-,FIN,10,8,588,354,15.451821,254,252,3853.865967,2254.147949,120.127111,139.393,Normal
0.0,arp,-,INT,1,0,46,0,0.0,0,0,0.0,0.0,60000.696,0.0,Normal
0.046527,tcp,ftp-data,FIN,6,8,320,1888,279.407666,31,29,45908.82813,284050.125,9.2422,6.57,Normal
0.872497,tcp,http,FIN,10,6,1822,268,17.192036,254,252,15037.30078,2053.875244,93.341444,155.476594,Attack
0.640178,tcp,-,FIN,10,8,564,354,26.555113,254,252,6348.234375,3873.922363,70.518333,90.325859,Attack
8e-06,udp,dns,INT,2,0,114,0,125000.0003,254,0,57000000.0,0.0,0.008,0.0,Attack
1e-05,unas,-,INT,2,0,200,0,100000.0025,254,0,80000000.0,0.0,0.01,0.0,Attack
0.047429,tcp,ftp-data,FIN,6,8,320,1946,274.093914,31,29,45035.73828,287250.4375,9.422,6.707571,Normal
1.234961,tcp,http,FIN,14,18,1684,10168,25.102007,31,29,10131.49414,62214.10938,94.970462,72.609059,Normal
5e-06,udp,dns,INT,2,0,114,0,200000.0051,254,0,91200000.0,0.0,0.005,0.0,Attack
9e-06,udp,dns,INT,2,0,114,0,111111.1072,254,0,50666664.0,0.0,0.009,0.0,Attack
0.015111,udp,-,CON,2,2,168,112,198.530868,254,60,44470.91406,29647.27539,0.008,0.009,Attack
0.617455,tcp,-,FIN,10,8,566,354,27.532371,254,252,6607.769043,4016.487061,66.485333,77.203711,Attack
3e-06,pup,-,INT,2,0,180,0,333333.3215,254,0,239999984.0,0.0,0.003,0.0,Attack
9e-06,udp,dns,INT,2,0,114,0,111111.1072,254,0,50666664.0,0.0,0.009,0.0,Attack
0.036897,tcp,-,FIN,38,40,2438,19266,2086.890537,31,29,514730.1875,4072959.75,0.988568,0.932359,Normal
0.001044,udp,dns,CON,2,2,146,178,2873.563127,31,29,559386.9375,681992.3125,0.01,0.007,Normal
1e-05,udp,-,INT,2,0,596,0,100000.0025,254,0,238400000.0,0.0,0.01,0.0,Normal
0.001145,udp,dns,CON,2,2,146,178,2620.087365,31,29,510043.6875,621834.0625,0.014,0.011,Normal
0.0,arp,-,INT,1,0,46,0,0.0,0,0,0.0,0.0,60000.76,0.0,Normal
9e-06,unas,-,INT,2,0,200,0,111111.1072,254,0,88888888.0,0.0,0.009,0.0,Attack
0.017867,tcp,-,FIN,16,18,1540,1644,1846.980387,31,29,646555.0625,695360.125,1.1688,1.024412,Normal
1.980827,tcp,-,FIN,10,8,576,354,8.582274,254,252,2096.094238,1252.002319,216.574333,262.382,Attack
4e-06,udp,dns,INT,2,0,114,0,250000.0006,254,0,114000000.0,0.0,0.004,0.0,Attack
2.319613,tcp,http,FIN,10,8,746,354,7.328809,254,252,2317.62793,1069.143921,257.627556,313.388438,Attack
5e-06,unas,-,INT,2,0,200,0,200000.0051,254,0,160000000.0,0.0,0.005,0.0,Attack
5.286072,tcp,ftp,FIN,24,22,1272,1612,8.512938,62,252,1844.848145,2329.139648,229.829212,246.083141,Attack
9e-06,unas,-,INT,2,0,200,0,111111.1072,254,0,88888888.0,0.0,0.009,0.0,Attack
1.009527,tcp,http,FIN,14,18,1684,10168,30.707451,31,29,12393.92383,76106.92969,77.629538,59.353706,Normal
0.00395,tcp,http,FIN,8,10,1042,824,4303.797676,31,29,1847088.75,1502784.875,0.516286,0.377667,Normal
2e-06,unas,-,INT,2,0,200,0,500000.0013,254,0,400000000.0,0.0,0.002,0.0,Attack
0.098944,tcp,-,FIN,52,54,3182,39076,1061.206329,31,29,252344.7656,3100986.5,1.933549,1.845962,Normal
0.000951,udp,dns,CON,2,2,146,178,3154.574054,31,29,614090.4375,748685.5625,0.009,0.003,Normal
0.202427,tcp,-,FIN,22,24,4168,2768,222.302361,31,29,157251.75,104847.6719,9.623238,8.777913,Normal
0.582658,tcp,-,FIN,10,8,486,354,29.176636,254,252,6013.819336,4256.356445,62.691889,71.156859,Normal
3e-06,udp,dns,INT,2,0,114,0,333333.3215,254,0,152000000.0,0.0,0.003,0.0,Attack
1.020518,tcp,-,FIN,10,8,564,354,16.658208,254,252,3982.291504,2430.138672,106.193778,134.793859,Attack
3e-06,udp,dns,INT,2,0,114,0,333333.3215,254,0,152000000.0,0.0,0.003,0.0,Attack
6e-06,udp,dns,INT,2,0,114,0,166666.6608,254,0,76000000.0,0.0,0.006,0.0,Attack
0.004682,tcp,-,FIN,18,18,3960,2456,7475.438174,31,29,6390431.5,3964118.0,0.256412,0.244706,Normal
0.031803,tcp,-,FIN,122,126,7816,15132,7766.562727,31,29,1950004.625,3776247.5,0.268761,0.250384,Normal
0.674686,tcp,-,FIN,10,6,898,268,22.232564,254,252,9592.610352,2656.050293,74.937111,115.424797,Normal
0.497307,tcp,-,FIN,12,10,549,484,42.227437,254,252,8107.667969,7013.776367,45.209728,46.855891,Attack
4e-06,udp,dns,INT,2,0,114,0,250000.0006,254,0,114000000.0,0.0,0.004,0.0,Attack
0.045889,tcp,-,FIN,84,86,4862,75600,3682.799692,31,29,837673.5,13026389.0,0.55578,0.540774,Normal
0.762594,tcp,-,FIN,10,8,486,354,22.292334,254,252,4594.843262,3252.058105,84.722556,96.044711,Normal
0.011883,tcp,-,FIN,38,40,2438,19266,6479.845205,31,29,1598249.625,12646638.0,0.308838,0.297553,Normal
0.814278,tcp,http,FIN,16,60,1046,71543,92.106135,62,252,9637.986328,691174.25,54.2852,13.214272,Attack
3e-06,unas,-,INT,2,0,200,0,333333.3215,254,0,266666656.0,0.0,0.003,0.0,Attack
0.721629,tcp,ftp-data,FIN,8,10,364,3754,23.557811,62,252,3536.443115,37459.69141,103.089857,76.701111,Attack
0.107968,tcp,-,FIN,72,74,4238,63516,1342.990484,31,29,309721.4063,4642709.0,1.516268,1.489722,Normal
1.679525,tcp,-,FIN,12,10,1108,838,12.503535,254,252,4839.463379,3596.254883,150.471636,177.857,Attack
3e-06,udp,dns,INT,2,0,114,0,333333.3215,254,0,152000000.0,0.0,0.003,0.0,Attack
0.964165,tcp,ftp,FIN,20,22,1092,1612,42.523843,62,252,8612.633789,12769.59863,50.745526,44.407237,Attack
3e-06,udp,dns,INT,2,0,114,0,333333.3215,254,0,152000000.0,0.0,0.003,0.0,Attack
0.906254,tcp,-,FIN,16,18,1540,1644,36.413633,31,29,12746.97852,13709.18066,60.394068,53.107941,Normal
0.001036,udp,dns,CON,2,2,146,178,2895.752973,31,29,563706.5625,687258.6875,0.026,0.031,Normal
0.001035,udp,dns,CON,2,2,146,178,2898.550823,31,29,564251.25,687922.75,0.009,0.006,Normal
59.687565,ospf,-,INT,106,0,28832,0,1.75916,254,0,3827.933105,0.0,568.453062,0.0,Attack
9e-06,udp,-,INT,2,0,508,0,111111.1072,254,0,225777776.0,0.0,0.009,0.0,Attack
9e-06,unas,-,INT,2,0,200,0,111111.1072,254,0,88888888.0,0.0,0.009,0.0,Attack
7e-06,udp,dns,INT,2,0,114,0,142857.1409,254,0,65142856.0,0.0,0.007,0.0,Attack
0.000989,udp,dns,CON,2,2,146,178,3033.367149,31,29,590495.5,719919.125,0.004,0.009,Normal
7e-06,udp,-,INT,2,0,2852,0,142857.1409,254,0,1629714304.0,0.0,0.007,0.0,Attack
0.221806,tcp,http,FIN,10,6,914,268,67.626663,254,252,29683.59766,8079.131836,24.645111,36.413,Normal
0.577327,tcp,-,FIN,12,8,1070,732,32.910291,254,252,13593.68262,8882.314453,51.167727,69.988289,Attack
0.001002,udp,dns,CON,2,2,146,178,2994.012136,31,29,582834.375,710578.875,0.009,0.005,Normal
1.981304,tcp,http,FIN,14,34,968,35704,23.72175,62,252,3629.932617,139924.0,152.407995,57.055336,Attack
9e-06,udp,dns,INT,2,0,114,0,111111.1072,254,0,50666664.0,0.0,0.009,0.0,Attack
1e-06,ggp,-,INT,2,0,180,0,1000000.003,254,0,720000000.0,0.0,0.001,0.0,Attack
3e-06,ipv6-frag,-,INT,2,0,200,0,333333.3215,254,0,266666656.0,0.0,0.003,0.0,Attack
0.952281,tcp,-,FIN,16,10,1252,556,26.252755,254,252,9862.634766,4208.841797,61.599935,89.933664,Normal
48.675434,tcp,-,FIN,20,12,1188,536,0.636872,254,252,185.555618,80.862144,2559.967579,4419.4575,Attack
21.206099,udp,-,INT,4,0,2378,0,0.141469,254,0,673.013916,0.0,7068.7,0.0,Attack
1e-05,sdrp,-,INT,2,0,200,0,100000.0025,254,0,80000000.0,0.0,0.01,0.0,Attack
0.00101,udp,dns,CON,2,2,146,178,2970.297008,31,29,578217.8125,704950.5,0.009,0.007,Normal
1.572652,tcp,-,FIN,10,8,756,354,10.809766,254,252,3464.212158,1576.954102,172.973222,209.833422,Attack
1.656276,tcp,smtp,FIN,18,18,2438,1390,21.131744,254,252,11123.75,6341.937988,97.426353,87.55318,Attack
9e-06,udp,dns,INT,2,0,114,0,111111.1072,254,0,50666664.0,0.0,0.009,0.0,Attack
2e-06,nsfnet-igp,-,INT,2,0,200,0,500000.0013,254,0,400000000.0,0.0,0.002,0.0,Attack
9e-06,udp,dns,INT,2,0,114,0,111111.1072,254,0,50666664.0,0.0,0.009,0.0,Attack
8e-06,udp,dns,INT,2,0,114,0,125000.0003,254,0,57000000.0,0.0,0.008,0.0,Attack
9e-06,isis,-,INT,2,0,200,0,111111.1072,254,0,88888888.0,0.0,0.009,0.0,Attack
10.809476,sctp,-,CON,12,2,1400,512,1.202649,254,60,950.277344,189.463394,982.679625,0.001,Attack
12.256339,ospf,-,INT,42,0,2184,0,3.345208,254,0,1391.606445,0.0,298.935094,0.0,Attack
4e-06,udp,dns,INT,2,0,114,0,250000.0006,254,0,114000000.0,0.0,0.004,0.0,Attack
0.018072,tcp,-,FIN,16,18,1540,1644,1826.029239,31,29,639220.875,687472.3125,1.183267,1.036529,Normal
3e-06,udp,-,INT,2,0,174,0,333333.3215,254,0,231999984.0,0.0,0.003,0.0,Attack
0.015247,tcp,-,FIN,38,40,2438,19266,5050.173678,31,29,1245622.0,9856365.0,0.403514,0.386289,Normal
0.644119,tcp,http,FIN,10,8,824,1062,26.392638,62,252,9215.688477,11550.66016,71.568778,80.70057,Attack
1e-05,udp,dns,INT,2,0,114,0,100000.0025,254,0,45600000.0,0.0,0.01,0.0,Attack
1.008931,tcp,http,FIN,14,18,1684,10168,30.725589,31,29,12401.24414,76151.88281,77.583387,59.317118,Normal
9e-06,fc,-,INT,2,0,200,0,111111.1072,254,0,88888888.0,0.0,0.009,0.0,Attack
0.192635,tcp,http,FIN,10,12,830,8256,109.014458,62,252,31022.40039,314293.875,21.403889,16.522272,Attack
0.699522,tcp,-,FIN,20,8,17266,354,38.597784,254,252,187590.9531,3545.278076,36.812421,87.223,Normal
3.944821,tcp,http,FIN,8,10,1052,824,4.309448,31,29,1867.765381,1504.757812,563.434,438.248125,Normal
0.643121,tcp,-,FIN,10,8,564,354,26.433595,254,252,6319.184082,3856.195068,70.595889,88.43243,Attack
0.001029,udp,dns,CON,2,2,146,178,2915.451794,31,29,567541.3125,691933.875,0.007,0.009,Normal
1e-06,unas,-,INT,2,0,200,0,1000000.003,254,0,800000000.0,0.0,0.001,0.0,Attack
0.004238,tcp,-,FIN,22,14,1470,1728,8258.612281,31,29,2650306.75,3029731.0,0.2119,0.271,Normal
0.02787,tcp,-,FIN,48,50,2958,33044,3480.444997,31,29,831575.1875,9295730.0,0.586404,0.582,Normal
1.547025,tcp,-,FIN,16,14,1182,764,18.745657,254,252,5734.878418,3671.563232,103.135,113.015,Normal
0.000999,udp,dns,CON,2,2,146,178,3003.002883,31,29,584584.5625,712712.6875,0.005,0.006,Normal
0.655729,tcp,http,FIN,12,8,930,1234,28.975385,62,252,10406.73828,13176.17481,59.611727,83.49,Normal
9e-06,udp,dns,INT,2,0,114,0,111111.1072,254,0,50666664.0,0.0,0.009,0.0,Attack
0.006341,tcp,-,FIN,22,24,1920,4312,7096.672351,31,29,2312569.0,5214319.5,0.285381,0.249391,Normal
0.027848,tcp,-,FIN,60,62,3614,45696,4345.015846,31,29,1020971.0,12915542.0,0.466814,0.455433,Normal
8.930379,tcp,-,FIN,214,388,12346,485110,67.298376,31,29,11008.71582,433450.8125,41.925031,23.074684,Normal
4e-06,unas,-,INT,2,0,200,0,250000.0006,254,0,200000000.0,0.0,0.004,0.0,Attack
2e-06,micp,-,INT,2,0,200,0,500000.0013,254,0,400000000.0,0.0,0.002,0.0,Attack
0.020537,udp,-,CON,4,4,544,304,340.848223,31,29,158932.6563,88815.30469,1.488667,6.442333,Normal
0.042946,tcp,-,FIN,66,68,3926,57474,3096.912427,31,29,720346.5,10548875.0,0.656046,0.633866,Normal
1.430607,tcp,smtp,FIN,26,20,9415,1814,31.45518,62,252,50624.66797,9640.663086,57.224282,73.229055,Attack
6.194809,ospf,-,INT,82,0,5248,0,13.075464,254,0,6694.637207,0.0,76.479125,0.0,Attack
9e-06,sps,-,INT,2,0,200,0,111111.1072,254,0,88888888.0,0.0,0.009,0.0,Attack
0.222488,tcp,ftp-data,FIN,14,6,8928,320,85.397864,31,29,298119.4375,9600.517578,17.114462,44.374602,Normal
3e-06,egp,-,INT,2,0,180,0,333333.3215,254,0,239999984.0,0.0,0.003,0.0,Attack
1.896128,tcp,http,FIN,60,16,68197,698,39.55429,254,252,282938.6875,2763.526367,32.049914,121.419797,Normal
0.293979,tcp,ssl,FIN,10,8,582,1838,57.827262,62,252,14259.52246,43785.44141,32.664333,38.977145,Attack
1.005741,tcp,http,FIN,12,18,1580,10168,28.834461,31,29,11525.83008,76393.42188,91.400273,59.130587,Normal
3e-06,tcp,-,REQ,2,0,90,0,333333.3215,254,0,119999992.0,0.0,0.003,0.0,Normal
3e-06,udp,dns,INT,2,0,114,0,333333.3215,254,0,152000000.0,0.0,0.003,0.0,Attack
8e-06,udp,dns,INT,2,0,114,0,125000.0003,254,0,57000000.0,0.0,0.008,0.0,Attack
0.123949,tcp,-,CON,6,2,986,86,56.474841,62,252,53054.07813,2775.334961,24.7898,0.003,Normal
3e-06,udp,dns,INT,2,0,114,0,333333.3215,254,0,152000000.0,0.0,0.003,0.0,Attack
0.116008,tcp,-,FIN,22,24,2054,2478,387.904287,31,29,135232.0469,163781.8125,5.507095,5.020783,Normal
0.474737,tcp,http,FIN,12,10,2122,3054,44.23502,62,252,32792.89453,46324.59766,43.081273,51.403777,Attack
9e-06,udp,dns,INT,2,0,114,0,111111.1072,254,0,50666664.0,0.0,0.009,0.0,Attack
1.1e-05,udp,dns,INT,2,0,114,0,90909.0902,254,0,41454544.0,0.0,0.011,0.0,Attack
1e-05,udp,dns,INT,2,0,114,0,100000.0025,254,0,45600000.0,0.0,0.01,0.0,Attack
0.326992,tcp,-,FIN,10,6,588,268,45.872681,254,252,12966.67773,5480.256348,30.903444,57.042,Attack
7e-06,unas,-,INT,2,0,200,0,142857.1409,254,0,114285712.0,0.0,0.007,0.0,Attack
2.138638,tcp,-,FIN,10,8,588,354,7.948984,254,252,1982.57019,1159.616577,233.739111,300.006156,Attack
9e-06,udp,dns,INT,2,0,114,0,111111.1072,254,0,50666664.0,0.0,0.009,0.0,Attack
0.270219,tcp,-,FIN,26,26,4376,2872,188.735804,31,29,124580.4375,81770.71094,10.79612,10.78668,Normal
2.71616,tcp,-,FIN,12,10,986,798,7.731503,254,252,2662.58252,2117.695557,246.883631,292.985344,Normal
1.31504,mux,-,INT,4,0,400,0,2.281299,254,0,1825.039551,0.0,438.346656,0.0,Attack
1.1e-05,udp,-,INT,2,0,1064,0,90909.0902,254,0,386909088.0,0.0,0.011,0.0,Normal
0.050885,tcp,-,FIN,40,42,2542,23508,1591.824724,31,29,389741.5938,3607978.75,1.296462,1.228073,Normal
0.006157,tcp,-,FIN,22,24,1958,2308,7308.754164,31,29,2428455.5,2874127.0,0.277143,0.252955,Normal
5e-06,zero,-,INT,2,0,200,0,200000.0051,254,0,160000000.0,0.0,0.005,0.0,Attack
8e-06,udp,dns,INT,2,0,114,0,125000.0003,254,0,57000000.0,0.0,0.008,0.0,Attack
0.001143,udp,dns,CON,2,2,130,162,2624.67198,31,29,454943.1563,566929.125,0.006,0.007,Normal
0.001743,udp,-,CON,4,4,536,304,4016.064255,31,29,1845094.625,1046471.625,0.441333,0.228667,Normal
0.380527,tcp,-,FIN,28,30,4480,3080,149.792266,31,29,90821.41406,62607.91016,14.082148,13.101862,Normal
0.005448,tcp,-,FIN,22,14,1470,1728,6424.375871,31,29,2061674.0,2356828.25,0.2724,0.358154,Normal
0.023954,tcp,-,FIN,60,62,3614,50036,5051.348349,31,29,1186941.625,16441179.0,0.407431,0.389217,Normal
3e-06,udp,dns,INT,2,0,114,0,333333.3215,254,0,152000000.0,0.0,0.003,0.0,Attack
0.03689,tcp,-,FIN,66,68,3926,57474,3605.313083,31,29,838601.25,12280618.0,0.562692,0.543105,Normal
3e-06,udp,dns,INT,2,0,114,0,333333.3215,254,0,152000000.0,0.0,0.003,0.0,Attack
0.396584,tcp,-,FIN,12,8,1100,730,47.909144,254,252,20353.82227,12890.08106,35.030637,48.837715,Attack
8e-06,pup,-,INT,2,0,180,0,125000.0003,254,0,90000000.0,0.0,0.008,0.0,Attack
9e-06,udp,dns,INT,2,0,114,0,111111.1072,254,0,50666664.0,0.0,0.009,0.0,Attack
0.644034,tcp,-,FIN,10,8,564,354,26.396121,254,252,6310.225586,3850.728271,71.559333,87.485,Attack
5e-06,unas,-,INT,2,0,200,0,200000.0051,254,0,160000000.0,0.0,0.005,0.0,Attack
5e-06,unas,-,INT,2,0,200,0,200000.0051,254,0,160000000.0,0.0,0.005,0.0,Attack
0.0,arp,-,INT,1,0,46,0,0.0,0,0,0.0,0.0,60000.712,0.0,Normal
0.037972,tcp,-,FIN,64,66,3806,54798,3397.240117,31,29,789423.8125,11370062.0,0.59773,0.576062,Normal
9e-06,udp,dns,INT,2,0,114,0,111111.1072,254,0,50666664.0,0.0,0.009,0.0,Attack
3e-06,unas,-,INT,2,0,200,0,333333.3215,254,0,266666656.0,0.0,0.003,0.0,Attack
9e-06,unas,-,INT,2,0,200,0,111111.1072,254,0,88888888.0,0.0,0.009,0.0,Attack
0.05989,tcp,-,FIN,72,72,4238,63412,2387.710871,31,29,558357.0,8352914.0,0.850943,0.8448,Normal
1e-05,fire,-,INT,2,0,200,0,100000.0025,254,0,80000000.0,0.0,0.01,0.0,Attack
0.992619,tcp,pop3,FIN,26,62,1196,59680,87.646924,62,252,9268.410156,473236.9688,39.70476,16.10141,Attack
4.878373,tcp,-,FIN,248,44,330293,1902,59.651034,62,252,539461.8125,3048.557373,19.680786,111.737328,Attack
0.018312,tcp,-,FIN,16,18,1540,1644,1802.097011,31,29,630843.1875,678462.25,1.199733,1.050706,Normal
3e-06,unas,-,INT,2,0,200,0,333333.3215,254,0,266666656.0,0.0,0.003,0.0,Attack
8e-06,udp,dns,INT,2,0,114,0,125000.0003,254,0,57000000.0,0.0,0.008,0.0,Attack
59.991405,arp,-,INT,2,0,92,0,0.016669,0,0,6.134212,0.0,59996.056,0.0,Normal
8e-06,unas,-,INT,2,0,200,0,125000.0003,254,0,100000000.0,0.0,0.008,0.0,Attack
0.286279,tcp,http,FIN,10,8,926,2384,59.382632,62,252,23305.93555,58292.78516,31.808778,39.82257,Attack
7e-06,udp,dns,INT,2,0,114,0,142857.1409,254,0,65142856.0,0.0,0.007,0.0,Attack
0.001018,udp,dns,CON,2,2,146,178,2946.954953,31,29,573673.875,699410.625,0.001,0.006,Normal
8e-06,udp,-,INT,2,0,104,0,125000.0003,254,0,52000000.0,0.0,0.008,0.0,Attack
9e-06,udp,dns,INT,2,0,114,0,111111.1072,254,0,50666664.0,0.0,0.009,0.0,Attack
9e-06,udp,dns,INT,2,0,114,0,111111.1072,254,0,50666664.0,0.0,0.009,0.0,Attack
0.416284,tcp,-,FIN,12,8,868,468,45.641918,254,252,15297.24902,7879.236328,34.25909,55.022,Attack
1e-05,udp,-,INT,2,0,1284,0,100000.0025,254,0,513600000.0,0.0,0.01,0.0,Normal
0.016978,tcp,-,FIN,48,50,2958,32642,5713.27622,31,29,1365060.75,15073625.0,0.354362,0.343292,Normal
9e-06,sprite-rpc,-,INT,2,0,200,0,111111.1072,254,0,88888888.0,0.0,0.009,0.0,Attack
1.674726,tcp,http,FIN,24,110,1402,136499,79.415976,62,252,6420.154785,646118.8125,72.770699,14.621926,Attack
0.780784,tcp,-,FIN,10,8,534,354,21.772987,254,252,4928.379395,3176.294434,79.445778,97.98457,Normal
4.163019,tcp,smtp,FIN,38,24,30794,2040,14.652827,62,252,57619.71875,3756.888672,112.495486,183.405359,Attack
0.891943,tcp,ftp,FIN,12,12,632,682,25.786402,254,252,5202.126465,5614.708496,81.015179,73.531906,Attack
6e-06,snp,-,INT,2,0,200,0,166666.6608,254,0,133333328.0,0.0,0.006,0.0,Attack
9e-06,udp,dns,INT,2,0,114,0,111111.1072,254,0,50666664.0,0.0,0.009,0.0,Attack
0.905708,tcp,ftp,FIN,52,54,2934,3740,115.931402,31,29,25420.99609,32425.46094,17.749589,17.07998,Normal
9e-06,udp,dns,INT,2,0,114,0,111111.1072,254,0,50666664.0,0.0,0.009,0.0,Attack
0.004787,udp,-,CON,4,4,568,304,1462.293744,31,29,711928.125,381031.9688,1.239333,1.086,Normal
1.286197,tcp,-,FIN,10,8,564,354,13.21726,254,252,3159.702637,1928.165039,142.910778,166.145281,Attack
8e-06,udp,dns,INT,2,0,114,0,125000.0003,254,0,57000000.0,0.0,0.008,0.0,Attack
0.948297,tcp,-,FIN,12,8,2692,466,20.035917,254,252,20820.48047,3441.959473,77.968638,121.232141,Attack
11.761739,tcp,ssh,FIN,620,684,48568,85658,110.78294,31,29,32981.51953,58177.11328,19.031433,17.346016,Normal
0.630562,tcp,-,FIN,10,8,564,354,26.960077,254,252,6445.043945,3932.999512,69.463444,89.017859,Attack
1.91543,tcp,-,FIN,112,20,135649,870,68.391956,254,252,561494.8125,3454.054688,17.255306,97.401055,Normal
1.191729,tcp,http,FIN,10,10,814,1102,15.943223,62,252,4920.582031,6659.232422,132.414333,117.555,Attack
0.727356,tcp,http,FIN,10,6,824,268,20.622638,254,252,8161.06543,2463.717773,75.307889,131.219203,Attack
1e-06,udp,dns,INT,2,0,114,0,1000000.003,254,0,456000000.0,0.0,0.001,0.0,Attack
3e-06,udp,dns,INT,2,0,114,0,333333.3215,254,0,152000000.0,0.0,0.003,0.0,Attack
0.694081,tcp,-,FIN,10,8,564,354,24.492818,254,252,5855.224121,3573.070068,75.436889,97.798,Attack
3e-06,dgp,-,INT,2,0,200,0,333333.3215,254,0,266666656.0,0.0,0.003,0.0,Attack
2e-06,udp,dns,INT,2,0,114,0,500000.0013,254,0,228000000.0,0.0,0.002,0.0,Attack
0.528582,tcp,http,FIN,10,8,852,1496,32.16152,62,252,11608.41699,19811.49609,58.731333,65.735859,Attack
10.388967,tcp,http,FIN,12,24,900,22944,3.368959,62,252,635.289368,16931.80859,944.451523,445.78913,Attack
0.339548,tcp,ftp-data,FIN,6,8,320,1946,38.286193,31,29,6290.71582,40123.92969,67.8078,48.118285,Normal
1.150377,mux,-,INT,4,0,400,0,2.607841,254,0,2086.272461,0.0,383.459,0.0,Attack
0.022861,tcp,-,FIN,60,62,3614,45696,5292.856796,31,29,1243690.125,15732995.0,0.38881,0.366213,Normal
3.871476,tcp,-,FIN,28,94,1440,103490,31.25423,62,252,2870.223145,211578.2188,143.38334,40.684582,Attack
8e-06,udp,dns,INT,2,0,114,0,125000.0003,254,0,57000000.0,0.0,0.008,0.0,Attack
9e-06,unas,-,INT,2,0,200,0,111111.1072,254,0,88888888.0,0.0,0.009,0.0,Attack
0.00659,tcp,-,FIN,18,18,3936,2456,5311.07748,31,29,4513505.5,2816388.5,0.303824,0.354588,Normal
9e-06,udp,dns,INT,2,0,114,0,111111.1072,254,0,50666664.0,0.0,0.009,0.0,Attack
0.950798,tcp,-,FIN,10,8,564,354,17.879718,254,252,4274.304199,2608.335449,102.657667,112.824289,Attack
6e-06,unas,-,INT,2,0,200,0,166666.6608,254,0,133333328.0,0.0,0.006,0.0,Attack
9e-06,udp,dns,INT,2,0,114,0,111111.1072,254,0,50666664.0,0.0,0.009,0.0,Attack
2e-06,udp,dns,INT,2,0,114,0,500000.0013,254,0,228000000.0,0.0,0.002,0.0,Attack
1.123764,tcp,-,FIN,10,8,1078,354,15.127731,254,252,6912.483398,2206.868896,120.269444,147.006281,Attack
9e-06,l2tp,-,INT,2,0,200,0,111111.1072,254,0,88888888.0,0.0,0.009,0.0,Attack
8e-06,any,-,INT,2,0,200,0,125000.0003,254,0,100000000.0,0.0,0.008,0.0,Attack
2.639328,tcp,-,FIN,10,8,636,354,6.441033,254,252,1736.805786,939.633118,293.258667,368.232281,Attack
1.294508,tcp,smtp,FIN,114,32,127844,2272,112.011669,62,252,783142.3125,13602.0791,11.455274,40.507934,Attack
7e-06,udp,dns,INT,2,0,114,0,142857.1409,254,0,65142856.0,0.0,0.007,0.0,Attack
0.0,arp,-,INT,1,0,46,0,0.0,0,0,0.0,0.0,60000.692,0.0,Normal
0.064955,tcp,-,FIN,48,50,2958,33044,1493.341462,31,29,356800.8438,3988484.0,1.405348,1.315776,Normal
1e-06,udp,-,INT,2,0,168,0,1000000.003,254,0,672000000.0,0.0,0.001,0.0,Attack
5e-06,udp,dns,INT,2,0,114,0,200000.0051,254,0,91200000.0,0.0,0.005,0.0,Attack
0.659893,tcp,-,FIN,12,10,1258,798,31.823342,254,252,13990.14746,8716.56543,59.990271,66.928664,Attack
0.016863,tcp,-,FIN,40,42,2542,23508,4803.415863,31,29,1176066.0,10887268.0,0.435711,0.398976,Normal
6.598082,tcp,smtp,FIN,312,64,396054,3794,56.834698,62,252,478666.375,4528.588867,21.215697,101.964156,Attack
3e-06,cftp,-,INT,2,0,200,0,333333.3215,254,0,266666656.0,0.0,0.003,0.0,Attack
1.296045,tcp,http,FIN,12,20,908,17878,23.918924,62,252,5141.796875,104842.0469,117.745635,61.861262,Attack
3e-06,unas,-,INT,2,0,200,0,333333.3215,254,0,266666656.0,0.0,0.003,0.0,Attack
1.034868,tcp,http,FIN,12,18,1580,10168,28.022898,31,29,11201.42871,74243.28125,94.048545,60.84253,Normal
9e-06,ipv6-frag,-,INT,2,0,200,0,111111.1072,254,0,88888888.0,0.0,0.009,0.0,Attack
0.474549,tcp,-,FIN,60,106,3964,114238,347.698555,31,29,65712.92188,1907680.75,8.036966,4.515114,Normal
0.540366,tcp,http,FIN,10,6,516,268,27.758964,254,252,6884.223145,3316.270752,60.040667,85.418602,Attack
7e-06,udp,dns,INT,2,0,114,0,142857.1409,254,0,65142856.0,0.0,0.007,0.0,Attack
5e-06,udp,dns,INT,2,0,114,0,200000.0051,254,0,91200000.0,0.0,0.005,0.0,Attack
8e-06,ib,-,INT,2,0,200,0,125000.0003,254,0,100000000.0,0.0,0.008,0.0,Attack
7e-06,udp,dns,INT,2,0,114,0,142857.1409,254,0,65142856.0,0.0,0.007,0.0,Attack
0.419624,tcp,ftp,FIN,52,54,2934,3742,250.22401,31,29,54868.16797,70024.59375,8.735687,7.906924,Normal
0.018092,tcp,-,FIN,16,18,1540,1644,1824.010526,31,29,638514.25,686712.3125,1.185467,1.036941,Normal
1.094935,tcp,-,CON,6,2,978,86,6.393073,62,252,5954.690918,314.173889,218.987,0.003,Normal
2e-06,iplt,-,INT,2,0,200,0,500000.0013,254,0,400000000.0,0.0,0.002,0.0,Attack
9e-06,udp,dns,INT,2,0,114,0,111111.1072,254,0,50666664.0,0.0,0.009,0.0,Attack
2e-06,udp,dns,INT,2,0,114,0,500000.0013,254,0,228000000.0,0.0,0.002,0.0,Attack
9e-06,udp,dns,INT,2,0,114,0,111111.1072,254,0,50666664.0,0.0,0.009,0.0,Attack
0.001649,udp,-,CON,4,4,528,304,4244.99701,31,29,1921164.375,1106124.875,0.436333,0.198333,Normal
8e-06,udp,dns,INT,2,0,114,0,125000.0003,254,0,57000000.0,0.0,0.008,0.0,Attack
1e-05,udp,-,INT,2,0,824,0,100000.0025,254,0,329600000.0,0.0,0.01,0.0,Attack
1e-05,udp,-,INT,2,0,1390,0,100000.0025,254,0,556000000.0,0.0,0.01,0.0,Attack
0.447748,tcp,-,FIN,10,6,524,268,33.500987,254,252,8433.31543,4002.251221,49.645222,71.710398,Normal
5e-06,unas,-,INT,2,0,200,0,200000.0051,254,0,160000000.0,0.0,0.005,0.0,Attack
2.015395,tcp,pop3,FIN,22,20,1042,2686,20.343407,62,252,3949.598145,10130.02441,95.97119,102.045523,Attack
0.00367,tcp,ftp-data,FIN,14,8,8928,424,5722.070836,31,29,18073024.0,808719.375,0.282308,0.423714,Normal
0.801346,tcp,http,FIN,10,10,816,1152,23.710108,62,252,7337.654297,10352.58203,89.038444,78.878664,Attack
0.653886,tcp,-,FIN,16,8,9644,354,35.174326,254,252,110624.7813,3792.709961,41.048733,84.92443,Attack
3e-05,udp,dns,INT,2,0,114,0,33333.33418,254,0,15200000.0,0.0,0.03,0.0,Attack
1e-06,udp,-,INT,2,0,1064,0,1000000.003,254,0,4256000000.0,0.0,0.001,0.0,Normal
4e-06,cphb,-,INT,2,0,200,0,250000.0006,254,0,200000000.0,0.0,0.004,0.0,Attack
1.009548,st2,-,INT,4,0,360,0,2.971627,254,0,2139.571533,0.0,336.516,0.0,Attack
0.671311,tcp,-,FIN,12,8,996,722,28.302827,254,252,10880.20313,7531.53125,61.028274,80.57043,Attack
5.760576,ospf,-,REQ,8,0,2176,0,1.215156,254,0,2644.180176,0.0,983.923875,0.0,Attack
0.577568,tcp,-,FIN,10,8,490,354,29.433764,254,252,6108.371582,4293.866699,60.143556,73.517141,Attack
3e-06,udp,dns,INT,2,0,114,0,333333.3215,254,0,152000000.0,0.0,0.003,0.0,Attack
9e-06,udp,dns,INT,2,0,114,0,111111.1072,254,0,50666664.0,0.0,0.009,0.0,Attack
0.889691,tcp,-,FIN,10,8,2516,354,19.107758,254,252,20366.62109,2787.484619,94.995333,112.076859,Normal
3e-06,udp,dns,INT,2,0,114,0,333333.3215,254,0,152000000.0,0.0,0.003,0.0,Attack
8e-06,unas,-,INT,2,0,200,0,125000.0003,254,0,100000000.0,0.0,0.008,0.0,Attack
6e-06,sun-nd,-,INT,2,0,200,0,166666.6608,254,0,133333328.0,0.0,0.006,0.0,Attack
0.325326,tcp,http,FIN,12,10,1300,2092,64.550636,62,252,29312.13672,46304.32422,29.57509,34.938445,Attack
1.170564,tcp,smtp,FIN,42,22,31245,1832,53.820207,62,252,208460.1875,11953.21191,28.550341,54.465855,Attack
1.296328,tcp,smtp,FIN,52,24,46819,1960,57.85573,62,252,283378.9063,11595.83106,25.418197,55.287652,Attack
7e-06,unas,-,INT,2,0,200,0,142857.1409,254,0,114285712.0,0.0,0.007,0.0,Attack
1.19622,tcp,-,FIN,10,8,2516,354,14.211432,254,252,15147.71484,2073.197266,129.133333,159.810141,Normal
2.35059,tcp,http,FIN,22,34,2536,36428,23.398381,62,252,8239.633789,120334.0469,111.932857,69.191426,Attack
0.001747,udp,-,CON,4,4,520,304,4006.868847,31,29,1785918.625,1044075.563,0.441,0.229,Normal
3e-06,udp,dns,INT,2,0,114,0,333333.3215,254,0,152000000.0,0.0,0.003,0.0,Attack
9e-06,udp,dns,INT,2,0,114,0,111111.1072,254,0,50666664.0,0.0,0.009,0.0,Attack
0.001627,udp,-,CON,4,4,528,304,4302.396921,31,29,1947141.875,1121081.75,0.421333,0.187333,Normal
3e-06,udp,dns,INT,2,0,114,0,333333.3215,254,0,152000000.0,0.0,0.003,0.0,Attack
1e-06,udp,dns,INT,2,0,114,0,1000000.003,254,0,456000000.0,0.0,0.001,0.0,Attack
8e-06,udp,dns,INT,2,0,114,0,125000.0003,254,0,57000000.0,0.0,0.008,0.0,Attack
0.001096,udp,dns,CON,2,2,146,178,2737.226368,31,29,532846.75,649635.0625,0.009,0.007,Normal
0.00098,udp,dns,CON,2,2,130,162,3061.224453,31,29,530612.25,661224.5,0.006,0.004,Normal
4e-06,i-nlsp,-,INT,2,0,200,0,250000.0006,254,0,200000000.0,0.0,0.004,0.0,Attack
0.535044,tcp,-,FIN,10,6,558,268,28.035077,254,252,7520.876465,3349.25708,53.735889,90.071398,Attack
0.50974,tcp,-,FIN,16,18,1540,1644,64.738887,31,29,22662.5332,24373.21094,33.961999,29.937705,Normal
0.004893,tcp,-,FIN,18,18,3936,2456,7153.076156,31,29,6078888.5,3793174.0,0.269706,0.254118,Normal
0.429807,tcp,ftp-data,FIN,6,8,320,1882,30.246133,31,29,4969.672363,30655.61914,85.8848,61.33443,Normal
0.424882,tcp,smtp,FIN,54,42,37938,3380,223.591494,31,29,701107.625,62134.89844,8.010094,10.350854,Normal
9e-06,mhrp,-,INT,2,0,200,0,111111.1072,254,0,88888888.0,0.0,0.009,0.0,Attack
4e-06,udp,dns,INT,2,0,114,0,250000.0006,254,0,114000000.0,0.0,0.004,0.0,Attack
9e-06,udp,dns,INT,2,0,114,0,111111.1072,254,0,50666664.0,0.0,0.009,0.0,Attack
0.014917,tcp,-,FIN,38,40,2438,18508,5161.895755,31,29,1273178.25,9678085.0,0.404861,0.368692,Normal
25.642588,ospf,-,INT,42,0,2688,0,1.598903,254,0,818.638123,0.0,625.429,0.0,Attack
4e-06,ax.25,-,INT,2,0,200,0,250000.0006,254,0,200000000.0,0.0,0.004,0.0,Attack
8e-06,udp,dns,INT,2,0,114,0,125000.0003,254,0,57000000.0,0.0,0.008,0.0,Attack
3e-06,udp,dns,INT,2,0,114,0,333333.3215,254,0,152000000.0,0.0,0.003,0.0,Attack
0.374014,tcp,http,FIN,10,8,810,3240,45.452845,62,252,15593.0,60639.44141,41.557111,40.698715,Attack
1.048015,tcp,-,FIN,10,10,608,646,18.129512,254,252,4183.145996,4442.68457,116.446111,105.781219,Attack
1e-05,sctp,-,INT,2,0,152,0,100000.0025,254,0,60800000.0,0.0,0.01,0.0,Attack
0.848983,tcp,-,FIN,10,8,534,354,20.023958,254,252,4532.481934,2921.14209,83.334667,110.330289,Normal
0.617436,tcp,-,FIN,10,6,2164,268,24.294016,254,252,25239.86328,2902.325195,66.699667,111.891398,Attack
6e-06,udp,-,INT,2,0,78,0,166666.6608,254,0,52000000.0,0.0,0.006,0.0,Attack
3e-06,udp,dns,INT,2,0,114,0,333333.3215,254,0,152000000.0,0.0,0.003,0.0,Attack
0.021297,tcp,-,FIN,22,14,1470,1728,1643.42393,31,29,527398.1875,602901.8125,1.014143,1.461923,Normal
1.091991,tcp,http,FIN,10,10,798,1360,17.399412,62,252,5267.442871,8967.107422,121.332333,107.112891,Normal
9e-06,udp,-,INT,2,0,104,0,111111.1072,254,0,46222220.0,0.0,0.009,0.0,Attack
0.025919,tcp,-,FIN,48,50,2974,30506,3742.42838,31,29,899108.75,9227517.0,0.544638,0.516102,Normal
3e-06,udp,-,INT,2,0,104,0,333333.3215,254,0,138666656.0,0.0,0.003,0.0,Attack
22.498936,udp,-,INT,4,0,2128,0,0.13334,254,0,567.49353,0.0,7499.6455,0.0,Attack
3.261389,tcp,http,FIN,42,220,2918,282807,80.027252,62,252,6988.433594,690557.3125,79.546073,14.249342,Attack
9e-06,udp,dns,INT,2,0,114,0,111111.1072,254,0,50666664.0,0.0,0.009,0.0,Attack
0.0,arp,-,INT,1,0,46,0,0.0,0,0,0.0,0.0,60000.724,0.0,Normal
0.029328,tcp,-,FIN,60,62,3614,45696,4125.750164,31,29,969449.0,12263775.0,0.499172,0.471,Normal
0.287295,tcp,-,FIN,90,92,5174,83812,630.014415,31,29,142487.6875,2308456.25,3.224247,3.151055,Normal
9e-06,unas,-,INT,2,0,200,0,111111.1072,254,0,88888888.0,0.0,0.009,0.0,Attack
9e-06,unas,-,INT,2,0,200,0,111111.1072,254,0,88888888.0,0.0,0.009,0.0,Attack
0.387411,tcp,ftp-data,FIN,6,8,320,1826,33.556094,31,29,5513.524414,32998.54688,77.421,55.276715,Normal
9e-06,udp,-,INT,2,0,78,0,111111.1072,254,0,34666664.0,0.0,0.009,0.0,Attack
1.019217,tcp,-,FIN,10,8,564,354,16.67947,254,252,3987.374512,2433.240479,109.840889,135.657281,Attack
6e-06,udp,dns,INT,2,0,114,0,166666.6608,254,0,76000000.0,0.0,0.006,0.0,Attack
0.71849,tcp,-,FIN,10,6,534,268,20.877117,254,252,5355.67627,2494.119629,75.564111,123.770398,Normal
0.630103,tcp,-,FIN,12,8,998,766,30.153801,254,252,11617.14844,8519.242188,57.282089,78.996711,Attack
9e-06,sep,-,INT,2,0,200,0,111111.1072,254,0,88888888.0,0.0,0.009,0.0,Attack
9e-06,udp,dns,INT,2,0,114,0,111111.1072,254,0,50666664.0,0.0,0.009,0.0,Attack
1.352354,sctp,-,CON,4,2,824,432,3.697257,254,60,3655.847412,1277.771851,450.784656,0.004,Attack
6e-06,cphb,-,INT,2,0,200,0,166666.6608,254,0,133333328.0,0.0,0.006,0.0,Attack
0.207585,tcp,http,FIN,10,6,882,268,72.259554,254,252,30599.51172,8632.608398,23.065,36.956199,Attack
9e-06,udp,dns,INT,2,0,114,0,111111.1072,254,0,50666664.0,0.0,0.009,0.0,Attack
9e-06,udp,dns,INT,2,0,114,0,111111.1072,254,0,50666664.0,0.0,0.009,0.0,Attack
4e-06,udp,dns,INT,2,0,114,0,250000.0006,254,0,114000000.0,0.0,0.004,0.0,Attack
0.346093,tcp,http,FIN,10,10,956,3964,54.898539,62,252,19902.16602,82474.94531,38.454778,30.141333,Attack
0.004507,tcp,-,FIN,22,14,1470,1728,7765.697644,31,29,2492123.25,2848901.75,0.22535,0.29,Normal
9e-06,unas,-,INT,2,0,200,0,111111.1072,254,0,88888888.0,0.0,0.009,0.0,Attack
0.014115,tcp,http,FIN,8,10,1048,824,1204.392478,31,29,519730.7813,420545.5,1.968,1.515333,Normal
0.784754,tcp,-,FIN,122,126,7820,15306,314.748325,31,29,79066.82031,154800.1094,6.482769,6.324605,Normal
2e-06,udp,dns,INT,2,0,114,0,500000.0013,254,0,228000000.0,0.0,0.002,0.0,Attack
1.692183,tcp,ftp,FIN,14,12,948,682,14.773816,254,252,4165.03418,2959.490723,127.730851,145.469641,Attack
0.89747,tcp,http,FIN,10,10,816,1304,21.170624,62,252,6551.750977,10464.97363,99.718889,85.550109,Normal
6e-06,udp,dns,INT,2,0,114,0,166666.6608,254,0,76000000.0,0.0,0.006,0.0,Attack
5e-06,mobile,-,INT,2,0,200,0,200000.0051,254,0,160000000.0,0.0,0.005,0.0,Attack
3e-06,udp,dns,INT,2,0,114,0,333333.3215,254,0,152000000.0,0.0,0.003,0.0,Attack
5e-06,udp,dns,INT,2,0,114,0,200000.0051,254,0,91200000.0,0.0,0.005,0.0,Attack
50.285015,tcp,-,FIN,20,12,1068,536,0.616486,254,252,161.479523,78.273819,2644.334,4563.6735,Normal
0.589981,tcp,-,FIN,10,6,2612,268,25.424547,254,252,31878.99219,3037.385742,61.425333,95.083203,Attack
1e-05,udp,-,INT,2,0,1064,0,100000.0025,254,0,425600000.0,0.0,0.01,0.0,Attack
0.001044,udp,dns,CON,2,2,146,178,2873.563127,31,29,559386.9375,681992.3125,0.007,0.007,Normal
9e-06,unas,-,INT,2,0,200,0,111111.1072,254,0,88888888.0,0.0,0.009,0.0,Attack
4e-06,unas,-,INT,2,0,200,0,250000.0006,254,0,200000000.0,0.0,0.004,0.0,Attack
0.00107,udp,dns,CON,2,2,146,178,2803.738322,31,29,545794.375,665420.5625,0.009,0.007,Normal
3e-06,udp,dns,INT,2,0,114,0,333333.3215,254,0,152000000.0,0.0,0.003,0.0,Attack
3e-06,udp,dns,INT,2,0,114,0,333333.3215,254,0,152000000.0,0.0,0.003,0.0,Attack
9e-06,udp,dns,INT,2,0,114,0,111111.1072,254,0,50666664.0,0.0,0.009,0.0,Attack
0.004684,udp,-,CON,4,4,568,320,1494.449249,31,29,727583.3125,409906.0938,1.207333,1.067,Normal
2.052738,tcp,-,FIN,12,8,1414,354,9.255931,254,252,5054.712402,1208.142578,186.534909,283.221437,Attack
0.554065,tcp,smtp,FIN,12,10,2584,736,37.901691,254,252,34205.375,9572.883789,49.328092,56.115777,Attack
0.768485,tcp,http,FIN,10,12,822,5086,27.326493,62,252,7703.468262,48542.26172,85.387222,63.815912,Attack
0.879049,tcp,-,FIN,10,8,610,354,19.339081,254,252,4996.308594,2821.230713,8945.7848,11179.77,Normal
0.794676,tcp,http,FIN,10,10,802,1156,23.909115,62,252,7268.371094,10479.74219,88.297333,76.990781,Attack
0.825737,tcp,http,FIN,10,6,2756,268,18.16559,254,252,24036.70898,2170.182617,91.449333,141.421,Attack
0.965666,tcp,ftp,FIN,22,22,1190,1640,44.528854,62,252,9411.121094,12973.42969,45.984095,44.607523,Attack
1.223711,tcp,-,FIN,12,10,994,826,17.160914,254,252,5962.191895,4863.893555,111.167727,127.185219,Attack
2.968916,tcp,ssh,FIN,108,114,9504,12298,74.437945,31,29,25372.22461,32849.69922,27.744,26.268018,Normal
4.211685,tcp,-,FIN,20,20,2666,2522,9.259951,62,252,4811.375977,4551.147461,221.667632,216.310734,Attack
4e-06,aes-sp3-d,-,INT,2,0,200,0,250000.0006,254,0,200000000.0,0.0,0.004,0.0,Attack
9e-06,udp,dns,INT,2,0,114,0,111111.1072,254,0,50666664.0,0.0,0.009,0.0,Attack
9e-06,udp,-,INT,2,0,912,0,111111.1072,254,0,405333312.0,0.0,0.009,0.0,Attack
0.692869,tcp,http,FIN,10,8,852,1168,24.535662,62,252,8855.930664,11800.20996,76.985444,83.832141,Normal
0.685177,tcp,-,FIN,12,8,1042,706,27.73006,254,252,11162.0791,7215.65332,61.116273,90.436859,Attack
0.103932,tcp,-,FIN,72,74,4238,63516,1395.142969,31,29,321748.8438,4822999.5,1.480343,1.415219,Normal
3e-06,udp,dns,INT,2,0,114,0,333333.3215,254,0,152000000.0,0.0,0.003,0.0,Attack
9e-06,udp,dns,INT,2,0,114,0,111111.1072,254,0,50666664.0,0.0,0.009,0.0,Attack
8e-06,udp,dns,INT,2,0,114,0,125000.0003,254,0,57000000.0,0.0,0.008,0.0,Attack
0.112911,tcp,-,FIN,92,92,5278,83812,1620.745531,31,29,369919.6563,5873723.5,1.237242,1.221516,Normal
3e-06,udp,dns,INT,2,0,114,0,333333.3215,254,0,152000000.0,0.0,0.003,0.0,Attack
8e-06,udp,-,INT,2,0,168,0,125000.0003,254,0,84000000.0,0.0,0.008,0.0,Attack
9e-06,udp,dns,INT,2,0,114,0,111111.1072,254,0,50666664.0,0.0,0.009,0.0,Attack
8e-06,udp,dns,INT,2,0,114,0,125000.0003,254,0,57000000.0,0.0,0.008,0.0,Attack
29.942314,ospf,-,INT,20,0,1280,0,0.634553,254,0,324.891388,0.0,1575.911375,0.0,Attack
0.025552,udp,-,INT,3,0,158,0,78.271757,254,0,33187.22656,0.0,0.003,0.0,Attack
0.42115,tcp,http,FIN,10,8,880,354,40.365666,254,252,15044.52051,5888.638184,46.794444,55.084145,Attack
0.379327,tcp,-,FIN,10,6,694,268,39.543718,254,252,13181.23926,4724.15625,38.968556,55.962602,Attack
0.633305,tcp,-,FIN,10,8,564,354,26.843306,254,252,6417.128906,3915.9646,69.801444,89.429711,Attack
8e-06,netblt,-,INT,2,0,200,0,125000.0003,254,0,100000000.0,0.0,0.008,0.0,Attack
0.0,arp,-,INT,1,0,46,0,0.0,0,0,0.0,0.0,60000.712,0.0,Normal
0.964295,tcp,-,FIN,12,8,1078,756,19.703513,254,252,8204.958008,5492.095215,8341.998581,12516.662,Attack
3e-06,unas,-,INT,2,0,200,0,333333.3215,254,0,266666656.0,0.0,0.003,0.0,Attack
0.722353,tcp,http,FIN,10,6,566,268,20.765471,254,252,5648.208008,2480.781738,75.070889,130.528,Attack
0.001091,udp,dns,CON,2,2,146,178,2749.770747,31,29,535288.6875,652612.25,0.009,0.007,Normal
1.194836,tcp,-,FIN,10,8,564,354,14.227894,254,252,3401.303467,2075.598633,132.658778,167.425281,Attack
3e-06,idpr,-,INT,2,0,200,0,333333.3215,254,0,266666656.0,0.0,0.003,0.0,Attack
4e-06,udp,-,INT,2,0,692,0,250000.0006,254,0,692000000.0,0.0,0.004,0.0,Attack
1.00583,tcp,http,FIN,14,18,1684,10168,30.820316,31,29,12439.47754,76386.66406,77.337308,59.134294,Normal
0.055847,tcp,-,FIN,72,74,4238,63618,2596.379378,31,29,598778.8125,8990134.0,0.782113,0.757548,Normal
1e-06,udp,dns,INT,2,0,114,0,1000000.003,254,0,456000000.0,0.0,0.001,0.0,Attack
0.22729,tcp,ftp-data,FIN,14,6,8928,320,83.593645,31,29,291821.0313,9397.685547,17.483845,45.332199,Normal
0.001068,udp,dns,CON,2,2,146,178,2808.988808,31,29,546816.5,666666.6875,0.009,0.007,Normal
1.052931,tcp,http,FIN,10,10,804,1152,18.044868,62,252,5500.835449,7878.958984,116.992333,100.078219,Normal
3.706437,tcp,ftp,FIN,24,22,1264,1642,12.14104,62,252,2615.989258,3384.382324,161.149431,171.237994,Attack
9e-06,unas,-,INT,2,0,200,0,111111.1072,254,0,88888888.0,0.0,0.009,0.0,Attack
0.0,arp,-,INT,1,0,46,0,0.0,0,0,0.0,0.0,60000.784,0.0,Normal
3e-06,udp,dns,INT,2,0,114,0,333333.3215,254,0,152000000.0,0.0,0.003,0.0,Attack
5e-06,udp,dns,INT,2,0,114,0,200000.0051,254,0,91200000.0,0.0,0.005,0.0,Attack
0.000929,udp,dns,CON,2,2,146,178,3229.27889,31,29,628632.9375,766415.5,0.006,0.004,Normal
0.5649,tcp,http,FIN,10,8,782,1066,30.093823,62,252,9969.90625,13212.95801,62.766667,70.554141,Attack
1e-05,udp,-,INT,2,0,1106,0,100000.0025,254,0,442400000.0,0.0,0.01,0.0,Attack
4e-06,udp,dns,INT,2,0,114,0,250000.0006,254,0,114000000.0,0.0,0.004,0.0,Attack
9e-06,udp,dns,INT,2,0,114,0,111111.1072,254,0,50666664.0,0.0,0.009,0.0,Attack
8e-06,udp,dns,INT,2,0,114,0,125000.0003,254,0,57000000.0,0.0,0.008,0.0,Attack
5e-06,udp,dns,INT,2,0,114,0,200000.0051,254,0,91200000.0,0.0,0.005,0.0,Attack
0.004356,tcp,ftp-data,FIN,8,12,424,8824,4361.799709,31,29,681359.0,14855831.0,0.576714,0.349182,Normal
6e-06,snp,-,INT,2,0,200,0,166666.6608,254,0,133333328.0,0.0,0.006,0.0,Attack
1.3e-05,udp,-,INT,2,0,1878,0,76923.07779,254,0,577846144.0,0.0,0.013,0.0,Attack
6e-06,udp,dns,INT,2,0,114,0,166666.6608,254,0,76000000.0,0.0,0.006,0.0,Attack
0.0,arp,-,INT,1,0,46,0,0.0,0,0,0.0,0.0,60000.72,0.0,Normal
9e-06,unas,-,INT,2,0,200,0,111111.1072,254,0,88888888.0,0.0,0.009,0.0,Attack
0.020831,tcp,-,FIN,40,42,2542,23508,3888.435494,31,29,952042.625,8813403.0,0.526051,0.495366,Normal
1.1e-05,udp,-,INT,2,0,658,0,90909.0902,254,0,239272720.0,0.0,0.011,0.0,Normal
0.444492,tcp,http,FIN,10,8,810,1360,38.245907,62,252,13120.5957,21417.70703,49.293556,42.806,Attack
6e-06,udp,dns,INT,2,0,114,0,166666.6608,254,0,76000000.0,0.0,0.006,0.0,Attack
1e-06,vmtp,-,INT,2,0,200,0,1000000.003,254,0,800000000.0,0.0,0.001,0.0,Attack
0.018041,tcp,-,FIN,16,18,1540,1644,1829.166921,31,29,640319.25,688653.625,1.1826,1.034588,Normal
1e-06,unas,-,INT,2,0,200,0,1000000.003,254,0,800000000.0,0.0,0.001,0.0,Attack
0.039955,tcp,-,FIN,28,42,2198,34406,1726.942753,31,29,424477.5313,6724965.5,1.467741,0.96278,Normal
0.478868,tcp,http,FIN,10,16,826,9606,52.206453,62,252,12429.3125,150454.8125,53.207556,28.548932,Attack
2e-06,udp,-,INT,2,0,216,0,500000.0013,254,0,432000000.0,0.0,0.002,0.0,Attack
0.024313,tcp,-,FIN,60,62,3614,50036,4976.761588,31,29,1169415.625,16198413.0,0.406,0.394833,Normal
9e-06,udp,dns,INT,2,0,114,0,111111.1072,254,0,50666664.0,0.0,0.009,0.0,Attack
48.120495,udp,-,INT,4,0,2128,0,0.062343,254,0,265.333923,0.0,16040.164,0.0,Attack
0.035893,tcp,-,FIN,48,50,2974,30506,2702.476756,31,29,649263.0625,6663360.5,0.773348,0.737562,Normal
1.606925,tcp,-,FIN,12,10,1018,812,13.068438,254,252,4649.874512,3639.248779,141.453185,168.508328,Attack
8e-06,udp,dns,INT,2,0,114,0,125000.0003,254,0,57000000.0,0.0,0.008,0.0,Attack
1e-05,udp,-,INT,2,0,1064,0,100000.0025,254,0,425600000.0,0.0,0.01,0.0,Attack
1.28436,tcp,-,FIN,16,18,1540,1644,25.69373,31,29,8994.362305,9673.299805,85.599064,77.145602,Normal
9e-06,unas,-,INT,2,0,200,0,111111.1072,254,0,88888888.0,0.0,0.009,0.0,Attack
5e-06,udp,dns,INT,2,0,114,0,200000.0051,254,0,91200000.0,0.0,0.005,0.0,Attack
0.028738,tcp,-,FIN,48,50,2974,30506,3375.321932,31,29,810912.375,8322361.0,0.603872,0.585958,Normal
4e-06,unas,-,INT,2,0,200,0,250000.0006,254,0,200000000.0,0.0,0.004,0.0,Attack
8e-06,udp,dns,INT,2,0,114,0,125000.0003,254,0,57000000.0,0.0,0.008,0.0,Attack
0.563008,tcp,http,FIN,10,10,806,4088,33.7473,62,252,10316.0166,52290.55078,62.556444,59.887778,Attack
0.4736,tcp,http,FIN,10,10,790,3766,40.118243,62,252,12010.13477,57263.51172,52.622222,45.412667,Attack
8e-06,udp,dns,INT,2,0,114,0,125000.0003,254,0,57000000.0,0.0,0.008,0.0,Attack
0.819799,tcp,-,FIN,122,126,7820,15736,301.293364,31,29,75686.84375,152349.5313,6.772223,6.550904,Normal
0.959111,tcp,-,FIN,14,12,946,678,26.065805,254,252,7331.789551,5188.137695,73.777769,76.776094,Normal
0.484423,tcp,-,FIN,12,8,1010,740,39.221919,254,252,15292.41992,10701.39063,44.038453,53.065855,Attack
3e-06,udp,dns,INT,2,0,114,0,333333.3215,254,0,152000000.0,0.0,0.003,0.0,Attack
9e-06,udp,-,INT,2,0,168,0,111111.1072,254,0,74666664.0,0.0,0.009,0.0,Attack
6.765941,tcp,-,FIN,228,438,13142,548216,98.2864,31,29,15471.60938,646727.5,29.80455,15.480302,Normal
0.001084,udp,dns,CON,2,2,146,178,2767.527704,31,29,538745.375,656826.5625,0.009,0.006,Normal
1.008592,st2,-,INT,4,0,360,0,2.974444,254,0,2141.599365,0.0,336.197344,0.0,Attack
9e-06,ddx,-,INT,2,0,200,0,111111.1072,254,0,88888888.0,0.0,0.009,0.0,Attack
7e-06,ddp,-,INT,2,0,200,0,142857.1409,254,0,114285712.0,0.0,0.007,0.0,Attack
0.709431,tcp,-,FIN,10,8,564,354,23.962866,254,252,5728.534668,3495.759277,75.912111,97.933859,Attack
0.036764,tcp,smtp,FIN,52,40,37210,3276,2475.247551,31,29,7941464.5,695245.375,0.743408,0.92918,Normal
0.010154,udp,-,CON,4,4,568,312,689.383525,31,29,335631.2813,184360.8438,3.107,2.923667,Normal
0.0,arp,-,INT,1,0,46,0,0.0,0,0,0.0,0.0,60000.676,0.0,Normal
1.147463,tcp,ftp,FIN,14,12,810,682,21.787196,254,252,5249.842773,4364.411133,82.281998,98.471367,Attack
0.445387,tcp,-,FIN,10,6,642,268,33.678576,254,252,10381.98242,4023.467285,49.487444,65.609,Attack
1.325919,tcp,http,FIN,14,18,1684,10168,23.38001,31,29,9436.473633,57946.22266,101.967228,77.963118,Normal
0.412288,tcp,http,FIN,10,6,880,268,36.382334,254,252,15367.89746,4346.476074,45.795556,65.581203,Attack
6e-06,udp,dns,INT,2,0,114,0,166666.6608,254,0,76000000.0,0.0,0.006,0.0,Attack
0.635094,tcp,http,FIN,60,14,68199,612,114.943617,254,252,844763.125,7167.442871,10.602848,43.595922,Attack
4e-06,pipe,-,INT,2,0,200,0,250000.0006,254,0,200000000.0,0.0,0.004,0.0,Attack
9e-06,udp,dns,INT,2,0,114,0,111111.1072,254,0,50666664.0,0.0,0.009,0.0,Attack
32.491295,tcp,-,FIN,20,14,5032,622,1.015657,254,252,1177.17688,142.315048,1707.008421,2495.06925,Normal
0.645141,tcp,-,FIN,14,10,774,556,35.651121,254,252,8915.879883,6212.595215,52.783502,66.815219,Attack
0.015438,tcp,-,FIN,16,18,1540,1644,2137.582624,31,29,748283.5,804767.5,1.0074,0.880412,Normal
1e-06,udp,dns,INT,2,0,114,0,1000000.003,254,0,456000000.0,0.0,0.001,0.0,Attack
2e-06,unas,-,INT,2,0,200,0,500000.0013,254,0,400000000.0,0.0,0.002,0.0,Attack
0.001002,udp,dns,CON,2,2,130,162,2994.012136,31,29,518962.0938,646706.625,0.009,0.006,Normal
7.324689,tcp,-,FIN,438,858,24640,1094788,176.799317,31,29,26850.56055,1194331.125,16.799003,8.546374,Normal
9e-06,udp,dns,INT,2,0,114,0,111111.1072,254,0,50666664.0,0.0,0.009,0.0,Attack
2e-06,udp,dns,INT,2,0,114,0,500000.0013,254,0,228000000.0,0.0,0.002,0.0,Attack
0.15108,tcp,http,FIN,10,6,982,268,99.285149,254,252,46809.63672,11861.26563,15.224111,27.9484,Attack
9e-06,udp,-,INT,2,0,104,0,111111.1072,254,0,46222220.0,0.0,0.009,0.0,Attack
9e-06,encap,-,INT,2,0,200,0,111111.1072,254,0,88888888.0,0.0,0.009,0.0,Attack
0.185529,tcp,http,FIN,10,6,770,268,80.849897,254,252,29882.12109,9658.868164,18.938667,35.812801,Attack
4e-06,udp,-,INT,2,0,168,0,250000.0006,254,0,168000000.0,0.0,0.004,0.0,Attack
1e-06,udp,-,INT,2,0,448,0,1000000.003,254,0,1792000000.0,0.0,0.001,0.0,Attack
9e-06,udp,dns,INT,2,0,114,0,111111.1072,254,0,50666664.0,0.0,0.009,0.0,Attack
1.177386,tcp,-,FIN,16,12,936,642,22.932156,254,252,5965.757812,4002.085938,76.175934,103.234367,Normal
9e-06,udp,dns,INT,2,0,114,0,111111.1072,254,0,50666664.0,0.0,0.009,0.0,Attack
0.001037,udp,dns,CON,2,2,146,178,2892.960519,31,29,563163.0,686595.9375,0.009,0.005,Normal
1.182374,tcp,-,FIN,10,12,608,732,17.760878,254,252,3707.794678,4540.018555,131.374889,102.24418,Attack
2.249031,tcp,pop3,FIN,56,256,2490,315971,138.281771,62,252,8700.635742,1119547.0,40.891472,8.632455,Attack
8e-06,udp,dns,INT,2,0,114,0,125000.0003,254,0,57000000.0,0.0,0.008,0.0,Attack
6e-06,udp,dns,INT,2,0,114,0,166666.6608,254,0,76000000.0,0.0,0.006,0.0,Attack
8e-06,skip,-,INT,2,0,200,0,125000.0003,254,0,100000000.0,0.0,0.008,0.0,Attack
54.801079,tcp,-,FIN,20,16,1892,708,0.638674,254,252,262.476593,96.932396,2884.218263,3648.0425,Attack
0.593928,tcp,http,FIN,10,6,936,268,25.255587,254,252,11354.91211,3017.200928,61.327556,104.901,Attack
0.986979,tcp,-,FIN,10,8,564,354,17.224277,254,252,4117.615234,2512.718018,105.420667,134.301141,Attack
1.006313,ospf,-,INT,42,0,1890,0,40.742792,254,0,14667.40527,0.0,24.544219,0.0,Attack
0.007318,tcp,-,FIN,22,26,2054,2582,6422.519951,31,29,2143755.25,2714403.0,0.331381,0.24668,Normal
0.001023,udp,dns,CON,2,2,132,164,2932.551349,31,29,516129.0313,641251.25,0.01,0.007,Normal
0.004754,tcp,-,FIN,18,18,4096,2456,7362.221477,31,29,6510728.0,3904080.75,0.261353,0.247647,Normal
5e-06,udp,dns,INT,2,0,114,0,200000.0051,254,0,91200000.0,0.0,0.005,0.0,Attack
1.200811,tcp,-,FIN,10,6,774,268,12.491557,254,252,4643.52832,1492.324707,129.052556,221.526203,Attack
9e-06,unas,-,INT,2,0,200,0,111111.1072,254,0,88888888.0,0.0,0.009,0.0,Attack
0.023872,tcp,-,FIN,52,54,3182,39076,4398.458586,31,29,1045911.563,12852882.0,0.47098,0.447442,Normal
0.94995,tcp,-,FIN,10,8,1378,354,17.895679,254,252,10451.07617,2610.663818,105.55,118.786289,Attack
8e-06,udp,dns,INT,2,0,114,0,125000.0003,254,0,57000000.0,0.0,0.008,0.0,Attack
6e-06,udp,dns,INT,2,0,114,0,166666.6608,254,0,76000000.0,0.0,0.006,0.0,Attack
8e-06,udp,dns,INT,2,0,114,0,125000.0003,254,0,57000000.0,0.0,0.008,0.0,Attack
0.486079,tcp,-,FIN,10,8,1612,354,34.973738,254,252,23880.89063,5102.05127,52.846,62.101,Attack
0.004649,udp,-,CON,4,4,568,312,1505.700223,31,29,733060.9375,402667.25,1.196,1.040667,Normal
0.001726,udp,-,CON,4,4,528,304,4055.619959,31,29,1835457.75,1056778.625,0.453333,0.211,Normal
57.426395,ospf,-,INT,36,0,9792,0,0.609476,254,0,1326.21936,0.0,1640.75425,0.0,Attack
0.764887,tcp,-,FIN,16,10,1046,556,32.684568,254,252,10260.33984,5239.989746,49.493999,76.465781,Normal
9e-06,unas,-,INT,2,0,200,0,111111.1072,254,0,88888888.0,0.0,0.009,0.0,Attack
0.806391,tcp,-,FIN,10,8,2516,354,21.081584,254,252,22470.48828,3075.431152,86.621333,97.963711,Normal
1.133896,tcp,-,FIN,10,10,608,646,16.756387,254,252,3866.315918,4106.196777,125.881667,118.270555,Attack
0.135786,tcp,-,FIN,16,18,1540,1644,243.029478,31,29,85075.04688,91496.91406,9.027867,8.432937,Normal
0.199785,tcp,-,CON,6,2,986,86,35.037667,62,252,32915.38672,1721.851074,39.957,0.009,Normal
0.696549,tcp,-,FIN,18,26,1032,13350,61.732915,62,252,11198.06348,147435.4219,40.973471,27.22004,Attack
9e-06,udp,dns,INT,2,0,114,0,111111.1072,254,0,50666664.0,0.0,0.009,0.0,Attack
0.47945,tcp,-,FIN,10,6,542,268,31.285849,254,252,8142.663574,3737.616211,50.004889,78.790203,Attack
2.052889,tcp,-,FIN,12,10,1110,808,10.229486,254,252,3967.092041,2836.977295,184.442449,215.037781,Attack
3e-06,udp,dns,INT,2,0,114,0,333333.3215,254,0,152000000.0,0.0,0.003,0.0,Attack
0.188785,tcp,http,FIN,10,6,750,268,79.455465,254,252,28603.9668,9492.279297,19.261111,36.378398,Attack
0.01823,tcp,-,FIN,16,18,1540,1644,1810.202911,31,29,633680.75,681514.0,1.195133,1.111312,Normal
1.018002,tcp,http,FIN,14,18,1684,10168,30.451806,31,29,12290.74121,75473.32813,78.282233,59.855765,Normal
9e-06,unas,-,INT,2,0,200,0,111111.1072,254,0,88888888.0,0.0,0.009,0.0,Attack
0.001094,udp,dns,CON,2,2,132,164,2742.230477,31,29,482632.5625,599634.375,0.009,0.007,Normal
9e-06,udp,dns,INT,2,0,114,0,111111.1072,254,0,50666664.0,0.0,0.009,0.0,Attack
1.308267,tcp,-,FIN,10,8,564,354,12.994289,254,252,3106.399658,1895.637573,142.670667,173.323141,Attack
8e-06,udp,dns,INT,2,0,114,0,125000.0003,254,0,57000000.0,0.0,0.008,0.0,Attack
0.190366,tcp,-,FIN,10,6,982,268,78.795583,254,252,37149.49219,9413.445312,19.091556,35.806602,Attack
1.1e-05,udp,dns,INT,2,0,114,0,90909.0902,254,0,41454544.0,0.0,0.011,0.0,Attack
1.018286,tcp,-,FIN,10,8,534,354,16.694721,254,252,3778.89917,2435.465088,113.048556,133.067281,Attack
0.006137,tcp,-,FIN,18,18,4320,2456,5703.112334,31,29,5318559.5,3024279.0,0.342824,0.326647,Normal
3.068249,tcp,-,FIN,24,60,1258,58418,27.05126,62,252,3144.4646,149779.2344,133.363039,52.105895,Attack
9e-06,udp,dns,INT,2,0,114,0,111111.1072,254,0,50666664.0,0.0,0.009,0.0,Attack
0.292085,tcp,-,FIN,72,74,4238,63516,496.430847,31,29,114487.2266,1716158.0,4.055929,3.888891,Normal
9e-06,udp,dns,INT,2,0,114,0,111111.1072,254,0,50666664.0,0.0,0.009,0.0,Attack
4e-06,udp,dns,INT,2,0,114,0,250000.0006,254,0,114000000.0,0.0,0.004,0.0,Attack
0.039977,tcp,-,FIN,64,66,3806,54798,3226.855509,31,29,749831.1875,10799810.0,0.639371,0.616031,Normal
0.0,arp,-,INT,1,0,46,0,0.0,0,0,0.0,0.0,60000.796,0.0,Normal
4e-06,udp,dns,INT,2,0,114,0,250000.0006,254,0,114000000.0,0.0,0.004,0.0,Attack
0.001116,udp,dns,CON,2,2,146,178,2688.172044,31,29,523297.5,637992.8125,0.009,0.006,Normal
0.286221,tcp,-,FIN,8,8,434,412,52.407057,254,252,10621.16309,10090.10547,52.895125,43.02825,Normal
0.74161,tcp,-,FIN,10,8,564,354,22.9231,254,252,5479.969238,3344.075684,82.401111,99.808711,Attack
5e-06,udp,dns,INT,2,0,114,0,200000.0051,254,0,91200000.0,0.0,0.005,0.0,Attack
0.0,arp,-,INT,1,0,46,0,0.0,0,0,0.0,0.0,60000.476,0.0,Normal
9e-06,udp,dns,INT,2,0,114,0,111111.1072,254,0,50666664.0,0.0,0.009,0.0,Attack
0.000943,udp,dns,CON,2,2,146,178,3181.336091,31,29,619300.0625,755037.125,0.003,0.007,Normal
1.078167,sctp,-,CON,4,2,728,384,4.637501,254,60,4051.320557,1424.640259,359.389,0.003,Attack
9e-06,udp,-,INT,2,0,242,0,111111.1072,254,0,107555552.0,0.0,0.009,0.0,Attack
9e-06,stp,-,INT,2,0,200,0,111111.1072,254,0,88888888.0,0.0,0.009,0.0,Attack
0.004339,tcp,-,FIN,22,14,1470,1728,8066.37435,31,29,2588614.75,2959207.0,0.206619,0.282462,Normal
0.350235,tcp,-,FIN,28,30,4616,3080,162.747876,31,29,101691.7266,68022.89844,12.960074,12.060034,Normal
3e-06,udp,dns,INT,2,0,114,0,333333.3215,254,0,152000000.0,0.0,0.003,0.0,Attack
9e-06,udp,dns,INT,2,0,114,0,111111.1072,254,0,50666664.0,0.0,0.009,0.0,Attack
3e-06,udp,dns,INT,2,0,114,0,333333.3215,254,0,152000000.0,0.0,0.003,0.0,Attack
3e-06,udp,dns,INT,2,0,114,0,333333.3215,254,0,152000000.0,0.0,0.003,0.0,Attack
0.006531,udp,-,CON,4,4,568,320,1071.811339,31,29,521819.0,293982.5313,1.846333,1.389333,Normal
3e-06,unas,-,INT,2,0,200,0,333333.3215,254,0,266666656.0,0.0,0.003,0.0,Attack
0.018706,tcp,-,FIN,16,18,1540,1644,1764.139897,31,29,617555.875,664171.9375,1.2262,1.072941,Normal
0.64018,tcp,-,FIN,10,8,564,354,26.555032,254,252,6348.214844,3873.9104,69.802889,90.505289,Attack
2.305943,tcp,-,FIN,10,8,564,354,7.372255,254,252,1762.402588,1075.481934,251.811,319.681,Attack
0.005648,tcp,-,FIN,18,18,3936,2456,6196.883671,31,29,5266289.0,3286119.0,0.312176,0.299,Normal
9e-06,smp,-,INT,2,0,200,0,111111.1072,254,0,88888888.0,0.0,0.009,0.0,Attack
9e-06,udp,dns,INT,2,0,114,0,111111.1072,254,0,50666664.0,0.0,0.009,0.0,Attack
7e-06,udp,-,INT,2,0,168,0,142857.1409,254,0,96000000.0,0.0,0.007,0.0,Attack
1e-06,udp,-,INT,2,0,168,0,1000000.003,254,0,672000000.0,0.0,0.001,0.0,Attack
9e-06,udp,dns,INT,2,0,114,0,111111.1072,254,0,50666664.0,0.0,0.009,0.0,Attack
1.604869,tcp,-,FIN,10,8,590,354,10.592765,254,252,2646.945068,1545.297485,178.281444,219.304578,Normal
1e-05,unas,-,INT,2,0,200,0,100000.0025,254,0,80000000.0,0.0,0.01,0.0,Attack
1.890937,tcp,http,FIN,20,66,1616,74466,44.95126,62,252,6498.365723,310271.5938,99.523002,28.374766,Attack
8e-06,tp++,-,INT,2,0,200,0,125000.0003,254,0,100000000.0,0.0,0.008,0.0,Attack
1.166192,pim,-,INT,8,0,480,0,6.002442,254,0,2881.172119,0.0,166.598859,0.0,Attack
4e-06,udp,dns,INT,2,0,114,0,250000.0006,254,0,114000000.0,0.0,0.004,0.0,Attack
9e-06,unas,-,INT,2,0,200,0,111111.1072,254,0,88888888.0,0.0,0.009,0.0,Attack
9e-06,udp,dns,INT,2,0,114,0,111111.1072,254,0,50666664.0,0.0,0.009,0.0,Attack
0.031583,tcp,-,FIN,68,70,4014,59460,4337.776656,31,29,1001804.75,14846215.0,0.480154,0.457176,Normal
0.642445,tcp,http,FIN,10,8,838,1122,26.461408,62,252,9401.583008,12228.2832,71.382778,80.521141,Normal
0.047153,tcp,smtp,FIN,54,42,37914,3380,2014.718055,31,29,6313405.5,559879.5625,0.900308,1.137829,Normal
8e-06,udp,dns,INT,2,0,114,0,125000.0003,254,0,57000000.0,0.0,0.008,0.0,Attack
5e-06,udp,dns,INT,2,0,114,0,200000.0051,254,0,91200000.0,0.0,0.005,0.0,Attack
1.059955,tcp,-,FIN,10,8,564,354,16.038417,254,252,3834.125,2339.721924,114.656667,140.759,Attack
3e-06,udp,dns,INT,2,0,114,0,333333.3215,254,0,152000000.0,0.0,0.003,0.0,Attack
0.012997,tcp,-,FIN,34,36,2230,13500,5308.917628,31,29,1332615.25,8078787.5,0.381364,0.358382,Normal
0.001068,udp,dns,CON,2,2,130,162,2808.988808,31,29,486891.4063,606741.5625,0.01,0.007,Normal
4e-06,udp,dns,INT,2,0,114,0,250000.0006,254,0,114000000.0,0.0,0.004,0.0,Attack
9e-06,udp,-,INT,2,0,168,0,111111.1072,254,0,74666664.0,0.0,0.009,0.0,Attack
0.004301,tcp,ftp-data,FIN,14,6,8928,320,4417.577389,31,29,15421530.0,496628.6875,0.330846,0.7356,Normal
1.233963,tcp,-,FIN,12,10,1110,842,17.018338,254,252,6599.873535,4914.247559,108.927815,127.653109,Attack
3.330109,tcp,smtp,FIN,34,24,20764,1972,17.116557,62,252,48416.43359,4540.39209,100.912393,142.375438,Attack
0.001051,udp,dns,CON,2,2,130,162,2854.424439,31,29,494766.9063,616555.6875,0.001,0.01,Normal
31.786076,tcp,-,FIN,24,16,4404,1494,1.226952,254,252,1062.351929,352.607239,1382.003349,2114.6415,Attack
0.068169,tcp,ftp,FIN,52,54,2934,3740,1540.289625,31,29,337748.8438,430811.6875,1.413125,1.268245,Normal
0.691518,tcp,-,FIN,10,8,564,354,24.583597,254,252,5876.925781,3586.312988,73.927,91.048711,Attack
2.12719,tcp,ftp,FIN,24,22,1240,1634,21.154668,62,252,4471.626465,5866.894531,92.444698,99.692766,Attack
0.349648,tcp,-,FIN,10,6,1612,268,42.900288,254,252,33199.10156,5125.154297,36.560333,55.593801,Attack
0.93684,tcp,-,FIN,28,92,1442,102092,127.022758,62,252,11878.22852,862328.6875,34.697777,10.3266,Attack
9e-06,udp,dns,INT,2,0,114,0,111111.1072,254,0,50666664.0,0.0,0.009,0.0,Attack
1.495827,tcp,-,FIN,10,8,564,354,11.364951,254,252,2716.891846,1657.945801,161.376556,192.075859,Attack
1.927984,tcp,smtp,FIN,36,22,26844,1966,29.564561,62,252,108295.5078,7788.446289,55.085256,86.721141,Attack
0.568146,tcp,ftp,FIN,12,12,632,682,40.482553,254,252,8166.915039,8814.635742,51.649636,47.041637,Normal
8e-06,ptp,-,INT,2,0,200,0,125000.0003,254,0,100000000.0,0.0,0.008,0.0,Attack
0.251569,tcp,http,FIN,10,6,1302,268,59.625788,254,252,37270.09375,7123.293945,25.175556,41.022398,Attack
25.642588,ospf,-,INT,42,0,2688,0,1.598903,254,0,818.638123,0.0,625.429,0.0,Attack
0.284016,tcp,http,FIN,10,10,1296,5060,66.897636,62,252,32871.38672,128274.4609,31.557333,24.737556,Attack
5e-06,udp,-,INT,2,0,766,0,200000.0051,254,0,612800000.0,0.0,0.005,0.0,Attack
1e-05,unas,-,INT,2,0,200,0,100000.0025,254,0,80000000.0,0.0,0.01,0.0,Attack
1.253288,tcp,-,FIN,10,6,564,268,11.968518,254,252,3242.67041,1429.838867,136.710889,216.476594,Attack
3e-06,udp,dns,INT,2,0,114,0,333333.3215,254,0,152000000.0,0.0,0.003,0.0,Attack
9e-06,udp,dns,INT,2,0,114,0,111111.1072,254,0,50666664.0,0.0,0.009,0.0,Attack
9e-06,udp,dns,INT,2,0,114,0,111111.1072,254,0,50666664.0,0.0,0.009,0.0,Attack
1.665124,tcp,http,FIN,10,8,934,354,10.20945,254,252,4040.539795,1489.37854,184.884444,227.445578,Attack
0.027987,tcp,-,FIN,64,66,3806,51808,4609.282947,31,29,1071068.75,14585058.0,0.45359,0.421092,Normal
0.584357,tcp,-,FIN,10,6,614,268,25.669239,254,252,7570.714355,3066.618408,55.702333,98.115797,Normal
1.439472,tcp,ftp,FIN,12,12,576,682,15.978081,254,252,2934.409424,3479.053467,130.795912,120.517367,Attack
3e-06,udp,dns,INT,2,0,114,0,333333.3215,254,0,152000000.0,0.0,0.003,0.0,Attack
5e-06,netblt,-,INT,2,0,200,0,200000.0051,254,0,160000000.0,0.0,0.005,0.0,Attack
0.479571,tcp,-,FIN,12,8,1000,750,39.618741,254,252,15297.00488,10959.79492,42.030908,60.48043,Attack
8e-06,udp,-,INT,2,0,78,0,125000.0003,254,0,39000000.0,0.0,0.008,0.0,Normal
0.001064,udp,dns,CON,2,2,146,178,2819.548997,31,29,548872.1875,669172.9375,0.01,0.007,Normal
0.086482,tcp,ftp-data,FIN,14,8,8928,424,242.825087,31,29,766957.25,34319.27734,6.652461,12.258429,Normal
0.005026,tcp,http,FIN,8,10,1052,824,3382.411402,31,29,1465976.875,1181058.5,0.669,0.465556,Normal
0.312483,tcp,ftp-data,FIN,14,6,8928,320,60.803305,31,29,212261.1406,6835.571777,24.037154,62.382398,Normal
0.001048,udp,dns,CON,2,2,146,178,2862.595564,31,29,557251.9375,679389.375,0.008,0.009,Normal
3e-06,udp,dns,INT,2,0,114,0,333333.3215,254,0,152000000.0,0.0,0.003,0.0,Attack
0.482111,tcp,http,FIN,10,8,820,1420,35.261589,62,252,12246.14258,20625.95508,53.567889,51.24057,Attack
31.492689,tcp,-,FIN,20,14,3072,622,1.047862,254,252,741.505432,146.827728,1657.509947,2415.5365,Attack
6e-06,udp,dns,INT,2,0,114,0,166666.6608,254,0,76000000.0,0.0,0.006,0.0,Attack
0.0,arp,-,INT,1,0,46,0,0.0,0,0,0.0,0.0,60000.792,0.0,Normal
9e-06,udp,dns,INT,2,0,114,0,111111.1072,254,0,50666664.0,0.0,0.009,0.0,Attack
9e-06,udp,-,INT,2,0,168,0,111111.1072,254,0,74666664.0,0.0,0.009,0.0,Attack
5e-06,udp,dns,INT,2,0,114,0,200000.0051,254,0,91200000.0,0.0,0.005,0.0,Attack
1.158807,tcp,http,FIN,14,18,1684,10168,26.75165,31,29,10797.31055,66302.67188,89.112541,68.134882,Normal
4.827061,tcp,ssh,FIN,106,114,9400,12298,45.36922,31,29,15432.99316,20204.42578,45.968874,42.7123,Normal
8e-06,udp,dns,INT,2,0,114,0,125000.0003,254,0,57000000.0,0.0,0.008,0.0,Attack
0.050899,tcp,-,FIN,40,42,2542,23508,1591.386896,31,29,389634.375,3606986.5,1.295385,1.2294,Normal
9e-06,ifmp,-,INT,2,0,200,0,111111.1072,254,0,88888888.0,0.0,0.009,0.0,Attack
0.766583,tcp,http,FIN,20,38,2564,40901,74.355938,62,252,25421.9043,415610.5625,40.346473,21.039528,Attack
9e-06,udp,dns,INT,2,0,114,0,111111.1072,254,0,50666664.0,0.0,0.009,0.0,Attack
5.251388,tcp,smtp,FIN,22,22,4212,1904,8.188311,62,252,6125.618652,2769.553467,250.018613,246.290141,Attack
3e-06,udp,dns,INT,2,0,114,0,333333.3215,254,0,152000000.0,0.0,0.003,0.0,Attack
9e-06,udp,dns,INT,2,0,114,0,111111.1072,254,0,50666664.0,0.0,0.009,0.0,Attack
0.030955,tcp,-,FIN,72,74,4238,63516,4684.21905,31,29,1080277.875,16193313.0,0.44413,0.421194,Normal
2.347909,tcp,-,FIN,32,112,1610,126534,60.905257,62,252,5315.367676,427290.8438,75.739003,20.397288,Attack
1.15979,tcp,http,FIN,14,18,1684,10168,26.728976,31,29,10788.15918,66246.47656,89.187844,68.184294,Normal
0.301181,tcp,http,FIN,10,6,2688,268,49.80394,254,252,64280.28516,5949.910645,30.708667,48.834801,Attack
2e-06,udp,dns,INT,2,0,114,0,500000.0013,254,0,228000000.0,0.0,0.002,0.0,Attack
0.023815,tcp,ssh,FIN,32,24,3728,5474,2309.46878,31,29,1213352.875,1762250.625,0.793833,1.004174,Normal
0.0,arp,-,INT,1,0,46,0,0.0,0,0,0.0,0.0,60000.764,0.0,Normal
9e-06,sprite-rpc,-,INT,2,0,200,0,111111.1072,254,0,88888888.0,0.0,0.009,0.0,Attack
3e-06,chaos,-,INT,2,0,200,0,333333.3215,254,0,266666656.0,0.0,0.003,0.0,Attack
1.53897,tcp,http,FIN,14,18,1684,10168,20.143343,31,29,8130.112793,49924.30078,118.354233,90.496706,Normal
0.546754,tcp,http,FIN,10,6,762,268,27.434641,254,252,10037.4209,3277.525146,55.030333,86.067,Attack
0.001063,udp,dns,CON,2,2,146,178,2822.201463,31,29,549388.5625,669802.5,0.009,0.006,Normal
0.610244,tcp,ftp-data,FIN,8,8,364,1246,24.580333,62,252,4181.934082,14302.47656,87.177714,81.38443,Attack
5e-06,unas,-,INT,2,0,200,0,200000.0051,254,0,160000000.0,0.0,0.005,0.0,Attack
1e-05,udp,dns,INT,2,0,114,0,100000.0025,254,0,45600000.0,0.0,0.01,0.0,Attack
9e-06,udp,dns,INT,2,0,114,0,111111.1072,254,0,50666664.0,0.0,0.009,0.0,Attack
0.001045,udp,dns,CON,2,2,146,178,2870.813285,31,29,558851.625,681339.6875,0.009,0.002,Normal
6e-06,udp,-,INT,2,0,120,0,166666.6608,254,0,80000000.0,0.0,0.006,0.0,Attack
3e-06,udp,dns,INT,2,0,114,0,333333.3215,254,0,152000000.0,0.0,0.003,0.0,Attack
0.451499,tcp,-,FIN,14,6,8854,268,42.082044,254,252,145683.6094,3969.001221,34.730692,64.763398,Normal
34.853466,tcp,-,FIN,20,14,1512,622,0.946821,254,252,329.838074,132.669739,1834.393105,2674.9465,Attack
0.740822,tcp,http,FIN,10,8,974,354,22.947482,254,252,9470.560547,3347.632568,79.928333,96.462859,Attack
0.181923,tcp,http,FIN,10,6,1266,268,82.452465,254,252,50131.09766,9850.321289,18.300889,35.106398,Attack
0.960151,tcp,ssl,FIN,12,12,1290,2148,23.954565,254,252,9856.783203,16405.75195,87.286457,79.691367,Attack
0.216151,tcp,http,FIN,10,6,778,268,69.395932,254,252,25944.82617,8290.500977,21.593444,41.866602,Attack
0.868089,tcp,-,FIN,10,8,564,354,19.583245,254,252,4681.547363,2856.849854,96.454333,112.262859,Attack
0.551815,tcp,-,FIN,74,74,4342,63516,266.393641,31,29,62107.77344,908391.4375,7.554891,7.55074,Normal
6e-06,udp,-,INT,2,0,232,0,166666.6608,254,0,154666656.0,0.0,0.006,0.0,Attack
0.371373,tcp,-,FIN,28,30,4264,3080,153.484503,31,29,88579.40625,64151.13672,13.742556,12.786689,Normal
0.698566,tcp,-,FIN,12,8,1186,748,27.198575,254,252,12459.81055,7501.080566,61.261091,83.90257,Attack
2e-06,udp,dns,INT,2,0,114,0,500000.0013,254,0,228000000.0,0.0,0.002,0.0,Attack
8e-06,udp,dns,INT,2,0,114,0,125000.0003,254,0,57000000.0,0.0,0.008,0.0,Attack
0.045913,tcp,-,FIN,48,50,2958,33044,2112.69141,31,29,504780.7813,5642672.0,1.013422,0.925429,Normal
0.653623,tcp,http,FIN,10,8,792,1330,26.008877,62,252,8726.743164,14246.74512,72.624778,85.96243,Normal
0.683803,tcp,-,FIN,10,8,564,354,24.860961,254,252,5943.231934,3626.775391,74.279556,95.597289,Attack
0.187621,tcp,-,FIN,10,6,1018,268,79.948408,254,252,39100.10156,9551.169922,20.846778,33.641602,Attack
4e-06,udp,-,INT,2,0,164,0,250000.0006,254,0,164000000.0,0.0,0.004,0.0,Normal
13.901648,tcp,-,FIN,448,858,25160,1094788,93.873765,31,29,14446.63281,629285.4375,31.098628,16.239669,Normal
3.266107,tcp,pop3,FIN,26,60,1206,58114,26.024866,62,252,2841.302979,139973.3594,130.64428,54.832791,Attack
0.917232,tcp,pop3,FIN,26,60,1212,58318,92.670123,62,252,10169.72852,500174.4375,36.689279,15.527844,Attack
5e-06,udp,dns,INT,2,0,114,0,200000.0051,254,0,91200000.0,0.0,0.005,0.0,Attack
8e-06,udp,-,INT,2,0,210,0,125000.0003,254,0,105000000.0,0.0,0.008,0.0,Attack
0.017245,tcp,-,FIN,16,18,1540,1644,1913.598119,31,29,669875.3125,720440.6875,1.129333,0.986941,Normal
9e-06,udp,dns,INT,2,0,114,0,111111.1072,254,0,50666664.0,0.0,0.009,0.0,Attack
0.633966,tcp,-,FIN,10,8,564,354,26.815317,254,252,6410.437988,3911.881592,69.399111,89.507289,Attack
9e-06,ipnip,-,INT,2,0,180,0,111111.1072,254,0,80000000.0,0.0,0.009,0.0,Attack
5e-06,unas,-,INT,2,0,200,0,200000.0051,254,0,160000000.0,0.0,0.005,0.0,Attack
2.001348,tcp,-,FIN,16,14,862,802,14.490233,254,252,3233.820312,2977.99292,133.423196,146.368077,Normal
2.045068,tcp,-,FIN,10,8,2516,354,8.312682,254,252,8860.34082,1212.673584,227.229778,282.333563,Attack
0.035732,tcp,smtp,FIN,52,42,37268,3380,2602.708979,31,29,8183588.5,738833.5,0.70788,0.858561,Normal
2e-06,rdp,-,INT,2,0,200,0,500000.0013,254,0,400000000.0,0.0,0.002,0.0,Attack
0.208982,tcp,http,FIN,10,6,1056,268,71.776515,254,252,36405.04688,8574.901367,23.220222,39.546398,Attack
0.000964,udp,dns,CON,2,2,130,162,3112.033175,31,29,539419.0625,672199.1875,0.008,0.004,Normal
1e-05,udp,-,INT,2,0,1898,0,100000.0025,254,0,759200000.0,0.0,0.01,0.0,Normal
0.129924,tcp,-,FIN,72,74,4238,63516,1116.037074,31,29,257381.2344,3858132.5,1.825296,1.772301,Normal
0.067668,tcp,-,FIN,68,68,4030,57474,1995.034629,31,29,469468.5938,6694922.5,1.004433,1.001537,Normal
4.130779,tcp,-,FIN,10,8,564,354,4.115447,254,252,983.833862,600.371033,458.975444,569.350312,Attack
3e-06,udp,dns,INT,2,0,114,0,333333.3215,254,0,152000000.0,0.0,0.003,0.0,Attack
9e-06,fc,-,INT,2,0,200,0,111111.1072,254,0,88888888.0,0.0,0.009,0.0,Attack
0.458109,tcp,-,FIN,12,10,2484,443,45.84062,254,252,39763.46484,6967.774414,41.646274,48.773223,Attack
9e-06,udp,dns,INT,2,0,114,0,111111.1072,254,0,50666664.0,0.0,0.009,0.0,Attack
9e-06,unas,-,INT,2,0,200,0,111111.1072,254,0,88888888.0,0.0,0.009,0.0,Attack
1.005783,tcp,http,FIN,12,18,1580,10168,28.833258,31,29,11525.34961,76390.23438,91.403182,59.132062,Normal
50.004372,ospf,-,REQ,6,0,384,0,0.099991,1,0,51.195522,0.0,10000.873,0.0,Normal
9e-06,udp,dns,INT,2,0,114,0,111111.1072,254,0,50666664.0,0.0,0.009,0.0,Attack
59.996548,arp,-,INT,2,0,92,0,0.016668,0,0,6.133686,0.0,59998.624,0.0,Normal
0.808312,tcp,http,FIN,10,10,758,1362,23.505775,62,252,6759.766113,12133.92871,89.812444,80.515891,Attack
5e-06,udp,dns,INT,2,0,114,0,200000.0051,254,0,91200000.0,0.0,0.005,0.0,Attack
1.246311,tcp,-,FIN,60,14,68197,612,58.572863,254,252,430460.7813,3652.37915,21.115814,87.976078,Attack
5e-06,udp,dns,INT,2,0,114,0,200000.0051,254,0,91200000.0,0.0,0.005,0.0,Attack
0.017903,tcp,-,FIN,16,18,1540,1644,1843.26648,31,29,645255.0,693961.875,1.171733,1.026706,Normal
0.619985,tcp,-,FIN,10,6,756,268,24.194134,254,252,8787.30957,2890.392578,66.898222,110.478,Attack
0.22341,tcp,ftp-data,FIN,8,12,424,8824,85.045434,31,29,13284.99219,289655.7813,31.870285,20.257364,Normal
0.185846,tcp,-,FIN,10,6,910,268,80.711987,254,252,35254.99609,9642.391602,19.834222,35.660398,Attack
0.072965,tcp,-,FIN,90,92,5174,83812,2480.641283,31,29,561036.0625,9089399.0,0.8255,0.803578,Normal
4e-06,udp,dns,INT,2,0,114,0,250000.0006,254,0,114000000.0,0.0,0.004,0.0,Attack
1e-06,3pc,-,INT,2,0,200,0,1000000.003,254,0,800000000.0,0.0,0.001,0.0,Attack
9e-06,udp,-,INT,2,0,104,0,111111.1072,254,0,46222220.0,0.0,0.009,0.0,Normal
0.018609,tcp,-,FIN,16,18,1540,1644,1773.335448,31,29,620774.875,667633.9375,1.219333,1.068823,Normal
0.001026,udp,dns,CON,2,2,146,178,2923.976572,31,29,569200.75,693957.125,0.01,0.001,Normal
2.347377,tcp,-,CON,6,2,978,86,2.982052,62,252,2777.568359,146.546539,469.4754,0.001,Normal
9e-06,udp,dns,INT,2,0,114,0,111111.1072,254,0,50666664.0,0.0,0.009,0.0,Attack
9e-06,udp,dns,INT,2,0,114,0,111111.1072,254,0,50666664.0,0.0,0.009,0.0,Attack
0.065124,tcp,-,FIN,84,88,4862,75704,2625.760184,31,29,590258.625,9194030.0,0.789976,0.743011,Normal
0.000998,udp,dns,CON,2,2,146,178,3006.011927,31,29,585170.3125,713426.8125,0.009,0.007,Normal
0.11707,tcp,-,FIN,70,70,4118,59460,1187.323855,31,29,277440.8438,4005193.5,1.692014,1.714412,Normal
0.764909,tcp,pop3,FIN,20,22,958,4880,53.601145,62,252,9527.930664,48727.36328,40.258367,35.189429,Attack
0.021938,tcp,-,FIN,48,50,2974,30506,4421.551671,31,29,1062266.375,10901997.0,0.4802,0.434755,Normal
3e-06,udp,dns,INT,2,0,114,0,333333.3215,254,0,152000000.0,0.0,0.003,0.0,Attack
0.001099,udp,dns,CON,2,2,146,178,2729.754356,31,29,531392.1875,647861.6875,0.008,0.007,Normal
4e-06,udp,dns,INT,2,0,114,0,250000.0006,254,0,114000000.0,0.0,0.004,0.0,Attack
8e-06,udp,dns,INT,2,0,114,0,125000.0003,254,0,57000000.0,0.0,0.008,0.0,Attack
1.580606,tcp,http,FIN,10,8,844,1146,10.755369,62,252,3846.625977,5076.53418,175.622889,211.687859,Attack
2.771342,tcp,-,FIN,10,8,564,354,6.134212,254,252,1466.4375,894.873291,298.951556,378.455,Attack
0.11985,tcp,-,FIN,48,50,2958,32642,809.345,31,29,193375.0469,2135335.75,2.595848,2.434265,Normal
6e-06,udp,dns,INT,2,0,114,0,166666.6608,254,0,76000000.0,0.0,0.006,0.0,Attack
0.00433,udp,-,CON,4,4,568,304,1616.62821,31,29,787067.0,421247.125,1.150333,0.977,Normal
0.001078,udp,dns,CON,2,2,146,178,2782.931502,31,29,541744.0,660482.4375,0.01,0.006,Normal
9e-06,unas,-,INT,2,0,200,0,111111.1072,254,0,88888888.0,0.0,0.009,0.0,Attack
59.760056,ospf,-,INT,180,0,48960,0,2.995312,254,0,6517.79834,0.0,333.854969,0.0,Attack
1.301429,tcp,-,FIN,10,8,564,354,13.062564,254,252,3122.721191,1905.597534,141.782111,176.772422,Attack
0.859078,tcp,-,FIN,16,12,900,642,31.429044,254,252,7859.588867,5484.950195,56.209734,73.323906,Attack
3e-06,udp,dns,INT,2,0,114,0,333333.3215,254,0,152000000.0,0.0,0.003,0.0,Attack
0.001027,udp,dns,CON,2,2,146,178,2921.129446,31,29,568646.5625,693281.375,0.01,0.007,Normal
0.484741,tcp,http,FIN,10,8,812,1336,35.070274,62,252,12064.17481,19292.77734,53.860111,57.26643,Attack
0.227837,tcp,http,FIN,10,6,1126,268,65.836542,254,252,35604.40234,7865.272461,22.897111,40.031602,Attack
1e-06,ipv6-route,-,INT,2,0,200,0,1000000.003,254,0,800000000.0,0.0,0.001,0.0,Attack
15.602136,ospf,-,INT,20,0,900,0,1.217782,254,0,438.40152,0.0,821.165062,0.0,Attack
0.39478,tcp,ftp-data,FIN,8,10,364,3754,43.061957,62,252,6464.359863,68473.57813,56.309431,42.626111,Attack
8e-06,sat-mon,-,INT,2,0,200,0,125000.0003,254,0,100000000.0,0.0,0.008,0.0,Attack
0.413047,tcp,-,FIN,10,8,756,354,41.157545,254,252,13189.7832,6004.159668,44.766889,51.309715,Attack
8e-06,unas,-,INT,2,0,200,0,125000.0003,254,0,100000000.0,0.0,0.008,0.0,Attack
0.001019,udp,dns,CON,2,2,146,178,2944.062924,31,29,573110.9375,698724.25,0.009,0.007,Normal
0.785393,tcp,-,FIN,10,6,756,268,19.098719,254,252,6936.654785,2281.660156,84.837778,131.956406,Attack
9e-06,udp,dns,INT,2,0,114,0,111111.1072,254,0,50666664.0,0.0,0.009,0.0,Attack
2.826829,tcp,-,FIN,122,126,7816,15092,87.377059,31,29,21938.36328,42373.98047,23.359371,22.792525,Normal
8e-06,a/n,-,INT,2,0,200,0,125000.0003,254,0,100000000.0,0.0,0.008,0.0,Attack
0.848241,tcp,ftp,FIN,14,12,662,682,29.472757,254,252,5800.23877,5903.98291,65.24931,72.577273,Attack
1.1e-05,sun-nd,-,INT,1,0,60,0,0.0,0,0,0.0,0.0,0.0,0.0,Attack
0.0,arp,-,INT,1,0,46,0,0.0,0,0,0.0,0.0,60000.58,0.0,Normal
8e-06,udp,dns,INT,2,0,114,0,125000.0003,254,0,57000000.0,0.0,0.008,0.0,Attack
0.005133,udp,-,CON,4,4,568,312,1363.724863,31,29,663939.1875,364699.0,1.268333,1.217333,Normal
0.001032,udp,dns,CON,2,2,146,178,2906.976908,31,29,565891.5,689922.5,0.008,0.007,Normal
0.743702,tcp,-,FIN,10,8,453,422,22.858618,254,252,4388.854492,3980.088867,82.633556,86.90843,Attack
0.0,arp,-,INT,1,0,46,0,0.0,0,0,0.0,0.0,60000.744,0.0,Normal
0.001039,udp,dns,CON,2,2,146,178,2887.391736,31,29,562078.9375,685274.3125,0.009,0.007,Normal
4e-06,udp,dns,INT,2,0,114,0,250000.0006,254,0,114000000.0,0.0,0.004,0.0,Attack
0.071316,tcp,-,FIN,48,50,2958,32642,1360.143656,31,29,324976.1875,3588535.75,1.576889,1.444714,Normal
6.893847,tcp,-,FIN,66,300,3096,385836,52.945765,62,252,3539.388184,446253.0,106.059185,22.409454,Attack
5e-06,udp,dns,INT,2,0,114,0,200000.0051,254,0,91200000.0,0.0,0.005,0.0,Attack
9e-06,udp,dns,INT,2,0,114,0,111111.1072,254,0,50666664.0,0.0,0.009,0.0,Attack
3e-06,gre,-,INT,2,0,200,0,333333.3215,254,0,266666656.0,0.0,0.003,0.0,Attack
5e-06,udp,dns,INT,2,0,114,0,200000.0051,254,0,91200000.0,0.0,0.005,0.0,Attack
0.450468,tcp,http,FIN,10,8,794,2990,37.738529,62,252,12697.90527,46476.10938,50.052,53.13243,Attack
3e-06,unas,-,INT,2,0,200,0,333333.3215,254,0,266666656.0,0.0,0.003,0.0,Attack
9e-06,udp,-,INT,2,0,168,0,111111.1072,254,0,74666664.0,0.0,0.009,0.0,Attack
0.448989,tcp,-,FIN,10,6,486,268,33.408391,254,252,7804.200195,3991.188965,47.802111,71.045203,Normal
0.434917,tcp,http,FIN,10,14,872,10250,52.883653,62,252,14439.53711,175077.0781,48.324111,29.212154,Attack
0.885647,tcp,-,FIN,10,8,564,354,19.195007,254,252,4588.73584,2800.212646,95.215,122.313289,Attack
6e-06,swipe,-,INT,2,0,200,0,166666.6608,254,0,133333328.0,0.0,0.006,0.0,Attack
4e-06,udp,-,INT,2,0,1064,0,250000.0006,254,0,1064000000.0,0.0,0.004,0.0,Normal
8e-06,udp,-,INT,2,0,104,0,125000.0003,254,0,52000000.0,0.0,0.008,0.0,Normal
0.001073,udp,dns,CON,2,2,146,178,2795.899292,31,29,544268.375,663560.125,0.01,0.007,Normal
8e-06,udp,dns,INT,2,0,114,0,125000.0003,254,0,57000000.0,0.0,0.008,0.0,Attack
0.548317,tcp,-,FIN,12,10,1122,814,38.299012,254,252,15013.21289,10694.54297,48.645909,54.796777,Attack
2.287536,tcp,-,FIN,12,10,3026,818,9.180184,254,252,9701.268555,2577.445801,207.82846,242.951328,Attack
6e-06,unas,-,INT,2,0,200,0,166666.6608,254,0,133333328.0,0.0,0.006,0.0,Attack
0.518648,tcp,http,FIN,10,8,868,1100,32.777527,62,252,12062.12988,14854.00391,57.627556,71.00957,Normal
9e-06,unas,-,INT,2,0,200,0,111111.1072,254,0,88888888.0,0.0,0.009,0.0,Attack
9e-06,udp,dns,INT,2,0,114,0,111111.1072,254,0,50666664.0,0.0,0.009,0.0,Attack
1e-06,udp,dns,INT,2,0,114,0,1000000.003,254,0,456000000.0,0.0,0.001,0.0,Attack
9e-06,udp,dns,INT,2,0,114,0,111111.1072,254,0,50666664.0,0.0,0.009,0.0,Attack
0.024985,tcp,-,FIN,64,66,3806,51808,5163.097757,31,29,1199759.875,16337482.0,0.395581,0.378719,Normal
0.16683,tcp,smtp,FIN,54,42,37808,3380,569.441936,31,29,1779440.125,158244.9219,3.20175,4.056049,Normal
0.369893,tcp,http,FIN,10,6,1210,268,40.552266,254,252,23552.75586,4844.644043,33.197667,68.130602,Attack
5e-06,udp,dns,INT,2,0,114,0,200000.0051,254,0,91200000.0,0.0,0.005,0.0,Attack
0.132883,tcp,smtp,FIN,54,42,37808,3380,714.914638,31,29,2234025.5,198671.0156,2.500208,3.228634,Normal
0.004347,udp,-,CON,4,4,568,312,1610.30603,31,29,783989.0,430641.8438,1.189333,1.011,Normal
8e-06,udp,dns,INT,2,0,114,0,125000.0003,254,0,57000000.0,0.0,0.008,0.0,Attack
1.2e-05,udp,-,INT,2,0,2982,0,83333.33039,254,0,993999936.0,0.0,0.012,0.0,Attack
0.001025,udp,dns,CON,2,2,146,178,2926.829254,31,29,569756.125,694634.125,0.009,0.007,Normal
0.490723,tcp,-,FIN,10,6,534,268,30.567142,254,252,7841.490723,3651.754639,54.420889,86.907602,Normal
1.223843,tcp,http,FIN,10,8,810,354,13.890671,254,252,4765.317383,2026.403809,132.033778,155.423422,Attack
3e-06,unas,-,INT,2,0,200,0,333333.3215,254,0,266666656.0,0.0,0.003,0.0,Attack
6e-06,udp,dns,INT,2,0,114,0,166666.6608,254,0,76000000.0,0.0,0.006,0.0,Attack
0.911539,tcp,-,FIN,10,8,564,354,18.649778,254,252,4458.394043,2720.67334,94.722889,120.399,Attack
5e-06,udp,dns,INT,2,0,114,0,200000.0051,254,0,91200000.0,0.0,0.005,0.0,Attack
6e-06,unas,-,INT,2,0,200,0,166666.6608,254,0,133333328.0,0.0,0.006,0.0,Attack
5e-06,udp,dns,INT,2,0,114,0,200000.0051,254,0,91200000.0,0.0,0.005,0.0,Attack
1.270669,tcp,-,FIN,20,32,1092,19460,40.136338,62,252,6535.140137,118690.2344,66.877317,39.07426,Attack
9e-06,unas,-,INT,2,0,200,0,111111.1072,254,0,88888888.0,0.0,0.009,0.0,Attack
0.001163,udp,dns,CON,2,2,146,178,2579.535666,31,29,502149.625,612209.8125,0.009,0.007,Normal
1.015568,tcp,-,FIN,14,12,774,642,24.616766,254,252,5663.825684,4639.768066,77.012921,79.30118,Normal
0.368081,tcp,-,FIN,12,8,896,532,51.619072,254,252,17865.63281,10128.20508,31.637908,50.07743,Attack
9e-06,mobile,-,INT,2,0,200,0,111111.1072,254,0,88888888.0,0.0,0.009,0.0,Attack
0.405119,tcp,-,FIN,10,8,732,354,41.962979,254,252,13013.45996,6121.658203,43.379,54.247,Attack
0.073763,tcp,smtp,FIN,54,42,37938,3380,1287.908607,31,29,4038447.5,357903.0313,1.384623,1.787512,Normal
7.591911,tcp,-,FIN,240,438,13766,548216,89.173861,31,29,14445.90234,576366.125,31.764008,17.411491,Normal
0.105781,tcp,-,FIN,66,68,3926,57474,1257.314684,31,29,292453.2813,4282735.0,1.622323,1.57097,Normal
1e-05,udp,-,INT,2,0,1064,0,100000.0025,254,0,425600000.0,0.0,0.01,0.0,Normal
1.125999,tcp,-,FIN,10,8,912,354,15.097705,254,252,5833.04248,2202.48877,125.096444,150.392,Attack
8e-06,ddp,-,INT,2,0,200,0,125000.0003,254,0,100000000.0,0.0,0.008,0.0,Attack
1.369859,tcp,http,FIN,16,50,1008,60523,47.45014,62,252,5518.816406,346388.9375,91.257398,26.480042,Attack
0.009062,tcp,-,FIN,36,34,2334,13396,7614.213518,31,29,2003972.75,11478261.0,0.245686,0.258758,Normal
3.2e-05,udp,dns,INT,2,0,114,0,31250.00008,254,0,14250000.0,0.0,0.032,0.0,Attack
9e-06,udp,dns,INT,2,0,114,0,111111.1072,254,0,50666664.0,0.0,0.009,0.0,Attack
9e-06,udp,-,INT,2,0,1064,0,111111.1072,254,0,472888864.0,0.0,0.009,0.0,Normal
1.313905,tcp,http,FIN,14,32,960,34796,34.249051,62,252,5431.138672,205244.6719,101.069613,39.543581,Attack
1e-06,vmtp,-,INT,2,0,200,0,1000000.003,254,0,800000000.0,0.0,0.001,0.0,Attack
9e-06,udp,dns,INT,2,0,114,0,111111.1072,254,0,50666664.0,0.0,0.009,0.0,Attack
9e-06,udp,-,INT,2,0,416,0,111111.1072,254,0,184888880.0,0.0,0.009,0.0,Attack
0.671144,tcp,-,FIN,10,8,564,354,25.329884,254,252,6055.33252,3695.183105,74.571556,94.65557,Attack
1e-05,udp,-,INT,2,0,1694,0,100000.0025,254,0,677600000.0,0.0,0.01,0.0,Attack
4e-06,udp,-,INT,2,0,1972,0,250000.0006,254,0,1972000000.0,0.0,0.004,0.0,Attack
1e-06,udp,dns,INT,2,0,114,0,1000000.003,254,0,456000000.0,0.0,0.001,0.0,Attack
0.005077,udp,-,CON,4,4,568,312,1378.767049,31,29,671262.5625,368721.6875,1.159333,1.206333,Normal
0.253528,tcp,-,FIN,10,8,1076,522,67.053738,62,252,30576.50391,14420.49805,28.169778,32.986285,Attack
0.050392,tcp,smtp,FIN,52,42,37152,3380,1845.531105,31,29,5784728.0,523892.6875,0.98149,1.215732,Normal
0.298111,tcp,-,FIN,22,8,21188,354,97.279204,254,252,542750.875,8319.048828,12.599857,39.973715,Attack
9e-06,udp,dns,INT,2,0,114,0,111111.1072,254,0,50666664.0,0.0,0.009,0.0,Attack
6e-06,unas,-,INT,2,0,200,0,166666.6608,254,0,133333328.0,0.0,0.006,0.0,Attack
3.941102,tcp,ftp,FIN,24,22,1256,1652,11.418126,62,252,2443.986572,3201.13501,171.31695,184.955625,Attack
2.562854,tcp,smtp,FIN,20,20,2044,1896,15.21741,62,252,6061.991699,5624.979004,134.887053,131.733422,Attack
5e-06,ipnip,-,INT,2,0,180,0,200000.0051,254,0,144000000.0,0.0,0.005,0.0,Attack
0.562044,tcp,http,FIN,10,14,1526,10034,40.922061,62,252,19557.1875,132630.1875,62.449333,42.533076,Attack
9e-06,udp,-,INT,2,0,540,0,111111.1072,254,0,239999984.0,0.0,0.009,0.0,Attack
9e-06,udp,dns,INT,2,0,114,0,111111.1072,254,0,50666664.0,0.0,0.009,0.0,Attack
1.181431,tcp,-,FIN,18,14,2754,1914,26.239364,254,252,17612.53906,12039.63574,69.495941,86.843156,Attack
0.001064,udp,dns,CON,2,2,146,178,2819.548997,31,29,548872.1875,669172.9375,0.009,0.006,Normal
3e-06,udp,dns,INT,2,0,114,0,333333.3215,254,0,152000000.0,0.0,0.003,0.0,Attack
1.19127,tcp,http,FIN,10,10,846,5546,15.949365,62,252,5117.228027,33523.88672,132.363333,106.897556,Attack
1.189157,tcp,-,FIN,20,20,1088,5748,32.796342,62,252,6956.188477,36738.62891,62.587209,59.953421,Attack
0.794959,tcp,http,FIN,10,10,766,6020,23.900603,62,252,6943.754395,54523.56641,88.221,77.471333,Attack
6e-06,udp,dns,INT,2,0,114,0,166666.6608,254,0,76000000.0,0.0,0.006,0.0,Attack
3e-06,udp,dns,INT,2,0,114,0,333333.3215,254,0,152000000.0,0.0,0.003,0.0,Attack
0.004434,udp,-,CON,4,4,568,312,1578.710051,31,29,768606.25,422192.1875,1.186667,0.998667,Normal
1.009947,tcp,http,FIN,14,18,1684,10168,30.694682,31,29,12388.76953,76075.28125,77.661921,59.377765,Normal
3e-06,udp,dns,INT,2,0,114,0,333333.3215,254,0,152000000.0,0.0,0.003,0.0,Attack
0.6754,tcp,-,FIN,10,6,888,268,22.209061,254,252,9475.866211,2653.242432,75.025222,117.890602,Normal
0.054046,tcp,smtp,FIN,54,42,37938,3380,1757.761865,31,29,5511749.0,488472.7813,1.05298,1.306439,Normal
1.089168,tcp,-,FIN,10,8,564,354,15.608245,254,252,3731.288574,2276.967529,121.018667,148.599,Attack
1e-06,udp,dns,INT,2,0,114,0,1000000.003,254,0,456000000.0,0.0,0.001,0.0,Attack
3e-06,smp,-,INT,2,0,200,0,333333.3215,254,0,266666656.0,0.0,0.003,0.0,Attack
2.788705,tcp,ftp,FIN,52,54,2934,3742,37.651884,31,29,8256.161133,10536.79004,54.674587,53.618441,Normal
0.049234,tcp,-,FIN,48,50,2958,32642,1970.183243,31,29,470731.625,5198034.0,1.063652,1.016167,Normal
0.53488,tcp,http,FIN,10,8,816,1308,31.782831,62,252,10993.12012,17125.33789,59.431111,71.686289,Attack
30.491301,udp,dns,REQ,44,0,3512,0,1.410238,254,0,900.715942,0.0,734.742,0.0,Attack
1.765891,tcp,ftp,FIN,22,22,1186,1632,24.350314,62,252,5132.819824,7058.193359,84.090049,82.144146,Attack
2.316017,tcp,ftp,FIN,22,24,1150,1692,19.42991,62,252,3792.718506,5602.722656,110.286527,95.96748,Attack
1.434477,tcp,-,FIN,10,8,564,354,11.851009,254,252,2833.088379,1728.853149,159.386333,197.466141,Attack
2.077005,tcp,-,FIN,16,14,924,792,13.962413,254,252,3339.424072,2834.851318,138.435269,150.665391,Normal
0.000951,udp,dns,CON,2,2,146,178,3154.574054,31,29,614090.4375,748685.5625,0.001,0.007,Normal
9e-06,unas,-,INT,2,0,200,0,111111.1072,254,0,88888888.0,0.0,0.009,0.0,Attack
1.865128,tcp,ftp,FIN,14,12,694,682,13.403906,254,252,2766.566162,2685.070312,140.313687,158.559359,Normal
3e-06,udp,dns,INT,2,0,114,0,333333.3215,254,0,152000000.0,0.0,0.003,0.0,Attack
9e-06,udp,-,INT,2,0,168,0,111111.1072,254,0,74666664.0,0.0,0.009,0.0,Attack
5e-06,udp,dns,INT,2,0,114,0,200000.0051,254,0,91200000.0,0.0,0.005,0.0,Attack
6e-06,udp,dns,INT,2,0,114,0,166666.6608,254,0,76000000.0,0.0,0.006,0.0,Attack
0.117734,tcp,smtp,FIN,52,42,37502,3380,789.916251,31,29,2499261.0,224234.2969,2.301902,2.858537,Normal
1.705316,tcp,-,FIN,12,8,994,750,11.14163,254,252,4278.38623,3082.126709,148.900094,220.864281,Attack
1e-05,udp,-,INT,2,0,1196,0,100000.0025,254,0,478400000.0,0.0,0.01,0.0,Attack
3e-06,unas,-,INT,2,0,200,0,333333.3215,254,0,266666656.0,0.0,0.003,0.0,Attack
0.927609,tcp,http,FIN,10,14,812,7616,24.794929,62,252,6304.380371,60991.21484,103.067667,65.031459,Attack
1.518222,tcp,ftp,FIN,22,22,1202,1624,28.322604,62,252,6049.181152,8172.717773,72.296287,71.936001,Attack
6e-06,any,-,INT,2,0,200,0,166666.6608,254,0,133333328.0,0.0,0.006,0.0,Attack
9e-06,unas,-,INT,2,0,200,0,111111.1072,254,0,88888888.0,0.0,0.009,0.0,Attack
1e-06,udp,dns,INT,2,0,114,0,1000000.003,254,0,456000000.0,0.0,0.001,0.0,Attack
0.004422,udp,-,CON,4,4,568,312,1582.994069,31,29,770692.0,423337.8438,1.180333,0.984333,Normal
6e-06,udp,dns,INT,2,0,114,0,166666.6608,254,0,76000000.0,0.0,0.006,0.0,Attack
10.809476,sctp,-,CON,12,2,1400,512,1.202649,254,60,950.277344,189.463394,982.679625,0.001,Attack
6e-06,gre,-,INT,2,0,156,0,166666.6608,254,0,104000000.0,0.0,0.006,0.0,Attack
0.028855,tcp,-,FIN,60,62,3598,48710,4193.380741,31,29,981181.8125,13287125.0,0.492207,0.479288,Normal
9e-06,udp,dns,INT,2,0,114,0,111111.1072,254,0,50666664.0,0.0,0.009,0.0,Attack
0.043056,tcp,-,FIN,38,40,2438,19266,1788.368635,31,29,441099.9688,3490338.25,1.155405,1.119474,Normal
9e-06,udp,dns,INT,2,0,114,0,111111.1072,254,0,50666664.0,0.0,0.009,0.0,Attack
4e-06,zero,-,INT,2,0,200,0,250000.0006,254,0,200000000.0,0.0,0.004,0.0,Attack
0.017814,tcp,-,FIN,16,18,1540,1644,1852.475664,31,29,648478.75,697429.0,1.167467,1.020647,Normal
0.747104,tcp,-,FIN,12,8,1066,718,25.431533,254,252,10472.4375,6735.34082,74.585698,87.578,Attack
3e-06,udp,dns,INT,2,0,114,0,333333.3215,254,0,152000000.0,0.0,0.003,0.0,Attack
1e-05,unas,-,INT,2,0,200,0,100000.0025,254,0,80000000.0,0.0,0.01,0.0,Attack
0.053974,tcp,-,FIN,66,68,3926,57474,2464.149457,31,29,573164.875,8393523.0,0.838453,0.822969,Normal
0.188965,tcp,-,FIN,22,22,4344,2664,227.555376,31,29,175566.9063,107660.1563,8.968953,8.975477,Normal
2.04225,tcp,-,FIN,18,18,1006,3036,17.137961,62,252,3725.303223,11234.66797,120.132353,114.645297,Attack
4e-06,cphb,-,INT,2,0,200,0,250000.0006,254,0,200000000.0,0.0,0.004,0.0,Attack
5e-06,udp,dns,INT,2,0,114,0,200000.0051,254,0,91200000.0,0.0,0.005,0.0,Attack
0.403993,tcp,-,CON,6,2,978,86,17.327032,62,252,16138.89356,851.499878,80.7986,0.008,Normal
0.816377,tcp,-,FIN,14,12,932,678,30.623107,254,252,8486.275391,6095.223145,62.798228,63.489184,Attack
9e-06,unas,-,INT,2,0,200,0,111111.1072,254,0,88888888.0,0.0,0.009,0.0,Attack
0.430049,tcp,-,FIN,10,6,1612,268,34.879746,254,252,26992.27344,4166.966797,47.783222,56.645,Attack
3.393398,tcp,-,FIN,46,52,3640,19084,28.584917,31,29,8395.125,44125.67969,75.400774,66.526532,Normal
1e-06,udp,dns,INT,2,0,114,0,1000000.003,254,0,456000000.0,0.0,0.001,0.0,Attack
1.137982,tcp,-,FIN,10,8,564,354,14.938725,254,252,3571.233887,2179.296387,126.442444,150.327281,Attack
0.061111,tcp,-,FIN,16,18,1540,1644,540.000987,31,29,189033.0781,203302.1875,4.048667,3.567,Normal
0.000987,udp,dns,CON,2,2,146,178,3039.513836,31,29,591692.0,721377.9375,0.005,0.004,Normal
9e-06,udp,dns,INT,2,0,114,0,111111.1072,254,0,50666664.0,0.0,0.009,0.0,Attack
0.408421,tcp,-,FIN,10,6,546,268,36.726808,254,252,9637.114258,4387.629395,37.441111,71.334203,Attack
5e-06,udp,-,INT,2,0,1304,0,200000.0051,254,0,1043200000.0,0.0,0.005,0.0,Attack
0.936887,tcp,-,FIN,12,8,1138,770,20.279926,254,252,8914.628906,5755.229492,82.433817,119.44443,Attack
0.881671,tcp,http,FIN,10,10,1170,1132,21.549988,254,252,9554.583984,9246.079102,97.963444,86.455781,Attack
0.026849,tcp,-,FIN,50,48,3062,32940,3612.797526,31,29,894186.0,9610488.0,0.552979,0.561277,Normal
3e-06,udp,dns,INT,2,0,114,0,333333.3215,254,0,152000000.0,0.0,0.003,0.0,Attack
0.065859,tcp,-,FIN,50,50,3062,32642,1503.211465,31,29,364536.375,3885877.5,1.365583,1.334041,Normal
8e-06,udp,dns,INT,2,0,114,0,125000.0003,254,0,57000000.0,0.0,0.008,0.0,Attack
7e-06,udp,dns,INT,2,0,114,0,142857.1409,254,0,65142856.0,0.0,0.007,0.0,Attack
1.005637,tcp,http,FIN,14,18,1684,10168,30.826231,31,29,12441.86426,76401.32031,77.330459,59.123118,Normal
0.043992,tcp,-,FIN,90,92,5174,83812,4114.384287,31,29,930532.8125,15075650.0,0.496318,0.488933,Normal
8e-06,udp,dns,INT,2,0,114,0,125000.0003,254,0,57000000.0,0.0,0.008,0.0,Attack
0.667338,tcp,http,FIN,10,6,1270,268,22.477365,254,252,13702.20117,2685.295898,70.937222,111.899602,Attack
9e-06,udp,dns,INT,2,0,114,0,111111.1072,254,0,50666664.0,0.0,0.009,0.0,Attack
0.001049,udp,dns,CON,2,2,130,162,2859.866662,31,29,495710.2188,617731.1875,0.009,0.008,Normal
1e-06,udp,dns,INT,2,0,114,0,1000000.003,254,0,456000000.0,0.0,0.001,0.0,Attack
4e-06,ipcv,-,INT,2,0,200,0,250000.0006,254,0,200000000.0,0.0,0.004,0.0,Attack
1e-06,udp,dns,INT,2,0,114,0,1000000.003,254,0,456000000.0,0.0,0.001,0.0,Attack
3e-06,unas,-,INT,2,0,200,0,333333.3215,254,0,266666656.0,0.0,0.003,0.0,Attack
1.307527,tcp,ftp-data,FIN,8,10,364,5520,13.001644,62,252,1951.776245,30396.31445,186.631996,135.038778,Attack
0.003994,tcp,ftp-data,FIN,14,8,8928,424,5257.88664,31,29,16606910.0,743114.625,0.307231,0.5525,Normal
1.06444,tcp,http,FIN,14,18,1684,10168,29.123295,31,29,11754.53711,72180.67969,81.854151,62.584882,Normal
1.910817,tcp,-,FIN,60,16,68185,698,39.250226,254,252,280713.4375,2742.282471,32.386729,121.09007,Attack
0.438941,tcp,-,FIN,10,6,584,268,34.173158,254,252,9586.709961,4082.553223,47.278889,84.752602,Attack
3e-06,udp,dns,INT,2,0,114,0,333333.3215,254,0,152000000.0,0.0,0.003,0.0,Attack
0.677506,tcp,http,FIN,10,8,768,2954,25.092028,62,252,8171.14502,30523.71289,75.278444,90.028711,Attack
0.041481,tcp,-,FIN,66,68,3926,57474,3206.287259,31,29,745787.25,10921434.0,0.633215,0.610433,Normal
0.395538,tcp,-,FIN,8,8,364,524,37.923031,62,252,6451.97168,9283.557617,56.505429,52.836715,Attack
2e-06,sctp,-,INT,2,0,640,0,500000.0013,254,0,1280000000.0,0.0,0.002,0.0,Attack
0.592501,tcp,ftp-data,FIN,8,12,424,8824,32.067457,31,29,5009.274414,109218.3828,84.598426,53.821362,Normal
9e-06,udp,dns,INT,2,0,114,0,111111.1072,254,0,50666664.0,0.0,0.009,0.0,Attack
5e-06,merit-inp,-,INT,2,0,200,0,200000.0051,254,0,160000000.0,0.0,0.005,0.0,Attack
0.0,arp,-,INT,1,0,46,0,0.0,0,0,0.0,0.0,60000.588,0.0,Normal
0.016841,tcp,-,FIN,48,50,2958,32642,5759.753002,31,29,1376165.375,15196247.0,0.351681,0.340937,Normal
5e-06,udp,dns,INT,2,0,114,0,200000.0051,254,0,91200000.0,0.0,0.005,0.0,Attack
1.02188,cbt,-,INT,4,0,360,0,2.935765,254,0,2113.750977,0.0,340.626656,0.0,Attack
8e-06,udp,dns,INT,2,0,114,0,125000.0003,254,0,57000000.0,0.0,0.008,0.0,Attack
0.635484,tcp,-,FIN,10,8,1404,2490,26.751264,254,252,15912.28125,27431.06055,70.609333,73.49643,Attack
9e-06,udp,dns,INT,2,0,114,0,111111.1072,254,0,50666664.0,0.0,0.009,0.0,Attack
1.005128,tcp,http,FIN,12,18,1580,10168,28.852046,31,29,11532.85938,76440.01563,91.343,59.097938,Normal
4e-06,unas,-,INT,2,0,200,0,250000.0006,254,0,200000000.0,0.0,0.004,0.0,Attack
0.242542,tcp,http,FIN,24,10,22934,1380,136.05891,254,252,724954.875,40966.10156,10.545305,25.243,Attack
0.008887,tcp,-,FIN,34,36,2230,13500,7764.149548,31,29,1948914.0,11815010.0,0.259364,0.237457,Normal
3e-06,unas,-,INT,2,0,200,0,333333.3215,254,0,266666656.0,0.0,0.003,0.0,Attack
9e-06,udp,dns,INT,2,0,114,0,111111.1072,254,0,50666664.0,0.0,0.009,0.0,Attack
0.00111,udp,dns,CON,2,2,146,178,2702.702815,31,29,526126.125,641441.4375,0.008,0.007,Normal
8e-06,udp,dns,INT,2,0,114,0,125000.0003,254,0,57000000.0,0.0,0.008,0.0,Attack
8e-06,udp,-,INT,2,0,166,0,125000.0003,254,0,83000000.0,0.0,0.008,0.0,Attack
0.861654,tcp,-,FIN,10,6,534,268,17.40838,254,252,4465.82959,2079.721191,92.022556,150.566797,Attack
3e-06,udp,dns,INT,2,0,114,0,333333.3215,254,0,152000000.0,0.0,0.003,0.0,Attack
8e-06,udp,dns,INT,2,0,114,0,125000.0003,254,0,57000000.0,0.0,0.008,0.0,Attack
9e-06,unas,-,INT,2,0,200,0,111111.1072,254,0,88888888.0,0.0,0.009,0.0,Attack
8e-06,udp,-,INT,2,0,392,0,125000.0003,254,0,196000000.0,0.0,0.008,0.0,Attack
25.642588,ospf,-,INT,42,0,2688,0,1.598903,254,0,818.638123,0.0,625.429,0.0,Attack
2e-06,udp,dns,INT,2,0,114,0,500000.0013,254,0,228000000.0,0.0,0.002,0.0,Attack
1.127113,tcp,-,FIN,60,16,68187,698,66.541687,254,252,475913.25,4649.045898,19.10361,70.726266,Attack
2.198518,tcp,-,FIN,14,14,667,662,12.281,254,252,2256.065186,2237.871094,169.104236,162.182312,Attack
9e-06,udp,dns,INT,2,0,114,0,111111.1072,254,0,50666664.0,0.0,0.009,0.0,Attack
59.423801,ospf,-,INT,32,0,3456,0,0.521676,254,0,450.728485,0.0,1916.896625,0.0,Attack
1.075418,tcp,-,FIN,32,16,27822,850,43.703937,254,252,200502.5,5928.857422,34.690904,65.359,Normal
9e-06,udp,-,INT,2,0,168,0,111111.1072,254,0,74666664.0,0.0,0.009,0.0,Attack
0.614482,tcp,-,FIN,10,6,534,268,24.410805,254,252,6262.185059,2916.277588,63.182,103.973203,Normal
0.208142,tcp,-,FIN,60,62,3598,48710,581.333904,31,29,136022.5313,1842011.75,3.521797,3.402,Normal
4e-06,udp,-,INT,2,0,1064,0,250000.0006,254,0,1064000000.0,0.0,0.004,0.0,Attack
9e-06,wb-mon,-,INT,2,0,200,0,111111.1072,254,0,88888888.0,0.0,0.009,0.0,Attack
0.013131,tcp,-,FIN,16,18,1540,1644,2513.136832,31,29,879750.1875,946157.9375,0.8538,0.745529,Normal
4e-06,udp,-,INT,2,0,1284,0,250000.0006,254,0,1284000000.0,0.0,0.004,0.0,Attack
3.731134,tcp,smtp,FIN,34,24,25018,1860,15.276857,62,252,52065.67188,3822.966553,112.287059,159.691047,Attack
9e-06,udp,dns,INT,2,0,114,0,111111.1072,254,0,50666664.0,0.0,0.009,0.0,Attack
9e-06,sep,-,INT,2,0,200,0,111111.1072,254,0,88888888.0,0.0,0.009,0.0,Attack
5e-06,udp,dns,INT,2,0,114,0,200000.0051,254,0,91200000.0,0.0,0.005,0.0,Attack
0.018524,tcp,-,FIN,16,18,1540,1644,1781.472644,31,29,623623.375,670697.4375,1.211267,1.062647,Normal
3e-06,udp,dns,INT,2,0,114,0,333333.3215,254,0,152000000.0,0.0,0.003,0.0,Attack
0.018322,tcp,-,FIN,16,18,1540,1644,1801.113388,31,29,630498.875,678091.875,1.200133,1.051,Normal
0.001123,udp,dns,CON,2,2,146,178,2671.415725,31,29,520035.5938,634016.0,0.001,0.001,Normal
1.567014,tcp,http,FIN,10,8,862,354,10.848659,254,252,3961.675049,1582.62793,174.035667,208.341719,Attack
2.584773,tcp,http,FIN,10,12,820,7286,8.124504,62,252,2284.146484,20671.83398,287.197,225.615364,Attack
0.579435,tcp,http,FIN,10,8,906,354,29.338925,254,252,11266.14746,4280.03125,60.882111,72.73457,Attack
3e-06,udp,dns,INT,2,0,114,0,333333.3215,254,0,152000000.0,0.0,0.003,0.0,Attack
0.969101,tcp,-,FIN,10,8,564,354,17.542031,254,252,4193.577148,2559.072754,104.030556,132.147281,Attack
3e-06,udp,dns,INT,2,0,114,0,333333.3215,254,0,152000000.0,0.0,0.003,0.0,Attack
8e-06,ipv6-route,-,INT,2,0,200,0,125000.0003,254,0,100000000.0,0.0,0.008,0.0,Attack
3e-06,udp,dns,INT,2,0,114,0,333333.3215,254,0,152000000.0,0.0,0.003,0.0,Attack
0.001058,udp,dns,CON,2,2,132,164,2835.538689,31,29,499054.8125,620037.8125,0.007,0.004,Normal
0.0,arp,-,INT,1,0,46,0,0.0,0,0,0.0,0.0,60000.664,0.0,Normal
9e-06,udp,dns,INT,2,0,114,0,111111.1072,254,0,50666664.0,0.0,0.009,0.0,Attack
21.012264,tcp,-,FIN,26,28,4152,2976,2.522336,31,29,1520.255005,1092.69519,840.47482,808.14325,Normal
1.350508,tcp,-,FIN,10,8,516,354,12.587856,254,252,2754.519043,1836.346069,145.425667,162.253859,Attack
0.23472,sctp,-,CON,4,2,536,440,21.301976,254,60,13701.43066,7498.29541,78.24,0.004,Attack
8e-06,tlsp,-,INT,2,0,200,0,125000.0003,254,0,100000000.0,0.0,0.008,0.0,Attack
0.021952,tcp,-,FIN,60,62,3614,45696,5512.026361,31,29,1295189.5,16384476.0,0.370931,0.351443,Normal
0.459246,tcp,http,FIN,10,8,510,354,37.017197,254,252,7995.714355,5400.155762,50.219,58.005855,Attack
1e-05,tcp,-,REQ,2,0,90,0,100000.0025,254,0,36000000.0,0.0,0.01,0.0,Normal
9e-06,udp,dns,INT,2,0,114,0,111111.1072,254,0,50666664.0,0.0,0.009,0.0,Attack
5e-06,udp,-,INT,2,0,432,0,200000.0051,254,0,345600000.0,0.0,0.005,0.0,Attack
2e-06,udp,dns,INT,2,0,114,0,500000.0013,254,0,228000000.0,0.0,0.002,0.0,Attack
0.004663,udp,-,CON,4,4,568,312,1501.179536,31,29,730860.0,401458.3125,1.29,1.090333,Normal
8e-06,udp,dns,INT,2,0,114,0,125000.0003,254,0,57000000.0,0.0,0.008,0.0,Attack
9e-06,unas,-,INT,2,0,200,0,111111.1072,254,0,88888888.0,0.0,0.009,0.0,Attack
8e-06,udp,-,INT,2,0,168,0,125000.0003,254,0,84000000.0,0.0,0.008,0.0,Attack
0.540593,tcp,-,FIN,10,6,534,268,27.747306,254,252,7118.108887,3314.878174,54.638111,91.243602,Attack
0.039866,tcp,smtp,FIN,52,42,37492,3380,2332.814906,31,29,7378919.5,662218.4375,0.78838,0.960756,Normal
0.560276,tcp,-,FIN,10,6,514,268,26.772521,254,252,6611.027832,3198.423828,62.234333,92.037398,Normal
0.498608,tcp,-,FIN,10,6,526,268,30.083754,254,252,7605.172852,3594.005859,51.864778,89.572203,Attack
8e-06,udp,dns,INT,2,0,114,0,125000.0003,254,0,57000000.0,0.0,0.008,0.0,Attack
3e-06,udp,dns,INT,2,0,114,0,333333.3215,254,0,152000000.0,0.0,0.003,0.0,Attack
0.599961,tcp,-,FIN,10,6,588,268,25.001626,254,252,7067.126465,2986.86084,60.884222,97.781797,Attack
0.315034,tcp,http,FIN,10,8,772,1296,53.962429,62,252,17648.88867,28796.89063,34.993667,40.962145,Attack
9e-06,rdp,-,INT,2,0,200,0,111111.1072,254,0,88888888.0,0.0,0.009,0.0,Attack
0.587041,udp,dhcp,CON,4,2,1330,704,8.517292,254,60,13600.41211,4796.938965,195.680328,0.002,Attack
9e-06,udp,dns,INT,2,0,114,0,111111.1072,254,0,50666664.0,0.0,0.009,0.0,Attack
0.807092,tcp,ftp-data,FIN,8,8,364,828,18.585242,62,252,3161.968994,7186.293457,115.298862,105.920141,Attack
5e-06,udp,dns,INT,2,0,114,0,200000.0051,254,0,91200000.0,0.0,0.005,0.0,Attack
4e-06,udp,dns,INT,2,0,114,0,250000.0006,254,0,114000000.0,0.0,0.004,0.0,Attack
0.738705,tcp,-,FIN,10,8,546,354,23.013247,254,252,5328.243652,3357.226562,82.078333,85.05557,Normal
2.067676,tcp,-,FIN,10,8,740,354,8.221791,254,252,2576.805908,1199.414185,229.741778,282.602156,Attack
26.391916,tcp,smtp,RST,864,122,1131247,5246,37.322034,254,252,342510.3438,1577.149536,24.704906,216.705641,Attack
8e-06,unas,-,INT,2,0,200,0,125000.0003,254,0,100000000.0,0.0,0.008,0.0,Attack
8e-06,larp,-,INT,2,0,200,0,125000.0003,254,0,100000000.0,0.0,0.008,0.0,Attack
7e-06,udp,dns,INT,2,0,114,0,142857.1409,254,0,65142856.0,0.0,0.007,0.0,Attack
9e-06,udp,dns,INT,2,0,114,0,111111.1072,254,0,50666664.0,0.0,0.009,0.0,Attack
9e-06,udp,dns,INT,2,0,114,0,111111.1072,254,0,50666664.0,0.0,0.009,0.0,Attack
0.091048,tcp,-,FIN,22,24,2054,2478,494.244782,31,29,172304.7188,208681.125,4.319,4.111591,Normal
1.19425,tcp,-,FIN,10,8,454,372,14.234876,254,252,2739.794922,2183.797363,128.065,153.131422,Attack
0.029925,tcp,smtp,FIN,52,42,37210,3380,3107.769432,31,29,9756391.0,882205.5,0.57998,0.717781,Normal
0.220075,tcp,http,FIN,10,8,808,2198,77.246395,62,252,26463.70508,69939.79688,24.452778,29.901428,Attack
2e-06,udp,-,INT,2,0,78,0,500000.0013,254,0,156000000.0,0.0,0.002,0.0,Normal
0.02095,tcp,-,FIN,48,50,2958,32642,4630.071437,31,29,1106253.0,12215751.0,0.448348,0.416755,Normal
5e-06,udp,dns,INT,2,0,114,0,200000.0051,254,0,91200000.0,0.0,0.005,0.0,Attack
0.406395,tcp,http,FIN,10,10,750,4208,46.752545,62,252,13287.56543,74567.85156,45.155,42.757,Attack
1e-05,unas,-,INT,2,0,200,0,100000.0025,254,0,80000000.0,0.0,0.01,0.0,Attack
0.030821,tcp,-,FIN,72,74,4238,63516,4704.584644,31,29,1084974.5,16263717.0,0.44187,0.413808,Normal
4e-06,udp,-,INT,2,0,168,0,250000.0006,254,0,168000000.0,0.0,0.004,0.0,Attack
5e-06,udp,dns,INT,2,0,114,0,200000.0051,254,0,91200000.0,0.0,0.005,0.0,Attack
9e-06,udp,dns,INT,2,0,114,0,111111.1072,254,0,50666664.0,0.0,0.009,0.0,Attack
0.024874,tcp,-,FIN,60,62,3614,50036,4864.51719,31,29,1143040.875,15833079.0,0.415949,0.403967,Normal
2.5e-05,udp,-,INT,2,0,168,0,40000.00101,254,0,26880000.0,0.0,0.025,0.0,Attack
0.328079,tcp,-,FIN,10,6,566,268,45.720697,254,252,12436.0293,5462.099121,34.523889,44.207,Attack
1e-05,udp,-,INT,2,0,974,0,100000.0025,254,0,389600000.0,0.0,0.01,0.0,Normal
0.906327,tcp,-,FIN,14,12,2070,678,27.583863,254,252,16974.00586,5490.291992,69.717462,75.370094,Normal
1e-05,udp,-,INT,2,0,624,0,100000.0025,254,0,249600000.0,0.0,0.01,0.0,Attack
4e-06,udp,-,INT,2,0,168,0,250000.0006,254,0,168000000.0,0.0,0.004,0.0,Attack
0.868383,tcp,http,FIN,10,6,1008,268,17.273484,254,252,8364.972656,2063.605713,85.770778,161.641406,Attack
0.048968,tcp,ftp-data,FIN,14,8,8928,424,428.851508,31,29,1354517.25,60611.01172,3.766769,6.909857,Normal
0.00098,udp,dns,CON,2,2,146,178,3061.224453,31,29,595918.375,726530.625,0.006,0.004,Normal
9e-06,udp,dns,INT,2,0,114,0,111111.1072,254,0,50666664.0,0.0,0.009,0.0,Attack
0.0,arp,-,INT,1,0,46,0,0.0,0,0,0.0,0.0,60000.96,0.0,Normal
9e-06,udp,dns,INT,2,0,114,0,111111.1072,254,0,50666664.0,0.0,0.009,0.0,Attack
9e-06,udp,dns,INT,2,0,114,0,111111.1072,254,0,50666664.0,0.0,0.009,0.0,Attack
1.156273,tcp,http,FIN,12,18,1580,10168,25.080582,31,29,10025.31445,66447.97656,105.083182,67.986998,Normal
0.357152,tcp,-,FIN,10,6,636,268,41.998927,254,252,12834.87207,5017.47168,36.658889,61.647602,Normal
1e-06,udp,dns,INT,2,0,114,0,1000000.003,254,0,456000000.0,0.0,0.001,0.0,Attack
3e-06,udp,dns,INT,2,0,114,0,333333.3215,254,0,152000000.0,0.0,0.003,0.0,Attack
3e-06,udp,-,INT,2,0,168,0,333333.3215,254,0,224000000.0,0.0,0.003,0.0,Attack
5e-06,udp,dns,INT,2,0,114,0,200000.0051,254,0,91200000.0,0.0,0.005,0.0,Attack
0.865569,tcp,-,FIN,18,20,1034,6956,42.746448,62,252,9029.898438,61083.51953,50.915824,43.916053,Attack
6e-06,any,-,INT,2,0,200,0,166666.6608,254,0,133333328.0,0.0,0.006,0.0,Attack
9e-06,udp,snmp,INT,2,0,138,0,111111.1072,254,0,61333332.0,0.0,0.009,0.0,Attack
9e-06,udp,dns,INT,2,0,114,0,111111.1072,254,0,50666664.0,0.0,0.009,0.0,Attack
5e-06,udp,dns,INT,2,0,114,0,200000.0051,254,0,91200000.0,0.0,0.005,0.0,Attack
0.013246,tcp,-,FIN,16,18,1540,1644,2491.318169,31,29,872112.375,937943.5625,0.862267,0.752294,Normal
1e-05,i-nlsp,-,INT,2,0,200,0,100000.0025,254,0,80000000.0,0.0,0.01,0.0,Attack
0.834994,tcp,-,FIN,108,18,135477,774,149.701671,254,252,1285978.125,7003.643066,9.039945,58.617832,Attack
3.330127,tcp,smtp,FIN,176,44,214135,2726,65.763258,62,252,511497.625,6402.158203,19.138661,75.853836,Attack
16.170187,ospf,-,REQ,16,0,4352,0,0.927633,254,0,2018.529541,0.0,1290.972,0.0,Attack
3e-06,udp,dns,INT,2,0,114,0,333333.3215,254,0,152000000.0,0.0,0.003,0.0,Attack
9e-06,unas,-,INT,2,0,200,0,111111.1072,254,0,88888888.0,0.0,0.009,0.0,Attack
8e-06,dgp,-,INT,2,0,200,0,125000.0003,254,0,100000000.0,0.0,0.008,0.0,Attack
0.204258,tcp,http,FIN,10,6,1018,268,73.436538,254,252,35915.36328,8773.21875,20.749111,39.071801,Attack
9e-06,unas,-,INT,2,0,200,0,111111.1072,254,0,88888888.0,0.0,0.009,0.0,Attack
0.966844,tcp,-,FIN,10,8,514,354,17.582981,254,252,3831.02124,2565.046631,104.680667,124.42157,Normal
6e-06,udp,-,INT,2,0,622,0,166666.6608,254,0,414666656.0,0.0,0.006,0.0,Normal
0.031849,tcp,-,FIN,48,50,2958,33044,3045.621469,31,29,727683.75,8134384.0,0.68563,0.640041,Normal
9e-06,udp,dns,INT,2,0,114,0,111111.1072,254,0,50666664.0,0.0,0.009,0.0,Attack
8e-06,udp,dns,INT,2,0,114,0,125000.0003,254,0,57000000.0,0.0,0.008,0.0,Attack
5e-06,udp,dns,INT,2,0,114,0,200000.0051,254,0,91200000.0,0.0,0.005,0.0,Attack
9e-06,unas,-,INT,2,0,200,0,111111.1072,254,0,88888888.0,0.0,0.009,0.0,Attack
0.001095,udp,dns,CON,2,2,130,162,2739.726138,31,29,474885.875,591780.875,0.009,0.007,Normal
3e-06,udp,dns,INT,2,0,114,0,333333.3215,254,0,152000000.0,0.0,0.003,0.0,Attack
0.704802,tcp,http,FIN,14,8,8526,1038,29.795603,62,252,89863.53906,10317.79199,54.215537,91.274711,Attack
0.007272,tcp,ssh,FIN,32,24,3728,5474,7563.256368,31,29,3973597.5,5771177.0,0.2424,0.274739,Normal
0.934978,tcp,-,FIN,10,8,564,354,18.182246,254,252,4346.626465,2652.46875,103.886444,127.220289,Attack
0.525966,tcp,-,FIN,28,28,4480,2976,104.569499,31,29,65707.67188,43653.01172,19.468555,19.459482,Normal
0.001032,udp,dns,CON,2,2,146,178,2906.976908,31,29,565891.5,689922.5,0.01,0.007,Normal
8e-06,udp,dns,INT,2,0,114,0,125000.0003,254,0,57000000.0,0.0,0.008,0.0,Attack
0.415802,tcp,-,FIN,10,6,934,268,36.074862,254,252,16180.77832,4309.743652,46.187444,68.935797,Normal
0.001042,udp,dns,CON,2,2,146,178,2879.078645,31,29,560460.625,683301.3125,0.009,0.01,Normal
0.0,arp,-,INT,1,0,46,0,0.0,0,0,0.0,0.0,60000.648,0.0,Normal
0.002864,tcp,ftp-data,FIN,6,8,320,1910,4539.106269,31,29,745810.0625,4670391.0,0.5092,0.334,Normal
0.0,arp,-,INT,1,0,46,0,0.0,0,0,0.0,0.0,60000.616,0.0,Normal
0.870575,tcp,ftp,FIN,52,54,2934,3742,120.60994,31,29,26446.88867,33752.40625,17.063824,16.415717,Normal
3.89736,tcp,-,FIN,238,438,13662,548216,173.194158,31,29,27926.5957,1122739.5,16.443211,8.917407,Normal
0.230239,tcp,http,FIN,10,8,832,1016,73.836317,62,252,26025.13086,30889.64063,25.582111,31.223285,Attack
5e-06,br-sat-mon,-,INT,2,0,200,0,200000.0051,254,0,160000000.0,0.0,0.005,0.0,Attack
5e-06,ipnip,-,INT,2,0,180,0,200000.0051,254,0,144000000.0,0.0,0.005,0.0,Attack
0.316354,tcp,http,FIN,10,8,784,1632,53.737268,62,252,17853.41797,36111.44531,35.150444,42.009285,Attack
0.854181,tcp,-,FIN,10,6,1294,268,17.560681,254,252,10911.03613,2097.916016,88.219111,152.707797,Attack
1.648723,tcp,http,FIN,14,12,3054,6854,15.163251,62,252,13760.95313,30486.625,126.824851,138.007547,Attack
3.289987,tcp,smtp,FIN,186,44,221725,2860,69.605136,62,252,536252.5625,6796.379395,17.779179,75.690187,Attack
8e-06,udp,-,INT,2,0,78,0,125000.0003,254,0,39000000.0,0.0,0.008,0.0,Normal
0.004975,udp,-,CON,4,4,568,320,1407.035195,31,29,685025.125,385929.6563,1.288,1.178,Normal
9e-06,xns-idp,-,INT,2,0,200,0,111111.1072,254,0,88888888.0,0.0,0.009,0.0,Attack
9e-06,rsvp,-,INT,2,0,200,0,111111.1072,254,0,88888888.0,0.0,0.009,0.0,Attack
1.016729,tcp,dns,FIN,10,8,508,354,16.720286,254,252,3603.713379,2439.194824,109.550889,133.536281,Attack
1.527297,tcp,-,FIN,10,6,590,268,9.821272,254,252,2781.384277,1173.314697,166.857667,291.050813,Attack
6e-06,udp,-,INT,2,0,1064,0,166666.6608,254,0,709333312.0,0.0,0.006,0.0,Normal
0.0,arp,-,INT,1,0,46,0,0.0,0,0,0.0,0.0,60000.672,0.0,Normal
0.759133,tcp,http,FIN,10,12,800,4868,27.663137,62,252,7587.603516,47032.60156,84.348111,63.136636,Attack
9e-06,udp,dns,INT,2,0,114,0,111111.1072,254,0,50666664.0,0.0,0.009,0.0,Attack
2e-06,udp,dns,INT,2,0,114,0,500000.0013,254,0,228000000.0,0.0,0.002,0.0,Attack
0.455497,tcp,ftp-data,FIN,8,8,364,970,32.931062,62,252,5602.671387,14911.18457,64.95,63.08257,Attack
0.379444,tcp,-,FIN,28,30,4456,3080,150.219794,31,29,90595.71094,62786.60156,14.04137,13.065725,Normal
0.035942,tcp,-,FIN,84,86,4862,75600,4702.019999,31,29,1069500.875,16631462.0,0.434549,0.422,Normal
9e-06,udp,dns,INT,2,0,114,0,111111.1072,254,0,50666664.0,0.0,0.009,0.0,Attack
0.049902,tcp,-,FIN,40,42,2558,23162,1623.181451,31,29,399983.9688,3624864.75,1.27141,1.202561,Normal
0.420452,tcp,-,FIN,20,8,17266,354,64.216605,254,252,312102.2188,5898.414062,20.327948,49.617285,Attack
1.008592,st2,-,INT,4,0,360,0,2.974444,254,0,2141.599365,0.0,336.197344,0.0,Attack
1.44621,tcp,-,FIN,60,16,68183,698,51.859687,254,252,370883.875,3623.263428,24.509441,90.079602,Attack
0.029976,tcp,-,FIN,52,54,3182,39076,3502.802342,31,29,832933.0625,10235655.0,0.59312,0.553434,Normal
1.004573,tcp,http,FIN,12,18,1580,10168,28.867987,31,29,11539.23145,76482.25,91.292727,59.060765,Normal
8e-06,unas,-,INT,2,0,200,0,125000.0003,254,0,100000000.0,0.0,0.008,0.0,Attack
8e-06,netblt,-,INT,2,0,200,0,125000.0003,254,0,100000000.0,0.0,0.008,0.0,Attack
9e-06,stp,-,INT,2,0,200,0,111111.1072,254,0,88888888.0,0.0,0.009,0.0,Attack
3e-06,udp,dns,INT,2,0,114,0,333333.3215,254,0,152000000.0,0.0,0.003,0.0,Attack
8e-06,udp,dns,INT,2,0,114,0,125000.0003,254,0,57000000.0,0.0,0.008,0.0,Attack
6.693488,tcp,-,FIN,16,18,1272,2572,4.930165,31,29,1425.863403,2904.315186,446.209058,393.696125,Normal
6e-06,udp,-,INT,2,0,236,0,166666.6608,254,0,157333328.0,0.0,0.006,0.0,Attack
0.309224,tcp,-,FIN,10,6,564,268,48.508523,254,252,13142.57617,5795.151367,28.813889,56.891602,Attack
1e-05,unas,-,INT,2,0,200,0,100000.0025,254,0,80000000.0,0.0,0.01,0.0,Attack
9e-06,udp,-,INT,2,0,168,0,111111.1072,254,0,74666664.0,0.0,0.009,0.0,Attack
0.18884,tcp,-,FIN,10,6,1640,268,79.432323,254,252,62529.125,9489.514648,19.451444,36.589602,Attack
0.949621,tcp,http,FIN,14,12,2408,3642,26.326292,254,252,18836.98828,28129.11523,69.956308,79.329367,Attack
9e-06,udp,dns,INT,2,0,114,0,111111.1072,254,0,50666664.0,0.0,0.009,0.0,Attack
0.773969,tcp,-,FIN,10,8,564,354,21.964704,254,252,5250.856445,3204.262695,85.996556,102.001141,Attack
0.964951,tcp,ftp-data,FIN,8,8,364,2440,15.544831,62,252,2644.693848,17700.38086,137.850143,128.741141,Attack
7e-06,udp,dns,INT,2,0,114,0,142857.1409,254,0,65142856.0,0.0,0.007,0.0,Attack
8e-06,udp,dns,INT,2,0,114,0,125000.0003,254,0,57000000.0,0.0,0.008,0.0,Attack
0.001067,udp,dns,CON,2,2,146,178,2811.621433,31,29,547329.0,667291.5,0.002,0.006,Normal
0.047398,tcp,ftp-data,FIN,14,8,8928,424,443.05666,31,29,1399383.875,62618.67578,3.646,6.640286,Normal
0.001048,udp,dns,CON,2,2,146,178,2862.595564,31,29,557251.9375,679389.375,0.001,0.007,Normal
0.004436,tcp,-,FIN,22,14,1470,1728,7889.991366,31,29,2532011.0,2894499.75,0.211238,0.288,Normal
0.018001,tcp,-,FIN,16,18,1540,1644,1833.231542,31,29,641742.125,690183.875,1.178733,1.028941,Normal
0.440685,tcp,http,FIN,10,8,862,1132,38.576307,62,252,14087.15918,17990.17383,48.965,55.114,Normal
1.227413,tcp,-,FIN,12,10,994,826,17.109155,254,252,5944.208984,4849.223145,111.571909,126.727781,Attack
0.443788,tcp,ssh,FIN,32,24,3728,5474,123.933051,31,29,65112.17188,94567.67969,14.792934,19.266174,Normal
7.224219,ospf,-,REQ,22,0,2376,0,2.906889,254,0,2511.551758,0.0,370.975969,0.0,Attack
0.01684,tcp,-,FIN,16,18,1540,1644,1959.619987,31,29,685985.75,737767.25,1.100933,0.963,Normal
1.458923,tcp,http,FIN,10,8,832,354,11.652431,254,252,4107.13916,1699.884155,162.009333,191.996719,Attack
59.993931,arp,-,INT,2,0,92,0,0.016668,0,0,6.133954,0.0,60000.712,0.0,Normal
9e-06,udp,dns,INT,2,0,114,0,111111.1072,254,0,50666664.0,0.0,0.009,0.0,Attack
9e-06,udp,dns,INT,2,0,114,0,111111.1072,254,0,50666664.0,0.0,0.009,0.0,Attack
1.647631,tcp,ftp,FIN,52,54,2934,3742,63.727859,31,29,13974.00195,17834.08984,32.299784,31.077303,Normal
9e-06,udp,dns,INT,2,0,114,0,111111.1072,254,0,50666664.0,0.0,0.009,0.0,Attack
4e-06,scps,-,INT,2,0,200,0,250000.0006,254,0,200000000.0,0.0,0.004,0.0,Attack
9e-06,udp,dns,INT,2,0,114,0,111111.1072,254,0,50666664.0,0.0,0.009,0.0,Attack
9e-06,udp,dns,INT,2,0,114,0,111111.1072,254,0,50666664.0,0.0,0.009,0.0,Attack
7e-06,unas,-,INT,2,0,200,0,142857.1409,254,0,114285712.0,0.0,0.007,0.0,Attack
0.431377,tcp,-,FIN,10,8,566,354,39.408685,254,252,9458.083984,5749.031738,46.715778,57.22857,Attack
0.070486,tcp,-,FIN,60,62,3614,45696,1716.652912,31,29,403370.875,5102743.5,1.253089,1.147836,Normal
3e-06,udp,dns,INT,2,0,114,0,333333.3215,254,0,152000000.0,0.0,0.003,0.0,Attack
1e-06,sat-expak,-,INT,2,0,200,0,1000000.003,254,0,800000000.0,0.0,0.001,0.0,Attack
4e-06,udp,dns,INT,2,0,114,0,250000.0006,254,0,114000000.0,0.0,0.004,0.0,Attack
6e-06,udp,-,INT,2,0,168,0,166666.6608,254,0,112000000.0,0.0,0.006,0.0,Attack
0.014357,tcp,-,FIN,16,18,1540,1644,2298.530388,31,29,804624.9375,865361.875,0.9358,0.817353,Normal
1e-05,udp,dns,INT,2,0,114,0,100000.0025,254,0,45600000.0,0.0,0.01,0.0,Attack
0.520594,tcp,-,FIN,10,6,2516,268,28.81324,254,252,34806.39453,3442.22168,56.065111,85.999,Normal
9e-06,udp,dns,INT,2,0,114,0,111111.1072,254,0,50666664.0,0.0,0.009,0.0,Attack
0.288125,udp,-,CON,4,4,568,312,24.29501,31,29,11828.19922,6497.179688,90.969336,90.949,Normal
0.039249,tcp,smtp,FIN,54,42,37808,3380,2420.443882,31,29,7563607.0,672628.625,0.76302,0.943878,Normal
0.064561,tcp,-,FIN,48,50,2958,32642,1502.454997,31,29,358978.3125,3964003.0,1.36666,1.328875,Normal
0.004013,tcp,http,FIN,8,10,1052,824,4236.232186,31,29,1836032.875,1479192.625,0.521143,0.385222,Normal
0.006957,tcp,ssh,FIN,32,24,3728,5474,7905.706345,31,29,4153514.25,6032485.0,0.2319,0.268696,Normal
1e-06,udp,dns,INT,2,0,114,0,1000000.003,254,0,456000000.0,0.0,0.001,0.0,Attack
0.02104,tcp,-,FIN,22,24,2054,2478,2138.783268,31,29,745627.375,903041.8125,0.985714,0.888391,Normal
0.657167,tcp,-,FIN,12,8,1374,754,28.911981,254,252,15338.56641,8034.487305,57.171273,79.597711,Attack
4.737405,tcp,ftp,FIN,26,22,1330,1624,9.921044,62,252,2159.832275,2619.155518,189.4962,218.023518,Attack
4.026516,tcp,-,FIN,10,8,564,354,4.222012,254,252,1009.309326,615.917114,442.506778,562.441312,Attack
0.069044,tcp,-,FIN,60,62,3614,45696,1752.505613,31,29,411795.375,5209315.5,1.16478,1.130367,Normal
0.866881,tcp,http,FIN,60,14,68197,612,84.209942,254,252,618871.5625,5251.008789,14.093017,62.542691,Normal
1.2e-05,udp,dns,INT,2,0,114,0,83333.33039,254,0,38000000.0,0.0,0.012,0.0,Attack
3e-06,udp,dns,INT,2,0,114,0,333333.3215,254,0,152000000.0,0.0,0.003,0.0,Attack
0.59859,tcp,-,FIN,18,6,14190,268,38.423628,254,252,179114.25,2993.701904,31.195001,105.403602,Attack
9e-06,udp,dns,INT,2,0,114,0,111111.1072,254,0,50666664.0,0.0,0.009,0.0,Attack
9e-06,unas,-,INT,2,0,200,0,111111.1072,254,0,88888888.0,0.0,0.009,0.0,Attack
5e-06,udp,dns,INT,2,0,114,0,200000.0051,254,0,91200000.0,0.0,0.005,0.0,Attack
1e-05,unas,-,INT,2,0,200,0,100000.0025,254,0,80000000.0,0.0,0.01,0.0,Attack
2e-06,udp,dns,INT,2,0,114,0,500000.0013,254,0,228000000.0,0.0,0.002,0.0,Attack
0.460336,tcp,-,FIN,10,8,1506,354,36.929547,254,252,23565.39648,5387.369141,48.751222,57.33943,Normal
5e-06,udp,dns,INT,2,0,114,0,200000.0051,254,0,91200000.0,0.0,0.005,0.0,Attack
9e-06,unas,-,INT,2,0,200,0,111111.1072,254,0,88888888.0,0.0,0.009,0.0,Attack
4e-06,udp,dns,INT,2,0,114,0,250000.0006,254,0,114000000.0,0.0,0.004,0.0,Attack
4e-06,udp,dns,INT,2,0,114,0,250000.0006,254,0,114000000.0,0.0,0.004,0.0,Attack
0.429374,tcp,-,FIN,10,6,646,268,34.934578,254,252,10843.69336,4173.517578,44.173778,70.186,Normal
0.043464,udp,-,CON,4,4,568,320,161.052821,31,29,78409.71875,44174.48828,9.329667,13.985,Normal
0.223446,tcp,ftp-data,FIN,8,12,424,8824,85.031732,31,29,13282.85156,289609.125,31.876427,20.271818,Normal
6e-06,udp,dns,INT,2,0,114,0,166666.6608,254,0,76000000.0,0.0,0.006,0.0,Attack
0.402526,tcp,ftp-data,FIN,8,8,364,826,37.264674,62,252,6339.963379,14369.25879,57.503712,55.05757,Attack
0.410324,tcp,-,FIN,10,6,652,268,36.556477,254,252,11444.61426,4367.280273,40.620333,69.462,Attack
6e-06,udp,dns,INT,2,0,114,0,166666.6608,254,0,76000000.0,0.0,0.006,0.0,Attack
1e-05,unas,-,INT,2,0,200,0,100000.0025,254,0,80000000.0,0.0,0.01,0.0,Attack
1.07167,tcp,-,FIN,14,16,778,850,27.060568,254,252,5397.183594,5949.592285,82.436156,69.61493,Normal
1e-05,udp,-,INT,2,0,746,0,100000.0025,254,0,298400000.0,0.0,0.01,0.0,Normal
4.8e-05,udp,-,INT,1,0,112,0,0.0,255,0,0.0,0.0,0.0,0.0,Attack
0.691586,tcp,-,FIN,10,8,490,354,24.581179,254,252,5101.317871,3585.960205,76.842889,89.52657,Normal
7e-06,udp,dns,INT,2,0,114,0,142857.1409,254,0,65142856.0,0.0,0.007,0.0,Attack
9e-06,unas,-,INT,2,0,200,0,111111.1072,254,0,88888888.0,0.0,0.009,0.0,Attack
9e-06,unas,-,INT,2,0,200,0,111111.1072,254,0,88888888.0,0.0,0.009,0.0,Attack
0.291362,tcp,http,FIN,10,6,864,268,51.482351,254,252,21361.74414,6150.424805,30.609667,49.914602,Attack
7.768967,ospf,-,REQ,20,0,5440,0,2.445628,254,0,5321.685547,0.0,465.277062,0.0,Attack
8e-06,udp,dns,INT,2,0,114,0,125000.0003,254,0,57000000.0,0.0,0.008,0.0,Attack
0.679728,tcp,smtp,FIN,12,12,1102,732,33.837066,254,252,11898.87793,7897.276855,61.793453,54.436184,Attack
5e-06,pgm,-,INT,2,0,200,0,200000.0051,254,0,160000000.0,0.0,0.005,0.0,Attack
0.0,arp,-,INT,1,0,46,0,0.0,0,0,0.0,0.0,60000.752,0.0,Normal
0.507289,tcp,http,FIN,10,6,862,268,29.568944,254,252,12237.60059,3532.503174,56.258,94.373797,Attack
9e-06,udp,dns,INT,2,0,114,0,111111.1072,254,0,50666664.0,0.0,0.009,0.0,Attack
2e-06,udp,dns,INT,2,0,114,0,500000.0013,254,0,228000000.0,0.0,0.002,0.0,Attack
58.899662,ospf,-,REQ,58,0,6264,0,0.967747,254,0,836.13385,0.0,1060.308125,0.0,Attack
0.479155,udp,-,CON,4,4,568,312,14.609051,31,29,7112.520996,3906.877686,138.012672,144.264328,Normal
2.728918,tcp,ftp,FIN,14,12,810,682,9.16114,254,252,2207.468262,1835.159546,207.296687,245.365,Normal
3e-06,udp,dns,INT,2,0,114,0,333333.3215,254,0,152000000.0,0.0,0.003,0.0,Attack
9e-06,udp,dns,INT,2,0,114,0,111111.1072,254,0,50666664.0,0.0,0.009,0.0,Attack
1e-06,udp,dns,INT,2,0,114,0,1000000.003,254,0,456000000.0,0.0,0.001,0.0,Attack
0.404665,tcp,-,FIN,28,30,4616,3080,140.857255,31,29,88013.54688,58873.39063,14.976518,13.935207,Normal
7.163756,tcp,smtp,FIN,290,64,368587,3554,49.275828,62,252,410194.875,3907.44751,24.874153,112.355109,Attack
2e-06,udp,dns,INT,2,0,114,0,500000.0013,254,0,228000000.0,0.0,0.002,0.0,Attack
13.998475,tcp,-,REQ,6,0,270,0,0.357182,254,0,128.585434,0.0,2799.695,0.0,Normal
3e-06,br-sat-mon,-,INT,2,0,200,0,333333.3215,254,0,266666656.0,0.0,0.003,0.0,Attack
8e-06,sun-nd,-,INT,2,0,200,0,125000.0003,254,0,100000000.0,0.0,0.008,0.0,Attack
1.015229,udp,-,CON,4,2,228,91,4.924997,254,60,1347.479248,362.479797,8.029667,0.013,Attack
3.230841,tcp,ssh,FIN,110,116,9608,12402,69.641312,31,29,23575.28711,30446.5625,29.912296,28.089505,Normal
0.001069,udp,dns,CON,2,2,146,178,2806.361109,31,29,546304.9375,666043.0625,0.009,0.007,Normal
0.868143,tcp,smtp,FIN,24,20,9832,1694,49.531009,62,252,86833.61719,14836.26465,37.745349,44.727051,Attack
0.104883,tcp,-,FIN,62,62,3702,48710,1172.735331,31,29,277871.5313,3655501.75,1.714541,1.709639,Normal
9e-06,ipv6-route,-,INT,2,0,200,0,111111.1072,254,0,88888888.0,0.0,0.009,0.0,Attack
0.224348,tcp,http,FIN,10,6,830,268,66.860415,254,252,26637.18945,7987.59082,22.280556,42.318801,Attack
1.10593,tcp,ftp-data,FIN,8,10,364,3754,15.371679,62,252,2307.560303,24442.77734,157.99,115.119222,Attack
52.422104,tcp,-,FIN,20,12,2438,536,0.591354,254,252,353.591309,75.082832,2755.762947,4763.7965,Attack
5e-06,pgm,-,INT,2,0,200,0,200000.0051,254,0,160000000.0,0.0,0.005,0.0,Attack
4e-06,udp,-,INT,2,0,168,0,250000.0006,254,0,168000000.0,0.0,0.004,0.0,Attack
7e-06,udp,dns,INT,2,0,114,0,142857.1409,254,0,65142856.0,0.0,0.007,0.0,Attack
9e-06,udp,dns,INT,2,0,114,0,111111.1072,254,0,50666664.0,0.0,0.009,0.0,Attack
1e-05,udp,dns,INT,2,0,114,0,100000.0025,254,0,45600000.0,0.0,0.01,0.0,Attack
1.124851,tcp,-,FIN,60,14,68185,612,64.897485,254,252,476856.0625,4046.758301,18.618407,77.491695,Attack
0.0,arp,-,INT,1,0,46,0,0.0,0,0,0.0,0.0,60000.684,0.0,Normal
3e-06,udp,dns,INT,2,0,114,0,333333.3215,254,0,152000000.0,0.0,0.003,0.0,Attack
0.954762,tcp,-,FIN,16,8,11022,354,24.089774,254,252,86589.11719,2597.506104,62.102264,118.51657,Attack
9e-06,udp,dns,INT,2,0,114,0,111111.1072,254,0,50666664.0,0.0,0.009,0.0,Attack
2.135667,tcp,http,FIN,344,746,18370,1087890,509.910935,31,29,68613.6875,4069668.0,6.261974,2.865956,Normal
5e-06,udp,dns,INT,2,0,114,0,200000.0051,254,0,91200000.0,0.0,0.005,0.0,Attack
0.0,arp,-,INT,1,0,46,0,0.0,0,0,0.0,0.0,0.0,0.0,Normal
9e-06,udp,dns,INT,2,0,114,0,111111.1072,254,0,50666664.0,0.0,0.009,0.0,Attack
4.53915,tcp,http,FIN,60,336,2992,440666,87.020693,62,252,5186.874023,774338.75,76.918221,13.258027,Attack
0.017935,tcp,-,FIN,16,18,1540,1644,1839.97766,31,29,644103.6875,692723.6875,1.171667,1.027706,Normal
9e-06,udp,dns,INT,2,0,114,0,111111.1072,254,0,50666664.0,0.0,0.009,0.0,Attack
3e-06,udp,-,INT,2,0,78,0,333333.3215,254,0,104000000.0,0.0,0.003,0.0,Normal
5e-06,udp,dns,INT,2,0,114,0,200000.0051,254,0,91200000.0,0.0,0.005,0.0,Attack
9e-06,unas,-,INT,2,0,200,0,111111.1072,254,0,88888888.0,0.0,0.009,0.0,Attack
3e-06,udp,dns,INT,2,0,114,0,333333.3215,254,0,152000000.0,0.0,0.003,0.0,Attack
3e-06,udp,dns,INT,2,0,114,0,333333.3215,254,0,152000000.0,0.0,0.003,0.0,Attack
1.406142,tcp,-,FIN,12,8,1038,774,13.512149,254,252,5416.238281,3857.363037,126.405006,195.162422,Attack
1.583387,tcp,-,FIN,10,8,1506,354,10.736478,254,252,6851.13623,1566.262695,175.918333,211.869422,Normal
3e-06,sctp,-,INT,2,0,200,0,333333.3215,254,0,266666656.0,0.0,0.003,0.0,Attack
0.525578,udp,radius,CON,8,8,1054,954,28.540006,254,60,14049.29395,12709.81641,69.152711,67.027859,Attack
0.638461,tcp,-,FIN,10,8,564,354,26.626529,254,252,6365.306641,3884.340576,70.4,90.270141,Attack
0.23129,tcp,http,FIN,10,6,1180,268,64.853648,254,252,36733.10547,7747.849121,23.513667,43.156602,Attack
5e-06,udp,-,INT,2,0,2640,0,200000.0051,254,0,2112000000.0,0.0,0.005,0.0,Attack
0.863282,tcp,http,FIN,10,6,884,268,17.37555,254,252,7376.5,2075.799072,88.956333,148.901406,Attack
1e-05,udp,-,INT,2,0,1064,0,100000.0025,254,0,425600000.0,0.0,0.01,0.0,Normal
1.257766,tcp,-,FIN,14,8,1250,742,16.696269,254,252,7384.521484,4134.314453,94.97069,168.428281,Attack
0.782421,tcp,-,FIN,16,8,10216,354,29.395939,254,252,97931.92969,3169.64917,49.017803,96.365,Attack
9e-06,udp,dns,INT,2,0,114,0,111111.1072,254,0,50666664.0,0.0,0.009,0.0,Attack
2.17078,tcp,pop3,FIN,20,20,942,2926,17.965893,62,252,3298.35376,10245.16602,114.251581,109.999367,Attack
3.938597,tcp,ftp,FIN,24,22,1252,1646,11.425388,62,252,2437.41626,3193.015137,171.243349,185.506953,Attack
9e-06,encap,-,INT,2,0,200,0,111111.1072,254,0,88888888.0,0.0,0.009,0.0,Attack
5e-06,mtp,-,INT,2,0,200,0,200000.0051,254,0,160000000.0,0.0,0.005,0.0,Attack
0.950795,tcp,-,FIN,22,18,3952,2304,41.018306,254,252,31746.06445,18308.88867,45.228286,54.099,Attack
1e-05,udp,-,INT,2,0,1344,0,100000.0025,254,0,537600000.0,0.0,0.01,0.0,Normal
9e-06,unas,-,INT,2,0,200,0,111111.1072,254,0,88888888.0,0.0,0.009,0.0,Attack
5e-06,unas,-,INT,2,0,200,0,200000.0051,254,0,160000000.0,0.0,0.005,0.0,Attack
4e-06,udp,-,INT,2,0,784,0,250000.0006,254,0,784000000.0,0.0,0.004,0.0,Attack
12.223687,tcp,-,REQ,4,0,180,0,0.245425,254,0,88.353043,0.0,4074.56225,0.0,Normal
0.0,arp,-,INT,1,0,46,0,0.0,0,0,0.0,0.0,60000.712,0.0,Normal
57.739529,udp,dns,REQ,70,0,5460,0,1.195022,254,0,745.693665,0.0,844.859938,0.0,Attack
0.532009,tcp,http,FIN,10,10,690,2154,35.713681,62,252,9338.1875,29157.40039,59.112111,49.857445,Attack
0.980146,tcp,http,FIN,10,10,826,736,19.384867,254,252,6072.564941,5411.438965,108.905111,95.024336,Attack
5e-06,udp,dns,INT,2,0,114,0,200000.0051,254,0,91200000.0,0.0,0.005,0.0,Attack
1.77211,tcp,-,FIN,18,22,1000,9532,22.007663,62,252,4266.101074,41076.45703,104.241765,81.184903,Attack
1e-05,udp,dns,INT,2,0,114,0,100000.0025,254,0,45600000.0,0.0,0.01,0.0,Attack
0.223459,tcp,ftp-data,FIN,14,6,8928,320,85.026781,31,29,296824.0313,9558.799805,17.189154,44.559398,Normal
5e-06,br-sat-mon,-,INT,2,0,200,0,200000.0051,254,0,160000000.0,0.0,0.005,0.0,Attack
9.745114,tcp,http,FIN,116,698,5284,915302,83.42642,254,252,4300.821777,750317.3125,84.740121,13.903942,Attack
0.001359,udp,dns,CON,2,2,146,178,2207.50554,31,29,429727.75,523914.6563,0.015,0.007,Normal
1.160798,tcp,http,FIN,14,18,1684,10168,26.705767,31,29,10778.79199,66188.95313,96.704248,68.255176,Normal
7e-06,gmtp,-,INT,2,0,200,0,142857.1409,254,0,114285712.0,0.0,0.007,0.0,Attack
7e-06,udp,dns,INT,2,0,114,0,142857.1409,254,0,65142856.0,0.0,0.007,0.0,Attack
0.00569,tcp,-,FIN,22,24,2054,2478,7908.611572,31,29,2757117.75,3339191.5,0.254429,0.221348,Normal
2.145412,tcp,smtp,FIN,104,32,116202,2226,62.924978,62,252,429139.0313,8043.210449,20.829243,65.822609,Attack
3e-06,udp,dns,INT,2,0,114,0,333333.3215,254,0,152000000.0,0.0,0.003,0.0,Attack
1.008657,tcp,http,FIN,14,18,1684,10168,30.733937,31,29,12404.61328,76172.57813,77.561079,59.303882,Normal
9e-06,unas,-,INT,2,0,200,0,111111.1072,254,0,88888888.0,0.0,0.009,0.0,Attack
1.99882,tcp,ssh,FIN,108,114,9504,12298,110.565236,31,29,37686.23438,48792.78906,18.677347,17.841724,Normal
9e-06,udp,-,INT,2,0,104,0,111111.1072,254,0,46222220.0,0.0,0.009,0.0,Normal
9e-06,encap,-,INT,2,0,200,0,111111.1072,254,0,88888888.0,0.0,0.009,0.0,Attack
6e-06,udp,-,INT,2,0,1206,0,166666.6608,254,0,804000000.0,0.0,0.006,0.0,Attack
0.004881,tcp,-,FIN,18,18,3736,2456,7170.661535,31,29,5784060.5,3802499.25,0.268824,0.273313,Normal
9e-06,udp,dns,INT,2,0,114,0,111111.1072,254,0,50666664.0,0.0,0.009,0.0,Attack
0.090882,tcp,-,FIN,72,74,4238,63516,1595.475394,31,29,367949.625,5515547.5,1.293929,1.237644,Normal
2.136684,tcp,-,FIN,12,10,994,796,9.828314,254,252,3414.636963,2684.533691,194.156631,225.306563,Attack
0.001064,udp,dns,CON,2,2,146,178,2819.548997,31,29,548872.1875,669172.9375,0.009,0.007,Normal
0.048914,tcp,ftp-data,FIN,10,12,528,8824,429.324934,31,29,77850.92188,1322975.0,5.387889,4.8361,Normal
3e-06,gre,-,INT,2,0,200,0,333333.3215,254,0,266666656.0,0.0,0.003,0.0,Attack
5e-06,udp,dns,INT,2,0,114,0,200000.0051,254,0,91200000.0,0.0,0.005,0.0,Attack
8.669847,ospf,-,INT,40,0,10880,0,4.49835,254,0,9788.408203,0.0,222.303766,0.0,Attack
8e-06,udp,dns,INT,2,0,114,0,125000.0003,254,0,57000000.0,0.0,0.008,0.0,Attack
3.231846,ospf,-,INT,82,0,5248,0,25.063075,254,0,12832.29395,0.0,39.899332,0.0,Attack
5e-06,udp,dns,INT,2,0,114,0,200000.0051,254,0,91200000.0,0.0,0.005,0.0,Attack
0.327856,tcp,-,FIN,10,6,756,268,45.751793,254,252,16617.05078,5465.813965,29.940778,52.596801,Attack
5e-06,ip,-,INT,2,0,180,0,200000.0051,254,0,144000000.0,0.0,0.005,0.0,Attack
0.683007,tcp,-,FIN,10,8,564,354,24.889935,254,252,5950.158691,3631.002197,75.889667,94.793141,Attack
0.001198,udp,dns,CON,2,2,146,178,2504.173535,31,29,487479.125,594323.875,0.009,0.007,Normal
0.72159,tcp,http,FIN,10,6,890,268,20.787428,254,252,8880.389648,2483.404785,72.638444,132.788203,Attack
3e-06,udp,dns,INT,2,0,114,0,333333.3215,254,0,152000000.0,0.0,0.003,0.0,Attack
0.619151,tcp,-,FIN,12,8,1058,752,30.687183,254,252,12533.29199,8501.964844,54.591999,82.96343,Attack
0.001058,udp,dns,CON,2,2,146,178,2835.538689,31,29,551984.875,672967.875,0.009,0.009,Normal
8e-06,udp,dns,INT,2,0,114,0,125000.0003,254,0,57000000.0,0.0,0.008,0.0,Attack
27.99671,ospf,-,INT,20,0,900,0,0.678651,254,0,244.314423,0.0,1473.511,0.0,Attack
0.338716,tcp,ftp-data,FIN,8,12,424,8824,56.094191,31,29,8762.50293,191050.9063,48.33757,30.743817,Normal
0.545569,tcp,ssl,FIN,10,8,588,1912,31.160128,62,252,7771.702637,24532.18555,60.618778,66.152711,Attack
0.02294,tcp,-,FIN,48,50,2958,32642,4228.421875,31,29,1010287.688,11156059.0,0.492022,0.453167,Normal
1e-05,fc,-,INT,2,0,200,0,100000.0025,254,0,80000000.0,0.0,0.01,0.0,Attack
0.001069,udp,dns,CON,2,2,132,164,2806.361109,31,29,493919.5625,613657.625,0.009,0.008,Normal
0.514188,tcp,-,FIN,10,6,756,268,29.17221,254,252,10595.34668,3485.106689,55.166667,83.563,Attack
3e-06,udp,dns,INT,2,0,114,0,333333.3215,254,0,152000000.0,0.0,0.003,0.0,Attack
0.304141,tcp,-,FIN,22,24,2054,2478,147.957683,31,29,51581.33594,62471.02344,14.464333,13.196347,Normal
0.911068,tcp,http,FIN,10,12,780,4324,23.049871,62,252,6164.193848,34807.5,101.129,76.629815,Attack
0.080667,tcp,-,FIN,24,24,2024,4312,582.642245,31,29,192395.9063,409882.625,3.49113,3.480087,Normal
0.478901,tcp,smtp,FIN,52,42,37210,3380,194.194625,31,29,609645.8125,55126.21484,9.383725,11.668073,Normal
10.720804,rvd,-,INT,4,0,400,0,0.27983,254,0,223.8638,0.0,3573.60125,0.0,Attack
0.063931,tcp,-,FIN,84,86,4862,75600,2643.474864,31,29,601273.1875,9350205.0,0.775902,0.746482,Normal
1.001325,tcp,http,FIN,10,8,846,354,16.977505,254,252,6087.933594,2476.718262,104.519667,132.881281,Attack
0.002662,udp,-,CON,4,4,520,304,2629.60179,31,29,1172051.125,685199.125,0.743333,0.543667,Normal
9e-06,scps,-,INT,2,0,200,0,111111.1072,254,0,88888888.0,0.0,0.009,0.0,Attack
1e-05,udp,-,INT,2,0,1066,0,100000.0025,254,0,426400000.0,0.0,0.01,0.0,Attack
9e-06,udp,dns,INT,2,0,114,0,111111.1072,254,0,50666664.0,0.0,0.009,0.0,Attack
9e-06,udp,dns,INT,2,0,114,0,111111.1072,254,0,50666664.0,0.0,0.009,0.0,Attack
1.450158,tcp,-,FIN,112,20,135649,870,90.334984,254,252,741646.0625,4562.261719,13.064486,71.662,Normal
1.214778,tcp,ftp,FIN,20,22,1128,1652,33.751024,62,252,7059.726562,10385.4375,63.935682,55.214856,Normal
0.004341,udp,-,CON,4,4,568,312,1612.531591,31,29,785072.5,431237.0313,1.109,0.965333,Normal
0.823555,tcp,-,FIN,10,8,688,354,20.642216,254,252,6022.669922,3011.334961,86.473,104.35257,Normal
8e-06,udp,dns,INT,2,0,114,0,125000.0003,254,0,57000000.0,0.0,0.008,0.0,Attack
9e-06,tcf,-,INT,2,0,200,0,111111.1072,254,0,88888888.0,0.0,0.009,0.0,Attack
0.0,udp,-,INT,2,0,104,0,0.0,254,0,0.0,0.0,0.0,0.0,Normal
0.84709,tcp,smtp,FIN,36,22,24715,1870,67.28919,62,252,226932.2031,16857.71289,24.202572,39.904906,Attack
2.146409,tcp,http,FIN,348,746,18578,1087890,509.222605,31,29,69045.55469,4049301.0,6.1847,2.884348,Normal
0.572561,tcp,http,FIN,10,6,1266,268,26.198081,254,252,15928.43359,3129.797363,60.398444,99.637203,Attack
7e-06,udp,dns,INT,2,0,114,0,142857.1409,254,0,65142856.0,0.0,0.007,0.0,Attack
0.0,arp,-,INT,1,0,46,0,0.0,0,0,0.0,0.0,60000.672,0.0,Normal
0.625081,tcp,-,FIN,10,8,534,354,27.196475,254,252,6156.001953,3967.48584,67.727667,81.233711,Attack
1.431707,pim,-,INT,8,0,480,0,4.889268,254,0,2346.848877,0.0,204.529578,0.0,Attack
5e-06,pnni,-,INT,2,0,200,0,200000.0051,254,0,160000000.0,0.0,0.005,0.0,Attack
2.690582,tcp,-,FIN,18,20,1018,4276,13.751671,62,252,2860.347656,12080.65723,158.260353,134.212635,Attack
8e-06,udp,dns,INT,2,0,114,0,125000.0003,254,0,57000000.0,0.0,0.008,0.0,Attack
0.005719,tcp,-,FIN,22,24,1958,2308,7868.50847,31,29,2614443.0,3094247.25,0.256333,0.221391,Normal
0.682986,tcp,-,FIN,12,10,986,796,30.747335,254,252,10588.79688,8398.415039,59.602634,70.449891,Attack
2.314978,tcp,-,FIN,116,26,135934,1280,60.907709,254,252,465708.125,4254.036133,20.306824,88.971719,Normal
0.025919,tcp,-,FIN,64,66,3806,54798,4977.043928,31,29,1156526.125,16657433.0,0.405794,0.389815,Normal
3.25424,ospf,-,REQ,8,0,864,0,2.15104,254,0,1858.498413,0.0,568.887625,0.0,Attack
0.479512,tcp,http,FIN,10,6,900,268,31.281803,254,252,13513.73926,3737.132812,46.754,73.713797,Attack
8.031122,tcp,http,FIN,10,8,798,354,2.116765,254,252,716.213745,308.798676,892.346889,1138.025375,Attack
0.006369,tcp,ssh,FIN,32,24,3728,5474,8635.578807,31,29,4536976.0,6589417.5,0.2123,0.244,Normal
1.106316,tcp,-,FIN,10,8,564,354,15.366315,254,252,3673.453369,2241.674316,122.924,152.466422,Attack
1.428935,mux,-,INT,4,0,400,0,2.099466,254,0,1679.57251,0.0,476.311656,0.0,Attack
3e-06,udp,dns,INT,2,0,114,0,333333.3215,254,0,152000000.0,0.0,0.003,0.0,Attack
0.024881,tcp,-,FIN,60,62,3614,50036,4863.148646,31,29,1142719.375,15828624.0,0.416542,0.40335,Normal
1.477527,tcp,-,FIN,10,6,1294,268,10.152099,254,252,6307.837402,1212.837402,161.281667,276.171187,Attack
58.11919,ospf,-,REQ,64,0,17408,0,1.083979,254,0,2358.739014,0.0,921.043312,0.0,Attack
9e-06,il,-,INT,2,0,200,0,111111.1072,254,0,88888888.0,0.0,0.009,0.0,Attack
0.746453,tcp,-,FIN,12,8,1002,740,25.453713,254,252,9849.24707,6944.844727,64.765455,96.704289,Attack
0.046974,tcp,-,FIN,48,50,2958,32642,2064.97213,31,29,493379.3125,5448120.5,0.992957,0.967875,Normal
9e-06,unas,-,INT,2,0,200,0,111111.1072,254,0,88888888.0,0.0,0.009,0.0,Attack
1.206508,tcp,http,FIN,12,10,912,1150,17.405603,62,252,5543.27002,6862.780762,109.682544,114.112445,Normal
0.016948,tcp,-,FIN,48,50,2958,33044,5723.389327,31,29,1367477.0,15286288.0,0.353787,0.334898,Normal
0.914203,tcp,-,FIN,34,10,34210,440,47.035506,254,252,290561.2813,3465.313477,25.529212,85.799664,Normal
1.10207,tcp,http,FIN,14,18,1684,10168,28.128885,31,29,11353.18066,69716.07813,84.747231,64.796588,Normal
1.393564,tcp,http,FIN,10,8,814,354,12.198938,254,252,4207.916016,1779.609741,154.827111,188.526141,Attack
3e-06,udp,-,INT,2,0,104,0,333333.3215,254,0,138666656.0,0.0,0.003,0.0,Attack
0.151851,tcp,ssh,FIN,30,26,3624,5578,362.197158,31,29,184602.0156,282592.8125,5.236241,6.04608,Normal
3e-06,udp,dns,INT,2,0,114,0,333333.3215,254,0,152000000.0,0.0,0.003,0.0,Attack
0.021161,tcp,ssh,FIN,106,114,9400,12298,10349.22769,31,29,3520438.75,4608856.0,0.206465,0.188743,Normal
0.730271,tcp,-,FIN,14,14,790,816,36.972577,254,252,8040.850586,8303.766602,56.104691,49.783537,Attack
8e-06,udp,dns,INT,2,0,114,0,125000.0003,254,0,57000000.0,0.0,0.008,0.0,Attack
0.520368,tcp,-,FIN,12,8,2026,750,36.512623,254,252,28564.40234,10100.54492,47.306182,67.151141,Attack
0.497381,tcp,http,FIN,10,8,860,1148,34.17903,62,252,12449.20898,16164.6709,55.264556,59.991145,Normal
3e-06,udp,dns,INT,2,0,114,0,333333.3215,254,0,152000000.0,0.0,0.003,0.0,Attack
6e-06,hmp,-,INT,2,0,200,0,166666.6608,254,0,133333328.0,0.0,0.006,0.0,Attack
6e-06,udp,dns,INT,2,0,114,0,166666.6608,254,0,76000000.0,0.0,0.006,0.0,Attack
1.091853,tcp,http,FIN,10,12,778,4322,19.233358,62,252,5136.222656,29029.54883,121.317,88.009724,Attack
0.013371,tcp,-,FIN,16,18,1540,1644,2468.027809,31,29,863959.3125,929175.0625,0.870467,0.759706,Normal
9e-06,unas,-,INT,2,0,200,0,111111.1072,254,0,88888888.0,0.0,0.009,0.0,Attack
9e-06,udp,-,INT,2,0,360,0,111111.1072,254,0,160000000.0,0.0,0.009,0.0,Attack
0.027899,tcp,-,FIN,48,50,2958,32642,3476.827028,31,29,830710.75,9173088.0,0.599674,0.571021,Normal
8e-06,udp,dns,INT,2,0,114,0,125000.0003,254,0,57000000.0,0.0,0.008,0.0,Attack
1.1e-05,udp,-,INT,2,0,168,0,90909.0902,254,0,61090908.0,0.0,0.011,0.0,Attack
0.702284,tcp,-,FIN,14,12,852,678,35.598135,254,252,9021.991211,7085.452637,54.021847,57.320547,Normal
7e-06,udp,dns,INT,2,0,114,0,142857.1409,254,0,65142856.0,0.0,0.007,0.0,Attack
0.001642,udp,-,CON,4,4,520,304,4263.093667,31,29,1900121.75,1110840.375,0.425667,0.194,Normal
1e-05,sctp,-,INT,2,0,152,0,100000.0025,254,0,60800000.0,0.0,0.01,0.0,Attack
3e-06,udp,-,INT,2,0,104,0,333333.3215,254,0,138666656.0,0.0,0.003,0.0,Attack
0.030152,tcp,-,FIN,22,24,2054,2478,1492.438288,31,29,520297.1563,630140.625,1.4904,1.283217,Normal
2.446861,tcp,-,FIN,60,14,68023,612,29.834142,254,252,218696.5156,1860.342651,40.383356,182.133469,Attack
9e-06,udp,dns,INT,2,0,114,0,111111.1072,254,0,50666664.0,0.0,0.009,0.0,Attack
0.90284,tcp,http,FIN,12,10,942,1440,23.259935,62,252,7655.841309,11483.76172,82.076362,88.704109,Attack
3.2e-05,swipe,-,INT,1,0,60,0,0.0,0,0,0.0,0.0,0.0,0.0,Attack
0.734991,tcp,-,FIN,10,6,2062,268,20.408413,254,252,20201.60742,2438.125,81.548333,122.345797,Attack
1.094159,tcp,http,FIN,12,18,1580,10168,26.504374,31,29,10594.43848,70220.14063,99.436179,64.330587,Normal
6e-06,udp,dns,INT,2,0,114,0,166666.6608,254,0,76000000.0,0.0,0.006,0.0,Attack
3.086092,tcp,http,FIN,12,14,1388,4702,8.10086,62,252,3299.966553,11320.46582,280.465739,231.683769,Attack
42.514652,arp,-,CON,2,2,56,92,0.070564,0,0,5.268772,8.655839,42514.464,42513.644,Normal
1.086307,tcp,http,FIN,10,8,874,1114,15.649351,62,252,5795.783203,7180.290527,120.700778,146.430578,Normal
9e-06,udp,dns,INT,2,0,114,0,111111.1072,254,0,50666664.0,0.0,0.009,0.0,Attack
4e-06,udp,dns,INT,2,0,114,0,250000.0006,254,0,114000000.0,0.0,0.004,0.0,Attack
0.834939,tcp,http,FIN,10,10,818,1164,22.756153,62,252,7061.59375,10041.45215,92.771,85.107445,Normal
3e-06,udp,dns,INT,2,0,114,0,333333.3215,254,0,152000000.0,0.0,0.003,0.0,Attack
0.618739,tcp,http,FIN,10,8,822,1086,27.475236,62,252,9567.84668,12295.97559,68.748778,75.217141,Normal
8e-06,iso-tp4,-,INT,2,0,200,0,125000.0003,254,0,100000000.0,0.0,0.008,0.0,Attack
9e-06,udp,dns,INT,2,0,114,0,111111.1072,254,0,50666664.0,0.0,0.009,0.0,Attack
2.416513,tcp,-,FIN,112,24,135649,1042,55.865622,254,252,445064.4375,3307.244873,21.762477,100.986047,Normal
0.79257,tcp,-,FIN,14,10,774,556,29.019519,254,252,7257.40332,5056.966797,60.901385,77.692664,Normal
1.164894,tcp,-,FIN,10,10,608,646,16.310497,254,252,3763.432617,3996.930176,129.419889,120.937781,Attack
5e-06,udp,dns,INT,2,0,114,0,200000.0051,254,0,91200000.0,0.0,0.005,0.0,Attack
9e-06,udp,dns,INT,2,0,114,0,111111.1072,254,0,50666664.0,0.0,0.009,0.0,Attack
3e-06,udp,dns,INT,2,0,114,0,333333.3215,254,0,152000000.0,0.0,0.003,0.0,Attack
0.511826,tcp,smtp,FIN,54,38,37938,3172,177.794805,31,29,582010.3125,48282.03516,9.650774,13.820433,Normal
9e-06,udp,dns,INT,2,0,114,0,111111.1072,254,0,50666664.0,0.0,0.009,0.0,Attack
0.192832,tcp,http,FIN,10,6,794,268,77.787922,254,252,29663.12695,9293.063477,19.581444,36.398,Attack
8e-06,ipx-n-ip,-,INT,2,0,200,0,125000.0003,254,0,100000000.0,0.0,0.008,0.0,Attack
1e-05,udp,dns,INT,2,0,114,0,100000.0025,254,0,45600000.0,0.0,0.01,0.0,Attack
0.829652,tcp,-,FIN,10,8,534,354,20.490519,254,252,4638.089355,2989.205078,98.532501,108.33443,Normal
0.716476,tcp,-,FIN,10,6,514,268,20.935802,254,252,5169.747559,2501.130371,79.498778,120.901602,Normal
0.990799,tcp,http,FIN,60,14,68189,612,73.67791,254,252,541405.4375,4594.271973,16.787881,70.316461,Attack
5.009582,tcp,http,FIN,112,716,5204,931785,165.083632,62,252,8237.014648,1485926.75,45.13137,6.376297,Attack
9e-06,unas,-,INT,2,0,200,0,111111.1072,254,0,88888888.0,0.0,0.009,0.0,Attack
6e-06,udp,-,INT,2,0,1064,0,166666.6608,254,0,709333312.0,0.0,0.006,0.0,Normal
1e-05,udp,-,INT,2,0,1948,0,100000.0025,254,0,779200000.0,0.0,0.01,0.0,Normal
0.589499,tcp,http,FIN,10,10,830,1116,32.230759,62,252,10137.42188,13638.7002,65.499889,58.780777,Attack
9e-06,udp,-,INT,2,0,1066,0,111111.1072,254,0,473777760.0,0.0,0.009,0.0,Normal
0.361446,tcp,-,FIN,10,6,756,268,41.499976,254,252,15072.79102,4957.86377,37.812667,52.468602,Attack
1.157706,tcp,-,FIN,10,8,564,354,14.684211,254,252,3510.390381,2142.167236,126.797556,160.822141,Attack
1.010863,tcp,http,FIN,14,18,1684,10168,30.666867,31,29,12377.54297,76006.34375,77.732536,59.433882,Normal
0.06871,tcp,-,FIN,48,50,2958,32642,1411.730475,31,29,337301.7188,3724639.75,1.454426,1.421208,Normal
0.642312,tcp,-,FIN,12,8,1090,714,29.58064,254,252,12455.00684,7784.378906,58.391999,69.366,Attack
0.502146,tcp,-,FIN,10,6,2516,268,29.87179,254,252,36085.12109,3568.683105,53.198778,75.023,Attack
1.180611,tcp,-,FIN,10,8,2516,354,14.399324,254,252,15347.98535,2100.607178,131.163778,158.167422,Normal
5e-06,udp,dns,INT,2,0,114,0,200000.0051,254,0,91200000.0,0.0,0.005,0.0,Attack
1.05844,tcp,-,FIN,10,8,588,354,16.061374,254,252,4005.895508,2343.071045,117.514111,138.685141,Attack
4e-06,udp,dns,INT,2,0,114,0,250000.0006,254,0,114000000.0,0.0,0.004,0.0,Attack
0.046335,tcp,ftp-data,FIN,6,8,320,1888,280.565444,31,29,46099.0625,285227.1563,9.2054,6.546143,Normal
0.172318,tcp,-,FIN,60,62,3598,48710,702.190151,31,29,164300.8906,2224956.25,2.914831,2.805426,Normal
0.551537,tcp,http,FIN,10,10,824,1208,34.449186,62,252,10762.65137,15781.35352,61.281889,57.585891,Attack
0.005498,tcp,-,FIN,22,24,2054,2478,8184.794538,31,29,2853401.25,3455802.25,0.2577,0.223045,Normal
3e-06,udp,dns,INT,2,0,114,0,333333.3215,254,0,152000000.0,0.0,0.003,0.0,Attack
0.049744,tcp,-,FIN,30,42,2302,34406,1427.307851,31,29,357992.9375,5401576.0,1.703138,1.20161,Normal
1.762809,tcp,-,FIN,12,10,994,806,11.912805,254,252,4138.848633,3294.741455,152.95473,178.177891,Attack
5e-06,unas,-,INT,2,0,200,0,200000.0051,254,0,160000000.0,0.0,0.005,0.0,Attack
0.001206,udp,dns,CON,2,2,130,162,2487.562217,31,29,431177.4375,537313.4375,0.01,0.006,Normal
7e-06,udp,dns,INT,2,0,114,0,142857.1409,254,0,65142856.0,0.0,0.007,0.0,Attack
0.322157,tcp,http,FIN,10,8,840,1044,52.769303,62,252,18773.45508,22697.00781,35.691111,35.97243,Attack
8e-06,udp,dns,INT,2,0,114,0,125000.0003,254,0,57000000.0,0.0,0.008,0.0,Attack
1.472447,tcp,-,FIN,10,8,550,354,11.545407,254,252,2689.400635,1684.271118,163.603,195.112281,Attack
9e-06,unas,-,INT,2,0,200,0,111111.1072,254,0,88888888.0,0.0,0.009,0.0,Attack
9e-06,udp,dns,INT,2,0,114,0,111111.1072,254,0,50666664.0,0.0,0.009,0.0,Attack
3e-06,udp,dns,INT,2,0,114,0,333333.3215,254,0,152000000.0,0.0,0.003,0.0,Attack
0.0,arp,-,INT,1,0,46,0,0.0,0,0,0.0,0.0,60000.708,0.0,Normal
8e-06,udp,dns,INT,2,0,114,0,125000.0003,254,0,57000000.0,0.0,0.008,0.0,Attack
9e-06,udp,-,INT,2,0,168,0,111111.1072,254,0,74666664.0,0.0,0.009,0.0,Normal
0.539155,tcp,-,FIN,10,8,1506,354,31.530821,254,252,20120.37305,4599.790527,56.449333,65.549711,Normal
0.004972,udp,-,CON,4,4,568,320,1407.884111,31,29,685438.4375,386162.5,1.250333,1.112333,Normal
0.001185,udp,dns,CON,2,2,130,162,2531.645692,31,29,438818.5938,546835.5,0.009,0.007,Normal
7e-06,udp,dns,INT,2,0,114,0,142857.1409,254,0,65142856.0,0.0,0.007,0.0,Attack
6e-06,unas,-,INT,2,0,200,0,166666.6608,254,0,133333328.0,0.0,0.006,0.0,Attack
0.045811,tcp,smtp,FIN,52,42,37502,3380,2030.080058,31,29,6423086.0,576280.8125,0.881863,1.105659,Normal
1.327488,tcp,-,FIN,10,8,534,354,12.806143,254,252,2898.708008,1868.190186,147.399889,171.844141,Attack
1.041211,tcp,http,FIN,14,18,1684,10168,29.773024,31,29,12016.77637,73791.0,80.066387,61.214706,Normal
0.017791,tcp,-,FIN,16,18,1540,1644,1854.870517,31,29,649317.125,698330.625,1.165467,1.019588,Normal
0.001129,udp,dns,CON,2,2,130,162,2657.21882,31,29,460584.5938,573959.25,0.009,0.001,Normal
3e-06,udp,dns,INT,2,0,114,0,333333.3215,254,0,152000000.0,0.0,0.003,0.0,Attack
1.064749,tcp,http,FIN,14,18,1684,10168,29.114843,31,29,11751.12598,72159.72656,81.87731,62.605059,Normal
0.039979,tcp,-,FIN,60,62,3614,50036,3026.588986,31,29,711173.375,9850972.0,0.683517,0.64541,Normal
1.017208,tcp,http,FIN,10,10,802,2562,18.678579,62,252,5678.288086,18135.91797,112.916889,101.387,Attack
1.53294,tcp,-,FIN,234,438,13454,548216,437.720972,31,29,69915.32813,2854462.5,6.577781,3.506829,Normal
0.572546,tcp,-,FIN,10,6,546,268,26.198768,254,252,6874.556641,3129.879395,60.308,98.221203,Normal
8e-06,udp,dns,INT,2,0,114,0,125000.0003,254,0,57000000.0,0.0,0.008,0.0,Attack
9e-06,udp,dns,INT,2,0,114,0,111111.1072,254,0,50666664.0,0.0,0.009,0.0,Attack
0.001132,udp,dns,CON,2,2,130,162,2650.176667,31,29,459363.9688,572438.1875,0.008,0.004,Normal
0.848251,tcp,http,FIN,12,24,858,21966,41.261373,62,252,7422.331543,198535.5781,77.113724,31.865783,Attack
0.225312,tcp,ftp-data,FIN,14,6,8928,320,84.327512,31,29,294382.9063,9480.1875,17.331693,44.851602,Normal
0.043102,tcp,-,FIN,22,24,1920,4312,1044.035082,31,29,340216.2188,767110.5625,2.035429,1.847522,Normal
0.0,arp,-,INT,1,0,46,0,0.0,0,0,0.0,0.0,60000.668,0.0,Normal
9e-06,udp,dns,INT,2,0,114,0,111111.1072,254,0,50666664.0,0.0,0.009,0.0,Attack
9e-06,unas,-,INT,2,0,200,0,111111.1072,254,0,88888888.0,0.0,0.009,0.0,Attack
1e-05,unas,-,INT,2,0,200,0,100000.0025,254,0,80000000.0,0.0,0.01,0.0,Attack
1e-05,udp,-,INT,2,0,2898,0,100000.0025,254,0,1159200000.0,0.0,0.01,0.0,Normal
0.014351,tcp,-,FIN,16,18,1540,1644,2299.491312,31,29,804961.3125,865723.625,0.935667,0.817412,Normal
1e-05,unas,-,INT,2,0,200,0,100000.0025,254,0,80000000.0,0.0,0.01,0.0,Attack
0.266037,tcp,http,FIN,10,8,788,1312,63.900889,62,252,21350.41406,34521.51563,29.559667,27.406857,Attack
0.150541,tcp,http,FIN,10,6,1004,268,99.640634,254,252,48040.07031,11903.73438,15.178889,26.938801,Attack
0.663817,tcp,http,FIN,10,8,816,1322,25.609468,62,252,8857.863281,13943.60254,73.757444,84.611,Attack
6e-06,udp,dns,INT,2,0,114,0,166666.6608,254,0,76000000.0,0.0,0.006,0.0,Attack
0.11623,tcp,-,FIN,66,68,3926,57474,1144.282853,31,29,266161.9063,3897720.0,1.782215,1.727119,Normal
0.0,arp,-,INT,1,0,46,0,0.0,0,0,0.0,0.0,60000.76,0.0,Normal
11.619566,tcp,-,REQ,6,0,270,0,0.430309,254,0,154.911118,0.0,2323.91325,0.0,Normal
1.435406,tcp,-,FIN,10,8,534,354,11.843339,254,252,2680.774658,1727.734253,159.489556,198.145141,Attack
0.923805,tcp,-,FIN,12,8,1058,750,20.567111,254,252,8400.041016,5689.512207,80.925817,121.052711,Attack
5e-06,nvp,-,INT,2,0,180,0,200000.0051,254,0,144000000.0,0.0,0.005,0.0,Attack
0.651446,tcp,-,FIN,14,8,3492,736,32.23598,254,252,39825.25,7908.560547,50.11123,89.134289,Attack
1e-06,sat-expak,-,INT,2,0,200,0,1000000.003,254,0,800000000.0,0.0,0.001,0.0,Attack
0.94137,tcp,http,FIN,10,6,1654,268,15.934223,254,252,12653.89746,1903.608521,104.486222,177.761203,Attack
5e-06,udp,dns,INT,2,0,114,0,200000.0051,254,0,91200000.0,0.0,0.005,0.0,Attack
0.0,arp,-,INT,1,0,46,0,0.0,0,0,0.0,0.0,60000.636,0.0,Normal
1.790921,tcp,http,FIN,10,8,1298,354,9.492323,254,252,5221.894531,1384.762329,189.541,235.479719,Attack
0.004758,tcp,-,FIN,18,18,4096,2456,7356.032088,31,29,6505254.5,3900798.75,0.261647,0.249294,Normal
1.143357,tcp,-,FIN,60,16,68181,698,65.596308,254,252,469109.8125,4582.995117,18.902797,70.872602,Attack
0.648209,tcp,-,FIN,10,8,558,354,26.22611,254,252,6207.874512,3825.926758,68.835556,83.40443,Normal
3e-06,udp,dns,INT,2,0,114,0,333333.3215,254,0,152000000.0,0.0,0.003,0.0,Attack
4e-06,udp,dns,INT,2,0,114,0,250000.0006,254,0,114000000.0,0.0,0.004,0.0,Attack
0.626346,tcp,-,FIN,14,10,774,556,36.720918,254,252,9183.422852,6399.019043,46.635386,60.810891,Normal
0.006056,tcp,-,FIN,24,24,2062,2308,7760.898266,31,29,2611624.75,2922060.75,0.248739,0.249818,Normal
0.572467,tcp,-,FIN,10,8,724,354,29.696033,254,252,9111.441406,4332.127441,60.433667,72.936711,Attack
2e-06,udp,dns,INT,2,0,114,0,500000.0013,254,0,228000000.0,0.0,0.002,0.0,Attack
0.780808,tcp,pop3,FIN,22,32,1058,19062,67.878405,62,252,10348.25488,189209.1406,37.181333,24.356774,Attack
0.866193,tcp,-,FIN,10,6,2516,268,17.317157,254,252,20919.125,2068.822998,96.139333,147.185203,Attack
0.001075,udp,dns,CON,2,2,146,178,2790.69758,31,29,543255.8125,662325.5625,0.009,0.008,Normal
0.482744,tcp,-,FIN,10,6,756,268,31.072369,254,252,11285.48438,3712.112305,53.638222,81.529,Attack
0.49075,tcp,-,FIN,10,6,2558,268,30.56546,254,252,37542.53516,3651.553711,51.653,86.617203,Attack
0.342957,tcp,-,FIN,10,6,534,268,43.737263,254,252,11220.06543,5225.14502,36.417667,56.938602,Attack
5.386833,tcp,ftp,FIN,52,54,2934,3742,19.491972,31,29,4274.125488,5454.781738,105.617312,101.630055,Normal
2.880076,tcp,pop3,FIN,50,232,2220,283028,97.566872,62,252,6044.285156,782782.125,58.77543,12.205857,Attack
8e-06,udp,dns,INT,2,0,114,0,125000.0003,254,0,57000000.0,0.0,0.008,0.0,Attack
9e-06,udp,dns,INT,2,0,114,0,111111.1072,254,0,50666664.0,0.0,0.009,0.0,Attack
3.166638,tcp,ftp,FIN,26,22,1338,1622,14.84224,62,252,3251.397949,3913.298828,126.665515,149.259813,Attack
9e-06,udp,dns,INT,2,0,114,0,111111.1072,254,0,50666664.0,0.0,0.009,0.0,Attack
0.121185,tcp,-,RST,6,2,258,86,57.762926,254,60,14193.17578,2838.635254,24.237,0.007,Normal
5e-06,udp,dns,INT,2,0,114,0,200000.0051,254,0,91200000.0,0.0,0.005,0.0,Attack
8e-06,unas,-,INT,2,0,200,0,125000.0003,254,0,100000000.0,0.0,0.008,0.0,Attack
8e-06,udp,dns,INT,2,0,114,0,125000.0003,254,0,57000000.0,0.0,0.008,0.0,Attack
1e-05,udp,dns,INT,2,0,114,0,100000.0025,254,0,45600000.0,0.0,0.01,0.0,Attack
7e-06,udp,dns,INT,2,0,114,0,142857.1409,254,0,65142856.0,0.0,0.007,0.0,Attack
1.373214,tcp,ftp-data,FIN,8,10,364,3754,12.379716,62,252,1858.41394,19685.20508,196.173429,139.783111,Attack
0.065256,tcp,-,FIN,66,68,3926,57474,2038.126776,31,29,474071.3438,6942381.0,1.030841,0.996031,Normal
0.916548,tcp,ftp,FIN,14,12,698,828,27.276258,254,252,5664.733398,6624.857422,68.395385,76.382367,Attack
3.479374,tcp,ftp,FIN,14,12,756,682,7.185201,254,252,1614.083496,1439.339355,265.60624,308.897187,Attack
0.001404,udp,dns,CON,2,2,146,178,2136.752166,31,29,415954.4063,507122.5,0.008,0.002,Normal
9e-06,udp,dns,INT,2,0,114,0,111111.1072,254,0,50666664.0,0.0,0.009,0.0,Attack
0.051931,tcp,-,FIN,90,92,5174,83812,3485.393997,31,29,788276.75,12770946.0,0.586591,0.563571,Normal
10.026288,tcp,-,REQ,6,0,270,0,0.498689,254,0,179.528061,0.0,2005.257625,0.0,Normal
9e-06,udp,dns,INT,2,0,114,0,111111.1072,254,0,50666664.0,0.0,0.009,0.0,Attack
9e-06,udp,dns,INT,2,0,114,0,111111.1072,254,0,50666664.0,0.0,0.009,0.0,Attack
0.43535,tcp,-,FIN,10,6,756,268,34.455036,254,252,12514.06934,4116.228516,46.313778,73.795602,Attack
9e-06,unas,-,INT,2,0,200,0,111111.1072,254,0,88888888.0,0.0,0.009,0.0,Attack
3e-06,udp,-,INT,2,0,168,0,333333.3215,254,0,224000000.0,0.0,0.003,0.0,Attack
9e-06,udp,dns,INT,2,0,114,0,111111.1072,254,0,50666664.0,0.0,0.009,0.0,Attack
0.899178,tcp,-,FIN,10,6,582,268,16.681902,254,252,4662.035645,1992.931274,91.867556,164.421,Attack
1.199195,tcp,http,FIN,12,28,904,29330,32.521816,62,252,5530.376465,188679.9063,109.01773,40.445556,Attack
4e-06,stp,-,INT,2,0,200,0,250000.0006,254,0,200000000.0,0.0,0.004,0.0,Attack
1e-05,udp,-,INT,2,0,168,0,100000.0025,254,0,67200000.0,0.0,0.01,0.0,Attack
2.22236,tcp,smtp,FIN,22,20,3315,1748,18.448857,254,252,11393.29395,5979.229492,105.826667,111.938734,Attack
9e-06,ib,-,INT,2,0,200,0,111111.1072,254,0,88888888.0,0.0,0.009,0.0,Attack
0.0,arp,-,INT,1,0,46,0,0.0,0,0,0.0,0.0,60000.676,0.0,Normal
1e-05,unas,-,INT,2,0,200,0,100000.0025,254,0,80000000.0,0.0,0.01,0.0,Attack
0.030833,tcp,-,FIN,72,74,4238,63516,4702.753495,31,29,1084552.25,16257386.0,0.429873,0.419319,Normal
2.005571,tcp,-,FIN,38,162,1846,194100,99.223618,62,252,7172.022949,769464.6875,54.204621,11.86045,Attack
1.051516,cbt,-,INT,4,0,360,0,2.853023,254,0,2054.177002,0.0,350.505344,0.0,Attack
1.303708,tcp,-,FIN,10,8,756,354,13.03973,254,252,4178.850098,1902.266479,144.844667,173.233859,Attack
4e-06,udp,-,INT,2,0,168,0,250000.0006,254,0,168000000.0,0.0,0.004,0.0,Attack
5e-06,udp,dns,INT,2,0,114,0,200000.0051,254,0,91200000.0,0.0,0.005,0.0,Attack
0.00106,udp,dns,CON,2,2,132,164,2830.188576,31,29,498113.1875,618867.875,0.009,0.007,Normal
9e-06,udp,dns,INT,2,0,114,0,111111.1072,254,0,50666664.0,0.0,0.009,0.0,Attack
0.187136,tcp,-,FIN,22,24,2054,2478,240.466833,31,29,83832.07813,101530.4375,8.894715,8.110174,Normal
1.661172,tcp,-,CON,6,2,978,86,4.213892,62,252,3924.939697,207.082703,332.2344,0.008,Normal
6e-06,udp,-,INT,2,0,390,0,166666.6608,254,0,259999984.0,0.0,0.006,0.0,Attack
1.245924,tcp,http,FIN,14,18,1684,10168,24.881132,31,29,10042.3457,61666.68359,95.813925,73.256176,Normal
0.051906,tcp,-,FIN,72,74,4238,63516,2793.511303,31,29,644241.5,9657149.0,0.726789,0.703972,Normal
8e-06,unas,-,INT,2,0,200,0,125000.0003,254,0,100000000.0,0.0,0.008,0.0,Attack
5e-06,udp,dns,INT,2,0,114,0,200000.0051,254,0,91200000.0,0.0,0.005,0.0,Attack
2.393548,tcp,smtp,FIN,60,26,58376,2062,35.512135,62,252,191862.4531,6627.817871,40.56322,92.893844,Attack
9e-06,unas,-,INT,2,0,200,0,111111.1072,254,0,88888888.0,0.0,0.009,0.0,Attack
0.439721,tcp,-,FIN,10,6,1612,268,34.11254,254,252,26398.55859,4075.311523,44.506556,75.364398,Attack
1.373929,tcp,-,FIN,10,8,564,354,12.373274,254,252,2957.940186,1805.042236,150.674556,188.582281,Attack
1e-06,unas,-,INT,2,0,200,0,1000000.003,254,0,800000000.0,0.0,0.001,0.0,Attack
3e-06,udp,dns,INT,2,0,114,0,333333.3215,254,0,152000000.0,0.0,0.003,0.0,Attack
0.02971,tcp,smtp,FIN,52,42,37268,3380,3130.259132,31,29,9842343.0,888589.6875,0.574314,0.710927,Normal
0.001069,udp,dns,CON,2,2,132,164,2806.361109,31,29,493919.5625,613657.625,0.009,0.007,Normal
3e-06,udp,dns,INT,2,0,114,0,333333.3215,254,0,152000000.0,0.0,0.003,0.0,Attack
14.875109,tcp,-,FIN,458,858,25680,1094788,88.402715,31,29,13780.87402,588103.5625,32.691861,17.356515,Normal
0.625532,tcp,-,FIN,14,12,774,642,39.965983,254,252,9195.373047,7532.788574,47.546845,52.498,Attack
1.853474,tcp,-,FIN,14,10,1588,824,12.40913,254,252,6366.42334,3202.634521,142.574928,196.078,Attack
0.946291,tcp,-,FIN,10,6,534,268,15.85136,254,252,4066.402344,1893.709229,102.092667,171.989406,Attack
0.093944,tcp,-,FIN,72,74,4238,63618,1543.472736,31,29,355956.75,5344375.5,1.317634,1.280356,Normal
0.030849,tcp,-,FIN,48,50,2958,33044,3144.348232,31,29,751272.3125,8398068.0,0.649532,0.619714,Normal
1.341779,tcp,-,FIN,12,8,3024,714,14.160305,254,252,16527.3125,3726.395996,121.897821,182.585281,Attack
0.500082,tcp,http,FIN,10,6,776,268,29.99508,254,252,11182.16602,3583.412109,52.576667,82.848,Attack
1e-06,udp,dns,INT,2,0,114,0,1000000.003,254,0,456000000.0,0.0,0.001,0.0,Attack
9e-06,unas,-,INT,2,0,200,0,111111.1072,254,0,88888888.0,0.0,0.009,0.0,Attack
0.738479,tcp,-,FIN,10,8,498,354,23.020288,254,252,4864.051758,3358.253906,73.390333,95.129711,Attack
0.001041,udp,dns,CON,2,2,130,162,2881.844351,31,29,499519.6875,622478.375,0.008,0.007,Normal
8e-06,ippc,-,INT,2,0,200,0,125000.0003,254,0,100000000.0,0.0,0.008,0.0,Attack
0.909052,tcp,-,FIN,14,10,774,556,25.301082,254,252,6327.470703,4408.98877,67.184387,83.248336,Attack
7e-06,etherip,-,INT,2,0,200,0,142857.1409,254,0,114285712.0,0.0,0.007,0.0,Attack
0.018243,tcp,-,FIN,16,18,1540,1644,1808.913017,31,29,633229.1875,681028.3125,1.195333,1.045647,Normal
8e-06,udp,dns,INT,2,0,114,0,125000.0003,254,0,57000000.0,0.0,0.008,0.0,Attack
1.160856,tcp,-,FIN,12,8,3700,354,16.367232,254,252,23375.85352,2136.354492,101.672002,159.514141,Attack
0.057042,tcp,-,FIN,60,62,3598,48710,2121.244035,31,29,496336.0313,6721363.5,0.961356,0.925344,Normal
9e-06,unas,-,INT,2,0,200,0,111111.1072,254,0,88888888.0,0.0,0.009,0.0,Attack
0.629428,tcp,-,FIN,10,8,564,354,27.008648,254,252,6456.655762,3940.085205,69.936444,87.451,Attack
8e-06,udp,dns,INT,2,0,114,0,125000.0003,254,0,57000000.0,0.0,0.008,0.0,Attack
0.004224,tcp,-,FIN,22,14,1470,1728,8285.984784,31,29,2659091.0,3039772.75,0.2112,0.275615,Normal
7e-06,udp,-,INT,2,0,104,0,142857.1409,254,0,59428572.0,0.0,0.007,0.0,Normal
0.003952,tcp,ftp-data,FIN,6,8,320,1882,3289.47383,31,29,540485.875,3334008.25,0.7288,0.499286,Normal
3e-06,unas,-,INT,2,0,200,0,333333.3215,254,0,266666656.0,0.0,0.003,0.0,Attack
5e-06,udp,dns,INT,2,0,114,0,200000.0051,254,0,91200000.0,0.0,0.005,0.0,Attack
9e-06,udp,dns,INT,2,0,114,0,111111.1072,254,0,50666664.0,0.0,0.009,0.0,Attack
0.057633,tcp,-,FIN,72,74,4238,63516,2515.91964,31,29,580223.125,8697517.0,0.818586,0.781233,Normal
1.114591,tcp,ftp-data,FIN,10,8,450,822,15.252232,62,252,2906.895996,5167.814941,123.736667,148.383,Attack
8e-06,udp,dns,INT,2,0,114,0,125000.0003,254,0,57000000.0,0.0,0.008,0.0,Attack
7e-06,sctp,-,INT,2,0,78,0,142857.1409,254,0,44571428.0,0.0,0.007,0.0,Attack
9e-06,udp,dns,INT,2,0,114,0,111111.1072,254,0,50666664.0,0.0,0.009,0.0,Attack
7e-06,udp,dns,INT,2,0,114,0,142857.1409,254,0,65142856.0,0.0,0.007,0.0,Attack
0.582979,tcp,-,FIN,10,6,602,268,25.729914,254,252,7437.660645,3073.866943,61.421111,109.471,Attack
9e-06,udp,dns,INT,2,0,114,0,111111.1072,254,0,50666664.0,0.0,0.009,0.0,Attack
3e-06,udp,dns,INT,2,0,114,0,333333.3215,254,0,152000000.0,0.0,0.003,0.0,Attack
6.394045,tcp,smtp,FIN,116,32,127644,2308,22.990142,62,252,158327.3281,2797.603027,56.088113,200.397906,Attack
9e-06,udp,dns,INT,2,0,114,0,111111.1072,254,0,50666664.0,0.0,0.009,0.0,Attack
1e-05,udp,dns,INT,2,0,114,0,100000.0025,254,0,45600000.0,0.0,0.01,0.0,Attack
1e-05,udp,dns,INT,2,0,114,0,100000.0025,254,0,45600000.0,0.0,0.01,0.0,Attack
0.38124,udp,-,CON,2,2,1952,78,7.869059,254,60,20480.53711,818.38208,0.005,0.001,Attack
2.185725,tcp,-,CON,6,2,978,86,3.202599,62,252,2982.991943,157.384857,437.145,0.004,Normal
8e-06,sat-mon,-,INT,2,0,200,0,125000.0003,254,0,100000000.0,0.0,0.008,0.0,Attack
0.71935,tcp,http,FIN,10,8,804,1074,23.632447,62,252,8051.713379,10453.88184,79.927778,78.737289,Normal
0.853368,tcp,-,FIN,10,8,534,354,19.921066,254,252,4509.191895,2906.13208,91.184222,105.919141,Attack
9e-06,udp,dns,INT,2,0,114,0,111111.1072,254,0,50666664.0,0.0,0.009,0.0,Attack
0.016813,tcp,-,FIN,40,42,2558,23162,4817.700399,31,29,1187176.5,10758817.0,0.434211,0.383293,Normal
9e-06,mfe-nsp,-,INT,2,0,200,0,111111.1072,254,0,88888888.0,0.0,0.009,0.0,Attack
1.797586,tcp,-,FIN,10,8,564,354,9.457128,254,252,2260.809814,1379.628052,199.716889,245.269141,Attack
5e-06,tcf,-,INT,2,0,200,0,200000.0051,254,0,160000000.0,0.0,0.005,0.0,Attack
5e-06,br-sat-mon,-,INT,2,0,200,0,200000.0051,254,0,160000000.0,0.0,0.005,0.0,Attack
9e-06,udp,dns,INT,2,0,114,0,111111.1072,254,0,50666664.0,0.0,0.009,0.0,Attack
0.004474,udp,-,CON,4,4,568,304,1564.595414,31,29,761734.4375,407688.875,1.197,0.997,Normal
0.001051,udp,dns,CON,2,2,146,178,2854.424439,31,29,555661.3125,677450.0625,0.009,0.007,Normal
0.001119,udp,dns,CON,2,2,146,178,2680.965094,31,29,521894.5313,636282.375,0.004,0.007,Normal
8e-06,udp,-,INT,2,0,506,0,125000.0003,254,0,253000000.0,0.0,0.008,0.0,Normal
0.849956,tcp,-,FIN,10,8,564,354,20.001036,254,252,4781.424316,2917.798096,89.752444,108.12443,Attack
0.708836,tcp,-,FIN,10,6,534,268,21.161453,254,252,5428.618164,2528.088135,72.592111,123.607602,Normal
3e-06,udp,-,INT,2,0,168,0,333333.3215,254,0,224000000.0,0.0,0.003,0.0,Attack
4e-06,leaf-1,-,INT,2,0,200,0,250000.0006,254,0,200000000.0,0.0,0.004,0.0,Attack
0.008844,tcp,ssh,FIN,32,24,3728,5474,6218.905271,31,29,3267299.75,4745364.0,0.2948,0.355304,Normal
0.037253,tcp,-,FIN,84,86,4862,75600,4536.547411,31,29,1031863.188,16046171.0,0.461237,0.432388,Normal
1.791941,tcp,-,FIN,30,74,1506,79618,57.47957,62,252,6500.213867,350649.9375,61.791067,23.997424,Attack
1.412712,tcp,http,FIN,10,8,816,1062,12.033592,62,252,4162.207031,5266.466309,156.968,188.704141,Normal
0.688233,tcp,smtp,FIN,54,42,37938,3380,138.034645,31,29,432830.1563,38359.10156,12.979057,16.773732,Normal
0.427844,tcp,http,FIN,12,10,1224,3684,49.083312,62,252,20979.60938,62003.91016,38.894909,46.492445,Attack
1.201783,tcp,ftp,FIN,22,22,1174,1638,35.780172,62,252,7462.246094,10411.19824,57.227762,55.959332,Attack
0.563169,tcp,-,FIN,10,6,638,268,26.634989,254,252,8168.062988,3181.993408,60.553333,106.359203,Normal
9e-06,udp,dns,INT,2,0,114,0,111111.1072,254,0,50666664.0,0.0,0.009,0.0,Attack
10.038711,rvd,-,INT,4,0,400,0,0.298843,254,0,239.074524,0.0,3346.237,0.0,Attack
1.312801,tcp,-,FIN,12,10,988,820,15.996331,254,252,5521.019531,4497.254395,110.56573,134.227,Attack
0.711421,udp,-,CON,2,2,76,134,4.216912,254,60,427.313782,753.421631,0.009,0.003,Attack
0.105849,tcp,-,FIN,90,92,5174,83812,1709.983124,31,29,386739.5938,6265605.0,1.18582,1.15622,Normal
9e-06,udp,dns,INT,2,0,114,0,111111.1072,254,0,50666664.0,0.0,0.009,0.0,Attack
9e-06,gre,-,INT,2,0,200,0,111111.1072,254,0,88888888.0,0.0,0.009,0.0,Attack
0.315307,tcp,-,FIN,10,6,1612,268,47.572684,254,252,36814.91406,5683.350098,33.534333,48.431199,Normal
1.803613,tcp,http,FIN,10,10,868,1444,10.534411,62,252,3468.593506,5766.204102,200.401444,187.459438,Normal
4.220037,tcp,-,FIN,448,858,25160,1094788,309.238996,31,29,47590.10547,2072992.25,9.482404,4.935084,Normal
1e-06,udp,-,INT,2,0,104,0,1000000.003,254,0,416000000.0,0.0,0.001,0.0,Attack
0.026279,tcp,smtp,FIN,52,42,37152,3380,3538.947372,31,29,11092659.0,1004604.438,0.508608,0.627219,Normal
0.004942,udp,-,CON,4,4,568,320,1416.43062,31,29,689599.375,388506.6875,1.310667,1.156,Normal
3e-06,unas,-,INT,2,0,200,0,333333.3215,254,0,266666656.0,0.0,0.003,0.0,Attack
1.1e-05,udp,-,INT,2,0,1926,0,90909.0902,254,0,700363648.0,0.0,0.011,0.0,Normal
0.82611,tcp,-,FIN,18,18,1016,2298,42.367239,62,252,9296.583008,21023.83398,48.594706,46.032648,Attack
4.371233,ospf,-,INT,42,0,2688,0,9.379505,254,0,4802.306152,0.0,106.615437,0.0,Attack
0.873072,tcp,-,FIN,10,6,2516,268,17.180713,254,252,20754.30078,2052.522461,92.111333,157.104594,Attack
0.0,arp,-,INT,1,0,46,0,0.0,0,0,0.0,0.0,60000.976,0.0,Normal
0.049837,tcp,-,FIN,40,42,2558,23162,1625.298451,31,29,400505.6563,3629592.5,1.269974,1.202268,Normal
0.706802,tcp,-,FIN,16,10,930,556,35.370584,254,252,9869.807617,5670.611816,47.0608,73.337,Normal
9e-06,udp,dns,INT,2,0,114,0,111111.1072,254,0,50666664.0,0.0,0.009,0.0,Attack
1.264124,tcp,http,FIN,10,12,780,4432,16.612294,62,252,4442.602051,25712.66602,140.359,105.053544,Attack
0.831161,tcp,-,FIN,12,10,1104,816,25.265862,254,252,9740.591797,7074.441406,72.346455,89.368336,Attack
7e-06,udp,-,INT,2,0,1064,0,142857.1409,254,0,608000000.0,0.0,0.007,0.0,Normal
0.706932,tcp,ftp,FIN,14,12,1808,786,35.36408,254,252,19000.41211,8159.200684,54.379385,56.05691,Attack
0.633012,tcp,-,FIN,10,8,564,354,26.855731,254,252,6420.099609,3917.777344,69.715444,89.376141,Attack
9e-06,unas,-,INT,2,0,200,0,111111.1072,254,0,88888888.0,0.0,0.009,0.0,Attack
0.444998,tcp,-,FIN,18,8,14218,354,56.180028,254,252,241421.3125,5573.058594,25.133,59.284,Attack
8e-06,udp,dns,INT,2,0,114,0,125000.0003,254,0,57000000.0,0.0,0.008,0.0,Attack
0.85863,tcp,-,FIN,10,8,588,354,19.798982,254,252,4938.099121,2888.322021,95.296778,110.10557,Normal
1.201052,tcp,-,FIN,12,8,1110,738,15.819466,254,252,6780.722656,4302.894531,99.633817,149.746719,Attack
1.010701,tcp,-,FIN,52,90,3514,95042,139.507142,31,29,27284.03516,743927.25,19.811726,11.351033,Normal
2.554633,tcp,ftp,FIN,22,24,1174,1740,17.615055,62,252,3510.484863,5223.451172,121.64919,106.906264,Attack
1.312251,tcp,-,FIN,58,14,68113,612,54.105504,254,252,408086.5625,3468.848633,23.021948,91.995844,Attack
1.167536,tcp,-,FIN,10,8,564,354,14.560579,254,252,3480.834717,2124.131348,126.778556,163.224281,Attack
0.000965,udp,dns,CON,2,2,146,178,3108.808246,31,29,605181.3125,737823.8125,0.001,0.008,Normal
0.264597,tcp,http,FIN,10,10,822,3802,71.807315,62,252,22373.64844,103463.0,29.399667,27.861778,Attack
1.218623,tcp,smtp,FIN,84,30,87684,2122,92.727608,62,252,568779.6875,13470.94141,14.682205,41.773172,Attack
7e-06,udp,dns,INT,2,0,114,0,142857.1409,254,0,65142856.0,0.0,0.007,0.0,Attack
2e-06,udp,dns,INT,2,0,114,0,500000.0013,254,0,228000000.0,0.0,0.002,0.0,Attack
0.317842,tcp,-,FIN,14,10,774,556,72.362996,254,252,18097.04102,12610.03906,23.141692,28.993777,Normal
0.058185,udp,-,CON,4,4,520,304,120.305921,31,29,53622.06641,31348.28516,9.012,12.719333,Normal
2e-06,udp,dns,INT,2,0,114,0,500000.0013,254,0,228000000.0,0.0,0.002,0.0,Attack
5e-06,udp,dns,INT,2,0,114,0,200000.0051,254,0,91200000.0,0.0,0.005,0.0,Attack
9e-06,encap,-,INT,2,0,200,0,111111.1072,254,0,88888888.0,0.0,0.009,0.0,Attack
0.994039,tcp,-,FIN,10,8,756,354,17.101945,254,252,5480.67041,2494.871826,110.359222,127.794,Attack
0.817097,tcp,http,FIN,10,12,804,3574,25.700743,62,252,7088.509766,32084.31836,90.788556,69.393821,Attack
0.044303,tcp,-,FIN,60,62,3598,48710,2731.19202,31,29,639053.8125,8654041.0,0.744932,0.717918,Normal
1.653641,tcp,-,FIN,208,388,12034,485110,359.812078,31,29,57942.44531,2340822.5,7.987121,4.271729,Normal
0.844227,tcp,http,FIN,10,10,836,1262,22.505795,62,252,7135.521484,10764.87695,105.422628,84.280664,Normal
1e-06,ipv6-frag,-,INT,2,0,200,0,1000000.003,254,0,800000000.0,0.0,0.001,0.0,Attack
0.061769,tcp,-,FIN,72,74,4238,63516,2347.455798,31,29,541371.875,8115138.5,0.865718,0.838288,Normal
0.857538,tcp,http,FIN,10,8,1026,354,19.824195,254,252,8620.026367,2892.000244,95.282,113.79657,Attack
9e-06,udp,dns,INT,2,0,114,0,111111.1072,254,0,50666664.0,0.0,0.009,0.0,Attack
3e-06,udp,dns,INT,2,0,114,0,333333.3215,254,0,152000000.0,0.0,0.003,0.0,Attack
8e-06,udp,dns,INT,2,0,114,0,125000.0003,254,0,57000000.0,0.0,0.008,0.0,Attack
59.107124,udp,dns,REQ,88,0,17336,0,1.471904,254,0,2319.720459,0.0,690.448,0.0,Attack
3e-06,udp,dns,INT,2,0,114,0,333333.3215,254,0,152000000.0,0.0,0.003,0.0,Attack
0.00094,udp,dns,CON,2,2,146,178,3191.489368,31,29,621276.625,757446.8125,0.004,0.004,Normal
5e-06,smp,-,INT,2,0,200,0,200000.0051,254,0,160000000.0,0.0,0.005,0.0,Attack
0.038023,tcp,-,FIN,60,62,3614,50036,3182.284514,31,29,747757.9375,10357731.0,0.648586,0.613131,Normal
6e-06,unas,-,INT,2,0,200,0,166666.6608,254,0,133333328.0,0.0,0.006,0.0,Attack
0.046955,tcp,-,FIN,72,74,4238,63516,3088.062999,31,29,712171.1875,10675412.0,0.656704,0.586301,Normal
0.023937,tcp,-,FIN,48,50,2958,32642,4052.303971,31,29,968208.1875,10691398.0,0.502766,0.477041,Normal
2e-06,udp,dns,INT,2,0,114,0,500000.0013,254,0,228000000.0,0.0,0.002,0.0,Attack
0.223258,tcp,ftp-data,FIN,14,6,8928,320,85.103332,31,29,297091.25,9567.40625,17.173692,44.521398,Normal
4.251802,tcp,-,FIN,20,18,1094,3074,8.702193,62,252,1956.817383,5464.036133,223.779051,245.917125,Attack
3e-06,udp,dns,INT,2,0,114,0,333333.3215,254,0,152000000.0,0.0,0.003,0.0,Attack
0.001058,udp,dns,CON,2,2,146,178,2835.538689,31,29,551984.875,672967.875,0.008,0.007,Normal
5e-06,udp,dns,INT,2,0,114,0,200000.0051,254,0,91200000.0,0.0,0.005,0.0,Attack
3e-06,udp,dns,INT,2,0,114,0,333333.3215,254,0,152000000.0,0.0,0.003,0.0,Attack
0.00532,udp,-,CON,4,4,568,320,1315.789475,31,29,640601.5,360902.25,1.13,1.297,Normal
9e-06,idrp,-,INT,2,0,200,0,111111.1072,254,0,88888888.0,0.0,0.009,0.0,Attack
1.060388,tcp,-,FIN,10,8,564,354,16.031868,254,252,3832.55957,2338.766602,117.579778,142.978859,Attack
0.925321,tcp,-,FIN,10,8,534,354,18.372003,254,252,4158.557129,2680.151123,98.802444,115.692,Normal
1e-06,udp,-,INT,2,0,168,0,1000000.003,254,0,672000000.0,0.0,0.001,0.0,Attack
0.993461,tcp,http,FIN,60,14,68189,612,73.480488,254,252,539954.75,4581.961426,16.838322,67.758461,Attack
0.791789,tcp,-,FIN,10,8,756,354,21.470367,254,252,6880.621094,3132.147705,83.189222,93.588289,Attack
9e-06,udp,dns,INT,2,0,114,0,111111.1072,254,0,50666664.0,0.0,0.009,0.0,Attack
4e-06,nvp,-,INT,2,0,180,0,250000.0006,254,0,180000000.0,0.0,0.004,0.0,Attack
7e-06,udp,dns,INT,2,0,114,0,142857.1409,254,0,65142856.0,0.0,0.007,0.0,Attack
0.247735,tcp,http,FIN,10,10,786,4244,76.694857,62,252,22863.14063,123357.625,27.526111,26.675889,Attack
2e-06,vrrp,-,INT,2,0,200,0,500000.0013,254,0,400000000.0,0.0,0.002,0.0,Attack
5e-06,udp,dns,INT,2,0,114,0,200000.0051,254,0,91200000.0,0.0,0.005,0.0,Attack
9e-06,unas,-,INT,2,0,200,0,111111.1072,254,0,88888888.0,0.0,0.009,0.0,Attack
0.678274,tcp,ftp-data,FIN,6,8,320,1826,19.166296,31,29,3149.169922,18847.8418,135.5922,96.824141,Normal
9e-06,unas,-,INT,2,0,200,0,111111.1072,254,0,88888888.0,0.0,0.009,0.0,Attack
58.922691,udp,dns,INT,168,0,13104,0,2.834222,254,0,1768.554688,0.0,352.830375,0.0,Attack
0.993986,tcp,ftp-data,FIN,8,16,364,13150,23.139159,62,252,2567.440674,99228.75781,141.903571,62.522732,Attack
6e-06,unas,-,INT,2,0,200,0,166666.6608,254,0,133333328.0,0.0,0.006,0.0,Attack
3e-06,udp,dns,INT,2,0,114,0,333333.3215,254,0,152000000.0,0.0,0.003,0.0,Attack
3.225843,tcp,-,FIN,306,560,17368,707082,268.146966,31,29,42933.27344,1750413.75,10.75177,5.790485,Normal
0.00484,tcp,ftp-data,FIN,8,12,424,8824,3925.61978,31,29,613223.125,13370248.0,0.649,0.391818,Normal
7e-06,udp,-,INT,2,0,168,0,142857.1409,254,0,96000000.0,0.0,0.007,0.0,Attack
0.467277,tcp,ftp,FIN,14,12,696,800,53.501457,254,252,11076.94141,12566.42188,34.433463,40.839637,Attack
0.983556,tcp,-,FIN,10,8,498,354,17.284222,254,252,3652.054443,2521.462891,109.284,121.876289,Attack
3e-06,swipe,-,INT,2,0,200,0,333333.3215,254,0,266666656.0,0.0,0.003,0.0,Attack
2.4e-05,argus,-,INT,2,0,180,0,41666.66519,254,0,29999998.0,0.0,0.024,0.0,Attack
7e-06,udp,dns,INT,2,0,114,0,142857.1409,254,0,65142856.0,0.0,0.007,0.0,Attack
5e-06,udp,dns,INT,2,0,114,0,200000.0051,254,0,91200000.0,0.0,0.005,0.0,Attack
0.001076,udp,dns,CON,2,2,146,178,2788.103975,31,29,542750.9375,661710.0,0.004,0.007,Normal
0.690215,tcp,http,FIN,10,8,858,1204,24.630007,62,252,8959.527344,12216.4834,76.616222,82.447,Normal
1.511823,tcp,-,FIN,10,6,2516,268,9.921796,254,252,11985.5293,1185.323853,164.217222,279.841187,Attack
0.004133,tcp,http,FIN,8,10,1058,822,4113.2349,31,29,1792402.625,1432373.625,0.541571,0.399667,Normal
0.004711,tcp,-,FIN,18,18,3960,2456,7429.420847,31,29,6351093.5,3939715.75,0.259647,0.246,Normal
3e-06,udp,dns,INT,2,0,114,0,333333.3215,254,0,152000000.0,0.0,0.003,0.0,Attack
9e-06,udp,dns,INT,2,0,114,0,111111.1072,254,0,50666664.0,0.0,0.009,0.0,Attack
6e-06,udp,dns,INT,2,0,114,0,166666.6608,254,0,76000000.0,0.0,0.006,0.0,Attack
1e-06,udp,dns,INT,2,0,114,0,1000000.003,254,0,456000000.0,0.0,0.001,0.0,Attack
9e-06,udp,dns,INT,2,0,114,0,111111.1072,254,0,50666664.0,0.0,0.009,0.0,Attack
3e-06,unas,-,INT,2,0,200,0,333333.3215,254,0,266666656.0,0.0,0.003,0.0,Attack
1.70862,tcp,http,FIN,10,16,792,10106,14.631691,62,252,3338.366699,44363.28906,189.846667,102.568798,Attack
0.02483,tcp,-,FIN,60,62,3614,50036,4873.137241,31,29,1145066.375,15861135.0,0.42281,0.4037,Normal
9e-06,pup,-,INT,2,0,180,0,111111.1072,254,0,80000000.0,0.0,0.009,0.0,Attack
4e-06,i-nlsp,-,INT,2,0,200,0,250000.0006,254,0,200000000.0,0.0,0.004,0.0,Attack
5e-06,netblt,-,INT,2,0,200,0,200000.0051,254,0,160000000.0,0.0,0.005,0.0,Attack
0.252863,tcp,ssh,FIN,32,26,3728,5578,225.418516,31,29,114275.3203,169704.5469,8.156871,10.0862,Normal
0.20088,tcp,http,FIN,10,6,858,268,74.671443,254,252,30784.54688,8920.748047,20.801889,38.763602,Attack
9e-06,udp,dns,INT,2,0,114,0,111111.1072,254,0,50666664.0,0.0,0.009,0.0,Attack
3e-06,udp,dns,INT,2,0,114,0,333333.3215,254,0,152000000.0,0.0,0.003,0.0,Attack
6.249106,tcp,-,FIN,438,858,24640,1094788,207.229644,31,29,31472.02148,1399896.875,14.299282,7.299821,Normal
0.400952,tcp,http,FIN,10,10,810,5978,47.387217,62,252,14545.38184,107364.4688,44.550222,38.022222,Attack
0.031002,tcp,-,FIN,60,62,3614,50036,3902.974005,31,29,917102.125,12703438.0,0.518136,0.499393,Normal
0.001005,udp,dns,CON,2,2,130,162,2985.074718,31,29,517412.9375,644776.125,0.007,0.006,Normal
4e-06,cphb,-,INT,2,0,200,0,250000.0006,254,0,200000000.0,0.0,0.004,0.0,Attack
7e-06,udp,dns,INT,2,0,114,0,142857.1409,254,0,65142856.0,0.0,0.007,0.0,Attack
0.160987,tcp,-,FIN,48,50,2974,30506,602.533106,31,29,144757.0313,1485635.5,3.418617,3.27302,Normal
9e-06,udp,dns,INT,2,0,114,0,111111.1072,254,0,50666664.0,0.0,0.009,0.0,Attack
9e-06,udp,dns,INT,2,0,114,0,111111.1072,254,0,50666664.0,0.0,0.009,0.0,Attack
1e-05,udp,-,INT,2,0,1806,0,100000.0025,254,0,722400000.0,0.0,0.01,0.0,Attack
1.4e-05,mobile,-,INT,1,0,60,0,0.0,0,0,0.0,0.0,0.0,0.0,Attack
3e-06,unas,-,INT,2,0,200,0,333333.3215,254,0,266666656.0,0.0,0.003,0.0,Attack
8e-06,udp,dns,INT,2,0,114,0,125000.0003,254,0,57000000.0,0.0,0.008,0.0,Attack
8e-06,udp,-,INT,2,0,104,0,125000.0003,254,0,52000000.0,0.0,0.008,0.0,Attack
57.23156,ospf,-,REQ,34,0,3672,0,0.576605,254,0,498.186676,0.0,1789.229375,0.0,Attack
9e-06,udp,dns,INT,2,0,114,0,111111.1072,254,0,50666664.0,0.0,0.009,0.0,Attack
6e-06,udp,-,INT,2,0,168,0,166666.6608,254,0,112000000.0,0.0,0.006,0.0,Attack
0.221033,tcp,ftp-data,FIN,8,12,424,8824,85.960012,31,29,13427.8584,292770.75,31.529285,20.042637,Normal
9e-06,udp,dns,INT,2,0,114,0,111111.1072,254,0,50666664.0,0.0,0.009,0.0,Attack
1.369455,tcp,-,FIN,18,14,5996,764,22.636743,254,252,33081.77344,4147.635254,80.556178,94.746383,Normal
0.234987,tcp,-,CON,6,2,986,86,29.788881,62,252,27984.52539,1463.910767,46.9974,0.009,Normal
0.863207,tcp,-,FIN,18,18,1030,3196,40.546475,62,252,9017.536133,27979.38477,50.776882,49.462234,Attack
3e-06,unas,-,INT,2,0,200,0,333333.3215,254,0,266666656.0,0.0,0.003,0.0,Attack
0.028933,tcp,-,FIN,68,70,4014,59460,4735.077623,31,29,1093561.0,16205993.0,0.433697,0.411536,Normal
1.526281,tcp,-,FIN,12,8,1110,700,12.44856,254,252,5335.845703,3213.038818,133.531452,201.818578,Attack
1.199071,tcp,-,FIN,12,8,2030,708,15.8456,254,252,12416.27832,4136.535645,109.006455,159.641281,Attack
0.003919,tcp,http,FIN,8,10,1052,824,4337.841501,31,29,1880071.5,1514672.125,0.510714,0.376222,Normal
0.194583,tcp,-,FIN,10,6,1498,268,77.087927,254,252,55462.19531,9209.4375,20.183889,37.646602,Attack
1.665064,tcp,ftp-data,FIN,14,6,8928,320,11.410973,31,29,39835.10547,1282.833618,128.081847,332.462,Normal
0.475187,tcp,-,FIN,10,6,534,268,31.56652,254,252,8097.864746,3771.146973,50.640556,78.727,Normal
1.65608,tcp,-,FIN,12,10,1226,456,12.680547,254,252,5429.689453,1985.411377,148.091361,172.139438,Attack
0.502708,tcp,-,FIN,10,6,534,268,29.838394,254,252,7654.54248,3564.693604,52.029778,79.853398,Normal
3.303794,tcp,http,FIN,10,14,824,9196,6.961693,62,252,1796.72229,20679.25586,367.088222,243.119007,Attack
0.004381,udp,-,CON,4,4,568,312,1597.808696,31,29,777904.5625,427299.6875,1.159667,0.987333,Normal
9e-06,udp,dns,INT,2,0,114,0,111111.1072,254,0,50666664.0,0.0,0.009,0.0,Attack
5.813782,tcp,-,FIN,74,374,3438,476208,76.886265,62,252,4667.529297,653529.8125,79.640847,15.383481,Attack
0.573925,tcp,-,FIN,10,6,534,268,26.135818,254,252,6704.708496,3122.359131,59.929667,94.388,Normal
3e-06,unas,-,INT,2,0,200,0,333333.3215,254,0,266666656.0,0.0,0.003,0.0,Attack
0.001128,udp,dns,CON,2,2,130,162,2659.574528,31,29,460992.9063,574468.125,0.002,0.004,Normal
0.860594,tcp,-,FIN,12,10,1002,820,24.401751,254,252,8542.936523,6860.37793,78.23582,90.038555,Attack
0.007197,udp,-,CON,4,4,568,312,972.627472,31,29,473530.625,260108.375,2.127333,1.921667,Normal
9e-06,tcp,-,REQ,2,0,90,0,111111.1072,254,0,40000000.0,0.0,0.009,0.0,Normal
9e-06,udp,dns,INT,2,0,114,0,111111.1072,254,0,50666664.0,0.0,0.009,0.0,Attack
9e-06,unas,-,INT,2,0,200,0,111111.1072,254,0,88888888.0,0.0,0.009,0.0,Attack
9e-06,udp,-,INT,2,0,168,0,111111.1072,254,0,74666664.0,0.0,0.009,0.0,Attack
3e-06,udp,dns,INT,2,0,114,0,333333.3215,254,0,152000000.0,0.0,0.003,0.0,Attack
1.292958,tcp,ftp,FIN,52,54,2934,3742,81.209133,31,29,17807.22852,22726.18164,25.345667,24.384527,Normal
0.935514,tcp,-,FIN,14,14,1092,764,28.86114,254,252,8671.168945,6071.528809,71.962618,68.941695,Normal
3e-06,udp,dns,INT,2,0,114,0,333333.3215,254,0,152000000.0,0.0,0.003,0.0,Attack
1.079923,tcp,-,FIN,10,8,590,354,15.741863,254,252,3933.61377,2296.459961,115.587222,139.684141,Attack
0.594629,tcp,smtp,FIN,52,42,37210,3380,156.400044,31,29,490995.2188,44397.43359,11.652628,14.487683,Normal
0.683928,tcp,-,FIN,10,8,534,354,24.856417,254,252,5626.323242,3626.112549,71.555667,88.46843,Normal
9e-06,udp,dns,INT,2,0,114,0,111111.1072,254,0,50666664.0,0.0,0.009,0.0,Attack
8e-06,udp,-,INT,2,0,196,0,125000.0003,254,0,98000000.0,0.0,0.008,0.0,Attack
0.155394,udp,-,CON,4,4,568,320,45.046783,31,29,21931.34766,12355.68945,46.660668,46.698,Normal
0.871874,tcp,-,FIN,30,14,27622,764,49.319054,254,252,245007.8906,6514.703125,30.064621,61.418152,Attack
1e-06,ipv6-route,-,INT,2,0,200,0,1000000.003,254,0,800000000.0,0.0,0.001,0.0,Attack
1.067889,tcp,http,FIN,14,18,1684,10168,29.029235,31,29,11716.57422,71947.55469,82.117925,62.783882,Normal
9e-06,udp,dns,INT,2,0,114,0,111111.1072,254,0,50666664.0,0.0,0.009,0.0,Attack
9e-06,idrp,-,INT,2,0,200,0,111111.1072,254,0,88888888.0,0.0,0.009,0.0,Attack
0.043015,tcp,-,FIN,40,42,2558,23162,1883.06407,31,29,464024.1875,4205231.0,1.094974,1.0633,Normal
1.187943,tcp,-,FIN,12,8,1362,710,15.994034,254,252,8411.177734,4188.753418,99.623274,151.436,Attack
9e-06,udp,dns,INT,2,0,114,0,111111.1072,254,0,50666664.0,0.0,0.009,0.0,Attack
0.242397,udp,-,CON,4,4,568,320,28.878246,31,29,14059.58008,7920.890137,70.680664,75.675664,Normal
5.231971,tcp,-,FIN,172,194,13672,45728,69.763386,31,29,20784.51953,69561.54688,30.59434,27.105419,Normal
9e-06,udp,dns,INT,2,0,114,0,111111.1072,254,0,50666664.0,0.0,0.009,0.0,Attack
1.090533,tcp,-,FIN,10,6,1748,268,13.754742,254,252,11546.64746,1643.233154,116.167778,204.740203,Attack
0.627059,tcp,-,FIN,12,8,994,760,30.30018,254,252,11635.26953,8484.050781,56.984999,76.725141,Attack
0.001062,udp,dns,CON,2,2,146,178,2824.858614,31,29,549905.8125,670433.125,0.008,0.007,Normal
3e-06,unas,-,INT,2,0,200,0,333333.3215,254,0,266666656.0,0.0,0.003,0.0,Attack
0.274355,tcp,http,FIN,10,8,1468,1054,61.963516,254,252,38548.59766,26914.03516,30.483889,35.75543,Attack
0.016605,tcp,-,FIN,48,50,2958,32642,5841.614295,31,29,1395724.25,15412226.0,0.360822,0.327939,Normal
1.018895,tcp,http,FIN,14,18,1684,10168,30.425117,31,29,12279.96973,75407.17969,78.350695,59.906647,Normal
9e-06,sdrp,-,INT,2,0,200,0,111111.1072,254,0,88888888.0,0.0,0.009,0.0,Attack
0.368923,tcp,http,FIN,10,8,870,1108,46.080075,62,252,16979.15234,21034.19922,40.867444,48.985855,Normal
7.554888,tcp,http,FIN,8,10,1052,824,2.250199,31,29,975.262695,785.716492,1258.953479,839.365437,Normal
0.027847,tcp,-,FIN,48,50,2958,33044,3483.319634,31,29,832262.0,9303408.0,0.598739,0.570208,Normal
0.018196,udp,-,CON,4,4,568,312,384.699939,31,29,187293.9063,102879.7578,4.544,5.605667,Normal
3e-06,udp,dns,INT,2,0,114,0,333333.3215,254,0,152000000.0,0.0,0.003,0.0,Attack
5e-06,udp,dns,INT,2,0,114,0,200000.0051,254,0,91200000.0,0.0,0.005,0.0,Attack
0.000962,udp,dns,CON,2,2,132,164,3118.503148,31,29,548856.5625,681912.6875,0.001,0.004,Normal
8e-06,udp,dns,INT,2,0,114,0,125000.0003,254,0,57000000.0,0.0,0.008,0.0,Attack
0.798235,tcp,-,FIN,10,8,564,354,21.296986,254,252,5091.232422,3106.854492,86.886222,105.507,Attack
8e-06,udp,dns,INT,2,0,114,0,125000.0003,254,0,57000000.0,0.0,0.008,0.0,Attack
0.004375,udp,-,CON,4,4,568,312,1599.999993,31,29,778971.4375,427885.7188,1.167333,0.960333,Normal
0.604383,tcp,-,FIN,10,6,884,268,24.8187,254,252,10536.36523,2965.007324,61.549889,95.499203,Attack
0.470106,tcp,-,FIN,10,6,686,268,31.907697,254,252,10516.77734,3811.90625,43.397444,72.975,Attack
59.810604,ospf,-,INT,130,0,35360,0,2.156808,254,0,4693.214355,0.0,463.647906,0.0,Attack
6e-06,udp,dns,INT,2,0,114,0,166666.6608,254,0,76000000.0,0.0,0.006,0.0,Attack
