dur,proto,service,state,spkts,dpkts,sbytes,dbytes,rate,sttl,dttl,sload,dload,sinpkt,dinpkt,label
2.001348,tcp,-,FIN,16,14,862,802,14.490233,254,252,3233.820312,2977.99292,133.423196,146.368077,Normal
0.472012,tcp,http,FIN,10,8,834,354,36.016032,254,252,12728.48926,5254.103516,52.445778,60.35343,Attack
0.320972,tcp,http,FIN,10,8,784,1256,52.964122,62,252,17596.55078,27391.79688,35.663556,38.518145,Attack
3e-06,gre,-,INT,2,0,200,0,333333.3215,254,0,266666656.0,0.0,0.003,0.0,Attack
4e-06,udp,-,INT,2,0,1064,0,250000.0006,254,0,1064000000.0,0.0,0.004,0.0,Attack
4e-06,leaf-1,-,INT,2,0,200,0,250000.0006,254,0,200000000.0,0.0,0.004,0.0,Attack
4e-06,unas,-,INT,2,0,200,0,250000.0006,254,0,200000000.0,0.0,0.004,0.0,Attack
9e-06,udp,dns,INT,2,0,114,0,111111.1072,254,0,50666664.0,0.0,0.009,0.0,Attack
9e-06,unas,-,INT,2,0,200,0,111111.1072,254,0,88888888.0,0.0,0.009,0.0,Attack
1.665064,tcp,ftp-data,FIN,14,6,8928,320,11.410973,31,29,39835.10547,1282.833618,128.081847,332.462,Normal
8e-06,udp,dns,INT,2,0,114,0,125000.0003,254,0,57000000.0,0.0,0.008,0.0,Attack
1.049279,tcp,-,FIN,10,8,574,354,16.201602,254,252,3941.754395,2363.527832,116.586556,117.590859,Attack
0.202427,tcp,-,FIN,22,24,4168,2768,222.302361,31,29,157251.75,104847.6719,9.623238,8.777913,Normal
0.039004,tcp,-,FIN,60,62,3614,50036,3102.245783,31,29,728950.875,10097220.0,0.678807,0.650339,Normal
9e-06,udp,dns,INT,2,0,114,0,111111.1072,254,0,50666664.0,0.0,0.009,0.0,Attack
19.888327,ospf,-,INT,20,0,900,0,0.955334,254,0,343.920349,0.0,1046.753875,0.0,Attack
3e-06,unas,-,INT,2,0,200,0,333333.3215,254,0,266666656.0,0.0,0.003,0.0,Attack
0.770482,tcp,-,FIN,10,8,564,354,22.06411,254,252,5274.620117,3218.764404,83.474889,102.168859,Attack
1.475882,tcp,http,FIN,10,10,1384,1150,12.873657,254,252,6753.927246,5610.20459,163.986889,152.225891,Attack
0.001082,udp,dns,CON,2,2,130,162,2772.643321,31,29,480591.5,598890.9375,0.009,0.006,Normal
9e-06,unas,-,INT,2,0,200,0,111111.1072,254,0,88888888.0,0.0,0.009,0.0,Attack
3e-06,unas,-,INT,2,0,200,0,333333.3215,254,0,266666656.0,0.0,0.003,0.0,Attack
3e-06,pgm,-,INT,2,0,200,0,333333.3215,254,0,266666656.0,0.0,0.003,0.0,Attack
0.034958,tcp,-,FIN,60,62,3598,48710,3461.296291,31,29,809886.125,10967446.0,0.587254,0.5707,Normal
3e-06,udp,-,INT,2,0,104,0,333333.3215,254,0,138666656.0,0.0,0.003,0.0,Attack
44.300476,ospf,-,INT,28,0,12832,0,0.609474,254,0,2234.55835,0.0,1640.758375,0.0,Attack
3e-06,udp,dns,INT,2,0,114,0,333333.3215,254,0,152000000.0,0.0,0.003,0.0,Attack
0.000991,udp,dns,CON,2,2,146,178,3027.245271,31,29,589303.75,718466.1875,0.001,0.009,Normal
9e-06,udp,dns,INT,2,0,114,0,111111.1072,254,0,50666664.0,0.0,0.009,0.0,Attack
2.256998,tcp,http,FIN,42,220,2924,282805,115.64033,62,252,10119.63672,997856.4375,55.04873,10.115069,Attack
3e-06,udp,dns,INT,2,0,114,0,333333.3215,254,0,152000000.0,0.0,0.003,0.0,Attack
2.370925,tcp,smtp,FIN,22,20,4082,1896,17.292829,62,252,13149.29883,6080.327637,112.90119,118.806266,Attack
8e-06,udp,dns,INT,2,0,114,0,125000.0003,254,0,57000000.0,0.0,0.008,0.0,Attack
1.289834,tcp,-,FIN,10,8,2530,354,13.17999,254,252,14122.74707,1922.728027,143.313667,172.698578,Normal
4e-06,mfe-nsp,-,INT,2,0,200,0,250000.0006,254,0,200000000.0,0.0,0.004,0.0,Attack
1.193377,tcp,smtp,FIN,20,20,2630,1774,32.680368,62,252,16752.45898,11302.37988,62.809319,56.557051,Attack
26.391916,tcp,smtp,RST,864,122,1131247,5246,37.322034,254,252,342510.3438,1577.149536,24.704906,216.705641,Attack
9e-06,unas,-,INT,2,0,200,0,111111.1072,254,0,88888888.0,0.0,0.009,0.0,Attack
0.337545,tcp,http,FIN,12,10,1300,2090,62.213926,62,252,28251.04688,44580.72266,30.685908,36.020223,Attack
0.620512,tcp,-,FIN,12,8,998,712,30.619875,254,252,11796.70996,8032.07666,53.487727,73.077859,Normal
1.451533,tcp,http,FIN,14,16,1422,9090,19.978878,62,252,7280.578613,46968.27734,111.656387,92.271401,Attack
9e-06,udp,dns,INT,2,0,114,0,111111.1072,254,0,50666664.0,0.0,0.009,0.0,Attack
3e-06,udp,dns,INT,2,0,114,0,333333.3215,254,0,152000000.0,0.0,0.003,0.0,Attack
0.352351,tcp,-,CON,6,2,978,86,19.866553,62,252,18504.27539,976.299194,70.4702,0.002,Normal
0.276094,tcp,-,FIN,26,26,4352,2872,184.719704,31,29,121263.0547,80030.71875,11.02364,11.0248,Normal
10.500966,tcp,ftp,FIN,36,40,1836,2132,7.1422,254,252,1359.874878,1583.854248,300.027593,266.4834,Attack
0.001796,udp,-,CON,4,4,520,304,3897.549992,31,29,1737193.75,1015590.188,0.455333,0.234667,Normal
8e-06,unas,-,INT,2,0,200,0,125000.0003,254,0,100000000.0,0.0,0.008,0.0,Attack
8e-06,a/n,-,INT,2,0,200,0,125000.0003,254,0,100000000.0,0.0,0.008,0.0,Attack
6e-06,udp,-,INT,2,0,75,0,166666.6608,254,0,50666664.0,0.0,0.006,0.0,Attack
7e-06,udp,dns,INT,2,0,114,0,142857.1409,254,0,65142856.0,0.0,0.007,0.0,Attack
0.504728,tcp,smtp,FIN,52,40,37268,3276,180.295122,31,29,579353.625,50641.13672,9.889902,12.929205,Normal
0.028953,tcp,-,FIN,64,66,3806,51808,4455.496701,31,29,1035333.125,14098435.0,0.462016,0.449857,Normal
0.13358,sctp,-,CON,2,2,152,82,22.458452,254,60,4551.57959,2455.45752,0.003,0.007,Attack
1.053565,tcp,-,FIN,18,14,9136,764,29.423908,254,252,65522.29688,5391.219238,61.974414,77.178695,Attack
9e-06,ipv6-route,-,INT,2,0,200,0,111111.1072,254,0,88888888.0,0.0,0.009,0.0,Attack
0.196166,tcp,http,FIN,10,14,826,10954,117.247641,62,252,30341.65039,414832.3438,21.796222,14.252461,Attack
0.015021,tcp,-,FIN,40,42,2542,23508,5392.450549,31,29,1320284.875,12222355.0,0.395,0.3622,Normal
0.005005,tcp,ftp-data,FIN,8,12,424,8824,3796.203675,31,29,593007.0,12929470.0,0.670143,0.409636,Normal
3e-06,udp,dns,INT,2,0,114,0,333333.3215,254,0,152000000.0,0.0,0.003,0.0,Attack
0.025896,tcp,-,FIN,64,66,3806,51808,4981.464368,31,29,1157553.25,15762743.0,0.41271,0.388969,Normal
3e-06,iso-ip,-,INT,2,0,200,0,333333.3215,254,0,266666656.0,0.0,0.003,0.0,Attack
0.049902,tcp,-,FIN,40,42,2558,23162,1623.181451,31,29,399983.9688,3624864.75,1.27141,1.202561,Normal
1.020317,tcp,-,FIN,10,8,2516,354,16.661489,254,252,17759.1875,2430.617188,107.285,124.86243,Normal
6e-06,udp,dns,INT,2,0,114,0,166666.6608,254,0,76000000.0,0.0,0.006,0.0,Attack
8e-06,ddp,-,INT,2,0,200,0,125000.0003,254,0,100000000.0,0.0,0.008,0.0,Attack
59.760056,ospf,-,INT,180,0,48960,0,2.995312,254,0,6517.79834,0.0,333.854969,0.0,Attack
8e-06,udp,dns,INT,2,0,114,0,125000.0003,254,0,57000000.0,0.0,0.008,0.0,Attack
9e-06,udp,dns,INT,2,0,114,0,111111.1072,254,0,50666664.0,0.0,0.009,0.0,Attack
2e-06,udp,-,INT,2,0,1828,0,500000.0013,254,0,3656000000.0,0.0,0.002,0.0,Attack
1e-05,unas,-,INT,2,0,200,0,100000.0025,254,0,80000000.0,0.0,0.01,0.0,Attack
1.725732,tcp,ftp,FIN,52,54,2934,3742,60.843747,31,29,13341.58496,17026.97852,33.830823,32.543189,Normal
0.220075,tcp,http,FIN,10,8,808,2198,77.246395,62,252,26463.70508,69939.79688,24.452778,29.901428,Attack
31.959324,tcp,-,FIN,32,22,1806,1198,1.658358,254,252,438.056824,286.364014,1029.826321,1520.766,Normal
0.742187,tcp,-,FIN,10,8,564,354,22.905278,254,252,5475.708984,3341.47583,82.465222,97.604141,Attack
9e-06,udp,dns,INT,2,0,114,0,111111.1072,254,0,50666664.0,0.0,0.009,0.0,Attack
4e-06,udp,snmp,INT,2,0,124,0,250000.0006,254,0,124000000.0,0.0,0.004,0.0,Attack
8e-06,udp,dns,INT,2,0,114,0,125000.0003,254,0,57000000.0,0.0,0.008,0.0,Attack
5e-06,udp,dns,INT,2,0,114,0,200000.0051,254,0,91200000.0,0.0,0.005,0.0,Attack
0.001006,udp,dns,CON,2,2,130,162,2982.107425,31,29,516898.625,644135.1875,0.003,0.008,Normal
9e-06,snp,-,INT,2,0,200,0,111111.1072,254,0,88888888.0,0.0,0.009,0.0,Attack
0.0,arp,-,INT,1,0,46,0,0.0,0,0,0.0,0.0,60000.664,0.0,Normal
0.863207,tcp,-,FIN,18,18,1030,3196,40.546475,62,252,9017.536133,27979.38477,50.776882,49.462234,Attack
0.561966,tcp,http,FIN,10,8,1330,1200,30.25094,254,252,17040.17578,14947.52344,62.440667,69.739,Attack
0.034081,tcp,-,FIN,72,74,4238,63516,4254.569891,31,29,981191.8125,14708019.0,0.475549,0.464778,Normal
0.329295,tcp,-,FIN,28,30,4256,3080,173.097066,31,29,99703.90625,72348.5,12.175889,11.337793,Normal
0.483037,tcp,http,FIN,10,10,744,4202,39.334461,62,252,11096.45898,62637.02344,53.640444,49.783667,Attack
0.00583,tcp,-,FIN,22,24,1958,2308,7718.696193,31,29,2564665.5,3035334.5,0.2741,0.227522,Normal
1e-05,udp,-,INT,2,0,1066,0,100000.0025,254,0,426400000.0,0.0,0.01,0.0,Attack
0.012935,tcp,-,FIN,38,40,2438,19266,5952.84134,31,29,1468264.5,11618091.0,0.341135,0.317538,Normal
8e-06,udp,dns,INT,2,0,114,0,125000.0003,254,0,57000000.0,0.0,0.008,0.0,Attack
0.001002,udp,dns,CON,2,2,130,162,2994.012136,31,29,518962.0938,646706.625,0.009,0.004,Normal
3e-06,udp,dns,INT,2,0,114,0,333333.3215,254,0,152000000.0,0.0,0.003,0.0,Attack
8e-06,udp,dns,INT,2,0,114,0,125000.0003,254,0,57000000.0,0.0,0.008,0.0,Attack
9e-06,udp,dns,INT,2,0,114,0,111111.1072,254,0,50666664.0,0.0,0.009,0.0,Attack
6e-06,unas,-,INT,2,0,200,0,166666.6608,254,0,133333328.0,0.0,0.006,0.0,Attack
6e-06,udp,dns,INT,2,0,114,0,166666.6608,254,0,76000000.0,0.0,0.006,0.0,Attack
0.710556,tcp,-,FIN,10,8,564,354,23.924927,254,252,5719.464844,3490.224609,75.601,97.865711,Attack
6e-06,larp,-,INT,2,0,200,0,166666.6608,254,0,133333328.0,0.0,0.006,0.0,Attack
9e-06,udp,dns,INT,2,0,114,0,111111.1072,254,0,50666664.0,0.0,0.009,0.0,Attack
2.5e-05,udp,-,INT,3,0,3028,0,80000.00202,254,0,646080000.0,0.0,0.019,0.0,Attack
5e-06,udp,dns,INT,2,0,114,0,200000.0051,254,0,91200000.0,0.0,0.005,0.0,Attack
1e-06,udp,dns,INT,2,0,114,0,1000000.003,254,0,456000000.0,0.0,0.001,0.0,Attack
0.028016,tcp,-,FIN,48,50,2974,30506,3462.307361,31,29,831810.4375,8536836.0,0.588447,0.558571,Normal
2.314978,tcp,-,FIN,116,26,135934,1280,60.907709,254,252,465708.125,4254.036133,20.306824,88.971719,Normal
0.227837,tcp,http,FIN,10,6,1126,268,65.836542,254,252,35604.40234,7865.272461,22.897111,40.031602,Attack
8e-06,crudp,-,INT,2,0,200,0,125000.0003,254,0,100000000.0,0.0,0.008,0.0,Attack
0.004133,tcp,http,FIN,8,10,1058,822,4113.2349,31,29,1792402.625,1432373.625,0.541571,0.399667,Normal
3e-06,udp,dns,INT,2,0,114,0,333333.3215,254,0,152000000.0,0.0,0.003,0.0,Attack
4e-06,unas,-,INT,2,0,200,0,250000.0006,254,0,200000000.0,0.0,0.004,0.0,Attack
0.004224,tcp,-,FIN,22,14,1470,1728,8285.984784,31,29,2659091.0,3039772.75,0.2112,0.275615,Normal
0.0,arp,-,INT,1,0,46,0,0.0,0,0,0.0,0.0,60000.764,0.0,Normal
3.303271,sctp,-,CON,4,4,840,880,2.119112,254,60,1525.760376,1598.415649,1101.090375,488.900344,Attack
9e-06,udp,dns,INT,2,0,114,0,111111.1072,254,0,50666664.0,0.0,0.009,0.0,Attack
5e-06,udp,dns,INT,2,0,114,0,200000.0051,254,0,91200000.0,0.0,0.005,0.0,Attack
0.707577,tcp,ftp-data,FIN,8,8,364,1656,21.199107,62,252,3606.674561,16382.66992,101.078143,91.284,Attack
1.092766,tcp,-,FIN,12,8,1110,740,17.38707,254,252,7452.647461,4743.924805,91.977635,146.491422,Attack
0.013313,tcp,-,FIN,16,18,1540,1644,2478.780123,31,29,867723.25,933223.1875,0.8662,0.756412,Normal
4e-06,udp,dns,INT,2,0,114,0,250000.0006,254,0,114000000.0,0.0,0.004,0.0,Attack
9e-06,irtp,-,INT,2,0,200,0,111111.1072,254,0,88888888.0,0.0,0.009,0.0,Attack
0.004568,udp,-,CON,4,4,568,304,1532.399347,31,29,746059.5625,399299.5,1.21,1.036333,Normal
0.684573,tcp,-,FIN,10,8,564,354,24.832998,254,252,5936.547363,3622.696289,76.063667,96.265859,Attack
7e-06,udp,dns,INT,2,0,114,0,142857.1409,254,0,65142856.0,0.0,0.007,0.0,Attack
9e-06,udp,-,INT,2,0,168,0,111111.1072,254,0,74666664.0,0.0,0.009,0.0,Attack
0.730198,tcp,-,FIN,10,8,588,354,23.281356,254,252,5806.644043,3396.338867,81.133111,95.494859,Normal
0.273934,tcp,http,FIN,10,8,886,1650,62.058743,62,252,23304.88281,42170.74219,30.437111,34.99343,Attack
9e-06,udp,dns,INT,2,0,114,0,111111.1072,254,0,50666664.0,0.0,0.009,0.0,Attack
0.398525,tcp,-,FIN,10,6,534,268,37.638793,254,252,9655.605469,4496.581055,44.280556,64.074199,Attack
3e-06,udp,dns,INT,2,0,114,0,333333.3215,254,0,152000000.0,0.0,0.003,0.0,Attack
1.999251,tcp,ftp,FIN,12,10,2564,840,10.503934,254,252,9407.523438,3025.132812,175.333903,206.089672,Attack
6e-06,unas,-,INT,2,0,200,0,166666.6608,254,0,133333328.0,0.0,0.006,0.0,Attack
0.213648,tcp,-,FIN,10,6,1334,268,70.20894,254,252,44971.16797,8387.62793,23.738667,41.336602,Attack
0.402526,tcp,ftp-data,FIN,8,8,364,826,37.264674,62,252,6339.963379,14369.25879,57.503712,55.05757,Attack
5e-06,udp,dns,INT,2,0,114,0,200000.0051,254,0,91200000.0,0.0,0.005,0.0,Attack
0.312483,tcp,ftp-data,FIN,14,6,8928,320,60.803305,31,29,212261.1406,6835.571777,24.037154,62.382398,Normal
0.0,arp,-,INT,1,0,46,0,0.0,0,0,0.0,0.0,60000.716,0.0,Normal
1.250951,tcp,http,FIN,14,18,1684,10168,24.781145,31,29,10001.99023,61418.87109,96.200462,73.472412,Normal
5e-06,udp,dns,INT,2,0,114,0,200000.0051,254,0,91200000.0,0.0,0.005,0.0,Attack
0.629428,tcp,-,FIN,10,8,564,354,27.008648,254,252,6456.655762,3940.085205,69.936444,87.451,Attack
40.088387,tcp,-,FIN,66,66,3910,51808,3.267779,31,29,768.501892,10182.30078,616.739595,626.366688,Normal
8e-06,merit-inp,-,INT,2,0,200,0,125000.0003,254,0,100000000.0,0.0,0.008,0.0,Attack
9e-06,udp,-,INT,2,0,168,0,111111.1072,254,0,74666664.0,0.0,0.009,0.0,Attack
8e-06,ddp,-,INT,2,0,200,0,125000.0003,254,0,100000000.0,0.0,0.008,0.0,Attack
0.080667,tcp,-,FIN,24,24,2024,4312,582.642245,31,29,192395.9063,409882.625,3.49113,3.480087,Normal
0.973367,tcp,-,FIN,10,10,608,646,19.519873,254,252,4503.954102,4783.396484,108.051556,101.824891,Attack
1.161001,tcp,http,FIN,10,8,870,354,14.642537,254,252,5395.344238,2136.087891,123.355778,158.628141,Attack
8e-06,udp,dns,INT,2,0,114,0,125000.0003,254,0,57000000.0,0.0,0.008,0.0,Attack
1.039987,tcp,smtp,FIN,64,26,59763,2044,85.577995,62,252,452544.125,15123.2666,16.507731,40.55332,Attack
0.26721,tcp,http,FIN,10,8,792,1498,63.620372,62,252,21346.50586,39250.02734,29.69,35.106285,Attack
3e-06,udp,dns,INT,2,0,114,0,333333.3215,254,0,152000000.0,0.0,0.003,0.0,Attack
9e-06,udp,dns,INT,2,0,114,0,111111.1072,254,0,50666664.0,0.0,0.009,0.0,Attack
6e-06,ttp,-,INT,2,0,200,0,166666.6608,254,0,133333328.0,0.0,0.006,0.0,Attack
8e-06,udp,dns,INT,2,0,114,0,125000.0003,254,0,57000000.0,0.0,0.008,0.0,Attack
2e-05,udp,dns,INT,2,0,114,0,50000.00126,254,0,22800000.0,0.0,0.02,0.0,Attack
0.695763,tcp,-,FIN,230,438,13246,548216,958.659785,31,29,151649.3438,6289095.5,3.063657,1.5947,Normal
0.004507,tcp,-,FIN,22,14,1470,1728,7765.697644,31,29,2492123.25,2848901.75,0.22535,0.29,Normal
3.330127,tcp,smtp,FIN,176,44,214135,2726,65.763258,62,252,511497.625,6402.158203,19.138661,75.853836,Attack
3e-06,udp,dns,INT,2,0,114,0,333333.3215,254,0,152000000.0,0.0,0.003,0.0,Attack
0.050823,tcp,-,FIN,40,42,2558,23162,1593.766623,31,29,392735.5625,3559176.0,1.295077,1.226512,Normal
0.020996,tcp,-,FIN,48,50,2974,30506,4619.927469,31,29,1109925.625,11391122.0,0.449457,0.422917,Normal
10.388967,tcp,http,FIN,12,24,900,22944,3.368959,62,252,635.289368,16931.80859,944.451523,445.78913,Attack
6e-06,pvp,-,INT,2,0,200,0,166666.6608,254,0,133333328.0,0.0,0.006,0.0,Attack
9e-06,unas,-,INT,2,0,200,0,111111.1072,254,0,88888888.0,0.0,0.009,0.0,Attack
0.736268,tcp,http,FIN,10,6,510,268,20.373017,254,252,4987.314453,2433.896484,78.581667,134.945406,Attack
0.001061,udp,dns,CON,2,2,146,178,2827.521083,31,29,550424.125,671065.0,0.009,0.008,Normal
8e-06,udp,dns,INT,2,0,114,0,125000.0003,254,0,57000000.0,0.0,0.008,0.0,Attack
1.746781,tcp,http,FIN,60,16,68187,698,42.936121,254,252,307083.7188,2999.803711,29.606458,108.48993,Attack
9e-06,mhrp,-,INT,2,0,200,0,111111.1072,254,0,88888888.0,0.0,0.009,0.0,Attack
9e-06,i-nlsp,-,INT,2,0,200,0,111111.1072,254,0,88888888.0,0.0,0.009,0.0,Attack
8e-06,udp,dns,INT,2,0,114,0,125000.0003,254,0,57000000.0,0.0,0.008,0.0,Attack
0.658578,tcp,-,FIN,10,8,564,354,25.813192,254,252,6170.871582,3765.689209,71.135222,90.376859,Attack
4.130779,tcp,-,FIN,10,8,564,354,4.115447,254,252,983.833862,600.371033,458.975444,569.350312,Attack
0.050899,tcp,-,FIN,40,42,2542,23508,1591.386896,31,29,389634.375,3606986.5,1.295385,1.2294,Normal
0.980146,tcp,http,FIN,10,10,826,736,19.384867,254,252,6072.564941,5411.438965,108.905111,95.024336,Attack
0.605738,tcp,http,FIN,10,10,808,4730,31.366697,62,252,9614.717773,56222.32813,67.304222,48.423556,Attack
1.213128,tcp,http,FIN,14,18,1684,10168,25.553776,31,29,10313.83398,63333.79688,93.291079,71.333412,Normal
0.826884,tcp,ssh,FIN,108,114,9504,12298,267.268453,31,29,91098.63281,117946.4141,7.725066,7.312345,Normal
2.224469,tcp,smtp,FIN,68,26,66719,1926,41.807731,62,252,236417.7813,6660.466309,33.191433,85.308359,Attack
0.06004,tcp,-,FIN,62,60,3702,48606,2015.32309,31,29,485409.7188,6368554.0,0.976328,1.024672,Normal
0.691518,tcp,-,FIN,10,8,564,354,24.583597,254,252,5876.925781,3586.312988,73.927,91.048711,Attack
4e-06,udp,-,INT,2,0,104,0,250000.0006,254,0,104000000.0,0.0,0.004,0.0,Attack
0.003925,tcp,http,FIN,8,10,1052,824,4331.210355,31,29,1877197.5,1512356.75,0.512,0.375444,Normal
2.077005,tcp,-,FIN,16,14,924,792,13.962413,254,252,3339.424072,2834.851318,138.435269,150.665391,Normal
1.910817,tcp,-,FIN,60,16,68185,698,39.250226,254,252,280713.4375,2742.282471,32.386729,121.09007,Attack
0.711421,udp,-,CON,2,2,76,134,4.216912,254,60,427.313782,753.421631,0.009,0.003,Attack
9e-06,udp,-,INT,2,0,168,0,111111.1072,254,0,74666664.0,0.0,0.009,0.0,Attack
9e-06,udp,dns,INT,2,0,114,0,111111.1072,254,0,50666664.0,0.0,0.009,0.0,Attack
8e-06,udp,dns,INT,2,0,114,0,125000.0003,254,0,57000000.0,0.0,0.008,0.0,Attack
1e-06,udp,dns,INT,2,0,114,0,1000000.003,254,0,456000000.0,0.0,0.001,0.0,Attack
0.000997,udp,dns,CON,2,2,146,178,3009.027007,31,29,585757.25,714142.4375,0.005,0.004,Normal
6e-06,udp,dns,INT,2,0,114,0,166666.6608,254,0,76000000.0,0.0,0.006,0.0,Attack
3e-06,gre,-,INT,2,0,200,0,333333.3215,254,0,266666656.0,0.0,0.003,0.0,Attack
0.987377,tcp,-,FIN,32,12,26222,642,43.549729,254,252,205822.0938,4772.240234,31.141872,75.118453,Attack
0.843712,tcp,-,FIN,10,8,550,354,20.149056,254,252,4693.544922,2939.391846,93.675,111.195141,Attack
9e-06,udp,dns,INT,2,0,114,0,111111.1072,254,0,50666664.0,0.0,0.009,0.0,Attack
1e-05,udp,-,INT,2,0,2454,0,100000.0025,254,0,981600000.0,0.0,0.01,0.0,Attack
9e-06,unas,-,INT,2,0,200,0,111111.1072,254,0,88888888.0,0.0,0.009,0.0,Attack
3e-06,udp,dns,INT,2,0,114,0,333333.3215,254,0,152000000.0,0.0,0.003,0.0,Attack
0.00101,udp,dns,CON,2,2,146,178,2970.297008,31,29,578217.8125,704950.5,0.009,0.007,Normal
0.623753,tcp,-,FIN,10,6,550,268,24.04798,254,252,6348.666504,2872.932129,63.508889,109.356797,Attack
59.49836,ospf,-,REQ,74,0,20128,0,1.226925,254,0,2669.787842,0.0,828.756313,0.0,Attack
1.392442,tcp,ftp,FIN,62,20,68109,1026,58.171185,254,252,384998.4375,5601.669434,22.812738,69.426102,Attack
0.001065,udp,dns,CON,2,2,146,178,2816.901513,31,29,548356.8125,668544.625,0.009,0.007,Normal
1.189157,tcp,-,FIN,20,20,1088,5748,32.796342,62,252,6956.188477,36738.62891,62.587209,59.953421,Attack
9e-06,udp,dns,INT,2,0,114,0,111111.1072,254,0,50666664.0,0.0,0.009,0.0,Attack
0.223223,tcp,ftp-data,FIN,8,12,424,8824,85.116677,31,29,13296.12109,289898.4375,31.844,20.243909,Normal
0.001677,udp,-,CON,4,4,528,304,4174.120543,31,29,1889087.75,1087656.5,0.438333,0.197667,Normal
0.046931,tcp,ftp-data,FIN,6,8,320,1946,277.002416,31,29,45513.62891,290298.5313,9.3216,6.616857,Normal
1.182819,tcp,http,FIN,14,18,1684,10168,26.208574,31,29,10578.11914,64956.68359,90.959541,69.546469,Normal
5e-06,udp,dns,INT,2,0,114,0,200000.0051,254,0,91200000.0,0.0,0.005,0.0,Attack
8e-06,udp,dns,INT,2,0,114,0,125000.0003,254,0,57000000.0,0.0,0.008,0.0,Attack
0.632373,tcp,-,FIN,10,6,534,268,23.720179,254,252,6085.016602,2833.770752,70.135667,103.798,Normal
2.138638,tcp,-,FIN,10,8,588,354,7.948984,254,252,1982.57019,1159.616577,233.739111,300.006156,Attack
0.029984,tcp,-,FIN,72,74,4238,63516,4835.912614,31,29,1115261.5,16717717.0,0.416972,0.40211,Normal
6e-06,unas,-,INT,2,0,200,0,166666.6608,254,0,133333328.0,0.0,0.006,0.0,Attack
0.748587,tcp,http,FIN,10,8,566,354,22.709451,254,252,5450.268066,3312.908203,80.985667,96.77743,Attack
0.329183,tcp,ftp-data,FIN,8,10,364,3754,51.643005,62,252,7752.526367,82118.45313,46.892427,32.920667,Attack
1.540862,tcp,smtp,FIN,84,30,87848,2110,73.335576,62,252,450672.4375,10591.47461,18.552747,52.05107,Attack
0.420452,tcp,-,FIN,20,8,17266,354,64.216605,254,252,312102.2188,5898.414062,20.327948,49.617285,Attack
9e-06,udp,dns,INT,2,0,114,0,111111.1072,254,0,50666664.0,0.0,0.009,0.0,Attack
0.826679,tcp,http,FIN,10,8,582,354,20.56421,254,252,5070.89209,2999.955322,91.853222,102.93843,Attack
0.003244,tcp,ftp-data,FIN,6,8,320,1826,4007.398247,31,29,658446.375,3940813.75,0.5878,0.401286,Normal
0.000925,udp,dns,CON,2,2,146,178,3243.243242,31,29,631351.375,769729.75,0.001,0.004,Normal
0.0,arp,-,INT,1,0,46,0,0.0,0,0,0.0,0.0,60000.744,0.0,Normal
0.016791,tcp,-,FIN,48,50,2958,32642,5776.904604,31,29,1380263.25,15241499.0,0.35066,0.331102,Normal
9e-06,udp,dns,INT,2,0,114,0,111111.1072,254,0,50666664.0,0.0,0.009,0.0,Attack
9e-06,udp,-,INT,2,0,168,0,111111.1072,254,0,74666664.0,0.0,0.009,0.0,Attack
3.2e-05,udp,dns,INT,2,0,114,0,31250.00008,254,0,14250000.0,0.0,0.032,0.0,Attack
0.614659,tcp,-,FIN,12,8,1466,740,30.911448,254,252,17492.625,8433.944336,55.783362,65.594711,Normal
0.001129,udp,dns,CON,2,2,130,162,2657.21882,31,29,460584.5938,573959.25,0.009,0.001,Normal
9e-06,ipv6,-,INT,2,0,86,0,111111.1072,254,0,38222220.0,0.0,0.009,0.0,Attack
3e-06,udp,dns,INT,2,0,114,0,333333.3215,254,0,152000000.0,0.0,0.003,0.0,Attack
1.044929,tcp,http,FIN,14,18,1684,10168,29.667087,31,29,11974.01856,73528.4375,80.34931,61.434471,Normal
4e-06,udp,dns,INT,2,0,114,0,250000.0006,254,0,114000000.0,0.0,0.004,0.0,Attack
0.001005,udp,dns,CON,2,2,130,162,2985.074718,31,29,517412.9375,644776.125,0.007,0.006,Normal
8e-06,udp,dns,INT,2,0,114,0,125000.0003,254,0,57000000.0,0.0,0.008,0.0,Attack
9e-06,udp,dns,INT,2,0,114,0,111111.1072,254,0,50666664.0,0.0,0.009,0.0,Attack
0.044941,tcp,-,FIN,60,62,3598,48710,2692.418911,31,29,629981.5,8531185.0,0.78293,0.747458,Normal
2e-06,udp,dns,INT,2,0,114,0,500000.0013,254,0,228000000.0,0.0,0.002,0.0,Attack
9e-06,udp,dns,INT,2,0,114,0,111111.1072,254,0,50666664.0,0.0,0.009,0.0,Attack
0.917041,tcp,-,FIN,22,56,1198,53710,83.965711,62,252,9979.924805,460184.4375,43.66862,16.449654,Attack
3e-06,udp,dns,INT,2,0,114,0,333333.3215,254,0,152000000.0,0.0,0.003,0.0,Attack
7e-06,udp,-,INT,2,0,104,0,142857.1409,254,0,59428572.0,0.0,0.007,0.0,Attack
5e-06,udp,dns,INT,2,0,114,0,200000.0051,254,0,91200000.0,0.0,0.005,0.0,Attack
3e-06,udp,dns,INT,2,0,114,0,333333.3215,254,0,152000000.0,0.0,0.003,0.0,Attack
1e-06,iplt,-,INT,2,0,200,0,1000000.003,254,0,800000000.0,0.0,0.001,0.0,Attack
0.185962,tcp,http,FIN,10,6,944,268,80.661638,254,252,36566.60938,9636.376953,19.436222,35.952801,Attack
9e-06,unas,-,INT,2,0,200,0,111111.1072,254,0,88888888.0,0.0,0.009,0.0,Attack
0.36078,tcp,-,FIN,10,6,538,268,41.576584,254,252,10754.47656,4967.016113,40.086667,58.452602,Normal
0.568146,tcp,ftp,FIN,12,12,632,682,40.482553,254,252,8166.915039,8814.635742,51.649636,47.041637,Normal
9e-06,unas,-,INT,2,0,200,0,111111.1072,254,0,88888888.0,0.0,0.009,0.0,Attack
0.533358,tcp,http,FIN,16,12,2858,2052,50.622661,254,252,40198.14063,28213.69531,34.392467,47.704547,Attack
10.038711,rvd,-,INT,4,0,400,0,0.298843,254,0,239.074524,0.0,3346.237,0.0,Attack
9e-06,udp,-,INT,2,0,78,0,111111.1072,254,0,34666664.0,0.0,0.009,0.0,Normal
3e-06,argus,-,INT,2,0,180,0,333333.3215,254,0,239999984.0,0.0,0.003,0.0,Attack
0.151529,tcp,-,FIN,86,86,4966,75600,1128.496861,31,29,259171.5156,3944908.25,1.799786,1.798131,Normal
0.02508,tcp,ssh,FIN,108,114,9504,12298,8811.802542,31,29,3003509.0,3888676.25,0.245248,0.223309,Normal
0.004701,tcp,-,FIN,18,18,3936,2456,7445.224147,31,29,6327164.0,3948096.0,0.258412,0.246,Normal
0.631124,tcp,-,FIN,10,8,576,354,26.936069,254,252,6578.73877,3929.49707,66.168444,80.410141,Normal
0.234987,tcp,-,CON,6,2,986,86,29.788881,62,252,27984.52539,1463.910767,46.9974,0.009,Normal
2e-06,udp,dns,INT,2,0,114,0,500000.0013,254,0,228000000.0,0.0,0.002,0.0,Attack
1.008657,tcp,http,FIN,14,18,1684,10168,30.733937,31,29,12404.61328,76172.57813,77.561079,59.303882,Normal
1.175743,tcp,ftp-data,FIN,8,6,364,268,11.056838,62,252,2170.54248,1524.142578,167.843286,217.492,Attack
1.013971,tcp,http,FIN,12,18,1580,10168,28.600424,31,29,11432.28027,75773.375,92.147727,59.61441,Normal
1.000127,tcp,-,FIN,22,10,17784,828,30.996065,254,252,135790.7656,5967.242188,46.128142,100.429109,Attack
5e-06,udp,dns,INT,2,0,114,0,200000.0051,254,0,91200000.0,0.0,0.005,0.0,Attack
3e-06,udp,dns,INT,2,0,114,0,333333.3215,254,0,152000000.0,0.0,0.003,0.0,Attack
9e-06,udp,-,INT,2,0,104,0,111111.1072,254,0,46222220.0,0.0,0.009,0.0,Normal
0.010226,tcp,-,FIN,38,40,2438,19266,7529.82586,31,29,1857226.625,14695873.0,0.271361,0.247487,Normal
9e-06,unas,-,INT,2,0,200,0,111111.1072,254,0,88888888.0,0.0,0.009,0.0,Attack
0.926106,tcp,-,FIN,10,8,564,354,18.356431,254,252,4388.266602,2677.879395,99.631778,121.821711,Attack
2.050286,tcp,-,FIN,12,10,994,826,10.242473,254,252,3558.527832,2903.009521,186.389639,213.648672,Attack
9e-06,eigrp,-,INT,2,0,200,0,111111.1072,254,0,88888888.0,0.0,0.009,0.0,Attack
0.275482,tcp,http,FIN,10,6,1044,268,54.450019,254,252,27297.60938,6504.962402,27.676222,43.235,Attack
9e-06,udp,dns,INT,2,0,114,0,111111.1072,254,0,50666664.0,0.0,0.009,0.0,Attack
5.9e-05,udp,-,INT,1,0,112,0,0.0,255,0,0.0,0.0,0.0,0.0,Attack
0.48387,tcp,http,FIN,10,8,786,1304,35.133404,62,252,11705.62305,18864.57031,53.763333,55.113855,Attack
3.067268,tcp,-,FIN,10,8,648,354,5.542392,254,252,1523.179688,808.537109,335.942333,428.474562,Attack
5e-06,unas,-,INT,2,0,200,0,200000.0051,254,0,160000000.0,0.0,0.005,0.0,Attack
9e-06,udp,-,INT,2,0,1066,0,111111.1072,254,0,473777760.0,0.0,0.009,0.0,Normal
0.826666,tcp,-,FIN,10,8,534,354,20.564533,254,252,4654.842285,3000.002441,91.840222,124.920836,Normal
3.322526,tcp,ftp,FIN,20,20,1032,1172,11.738057,254,252,2362.05835,2682.296631,174.869793,171.181628,Attack
0.633012,tcp,-,FIN,10,8,564,354,26.855731,254,252,6420.099609,3917.777344,69.715444,89.376141,Attack
0.035137,udp,-,CON,4,4,528,304,199.220187,31,29,90161.36719,51911.08984,6.664333,7.675333,Normal
0.728854,tcp,-,FIN,16,10,980,556,34.300422,254,252,10087.06836,5499.043457,47.546266,76.643336,Normal
3e-06,udp,dns,INT,2,0,114,0,333333.3215,254,0,152000000.0,0.0,0.003,0.0,Attack
30.050091,ospf,-,INT,20,0,1280,0,0.632278,254,0,323.726135,0.0,1581.583625,0.0,Attack
0.224114,tcp,http,FIN,10,6,1294,268,66.930223,254,252,41585.97656,7995.930664,23.079,41.196199,Attack
0.104085,udp,-,CON,4,4,520,304,67.252727,31,29,29975.50195,17524.13867,19.656334,21.339666,Normal
7e-06,unas,-,INT,2,0,200,0,142857.1409,254,0,114285712.0,0.0,0.007,0.0,Attack
0.502146,tcp,-,FIN,10,6,2516,268,29.87179,254,252,36085.12109,3568.683105,53.198778,75.023,Attack
2e-06,udp,dns,INT,2,0,114,0,500000.0013,254,0,228000000.0,0.0,0.002,0.0,Attack
5e-06,udp,dns,INT,2,0,114,0,200000.0051,254,0,91200000.0,0.0,0.005,0.0,Attack
0.515544,tcp,http,FIN,14,10,3010,2052,44.613069,254,252,43371.66016,28660.98828,38.374383,52.294,Attack
1.1e-05,sun-nd,-,INT,1,0,60,0,0.0,0,0,0.0,0.0,0.0,0.0,Attack
1.980827,tcp,-,FIN,10,8,576,354,8.582274,254,252,2096.094238,1252.002319,216.574333,262.382,Attack
0.515634,tcp,http,FIN,10,8,806,354,32.969121,254,252,11263.80371,4809.612793,54.272333,65.104145,Attack
8e-06,udp,dns,INT,2,0,114,0,125000.0003,254,0,57000000.0,0.0,0.008,0.0,Attack
0.614482,tcp,-,FIN,10,6,534,268,24.410805,254,252,6262.185059,2916.277588,63.182,103.973203,Normal
1e-05,udp,dns,INT,2,0,114,0,100000.0025,254,0,45600000.0,0.0,0.01,0.0,Attack
0.15671,udp,dns,CON,2,2,144,414,19.143641,62,252,3675.579102,10567.29004,0.004,0.009,Attack
0.881671,tcp,http,FIN,10,10,1170,1132,21.549988,254,252,9554.583984,9246.079102,97.963444,86.455781,Attack
2.709741,tcp,smtp,FIN,194,44,231349,2662,87.46223,62,252,679495.1875,7681.914551,14.040109,62.393,Attack
3.068249,tcp,-,FIN,24,60,1258,58418,27.05126,62,252,3144.4646,149779.2344,133.363039,52.105895,Attack
9e-06,udp,dns,INT,2,0,114,0,111111.1072,254,0,50666664.0,0.0,0.009,0.0,Attack
1.391686,tcp,ftp-data,FIN,8,10,364,6080,12.215399,62,252,1833.74707,31455.37305,198.793567,138.192444,Attack
3e-06,udp,-,INT,2,0,648,0,333333.3215,254,0,864000000.0,0.0,0.003,0.0,Normal
0.0,arp,-,INT,1,0,46,0,0.0,0,0,0.0,0.0,60000.664,0.0,Normal
3e-06,ipnip,-,INT,2,0,180,0,333333.3215,254,0,239999984.0,0.0,0.003,0.0,Attack
3e-06,udp,dns,INT,2,0,114,0,333333.3215,254,0,152000000.0,0.0,0.003,0.0,Attack
6e-06,udp,dns,INT,2,0,114,0,166666.6608,254,0,76000000.0,0.0,0.006,0.0,Attack
1.156966,tcp,http,FIN,18,76,1724,90280,80.382658,62,252,11263.94434,616045.75,68.056824,14.300933,Attack
9e-06,udp,-,INT,2,0,168,0,111111.1072,254,0,74666664.0,0.0,0.009,0.0,Attack
0.695965,tcp,-,FIN,12,8,1042,754,27.300224,254,252,10989.05859,7586.588379,58.550273,87.548,Attack
0.400952,tcp,http,FIN,10,10,810,5978,47.387217,62,252,14545.38184,107364.4688,44.550222,38.022222,Attack
1.223711,tcp,-,FIN,12,10,994,826,17.160914,254,252,5962.191895,4863.893555,111.167727,127.185219,Attack
3.817101,tcp,smtp,FIN,22,22,3277,1782,11.265094,62,252,6557.856445,3565.009033,181.727423,175.328578,Attack
47.485291,ospf,-,REQ,70,0,19040,0,1.453082,254,0,3161.905518,0.0,693.785,0.0,Attack
0.799961,tcp,-,FIN,122,126,7810,15494,308.765064,31,29,77463.78125,153727.5,6.663242,6.395872,Normal
4e-06,gmtp,-,INT,2,0,200,0,250000.0006,254,0,200000000.0,0.0,0.004,0.0,Attack
2.703597,tcp,smtp,FIN,34,22,23670,1756,20.343268,62,252,67980.54688,4962.277832,81.927181,124.249,Attack
0.021009,tcp,-,FIN,48,50,2958,33044,4617.068871,31,29,1103146.25,12331477.0,0.437574,0.417571,Normal
0.0,arp,-,INT,1,0,46,0,0.0,0,0,0.0,0.0,60000.792,0.0,Normal
4e-06,udp,dns,INT,2,0,114,0,250000.0006,254,0,114000000.0,0.0,0.004,0.0,Attack
8.414759,tcp,http,FIN,346,746,18474,1087890,129.653154,31,29,17513.03906,1032882.375,24.389689,11.294347,Normal
0.0,arp,-,INT,1,0,46,0,0.0,0,0,0.0,0.0,60000.616,0.0,Normal
5e-06,udp,dns,INT,2,0,114,0,200000.0051,254,0,91200000.0,0.0,0.005,0.0,Attack
0.269925,tcp,http,FIN,10,8,1084,1020,62.980458,254,252,28926.55469,26466.61133,29.991667,37.636,Attack
3e-06,unas,-,INT,2,0,200,0,333333.3215,254,0,266666656.0,0.0,0.003,0.0,Attack
8e-06,udp,dns,INT,2,0,114,0,125000.0003,254,0,57000000.0,0.0,0.008,0.0,Attack
58.062927,ospf,-,REQ,52,0,5616,0,0.878357,254,0,758.900757,0.0,1170.50325,0.0,Attack
0.034559,tcp,-,FIN,48,50,2958,32642,2806.794155,31,29,670621.25,7405307.0,0.744391,0.693204,Normal
0.558198,tcp,-,FIN,10,10,608,646,34.038103,254,252,7853.844238,8341.126953,62.022,54.256332,Normal
1.915844,tcp,-,FIN,14,10,5154,838,12.005153,254,252,19984.92578,3152.657471,136.345311,207.019438,Attack
3e-06,udp,dns,INT,2,0,114,0,333333.3215,254,0,152000000.0,0.0,0.003,0.0,Attack
1e-05,swipe,-,INT,2,0,200,0,100000.0025,254,0,80000000.0,0.0,0.01,0.0,Attack
9e-06,udp,dns,INT,2,0,114,0,111111.1072,254,0,50666664.0,0.0,0.009,0.0,Attack
2.192777,tcp,-,FIN,10,8,564,354,7.752727,254,252,1853.357666,1130.985962,239.907778,300.900156,Attack
9e-06,udp,dns,INT,2,0,114,0,111111.1072,254,0,50666664.0,0.0,0.009,0.0,Attack
9e-06,udp,dns,INT,2,0,114,0,111111.1072,254,0,50666664.0,0.0,0.009,0.0,Attack
0.338599,tcp,ftp,FIN,52,54,2934,3742,310.101333,31,29,67997.83594,86781.11719,6.633079,6.379812,Normal
0.521677,tcp,-,FIN,10,6,2516,268,28.753423,254,252,34734.13672,3435.075684,57.855444,87.211203,Normal
0.699864,tcp,http,FIN,10,8,832,1216,24.290435,62,252,8561.664062,12162.36328,77.762667,79.28457,Attack
0.545583,tcp,http,FIN,12,10,1282,4042,38.490935,62,252,17243.93945,53344.76953,49.598454,57.825891,Attack
8e-06,udp,dns,INT,2,0,114,0,125000.0003,254,0,57000000.0,0.0,0.008,0.0,Attack
0.047398,tcp,ftp-data,FIN,14,8,8928,424,443.05666,31,29,1399383.875,62618.67578,3.646,6.640286,Normal
3e-06,udp,dns,INT,2,0,114,0,333333.3215,254,0,152000000.0,0.0,0.003,0.0,Attack
2e-06,udp,-,INT,2,0,824,0,500000.0013,254,0,1648000000.0,0.0,0.002,0.0,Attack
9e-06,udp,dns,INT,2,0,114,0,111111.1072,254,0,50666664.0,0.0,0.009,0.0,Attack
6e-06,udp,-,INT,2,0,104,0,166666.6608,254,0,69333328.0,0.0,0.006,0.0,Normal
0.0,arp,-,INT,1,0,46,0,0.0,0,0,0.0,0.0,60000.58,0.0,Normal
9e-06,prm,-,INT,2,0,200,0,111111.1072,254,0,88888888.0,0.0,0.009,0.0,Attack
59.30122,ospf,-,INT,196,0,53312,0,3.288297,254,0,7155.333496,0.0,304.108656,0.0,Attack
0.001131,udp,dns,CON,2,2,130,162,2652.5199,31,29,459770.125,572944.3125,0.009,0.007,Normal
9e-06,sep,-,INT,2,0,200,0,111111.1072,254,0,88888888.0,0.0,0.009,0.0,Attack
0.001046,udp,dns,CON,2,2,146,178,2868.068701,31,29,558317.375,680688.3125,0.009,0.006,Normal
8e-06,unas,-,INT,2,0,200,0,125000.0003,254,0,100000000.0,0.0,0.008,0.0,Attack
9e-06,udp,dns,INT,2,0,114,0,111111.1072,254,0,50666664.0,0.0,0.009,0.0,Attack
1.606925,tcp,-,FIN,12,10,1018,812,13.068438,254,252,4649.874512,3639.248779,141.453185,168.508328,Attack
9e-06,udp,-,INT,2,0,168,0,111111.1072,254,0,74666664.0,0.0,0.009,0.0,Attack
5e-06,udp,-,INT,2,0,1984,0,200000.0051,254,0,1587200000.0,0.0,0.005,0.0,Attack
2e-06,udp,dns,INT,2,0,134,0,500000.0013,62,0,268000000.0,0.0,0.002,0.0,Attack
5e-06,unas,-,INT,2,0,200,0,200000.0051,254,0,160000000.0,0.0,0.005,0.0,Attack
0.004576,udp,-,CON,4,4,568,320,1529.720307,31,29,744755.25,419580.4375,1.175333,1.046,Normal
9e-06,udp,dns,INT,2,0,114,0,111111.1072,254,0,50666664.0,0.0,0.009,0.0,Attack
0.751958,tcp,-,FIN,10,8,938,354,22.607645,254,252,8989.863281,3298.056396,80.898333,95.627,Normal
5e-06,udp,dns,INT,2,0,114,0,200000.0051,254,0,91200000.0,0.0,0.005,0.0,Attack
0.221033,tcp,ftp-data,FIN,8,12,424,8824,85.960012,31,29,13427.8584,292770.75,31.529285,20.042637,Normal
0.006554,tcp,ssh,FIN,32,24,3728,5474,8391.821686,31,29,4408910.5,6403417.5,0.211419,0.257435,Normal
3.415586,tcp,-,FIN,68,16,81955,698,24.300369,254,252,189133.0,1534.143799,50.976911,221.800531,Attack
3e-06,udp,dns,INT,2,0,114,0,333333.3215,254,0,152000000.0,0.0,0.003,0.0,Attack
2e-06,udp,-,INT,2,0,640,0,500000.0013,254,0,1280000000.0,0.0,0.002,0.0,Attack
2.055696,tcp,http,FIN,10,10,846,1418,9.242612,62,252,2965.418945,4969.606445,228.410667,209.955781,Attack
9e-06,udp,dns,INT,2,0,114,0,111111.1072,254,0,50666664.0,0.0,0.009,0.0,Attack
9e-06,udp,dns,INT,2,0,114,0,111111.1072,254,0,50666664.0,0.0,0.009,0.0,Attack
1.799438,tcp,-,FIN,12,8,1076,766,10.558852,254,252,4388.036621,2983.153564,163.573724,241.453,Attack
1.890937,tcp,http,FIN,20,66,1616,74466,44.95126,62,252,6498.365723,310271.5938,99.523002,28.374766,Attack
0.034515,tcp,-,FIN,16,18,1540,1644,956.106016,31,29,334695.0625,359959.4375,2.278533,1.978177,Normal
7e-06,unas,-,INT,2,0,200,0,142857.1409,254,0,114285712.0,0.0,0.007,0.0,Attack
8e-06,iatp,-,INT,2,0,200,0,125000.0003,254,0,100000000.0,0.0,0.008,0.0,Attack
9e-06,unas,-,INT,2,0,200,0,111111.1072,254,0,88888888.0,0.0,0.009,0.0,Attack
0.016605,tcp,-,FIN,48,50,2958,32642,5841.614295,31,29,1395724.25,15412226.0,0.360822,0.327939,Normal
3e-06,udp,dns,INT,2,0,114,0,333333.3215,254,0,152000000.0,0.0,0.003,0.0,Attack
8e-06,udp,dns,INT,2,0,114,0,125000.0003,254,0,57000000.0,0.0,0.008,0.0,Attack
1.045345,tcp,-,FIN,10,8,564,354,16.262574,254,252,3887.711914,2372.422607,116.132444,137.032578,Attack
1.09358,tcp,-,FIN,10,8,564,354,15.545273,254,252,3716.234619,2267.781006,115.270556,144.276859,Attack
1.1e-05,sctp,-,INT,2,0,640,0,90909.0902,254,0,232727264.0,0.0,0.011,0.0,Attack
9e-06,unas,-,INT,2,0,200,0,111111.1072,254,0,88888888.0,0.0,0.009,0.0,Attack
6.194809,ospf,-,INT,82,0,5248,0,13.075464,254,0,6694.637207,0.0,76.479125,0.0,Attack
1.969076,tcp,-,FIN,10,10,608,646,9.649196,254,252,2226.425049,2364.560791,218.786222,210.659891,Attack
2.764352,tcp,smtp,FIN,50,26,41365,2150,27.131132,62,252,117316.4609,5984.766113,56.415346,105.534117,Attack
0.375827,tcp,-,RST,6,2,258,86,18.62559,254,60,4576.57373,915.314697,75.1654,0.007,Attack
1.177386,tcp,-,FIN,16,12,936,642,22.932156,254,252,5965.757812,4002.085938,76.175934,103.234367,Normal
0.863782,tcp,-,FIN,12,8,1002,722,21.996291,254,252,8511.407227,5853.328613,75.340548,112.473289,Attack
0.002839,tcp,ftp-data,FIN,6,8,320,1882,4579.077197,31,29,752377.625,4641071.0,0.5034,0.332714,Normal
0.768485,tcp,http,FIN,10,12,822,5086,27.326493,62,252,7703.468262,48542.26172,85.387222,63.815912,Attack
0.223051,tcp,ftp-data,FIN,14,6,8928,320,85.182314,31,29,297366.9688,9576.285156,17.157769,44.475398,Normal
5e-06,udp,dns,INT,2,0,114,0,200000.0051,254,0,91200000.0,0.0,0.005,0.0,Attack
3e-06,br-sat-mon,-,INT,2,0,200,0,333333.3215,254,0,266666656.0,0.0,0.003,0.0,Attack
0.828189,tcp,-,FIN,14,10,774,556,27.771438,254,252,6945.274414,4839.475098,63.706846,77.520891,Normal
4e-06,unas,-,INT,2,0,200,0,250000.0006,254,0,200000000.0,0.0,0.004,0.0,Attack
1.133896,tcp,-,FIN,10,10,608,646,16.756387,254,252,3866.315918,4106.196777,125.881667,118.270555,Attack
0.286923,tcp,-,FIN,10,6,3082,268,52.278836,254,252,77344.79688,6245.578125,29.304333,42.27,Attack
5e-06,udp,dns,INT,2,0,114,0,200000.0051,254,0,91200000.0,0.0,0.005,0.0,Attack
0.001029,udp,dns,CON,2,2,146,178,2915.451794,31,29,567541.3125,691933.875,0.01,0.001,Normal
0.00842,udp,-,CON,4,4,520,304,831.353934,31,29,370546.3125,216627.0781,0.401,2.478333,Normal
1.03301,tcp,-,FIN,10,8,546,354,16.456762,254,252,3810.224365,2400.751221,110.454,139.062422,Normal
0.945998,tcp,-,FIN,10,8,564,354,17.970439,254,252,4295.992188,2621.570068,102.245,126.93043,Attack
9e-06,udp,dns,INT,2,0,114,0,111111.1072,254,0,50666664.0,0.0,0.009,0.0,Attack
0.001724,udp,-,CON,4,4,544,304,4060.324891,31,29,1893271.5,1058004.625,0.438,0.221,Normal
2.241924,tcp,pop3,FIN,30,94,1392,104160,54.863589,62,252,4803.01709,367727.0,77.307726,23.200761,Attack
0.288834,tcp,http,FIN,10,6,754,268,51.932943,254,252,18806.65039,6204.255371,29.468,50.609801,Normal
7.324689,tcp,-,FIN,438,858,24640,1094788,176.799317,31,29,26850.56055,1194331.125,16.799003,8.546374,Normal
2.85808,tcp,smtp,FIN,34,22,23722,1854,19.243689,62,252,64448.86328,4954.375,86.58479,134.251625,Attack
8e-06,udp,dns,INT,2,0,114,0,125000.0003,254,0,57000000.0,0.0,0.008,0.0,Attack
1.079876,tcp,-,FIN,10,8,614,354,15.742549,254,252,4096.76709,2296.560059,119.986222,143.3,Attack
0.001084,udp,dns,CON,2,2,130,162,2767.527704,31,29,479704.8125,597786.0,0.002,0.004,Normal
9e-06,udp,dns,INT,2,0,114,0,111111.1072,254,0,50666664.0,0.0,0.009,0.0,Attack
7.768967,ospf,-,REQ,20,0,5440,0,2.445628,254,0,5321.685547,0.0,465.277062,0.0,Attack
2e-06,udp,-,INT,2,0,2128,0,500000.0013,254,0,4256000000.0,0.0,0.002,0.0,Attack
1.533705,tcp,pop3,FIN,20,24,944,7630,28.036682,62,252,4678.865723,38145.53516,80.721317,63.101913,Attack
0.49075,tcp,-,FIN,10,6,2558,268,30.56546,254,252,37542.53516,3651.553711,51.653,86.617203,Attack
0.087973,tcp,-,FIN,78,80,4550,72810,1784.638497,31,29,408488.9688,6538370.0,1.138364,1.105481,Normal
9e-06,zero,-,INT,2,0,200,0,111111.1072,254,0,88888888.0,0.0,0.009,0.0,Attack
3e-06,udp,dns,INT,2,0,114,0,333333.3215,254,0,152000000.0,0.0,0.003,0.0,Attack
3e-06,gre,-,INT,2,0,200,0,333333.3215,254,0,266666656.0,0.0,0.003,0.0,Attack
0.751996,tcp,smtp,FIN,20,20,3302,1732,51.861979,62,252,33372.51953,17510.73242,39.578735,38.171105,Attack
0.690215,tcp,http,FIN,10,8,858,1204,24.630007,62,252,8959.527344,12216.4834,76.616222,82.447,Normal
7e-06,udp,dns,INT,2,0,114,0,142857.1409,254,0,65142856.0,0.0,0.007,0.0,Attack
0.874953,tcp,-,FIN,10,8,534,354,19.429616,254,252,4397.950684,2834.437988,92.257556,112.855859,Normal
6e-06,unas,-,INT,2,0,200,0,166666.6608,254,0,133333328.0,0.0,0.006,0.0,Attack
1.529896,tcp,-,FIN,12,10,994,842,13.726423,254,252,4768.95166,3963.667969,134.506722,158.040562,Attack
3e-06,udp,dns,INT,2,0,114,0,333333.3215,254,0,152000000.0,0.0,0.003,0.0,Attack
1.110855,tcp,http,FIN,14,18,1684,10168,27.906433,31,29,11263.39648,69164.74219,85.423002,65.315176,Normal
9e-06,udp,dns,INT,2,0,114,0,111111.1072,254,0,50666664.0,0.0,0.009,0.0,Attack
9e-06,udp,-,INT,2,0,830,0,111111.1072,254,0,368888864.0,0.0,0.009,0.0,Attack
0.040951,tcp,-,FIN,66,68,3926,57474,3247.784043,31,29,755439.4375,11062783.0,0.625431,0.604194,Normal
0.0,arp,-,INT,1,0,46,0,0.0,0,0,0.0,0.0,60000.724,0.0,Normal
3e-06,udp,dns,INT,2,0,114,0,333333.3215,254,0,152000000.0,0.0,0.003,0.0,Attack
4e-06,udp,dns,INT,2,0,114,0,250000.0006,254,0,114000000.0,0.0,0.004,0.0,Attack
8e-06,udp,dns,INT,2,0,114,0,125000.0003,254,0,57000000.0,0.0,0.008,0.0,Attack
2e-06,prm,-,INT,2,0,200,0,500000.0013,254,0,400000000.0,0.0,0.002,0.0,Attack
2.012122,tcp,smtp,FIN,26,20,8343,1628,22.36445,62,252,31898.66406,6150.720703,80.484878,101.811477,Attack
30.98317,arp,-,CON,4,4,184,112,0.225929,0,0,35.632248,21.689196,10327.723,10327.709,Normal
0.035596,tcp,-,FIN,72,74,4238,63516,4073.491613,31,29,939431.4375,14082032.0,0.503829,0.479521,Normal
9e-06,unas,-,INT,2,0,200,0,111111.1072,254,0,88888888.0,0.0,0.009,0.0,Attack
1.1e-05,udp,-,INT,2,0,2058,0,90909.0902,254,0,748363648.0,0.0,0.011,0.0,Attack
2e-06,udp,dns,INT,2,0,114,0,500000.0013,254,0,228000000.0,0.0,0.002,0.0,Attack
5e-06,unas,-,INT,2,0,200,0,200000.0051,254,0,160000000.0,0.0,0.005,0.0,Attack
5e-06,udp,dns,INT,2,0,114,0,200000.0051,254,0,91200000.0,0.0,0.005,0.0,Attack
0.341341,tcp,-,FIN,10,6,576,268,43.944327,254,252,12163.79004,5249.882324,36.148444,53.871602,Normal
1.069419,tcp,ftp-data,FIN,14,6,8928,320,17.766656,31,29,62022.46094,1997.346191,82.263003,213.761,Normal
0.241485,tcp,-,FIN,10,6,568,268,62.115659,254,252,16961.7168,7420.750977,26.831667,43.722,Attack
0.540487,tcp,http,FIN,10,6,992,268,27.752749,254,252,13217.70898,3315.528564,53.580111,91.541797,Attack
8e-06,unas,-,INT,2,0,200,0,125000.0003,254,0,100000000.0,0.0,0.008,0.0,Attack
59.603756,udp,dns,REQ,84,0,6552,0,1.39253,254,0,868.938538,0.0,729.677563,0.0,Attack
0.065256,tcp,-,FIN,66,68,3926,57474,2038.126776,31,29,474071.3438,6942381.0,1.030841,0.996031,Normal
9e-06,udp,-,INT,2,0,912,0,111111.1072,254,0,405333312.0,0.0,0.009,0.0,Attack
0.044303,tcp,-,FIN,60,62,3598,48710,2731.19202,31,29,639053.8125,8654041.0,0.744932,0.717918,Normal
0.395538,tcp,-,FIN,8,8,364,524,37.923031,62,252,6451.97168,9283.557617,56.505429,52.836715,Attack
1.1e-05,udp,-,INT,2,0,1064,0,90909.0902,254,0,386909088.0,0.0,0.011,0.0,Attack
3e-06,udp,dns,INT,2,0,114,0,333333.3215,254,0,152000000.0,0.0,0.003,0.0,Attack
3.500843,tcp,-,FIN,10,8,564,354,4.855973,254,252,1160.863281,708.400818,381.876,482.975719,Attack
2.726015,tcp,smtp,FIN,24,20,6134,1758,15.773941,62,252,17253.02344,4903.861328,118.522388,139.363469,Attack
3e-06,udp,dns,INT,2,0,114,0,333333.3215,254,0,152000000.0,0.0,0.003,0.0,Attack
8e-06,udp,dns,INT,2,0,114,0,125000.0003,254,0,57000000.0,0.0,0.008,0.0,Attack
2.368971,tcp,ftp,FIN,24,22,1252,1634,18.995588,62,252,4052.39209,5268.109863,102.998738,110.483568,Attack
2e-06,udp,dns,INT,2,0,114,0,500000.0013,254,0,228000000.0,0.0,0.002,0.0,Attack
0.271384,tcp,http,FIN,10,6,1042,268,55.272234,254,252,27650.85547,6603.189453,28.162,50.084199,Attack
3e-06,udp,dns,INT,2,0,114,0,333333.3215,254,0,152000000.0,0.0,0.003,0.0,Attack
0.001749,udp,-,CON,4,4,520,304,4002.286915,31,29,1783876.5,1042881.625,0.459,0.257667,Normal
0.001082,udp,dns,CON,2,2,146,178,2772.643321,31,29,539741.25,658040.6875,0.007,0.007,Normal
7e-06,gmtp,-,INT,2,0,200,0,142857.1409,254,0,114285712.0,0.0,0.007,0.0,Attack
9e-06,unas,-,INT,2,0,200,0,111111.1072,254,0,88888888.0,0.0,0.009,0.0,Attack
0.384497,tcp,-,FIN,20,8,17286,354,70.221617,254,252,341682.7813,6449.985352,19.365737,47.75457,Attack
4e-06,unas,-,INT,2,0,200,0,250000.0006,254,0,200000000.0,0.0,0.004,0.0,Attack
9e-06,udp,dns,INT,2,0,114,0,111111.1072,254,0,50666664.0,0.0,0.009,0.0,Attack
0.000108,udp,-,INT,2,0,503,0,9259.259244,64,0,18666666.0,0.0,0.108,0.0,Normal
0.002908,tcp,ftp-data,FIN,6,8,320,1930,4470.426373,31,29,734525.4375,4646492.5,0.5186,0.340286,Normal
3e-06,udp,dns,INT,2,0,114,0,333333.3215,254,0,152000000.0,0.0,0.003,0.0,Attack
0.0,arp,-,INT,1,0,46,0,0.0,0,0,0.0,0.0,60000.744,0.0,Normal
8e-06,udp,dns,INT,2,0,114,0,125000.0003,254,0,57000000.0,0.0,0.008,0.0,Attack
0.769919,tcp,-,FIN,10,8,564,354,22.080245,254,252,5278.477539,3221.118164,81.915333,99.55057,Attack
1.279335,ospf,-,INT,28,0,3024,0,21.104714,254,0,18234.47266,0.0,47.382777,0.0,Attack
0.412037,tcp,http,FIN,10,14,936,10516,55.820232,62,252,16367.46289,189594.625,45.781889,24.53123,Attack
3e-06,udp,dns,INT,2,0,114,0,333333.3215,254,0,152000000.0,0.0,0.003,0.0,Attack
1.064006,tcp,http,FIN,10,10,1160,2754,17.857043,62,252,7849.580078,18638.99219,118.222889,106.899891,Attack
0.994039,tcp,-,FIN,10,8,756,354,17.101945,254,252,5480.67041,2494.871826,110.359222,127.794,Attack
0.764909,tcp,pop3,FIN,20,22,958,4880,53.601145,62,252,9527.930664,48727.36328,40.258367,35.189429,Attack
1.014928,tcp,http,FIN,14,18,1684,10168,30.544039,31,29,12327.96875,75701.92188,78.04531,59.674235,Normal
0.02442,tcp,smtp,FIN,54,42,37938,3380,3890.253793,31,29,12198525.0,1081081.0,0.454434,0.582146,Normal
9e-06,udp,dns,INT,2,0,114,0,111111.1072,254,0,50666664.0,0.0,0.009,0.0,Attack
3.001753,tcp,smtp,FIN,166,44,196842,2878,69.62598,62,252,521447.2813,7496.952148,18.303372,68.538117,Attack
0.023815,tcp,ssh,FIN,32,24,3728,5474,2309.46878,31,29,1213352.875,1762250.625,0.793833,1.004174,Normal
8e-06,udp,dns,INT,2,0,114,0,125000.0003,254,0,57000000.0,0.0,0.008,0.0,Attack
0.673167,tcp,http,FIN,10,10,836,1398,28.224795,62,252,8948.745117,14962.11231,74.767333,64.914668,Attack
1.0898,tcp,http,FIN,12,18,1580,10168,26.610387,31,29,10636.81445,70501.00781,98.965911,64.077057,Normal
8e-06,udp,-,INT,2,0,104,0,125000.0003,254,0,52000000.0,0.0,0.008,0.0,Normal
8e-06,udp,-,INT,2,0,168,0,125000.0003,254,0,84000000.0,0.0,0.008,0.0,Attack
43.513657,ospf,-,INT,42,0,18480,0,0.942233,254,0,3316.659912,0.0,1061.3085,0.0,Attack
9e-06,unas,-,INT,2,0,200,0,111111.1072,254,0,88888888.0,0.0,0.009,0.0,Attack
1.052931,tcp,http,FIN,10,10,804,1152,18.044868,62,252,5500.835449,7878.958984,116.992333,100.078219,Normal
1.373104,tcp,ftp,FIN,22,24,1072,1838,32.772464,254,252,5966.044922,10265.79199,65.385908,59.370306,Attack
9e-06,unas,-,INT,2,0,200,0,111111.1072,254,0,88888888.0,0.0,0.009,0.0,Attack
0.349515,tcp,http,FIN,10,10,756,4376,54.361045,254,252,15587.31445,90159.22656,38.835,35.617889,Attack
4e-06,visa,-,INT,2,0,200,0,250000.0006,254,0,200000000.0,0.0,0.004,0.0,Attack
0.0,arp,-,INT,1,0,46,0,0.0,0,0,0.0,0.0,60000.716,0.0,Normal
10.038711,rvd,-,INT,4,0,400,0,0.298843,254,0,239.074524,0.0,3346.237,0.0,Attack
9e-06,cphb,-,INT,2,0,200,0,111111.1072,254,0,88888888.0,0.0,0.009,0.0,Attack
1.246311,tcp,-,FIN,60,14,68197,612,58.572863,254,252,430460.7813,3652.37915,21.115814,87.976078,Attack
0.531906,tcp,http,FIN,10,6,874,268,28.200471,254,252,11836.67773,3369.016357,59.100667,95.376,Attack
1.098936,tcp,ftp-data,FIN,8,12,364,9136,17.289451,62,252,2322.246338,60968.06641,156.990857,92.493002,Attack
8e-06,udp,dns,INT,2,0,114,0,125000.0003,254,0,57000000.0,0.0,0.008,0.0,Attack
3.205789,tcp,pop3,FIN,68,346,3038,432748,128.829436,62,252,7471.483398,1076797.0,47.847596,9.1468,Attack
9e-06,unas,-,INT,2,0,200,0,111111.1072,254,0,88888888.0,0.0,0.009,0.0,Attack
9e-06,udp,dns,INT,2,0,114,0,111111.1072,254,0,50666664.0,0.0,0.009,0.0,Attack
3.127145,tcp,-,FIN,16,18,1540,1644,10.552756,31,29,3694.104248,3972.952881,208.427666,178.234062,Normal
0.014963,tcp,http,FIN,8,10,1048,824,1136.135795,31,29,490276.0,396711.875,1.979571,1.606889,Normal
9e-06,udp,dns,INT,2,0,114,0,111111.1072,254,0,50666664.0,0.0,0.009,0.0,Attack
7e-06,unas,-,INT,2,0,200,0,142857.1409,254,0,114285712.0,0.0,0.007,0.0,Attack
6e-06,3pc,-,INT,2,0,200,0,166666.6608,254,0,133333328.0,0.0,0.006,0.0,Attack
4e-06,unas,-,INT,2,0,200,0,250000.0006,254,0,200000000.0,0.0,0.004,0.0,Attack
8e-06,udp,dns,INT,2,0,114,0,125000.0003,254,0,57000000.0,0.0,0.008,0.0,Attack
0.868383,tcp,http,FIN,10,6,1008,268,17.273484,254,252,8364.972656,2063.605713,85.770778,161.641406,Attack
0.030907,tcp,-,FIN,52,54,3182,39076,3397.288697,31,29,807842.875,9927331.0,0.599863,0.582481,Normal
0.148776,tcp,smtp,FIN,52,40,37492,3276,611.657816,31,29,1977254.5,171801.9063,2.910412,3.80059,Normal
4e-06,udp,dns,INT,2,0,114,0,250000.0006,254,0,114000000.0,0.0,0.004,0.0,Attack
9e-06,udp,dns,INT,2,0,114,0,111111.1072,254,0,50666664.0,0.0,0.009,0.0,Attack
9e-06,udp,dns,INT,2,0,114,0,111111.1072,254,0,50666664.0,0.0,0.009,0.0,Attack
0.023937,tcp,-,FIN,48,50,2958,32642,4052.303971,31,29,968208.1875,10691398.0,0.502766,0.477041,Normal
2.305943,tcp,-,FIN,10,8,564,354,7.372255,254,252,1762.402588,1075.481934,251.811,319.681,Attack
0.332773,tcp,-,FIN,16,18,1540,1644,99.166699,31,29,34714.35547,37334.75781,22.163533,19.546059,Normal
1e-06,ipv6-route,-,INT,2,0,200,0,1000000.003,254,0,800000000.0,0.0,0.001,0.0,Attack
1e-05,udp,-,INT,2,0,168,0,100000.0025,254,0,67200000.0,0.0,0.01,0.0,Attack
0.001071,udp,dns,CON,2,2,132,164,2801.120432,31,29,492997.1875,612511.6875,0.009,0.007,Normal
8e-06,udp,dns,INT,2,0,114,0,125000.0003,254,0,57000000.0,0.0,0.008,0.0,Attack
2e-06,udp,dns,INT,2,0,114,0,500000.0013,254,0,228000000.0,0.0,0.002,0.0,Attack
6e-06,sun-nd,-,INT,2,0,200,0,166666.6608,254,0,133333328.0,0.0,0.006,0.0,Attack
0.835243,tcp,-,FIN,10,6,504,268,17.958846,254,252,4348.435059,2145.483398,92.745889,152.926594,Attack
3e-06,udp,-,INT,2,0,168,0,333333.3215,254,0,224000000.0,0.0,0.003,0.0,Attack
0.275639,tcp,http,FIN,10,6,1098,268,54.419005,254,252,28704.21094,6501.257324,26.025556,48.113602,Attack
0.028729,tcp,smtp,FIN,52,42,37492,3380,3237.147224,31,29,10239410.0,918932.125,0.556706,0.686634,Normal
8e-06,udp,dns,INT,2,0,114,0,125000.0003,254,0,57000000.0,0.0,0.008,0.0,Attack
9e-06,udp,dns,INT,2,0,114,0,111111.1072,254,0,50666664.0,0.0,0.009,0.0,Attack
0.710658,tcp,http,FIN,10,10,858,1334,26.735785,62,252,8701.794922,13519.86426,78.962,68.079109,Attack
9e-06,udp,-,INT,2,0,432,0,111111.1072,254,0,192000000.0,0.0,0.009,0.0,Normal
0.197725,tcp,-,FIN,10,6,852,268,75.862942,254,252,31033.0,9063.092773,20.236556,37.635199,Attack
0.370581,tcp,-,FIN,28,30,4256,3080,153.812526,31,29,88596.01563,64288.23828,13.713629,12.761448,Normal
0.42514,tcp,-,FIN,10,6,546,268,35.282496,254,252,9258.126953,4215.082031,44.285889,70.518602,Attack
1.303708,tcp,-,FIN,10,8,756,354,13.03973,254,252,4178.850098,1902.266479,144.844667,173.233859,Attack
0.911068,tcp,http,FIN,10,12,780,4324,23.049871,62,252,6164.193848,34807.5,101.129,76.629815,Attack
9e-06,udp,dns,INT,2,0,114,0,111111.1072,254,0,50666664.0,0.0,0.009,0.0,Attack
0.199559,tcp,http,FIN,10,12,836,7650,105.232035,62,252,30186.56055,281139.9063,22.173222,16.684636,Attack
27.99671,ospf,-,INT,20,0,900,0,0.678651,254,0,244.314423,0.0,1473.511,0.0,Attack
9e-06,hmp,-,INT,2,0,200,0,111111.1072,254,0,88888888.0,0.0,0.009,0.0,Attack
0.525578,udp,radius,CON,8,8,1054,954,28.540006,254,60,14049.29395,12709.81641,69.152711,67.027859,Attack
0.00106,udp,dns,CON,2,2,146,178,2830.188576,31,29,550943.375,671698.0625,0.009,0.007,Normal
0.001013,udp,dns,CON,2,2,146,178,2961.500406,31,29,576505.4375,702862.75,0.005,0.004,Normal
8e-06,unas,-,INT,2,0,200,0,125000.0003,254,0,100000000.0,0.0,0.008,0.0,Attack
0.276684,tcp,-,FIN,20,10,18340,490,104.812716,254,252,503766.0625,12751.00879,13.773842,29.280666,Attack
9e-06,isis,-,INT,2,0,200,0,111111.1072,254,0,88888888.0,0.0,0.009,0.0,Attack
0.317408,tcp,-,FIN,10,6,2516,268,47.257789,254,252,57087.41016,5645.730469,32.149667,51.266199,Normal
0.521887,tcp,-,FIN,10,6,622,268,28.741854,254,252,8584.233398,3433.693359,57.987444,84.567797,Attack
9e-06,unas,-,INT,2,0,200,0,111111.1072,254,0,88888888.0,0.0,0.009,0.0,Attack
6e-06,udp,dns,INT,2,0,114,0,166666.6608,254,0,76000000.0,0.0,0.006,0.0,Attack
0.889691,tcp,-,FIN,10,8,2516,354,19.107758,254,252,20366.62109,2787.484619,94.995333,112.076859,Normal
7e-06,udp,-,INT,2,0,168,0,142857.1409,254,0,96000000.0,0.0,0.007,0.0,Attack
9e-06,unas,-,INT,2,0,200,0,111111.1072,254,0,88888888.0,0.0,0.009,0.0,Attack
1.340681,tcp,-,FIN,12,12,660,570,17.155461,254,252,3610.105713,3120.802246,121.880085,115.51318,Attack
0.200464,tcp,http,FIN,10,6,1036,268,74.826404,254,252,37233.61719,8939.260742,21.699444,38.603801,Attack
8e-06,sctp,-,INT,2,0,640,0,125000.0003,254,0,320000000.0,0.0,0.008,0.0,Attack
8e-06,udp,dns,INT,2,0,114,0,125000.0003,254,0,57000000.0,0.0,0.008,0.0,Attack
4e-06,udp,dns,INT,2,0,114,0,250000.0006,254,0,114000000.0,0.0,0.004,0.0,Attack
1.40757,tcp,-,FIN,10,8,564,354,12.077552,254,252,2887.245361,1761.901733,156.396667,188.526859,Attack
6e-06,udp,dns,INT,2,0,114,0,166666.6608,254,0,76000000.0,0.0,0.006,0.0,Attack
1.60409,tcp,-,FIN,16,12,1422,642,16.831974,254,252,6652.993164,2937.490967,104.870801,140.285188,Normal
9e-06,udp,dns,INT,2,0,114,0,111111.1072,254,0,50666664.0,0.0,0.009,0.0,Attack
1.06444,tcp,http,FIN,14,18,1684,10168,29.123295,31,29,11754.53711,72180.67969,81.854151,62.584882,Normal
2e-06,udp,-,INT,2,0,1064,0,500000.0013,254,0,2128000000.0,0.0,0.002,0.0,Attack
0.125018,udp,-,CON,4,4,520,304,55.991937,31,29,24956.40625,14589.89941,36.313332,7.618,Normal
9e-06,udp,-,INT,2,0,312,0,111111.1072,254,0,138666656.0,0.0,0.009,0.0,Attack
1e-05,udp,-,INT,2,0,168,0,100000.0025,254,0,67200000.0,0.0,0.01,0.0,Attack
1.257099,tcp,-,FIN,10,8,2036,354,13.523199,254,252,11664.95215,1972.796021,130.229111,162.446422,Attack
4.034682,tcp,smtp,FIN,24,20,6397,1650,10.657594,62,252,12156.59668,3109.043213,175.420951,204.545109,Attack
3e-06,udp,dns,INT,2,0,114,0,333333.3215,254,0,152000000.0,0.0,0.003,0.0,Attack
9e-06,udp,dns,INT,2,0,114,0,111111.1072,254,0,50666664.0,0.0,0.009,0.0,Attack
0.264034,tcp,http,FIN,10,8,1352,1044,64.385647,254,252,36874.03906,27693.40234,29.337111,32.789145,Attack
0.001022,udp,dns,CON,2,2,146,178,2935.420795,31,29,571428.5625,696673.1875,0.009,0.002,Normal
9e-06,udp,dns,INT,2,0,114,0,111111.1072,254,0,50666664.0,0.0,0.009,0.0,Attack
0.03599,udp,-,CON,4,4,528,304,194.498473,31,29,88024.45313,50680.74609,7.007,7.630667,Normal
9e-06,udp,-,INT,2,0,540,0,111111.1072,254,0,239999984.0,0.0,0.009,0.0,Attack
1.567014,tcp,http,FIN,10,8,862,354,10.848659,254,252,3961.675049,1582.62793,174.035667,208.341719,Attack
0.046426,tcp,ftp-data,FIN,6,8,320,1946,280.015519,31,29,46008.70313,293456.25,9.219,6.557286,Normal
9e-06,udp,dns,INT,2,0,114,0,111111.1072,254,0,50666664.0,0.0,0.009,0.0,Attack
1.178852,tcp,-,FIN,10,8,498,354,14.42081,254,252,3047.032227,2103.741699,125.230889,150.256578,Normal
0.974887,tcp,-,FIN,10,8,564,354,17.437918,254,252,4168.687988,2543.884521,108.212778,128.258289,Attack
27.368465,tcp,-,FIN,16,18,1272,2572,1.205767,31,29,348.722504,710.306519,1824.407267,1609.86775,Normal
9e-06,unas,-,INT,2,0,200,0,111111.1072,254,0,88888888.0,0.0,0.009,0.0,Attack
9e-06,srp,-,INT,2,0,200,0,111111.1072,254,0,88888888.0,0.0,0.009,0.0,Attack
0.017972,tcp,-,FIN,16,18,1540,1644,1836.189634,31,29,642777.625,691297.5625,1.177667,1.030177,Normal
0.914203,tcp,-,FIN,34,10,34210,440,47.035506,254,252,290561.2813,3465.313477,25.529212,85.799664,Normal
3e-06,udp,dns,INT,2,0,114,0,333333.3215,254,0,152000000.0,0.0,0.003,0.0,Attack
9e-06,udp,-,INT,2,0,104,0,111111.1072,254,0,46222220.0,0.0,0.009,0.0,Attack
5e-06,udp,dns,INT,2,0,114,0,200000.0051,254,0,91200000.0,0.0,0.005,0.0,Attack
8e-06,udp,dns,INT,2,0,114,0,125000.0003,254,0,57000000.0,0.0,0.008,0.0,Attack
9e-06,udp,dns,INT,2,0,114,0,111111.1072,254,0,50666664.0,0.0,0.009,0.0,Attack
8e-06,udp,dns,INT,2,0,114,0,125000.0003,254,0,57000000.0,0.0,0.008,0.0,Attack
0.940903,tcp,http,FIN,10,6,872,268,15.942132,254,252,6674.439453,1904.553345,98.029444,159.170594,Attack
2.185725,tcp,-,CON,6,2,978,86,3.202599,62,252,2982.991943,157.384857,437.145,0.004,Normal
0.001042,udp,dns,CON,2,2,132,164,2879.078645,31,29,506717.8438,629558.5,0.009,0.007,Normal
0.018003,tcp,-,FIN,16,18,1540,1644,1833.027834,31,29,641670.8125,690107.1875,1.179933,1.032588,Normal
5e-06,gre,-,INT,2,0,200,0,200000.0051,254,0,160000000.0,0.0,0.005,0.0,Attack
2.434968,tcp,ftp,FIN,22,22,1194,1658,17.65937,62,252,3745.429199,5200.889648,115.950859,111.554906,Attack
3e-06,br-sat-mon,-,INT,2,0,200,0,333333.3215,254,0,266666656.0,0.0,0.003,0.0,Attack
9e-06,udp,-,INT,2,0,168,0,111111.1072,254,0,74666664.0,0.0,0.009,0.0,Attack
6e-06,cphb,-,INT,2,0,200,0,166666.6608,254,0,133333328.0,0.0,0.006,0.0,Attack
9e-06,unas,-,INT,2,0,200,0,111111.1072,254,0,88888888.0,0.0,0.009,0.0,Attack
1.123764,tcp,-,FIN,10,8,1078,354,15.127731,254,252,6912.483398,2206.868896,120.269444,147.006281,Attack
10.331972,tcp,-,FIN,452,858,25368,1094788,126.694109,31,29,19598.96875,846702.25,22.959246,12.05543,Normal
1.279335,ospf,-,INT,28,0,3024,0,21.104714,254,0,18234.47266,0.0,47.382777,0.0,Attack
0.002105,udp,dns,CON,2,2,146,178,1425.178172,31,29,277434.6875,338242.2813,0.002,0.005,Normal
0.936231,tcp,-,FIN,18,14,2786,1980,33.111486,254,252,22490.17578,15714.07031,55.072412,67.281461,Attack
1.089168,tcp,-,FIN,10,8,564,354,15.608245,254,252,3731.288574,2276.967529,121.018667,148.599,Attack
0.357794,tcp,smtp,FIN,52,40,37358,3276,254.336303,31,29,819242.375,71437.75781,7.008392,9.160538,Normal
9e-06,udp,-,INT,2,0,104,0,111111.1072,254,0,46222220.0,0.0,0.009,0.0,Attack
0.001166,udp,dns,CON,2,2,146,178,2572.898731,31,29,500857.625,610634.625,0.01,0.006,Normal
0.301181,tcp,http,FIN,10,6,2688,268,49.80394,254,252,64280.28516,5949.910645,30.708667,48.834801,Attack
9e-06,udp,dns,INT,2,0,114,0,111111.1072,254,0,50666664.0,0.0,0.009,0.0,Attack
2.826829,tcp,-,FIN,122,126,7816,15092,87.377059,31,29,21938.36328,42373.98047,23.359371,22.792525,Normal
1.762809,tcp,-,FIN,12,10,994,806,11.912805,254,252,4138.848633,3294.741455,152.95473,178.177891,Attack
9e-06,bna,-,INT,2,0,200,0,111111.1072,254,0,88888888.0,0.0,0.009,0.0,Attack
1.576239,tcp,-,FIN,40,42,2558,23162,51.388146,31,29,12663.05469,114759.25,41.470843,39.392526,Normal
9e-06,udp,dns,INT,2,0,114,0,111111.1072,254,0,50666664.0,0.0,0.009,0.0,Attack
1.346465,tcp,http,FIN,58,14,68117,612,52.730669,254,252,397740.75,3380.704346,23.11907,91.840234,Normal
4e-06,udp,-,INT,2,0,1064,0,250000.0006,254,0,1064000000.0,0.0,0.004,0.0,Normal
9e-06,udp,dns,INT,2,0,114,0,111111.1072,254,0,50666664.0,0.0,0.009,0.0,Attack
0.358854,tcp,smtp,FIN,52,42,37152,3380,259.158324,31,29,812319.25,73567.52344,7.316714,8.739512,Normal
0.00102,udp,dns,CON,2,2,146,178,2941.176566,31,29,572549.0625,698039.25,0.009,0.009,Normal
6.588037,tcp,-,FIN,238,438,13662,548216,102.458441,31,29,16520.85352,664191.75,27.91408,15.074549,Normal
1e-05,udp,-,INT,2,0,1512,0,100000.0025,254,0,604800000.0,0.0,0.01,0.0,Normal
8e-06,udp,-,INT,2,0,104,0,125000.0003,254,0,52000000.0,0.0,0.008,0.0,Normal
0.063932,tcp,-,FIN,48,50,2958,33044,1517.237027,31,29,362510.1563,4052305.5,1.353681,1.294551,Normal
0.142249,tcp,smtp,FIN,52,40,37372,3276,639.723288,31,29,2061399.375,179684.9219,2.8382,3.633256,Normal
0.000954,udp,dns,CON,2,2,130,162,3144.654127,31,29,545073.375,679245.3125,0.006,0.002,Normal
0.641403,tcp,-,FIN,8,8,364,516,23.386232,254,252,3978.777588,5637.641113,91.628998,79.77257,Attack
0.001009,udp,dns,CON,2,2,146,178,2973.240834,31,29,578790.875,705649.1875,0.006,0.007,Normal
1.497671,tcp,-,FIN,10,8,564,354,11.350958,254,252,2713.546631,1655.904419,163.498111,206.258141,Attack
6e-06,aes-sp3-d,-,INT,2,0,200,0,166666.6608,254,0,133333328.0,0.0,0.006,0.0,Attack
8e-06,unas,-,INT,2,0,200,0,125000.0003,254,0,100000000.0,0.0,0.008,0.0,Attack
0.794959,tcp,http,FIN,10,10,766,6020,23.900603,62,252,6943.754395,54523.56641,88.221,77.471333,Attack
5e-06,udp,dns,INT,2,0,114,0,200000.0051,254,0,91200000.0,0.0,0.005,0.0,Attack
0.971558,tcp,http,FIN,10,8,1936,354,17.497669,254,252,14352.20606,2552.601074,103.281889,129.867711,Attack
1e-05,udp,-,INT,2,0,168,0,100000.0025,254,0,67200000.0,0.0,0.01,0.0,Attack
1.87372,tcp,-,FIN,14,12,800,678,13.342441,254,252,3172.298828,2655.679443,144.132303,158.884453,Attack
1e-05,udp,-,INT,2,0,1064,0,100000.0025,254,0,425600000.0,0.0,0.01,0.0,Attack
0.001029,udp,dns,CON,2,2,146,178,2915.451794,31,29,567541.3125,691933.875,0.009,0.002,Normal
9e-06,udp,-,INT,2,0,168,0,111111.1072,254,0,74666664.0,0.0,0.009,0.0,Attack
0.805591,tcp,ftp,FIN,52,54,2934,3742,130.339095,31,29,28580.25977,36475.08594,16.105761,15.189623,Normal
0.640178,tcp,-,FIN,10,8,564,354,26.555113,254,252,6348.234375,3873.922363,70.518333,90.325859,Attack
0.004433,udp,-,CON,4,4,568,312,1579.066097,31,29,768779.625,422287.375,1.216667,0.975333,Normal
0.644259,tcp,http,FIN,10,8,844,1276,26.386904,62,252,9437.199219,13870.19824,71.584333,81.68643,Normal
1.55226,tcp,ftp,FIN,14,12,948,682,16.105549,254,252,4540.476562,3226.263672,117.438769,132.659,Attack
9e-06,udp,dns,INT,2,0,114,0,111111.1072,254,0,50666664.0,0.0,0.009,0.0,Attack
4e-06,sctp,-,INT,2,0,640,0,250000.0006,254,0,640000000.0,0.0,0.004,0.0,Attack
3.448658,tcp,http,FIN,48,272,2568,351713,92.499749,62,252,5834.15332,812884.3125,74.951349,12.399203,Attack
14.854001,tcp,http,FIN,14,18,1684,10168,2.08698,31,29,842.33197,5172.478516,1142.589115,873.731059,Normal
2.492837,tcp,-,FIN,40,42,2558,23162,32.4931,31,29,8006.941406,72563.10938,63.887514,60.789221,Normal
1.252632,tcp,http,FIN,10,16,1474,11614,19.957976,62,252,8474.955078,69543.17188,139.164889,77.476933,Attack
6e-06,udp,-,INT,2,0,168,0,166666.6608,254,0,112000000.0,0.0,0.006,0.0,Attack
4e-06,ax.25,-,INT,2,0,200,0,250000.0006,254,0,200000000.0,0.0,0.004,0.0,Attack
4e-06,udp,dns,INT,2,0,114,0,250000.0006,254,0,114000000.0,0.0,0.004,0.0,Attack
2e-06,udp,dns,INT,2,0,114,0,500000.0013,254,0,228000000.0,0.0,0.002,0.0,Attack
7e-06,udp,dns,INT,2,0,114,0,142857.1409,254,0,65142856.0,0.0,0.007,0.0,Attack
9e-06,udp,dns,INT,2,0,114,0,111111.1072,254,0,50666664.0,0.0,0.009,0.0,Attack
0.274014,tcp,http,FIN,12,16,1872,13746,98.535113,254,252,50099.62891,376243.5625,24.910364,17.116134,Attack
1.475813,tcp,smtp,FIN,20,20,4022,1700,26.426112,62,252,20712.65039,8754.496094,77.674368,73.304734,Attack
6e-06,udp,dns,INT,2,0,114,0,166666.6608,254,0,76000000.0,0.0,0.006,0.0,Attack
0.294722,tcp,http,FIN,10,18,830,15802,91.611759,62,252,20276.73633,405127.5625,32.746889,16.775823,Attack
0.433685,tcp,http,FIN,10,8,814,2602,39.198957,62,252,13521.33398,42002.83594,48.087667,57.919855,Attack
1.007437,tcp,ftp-data,FIN,8,8,364,898,14.889269,62,252,2533.160889,6241.581543,143.919576,134.088422,Attack
8e-06,udp,dns,INT,2,0,114,0,125000.0003,254,0,57000000.0,0.0,0.008,0.0,Attack
0.000974,udp,dns,CON,2,2,146,178,3080.082059,31,29,599589.3125,731006.125,0.01,0.004,Normal
6e-06,udp,dns,INT,2,0,114,0,166666.6608,254,0,76000000.0,0.0,0.006,0.0,Attack
0.018083,tcp,-,FIN,16,18,1540,1644,1824.918376,31,29,638832.0625,687054.125,1.183133,1.035529,Normal
0.223659,tcp,ftp-data,FIN,14,6,8928,320,84.950753,31,29,296558.5938,9550.25293,17.204539,55.75225,Normal
8e-06,udp,dns,INT,2,0,114,0,125000.0003,254,0,57000000.0,0.0,0.008,0.0,Attack
9e-06,udp,dns,INT,2,0,114,0,111111.1072,254,0,50666664.0,0.0,0.009,0.0,Attack
0.800497,tcp,ftp-data,FIN,8,10,364,3754,21.236807,62,252,3188.019531,33769.01953,114.356714,82.877444,Attack
2.806037,tcp,-,FIN,16,18,1540,1644,11.760358,31,29,4116.838379,4427.59668,187.0468,164.991406,Normal
3e-06,udp,dns,INT,2,0,114,0,333333.3215,254,0,152000000.0,0.0,0.003,0.0,Attack
3e-06,udp,dns,INT,2,0,114,0,333333.3215,254,0,152000000.0,0.0,0.003,0.0,Attack
9e-06,udp,dns,INT,2,0,114,0,111111.1072,254,0,50666664.0,0.0,0.009,0.0,Attack
0.86601,tcp,-,FIN,204,388,11826,485110,682.440149,31,29,108719.2969,4469786.5,4.347713,2.236501,Normal
0.891468,tcp,-,FIN,10,8,564,354,19.06967,254,252,4558.772949,2781.928223,92.866889,116.596,Attack
0.699522,tcp,-,FIN,20,8,17266,354,38.597784,254,252,187590.9531,3545.278076,36.812421,87.223,Normal
0.517839,tcp,http,FIN,10,6,1006,268,28.966531,254,252,13996.62793,3460.534912,55.929667,90.614,Attack
8e-06,udp,dns,INT,2,0,114,0,125000.0003,254,0,57000000.0,0.0,0.008,0.0,Attack
5e-06,udp,dns,INT,2,0,114,0,200000.0051,254,0,91200000.0,0.0,0.005,0.0,Attack
1.201783,tcp,ftp,FIN,22,22,1174,1638,35.780172,62,252,7462.246094,10411.19824,57.227762,55.959332,Attack
0.001037,udp,dns,CON,2,2,146,178,2892.960519,31,29,563163.0,686595.9375,0.009,0.005,Normal
10.809476,sctp,-,CON,12,2,1400,512,1.202649,254,60,950.277344,189.463394,982.679625,0.001,Attack
0.872843,tcp,-,FIN,12,10,1862,814,24.059309,254,252,15645.42481,6718.275391,77.467089,88.725336,Attack
3.1e-05,udp,-,INT,2,0,168,0,32258.06495,254,0,21677420.0,0.0,0.031,0.0,Attack
9e-06,udp,-,INT,2,0,248,0,111111.1072,254,0,110222216.0,0.0,0.009,0.0,Attack
7e-06,udp,-,INT,2,0,168,0,142857.1409,254,0,96000000.0,0.0,0.007,0.0,Attack
0.434496,tcp,-,FIN,10,6,486,268,34.522759,254,252,8064.516602,4124.318848,45.802444,73.741203,Attack
3e-06,unas,-,INT,2,0,200,0,333333.3215,254,0,266666656.0,0.0,0.003,0.0,Attack
3e-06,unas,-,INT,2,0,200,0,333333.3215,254,0,266666656.0,0.0,0.003,0.0,Attack
44.300476,ospf,-,INT,28,0,12832,0,0.609474,254,0,2234.55835,0.0,1640.758375,0.0,Attack
1e-06,udp,dns,INT,2,0,114,0,1000000.003,254,0,456000000.0,0.0,0.001,0.0,Attack
3.938597,tcp,ftp,FIN,24,22,1252,1646,11.425388,62,252,2437.41626,3193.015137,171.243349,185.506953,Attack
7e-06,unas,-,INT,2,0,200,0,142857.1409,254,0,114285712.0,0.0,0.007,0.0,Attack
6e-06,unas,-,INT,2,0,200,0,166666.6608,254,0,133333328.0,0.0,0.006,0.0,Attack
0.601285,tcp,-,FIN,10,6,2228,268,24.946574,254,252,26689.50781,2980.283936,63.321556,102.310203,Attack
0.475056,tcp,-,FIN,10,8,472,564,35.785255,254,252,7157.05127,8319.019531,52.756667,59.605285,Attack
0.004754,tcp,-,FIN,18,18,4096,2456,7362.221477,31,29,6510728.0,3904080.75,0.261353,0.247647,Normal
9e-06,udp,dns,INT,2,0,114,0,111111.1072,254,0,50666664.0,0.0,0.009,0.0,Attack
0.338716,tcp,ftp-data,FIN,8,12,424,8824,56.094191,31,29,8762.50293,191050.9063,48.33757,30.743817,Normal
0.046414,tcp,ftp-data,FIN,6,8,320,1910,280.08791,31,29,46020.59766,288188.9063,9.22,6.563429,Normal
1.305032,tcp,-,FIN,10,8,534,354,13.0265,254,252,2948.58667,1900.336548,141.728778,174.222859,Normal
3e-06,udp,dns,INT,2,0,114,0,333333.3215,254,0,152000000.0,0.0,0.003,0.0,Attack
1.824128,tcp,http,FIN,10,10,834,1236,10.415936,62,252,3293.628418,4881.236328,202.680889,194.983563,Normal
9e-06,pup,-,INT,2,0,180,0,111111.1072,254,0,80000000.0,0.0,0.009,0.0,Attack
5e-06,udp,dns,INT,2,0,114,0,200000.0051,254,0,91200000.0,0.0,0.005,0.0,Attack
0.084521,udp,dns,CON,2,2,120,264,35.494136,254,60,5679.062012,12493.93555,0.003,0.003,Attack
2.08254,tcp,smtp,FIN,36,22,22209,1786,27.370422,62,252,82948.70313,6549.693848,59.501145,95.906477,Attack
0.693927,tcp,-,FIN,10,6,544,268,21.616107,254,252,5649.009277,2582.404297,72.653444,119.883203,Normal
9e-06,ggp,-,INT,2,0,180,0,111111.1072,254,0,80000000.0,0.0,0.009,0.0,Attack
1.127113,tcp,-,FIN,60,16,68187,698,66.541687,254,252,475913.25,4649.045898,19.10361,70.726266,Attack
0.0,arp,-,INT,1,0,46,0,0.0,0,0,0.0,0.0,60000.668,0.0,Normal
6e-06,unas,-,INT,2,0,200,0,166666.6608,254,0,133333328.0,0.0,0.006,0.0,Attack
0.010144,tcp,-,FIN,22,24,2054,2478,4436.119899,31,29,1546530.0,1873028.375,0.4902,0.345478,Normal
4e-06,udp,dns,INT,2,0,114,0,250000.0006,254,0,114000000.0,0.0,0.004,0.0,Attack
1.13858,tcp,-,FIN,28,30,4256,3080,50.06236,31,29,28835.91992,20924.31055,42.158185,39.244484,Normal
6e-06,udp,-,INT,2,0,168,0,166666.6608,254,0,112000000.0,0.0,0.006,0.0,Attack
9e-06,unas,-,INT,2,0,200,0,111111.1072,254,0,88888888.0,0.0,0.009,0.0,Attack
8e-06,udp,dns,INT,2,0,114,0,125000.0003,254,0,57000000.0,0.0,0.008,0.0,Attack
0.011159,tcp,-,FIN,38,40,2438,19266,6900.259888,31,29,1701944.625,13467157.0,0.310229,0.272538,Normal
0.000998,udp,dns,CON,2,2,146,178,3006.011927,31,29,585170.3125,713426.8125,0.009,0.007,Normal
21.206099,udp,-,INT,4,0,2378,0,0.141469,254,0,673.013916,0.0,7068.7,0.0,Attack
1.156273,tcp,http,FIN,12,18,1580,10168,25.080582,31,29,10025.31445,66447.97656,105.083182,67.986998,Normal
0.003963,tcp,http,FIN,8,10,1048,824,4289.679383,31,29,1851122.875,1497855.125,0.518714,0.378222,Normal
4e-06,unas,-,INT,2,0,200,0,250000.0006,254,0,200000000.0,0.0,0.004,0.0,Attack
7e-06,unas,-,INT,2,0,200,0,142857.1409,254,0,114285712.0,0.0,0.007,0.0,Attack
0.010327,tcp,-,FIN,38,40,2438,18508,7456.182698,31,29,1839062.625,13979665.0,0.275972,0.257342,Normal
0.247784,tcp,-,FIN,30,42,2302,34406,286.539885,31,29,71869.04688,1084396.125,8.526448,6.032073,Normal
0.434263,tcp,http,FIN,10,10,788,4246,43.752289,62,252,13079.63184,70408.94531,48.251444,32.493556,Attack
9e-06,mhrp,-,INT,2,0,200,0,111111.1072,254,0,88888888.0,0.0,0.009,0.0,Attack
8e-06,udp,dns,INT,2,0,114,0,125000.0003,254,0,57000000.0,0.0,0.008,0.0,Attack
0.462215,tcp,-,FIN,16,12,912,694,58.414373,254,252,14798.30762,11025.17188,29.837267,37.27,Attack
0.643121,tcp,-,FIN,10,8,564,354,26.433595,254,252,6319.184082,3856.195068,70.595889,88.43243,Attack
0.915717,tcp,-,FIN,10,8,2878,354,18.564687,254,252,22635.81445,2708.260254,101.699,117.963141,Normal
0.899349,tcp,-,FIN,30,12,24506,642,45.588533,254,252,210730.2188,5239.345703,30.981484,74.46282,Attack
7e-06,unas,-,INT,2,0,200,0,142857.1409,254,0,114285712.0,0.0,0.007,0.0,Attack
1.526519,tcp,ftp,FIN,64,20,68216,1026,54.372073,254,252,351917.0313,5109.664551,24.026524,77.742789,Normal
9e-06,udp,dns,INT,2,0,114,0,111111.1072,254,0,50666664.0,0.0,0.009,0.0,Attack
0.001015,udp,dns,CON,2,2,130,162,2955.664893,31,29,512315.25,638423.625,0.009,0.007,Normal
2.3e-05,udp,-,INT,2,0,168,0,43478.25991,254,0,29217390.0,0.0,0.023,0.0,Attack
0.004422,udp,-,CON,4,4,568,312,1582.994069,31,29,770692.0,423337.8438,1.180333,0.984333,Normal
2.4e-05,argus,-,INT,2,0,180,0,41666.66519,254,0,29999998.0,0.0,0.024,0.0,Attack
4e-06,aris,-,INT,2,0,200,0,250000.0006,254,0,200000000.0,0.0,0.004,0.0,Attack
0.047314,tcp,ftp-data,FIN,6,8,320,1838,274.760117,31,29,45145.19922,272054.7813,9.3992,6.685429,Normal
9e-06,udp,dns,INT,2,0,114,0,111111.1072,254,0,50666664.0,0.0,0.009,0.0,Attack
1.88693,tcp,smtp,FIN,26,26,7485,1992,27.02803,62,252,30517.29492,8123.248047,75.477198,75.117359,Attack
1.009774,tcp,http,FIN,14,18,1684,10168,30.69994,31,29,12390.8916,76088.3125,77.646925,59.367529,Normal
0.0,arp,-,INT,1,0,46,0,0.0,0,0,0.0,0.0,60000.756,0.0,Normal
7e-06,udp,dns,INT,2,0,114,0,142857.1409,254,0,65142856.0,0.0,0.007,0.0,Attack
0.017781,tcp,-,FIN,40,42,2558,23162,4555.42418,31,29,1122546.5,10173106.0,0.459868,0.420317,Normal
9e-06,udp,dns,INT,2,0,114,0,111111.1072,254,0,50666664.0,0.0,0.009,0.0,Attack
1e-06,udp,dns,INT,2,0,114,0,1000000.003,254,0,456000000.0,0.0,0.001,0.0,Attack
6e-06,any,-,INT,2,0,200,0,166666.6608,254,0,133333328.0,0.0,0.006,0.0,Attack
0.004789,tcp,-,FIN,12,12,1064,2260,4802.672881,31,29,1630403.0,3461265.5,0.402455,0.4204,Normal
4e-06,udp,-,INT,2,0,164,0,250000.0006,254,0,164000000.0,0.0,0.004,0.0,Normal
9e-06,aes-sp3-d,-,INT,2,0,200,0,111111.1072,254,0,88888888.0,0.0,0.009,0.0,Attack
8e-06,udp,dns,INT,2,0,114,0,125000.0003,254,0,57000000.0,0.0,0.008,0.0,Attack
7e-06,unas,-,INT,2,0,200,0,142857.1409,254,0,114285712.0,0.0,0.007,0.0,Attack
59.995464,arp,-,INT,2,0,92,0,0.016668,0,0,6.133797,0.0,60000.632,0.0,Normal
7e-06,unas,-,INT,2,0,200,0,142857.1409,254,0,114285712.0,0.0,0.007,0.0,Attack
7e-06,gmtp,-,INT,2,0,200,0,142857.1409,254,0,114285712.0,0.0,0.007,0.0,Attack
9e-06,udp,dns,INT,2,0,114,0,111111.1072,254,0,50666664.0,0.0,0.009,0.0,Attack
0.370097,tcp,-,FIN,28,28,4480,2976,148.609684,31,29,93380.92188,62037.78906,13.695815,13.687037,Normal
1e-06,xnet,-,INT,2,0,180,0,1000000.003,254,0,720000000.0,0.0,0.001,0.0,Attack
2.103718,tcp,http,FIN,10,12,858,3692,9.982326,62,252,2939.557373,12872.44727,233.746444,181.917449,Attack
9e-06,udp,dns,INT,2,0,114,0,111111.1072,254,0,50666664.0,0.0,0.009,0.0,Attack
2.44203,tcp,-,FIN,10,8,564,354,6.961422,254,252,1664.189209,1015.548584,268.890222,336.085281,Attack
1.036256,tcp,http,FIN,12,18,1580,10168,27.985364,31,29,11186.42578,74143.84375,94.173635,60.924058,Normal
0.43535,tcp,-,FIN,10,6,756,268,34.455036,254,252,12514.06934,4116.228516,46.313778,73.795602,Attack
8e-06,udp,dns,INT,2,0,114,0,125000.0003,254,0,57000000.0,0.0,0.008,0.0,Attack
5e-06,udp,dns,INT,2,0,114,0,200000.0051,254,0,91200000.0,0.0,0.005,0.0,Attack
0.885647,tcp,-,FIN,10,8,564,354,19.195007,254,252,4588.73584,2800.212646,95.215,122.313289,Attack
0.103979,tcp,-,CON,4,2,192,96,48.086633,62,252,11079.16016,3693.053467,34.659667,0.002,Normal
7e-06,udp,dns,INT,2,0,114,0,142857.1409,254,0,65142856.0,0.0,0.007,0.0,Attack
0.035165,udp,-,CON,4,4,568,312,199.061563,31,29,96914.54688,53234.75,6.678,11.28,Normal
5e-06,udp,-,INT,2,0,104,0,200000.0051,254,0,83200000.0,0.0,0.005,0.0,Attack
9e-06,pvp,-,INT,2,0,200,0,111111.1072,254,0,88888888.0,0.0,0.009,0.0,Attack
26.842154,tcp,http,FIN,334,746,17850,1087900,40.197967,31,29,5304.194336,323801.75,80.606204,36.029041,Normal
7e-06,udp,dns,INT,2,0,114,0,142857.1409,254,0,65142856.0,0.0,0.007,0.0,Attack
3e-06,udp,dns,INT,2,0,466,0,333333.3215,254,0,621333312.0,0.0,0.003,0.0,Attack
6e-06,udp,dns,INT,2,0,114,0,166666.6608,254,0,76000000.0,0.0,0.006,0.0,Attack
2e-06,emcon,-,INT,2,0,180,0,500000.0013,254,0,360000000.0,0.0,0.002,0.0,Attack
0.005719,tcp,-,FIN,22,24,1958,2308,7868.50847,31,29,2614443.0,3094247.25,0.256333,0.221391,Normal
3.15046,tcp,-,FIN,12,10,994,838,6.665693,254,252,2315.852295,1917.180298,281.105813,336.229562,Attack
8e-06,vrrp,-,INT,2,0,200,0,125000.0003,254,0,100000000.0,0.0,0.008,0.0,Attack
0.148863,tcp,-,FIN,22,16,1470,1832,248.550676,31,29,75451.92188,92326.5,7.088714,9.866866,Normal
0.001703,udp,-,CON,4,4,520,304,4110.393314,31,29,1832061.0,1071051.0,0.441667,0.198333,Normal
6e-06,udp,-,INT,2,0,168,0,166666.6608,254,0,112000000.0,0.0,0.006,0.0,Attack
0.912364,tcp,-,FIN,14,12,774,642,27.401344,254,252,6304.501465,5164.605469,69.247075,78.898,Attack
0.091027,tcp,-,FIN,52,54,3182,39076,1153.503917,31,29,274292.25,3370692.25,1.81434,1.706547,Normal
0.025,tcp,-,FIN,60,62,3614,50036,4839.999928,31,29,1137280.0,15753280.0,0.416186,0.406933,Normal
0.933568,tcp,-,FIN,14,12,3358,678,26.778981,254,252,26727.56641,5330.088379,71.812921,74.800453,Normal
0.004341,udp,-,CON,4,4,568,312,1612.531591,31,29,785072.5,431237.0313,1.109,0.965333,Normal
9e-06,udp,dns,INT,2,0,114,0,111111.1072,254,0,50666664.0,0.0,0.009,0.0,Attack
59.481392,udp,dns,INT,68,0,5304,0,1.126403,254,0,702.875305,0.0,887.782,0.0,Attack
9e-06,unas,-,INT,2,0,200,0,111111.1072,254,0,88888888.0,0.0,0.009,0.0,Attack
4.457057,tcp,-,FIN,28,30,5142,3534,12.788708,254,252,8900.94043,6133.194824,165.076179,149.165859,Attack
0.608881,tcp,http,FIN,10,8,896,354,27.92007,254,252,10603.05762,4073.04541,67.638111,81.032141,Attack
1.159752,tcp,http,FIN,14,18,1684,10168,26.729852,31,29,10788.51367,66248.64844,89.186387,68.190412,Normal
8e-06,crudp,-,INT,2,0,200,0,125000.0003,254,0,100000000.0,0.0,0.008,0.0,Attack
0.407256,udp,-,CON,4,4,568,312,17.188206,31,29,8368.201172,4596.617188,130.656664,130.628,Normal
2e-06,udp,dns,INT,2,0,114,0,500000.0013,254,0,228000000.0,0.0,0.002,0.0,Attack
9e-06,mfe-nsp,-,INT,2,0,200,0,111111.1072,254,0,88888888.0,0.0,0.009,0.0,Attack
9e-06,udp,dns,INT,2,0,114,0,111111.1072,254,0,50666664.0,0.0,0.009,0.0,Attack
3e-06,udp,dns,INT,2,0,114,0,333333.3215,254,0,152000000.0,0.0,0.003,0.0,Attack
9e-06,udp,dns,INT,2,0,114,0,111111.1072,254,0,50666664.0,0.0,0.009,0.0,Attack
8e-06,udp,dns,INT,2,0,114,0,125000.0003,254,0,57000000.0,0.0,0.008,0.0,Attack
1e-05,udp,-,INT,2,0,952,0,100000.0025,254,0,380800000.0,0.0,0.01,0.0,Normal
3e-06,udp,dns,INT,2,0,114,0,333333.3215,254,0,152000000.0,0.0,0.003,0.0,Attack
9e-06,udp,dns,INT,2,0,114,0,111111.1072,254,0,50666664.0,0.0,0.009,0.0,Attack
0.300058,tcp,-,FIN,26,28,4352,2976,176.632513,31,29,111578.4219,76518.53906,11.99008,11.093333,Normal
8e-06,udp,dns,INT,2,0,114,0,125000.0003,254,0,57000000.0,0.0,0.008,0.0,Attack
0.994333,tcp,http,FIN,10,8,1292,354,17.096888,254,252,9357.026367,2494.134277,106.520111,125.66843,Attack
0.994358,tcp,-,FIN,10,8,564,354,17.096458,254,252,4087.059082,2494.071533,110.484222,128.177859,Attack
1.049166,tcp,-,FIN,10,8,564,354,16.203347,254,252,3873.552979,2363.782471,114.501111,141.664422,Attack
0.410012,tcp,-,FIN,10,6,620,268,36.584294,254,252,10887.48633,4370.603516,33.191111,74.015,Attack
5e-06,udp,dns,INT,2,0,114,0,200000.0051,254,0,91200000.0,0.0,0.005,0.0,Attack
0.49108,tcp,http,FIN,10,6,902,268,30.544922,254,252,13227.98731,3649.100098,50.726778,84.086,Attack
0.08916,tcp,-,FIN,78,80,4550,72810,1760.879263,31,29,403050.6875,6451323.5,1.168267,1.120456,Normal
0.018859,tcp,-,FIN,48,50,2958,33044,5143.432605,31,29,1228909.25,13737313.0,0.394617,0.382375,Normal
9e-06,udp,-,INT,2,0,660,0,111111.1072,254,0,293333312.0,0.0,0.009,0.0,Normal
0.085024,tcp,ftp-data,FIN,6,8,320,1838,152.898007,31,29,25122.31836,151392.5469,16.9436,12.071571,Normal
0.111958,tcp,-,FIN,48,50,2958,32642,866.39635,31,29,207006.2031,2285857.25,2.375553,2.274775,Normal
0.017791,tcp,-,FIN,16,18,1540,1644,1854.870517,31,29,649317.125,698330.625,1.165467,1.019588,Normal
3e-06,udp,dns,INT,2,0,114,0,333333.3215,254,0,152000000.0,0.0,0.003,0.0,Attack
0.004519,udp,-,CON,4,4,568,304,1549.015206,31,29,754149.125,403629.0938,1.206667,1.002333,Normal
1.151591,tcp,-,FIN,10,8,898,354,14.762186,254,252,5620.05127,2153.54248,127.843222,154.355141,Attack
0.001096,udp,dns,CON,2,2,146,178,2737.226368,31,29,532846.75,649635.0625,0.004,0.007,Normal
0.235706,tcp,smtp,FIN,52,42,37152,3380,394.559321,31,29,1236727.125,112003.9375,4.614921,5.737146,Normal
0.803883,tcp,-,FIN,122,126,7810,15494,307.258637,31,29,77085.84375,152977.4844,6.695733,6.42696,Normal
9e-06,udp,dns,INT,2,0,114,0,111111.1072,254,0,50666664.0,0.0,0.009,0.0,Attack
0.052107,tcp,-,FIN,22,24,2054,2478,863.607596,31,29,301072.8125,364634.3125,2.464762,2.237087,Normal
9e-06,udp,dns,INT,2,0,114,0,111111.1072,254,0,50666664.0,0.0,0.009,0.0,Attack
0.96908,tcp,-,FIN,10,8,564,354,17.542412,254,252,4193.668457,2559.128418,107.675556,124.436141,Attack
9e-06,udp,dns,INT,2,0,114,0,111111.1072,254,0,50666664.0,0.0,0.009,0.0,Attack
0.001023,udp,dns,CON,2,2,132,164,2932.551349,31,29,516129.0313,641251.25,0.01,0.007,Normal
3e-06,udp,dns,INT,2,0,114,0,333333.3215,254,0,152000000.0,0.0,0.003,0.0,Attack
1.213902,tcp,ssh,FIN,108,114,9504,12298,182.057531,31,29,62054.43359,80342.5625,11.341972,10.737256,Normal
1.451203,tcp,smtp,FIN,118,34,134680,2278,104.051605,62,252,736156.125,12188.50879,12.403445,43.052695,Attack
3e-06,hmp,-,INT,2,0,200,0,333333.3215,254,0,266666656.0,0.0,0.003,0.0,Attack
1e-06,vmtp,-,INT,2,0,200,0,1000000.003,254,0,800000000.0,0.0,0.001,0.0,Attack
4e-06,unas,-,INT,2,0,200,0,250000.0006,254,0,200000000.0,0.0,0.004,0.0,Attack
1.12617,tcp,-,FIN,10,8,536,354,15.095411,254,252,3431.098145,2202.154053,118.819111,139.363859,Attack
0.219553,tcp,smtp,FIN,52,42,37492,3380,423.587938,31,29,1339849.625,120244.3203,4.38438,5.342537,Normal
8e-06,unas,-,INT,2,0,200,0,125000.0003,254,0,100000000.0,0.0,0.008,0.0,Attack
9e-06,udp,dns,INT,2,0,114,0,111111.1072,254,0,50666664.0,0.0,0.009,0.0,Attack
0.241844,tcp,-,FIN,48,50,2958,32642,401.085,31,29,95830.36719,1058202.875,5.250674,4.924224,Normal
0.872345,tcp,-,FIN,10,6,558,268,17.195032,254,252,4612.854004,2054.233154,93.151667,132.782797,Normal
4e-06,unas,-,INT,2,0,200,0,250000.0006,254,0,200000000.0,0.0,0.004,0.0,Attack
2e-06,udp,-,INT,2,0,78,0,500000.0013,254,0,156000000.0,0.0,0.002,0.0,Attack
9e-06,udp,dns,INT,2,0,114,0,111111.1072,254,0,50666664.0,0.0,0.009,0.0,Attack
9e-06,sprite-rpc,-,INT,2,0,200,0,111111.1072,254,0,88888888.0,0.0,0.009,0.0,Attack
9e-06,sat-expak,-,INT,2,0,200,0,111111.1072,254,0,88888888.0,0.0,0.009,0.0,Attack
5e-06,udp,dns,INT,2,0,114,0,200000.0051,254,0,91200000.0,0.0,0.005,0.0,Attack
0.644119,tcp,http,FIN,10,8,824,1062,26.392638,62,252,9215.688477,11550.66016,71.568778,80.70057,Attack
0.218058,tcp,-,FIN,40,42,2542,23508,371.460796,31,29,90948.28125,841941.125,5.729289,5.30422,Normal
0.027999,tcp,-,FIN,66,68,3926,57474,4750.169543,31,29,1104896.625,16180292.0,0.431906,0.41603,Normal
50.004341,ospf,-,REQ,6,0,384,0,0.099991,1,0,51.195557,0.0,10000.869,0.0,Normal
0.071911,tcp,-,FIN,60,62,3598,48710,1682.635487,31,29,393708.9063,5331590.5,1.234431,1.188017,Normal
0.014293,tcp,-,FIN,40,42,2558,23162,5667.109734,31,29,1396487.75,12655705.0,0.357333,0.33778,Normal
31.361422,tcp,ssh,RST,8,4,344,248,0.350749,254,60,76.782234,47.446827,4480.202857,354.922344,Normal
2.300599,tcp,ftp,FIN,52,54,2934,3742,45.640286,31,29,10007.82813,12772.3252,45.103567,43.398586,Normal
0.934978,tcp,-,FIN,10,8,564,354,18.182246,254,252,4346.626465,2652.46875,103.886444,127.220289,Attack
0.921831,tcp,http,FIN,10,8,836,354,18.441558,254,252,6534.820312,2690.297852,98.031333,116.655711,Attack
58.79575,ospf,-,REQ,26,0,2808,0,0.425201,254,0,367.373505,0.0,2462.9945,0.0,Attack
8e-06,sat-mon,-,INT,2,0,200,0,125000.0003,254,0,100000000.0,0.0,0.008,0.0,Attack
0.036952,tcp,-,FIN,28,42,2198,34406,1867.287286,31,29,458973.8125,7271487.5,1.356,0.889707,Normal
2e-06,udp,dns,INT,2,0,114,0,500000.0013,254,0,228000000.0,0.0,0.002,0.0,Attack
5e-06,udp,-,INT,2,0,2454,0,200000.0051,254,0,1963200000.0,0.0,0.005,0.0,Attack
6e-06,any,-,INT,2,0,200,0,166666.6608,254,0,133333328.0,0.0,0.006,0.0,Attack
9e-06,udp,dns,INT,2,0,114,0,111111.1072,254,0,50666664.0,0.0,0.009,0.0,Attack
8e-06,udp,-,INT,2,0,104,0,125000.0003,254,0,52000000.0,0.0,0.008,0.0,Attack
0.305192,udp,-,CON,4,4,568,312,22.936382,31,29,11166.74121,6133.84375,91.675336,82.288336,Normal
1e-05,udp,dns,INT,2,0,116,0,100000.0025,254,0,46400000.0,0.0,0.01,0.0,Attack
1.051516,cbt,-,INT,4,0,360,0,2.853023,254,0,2054.177002,0.0,350.505344,0.0,Attack
1e-05,udp,-,INT,2,0,168,0,100000.0025,254,0,67200000.0,0.0,0.01,0.0,Attack
7.768967,ospf,-,REQ,20,0,5440,0,2.445628,254,0,5321.685547,0.0,465.277062,0.0,Attack
0.005425,tcp,-,FIN,18,18,3936,2456,6451.612787,31,29,5482765.0,3421198.0,0.300765,0.285588,Normal
0.392595,tcp,-,FIN,10,6,940,268,38.207314,254,252,17239.14063,4564.500488,43.599556,70.146,Attack
1e-06,ipv6-frag,-,INT,2,0,200,0,1000000.003,254,0,800000000.0,0.0,0.001,0.0,Attack
3.311416,tcp,-,FIN,226,438,13038,548216,200.216469,31,29,31360.60352,1321404.5,14.716,7.576508,Normal
0.054081,tcp,-,FIN,16,18,1540,1644,610.195813,31,29,213605.5156,229729.4844,3.840786,3.151647,Normal
1.255056,tcp,http,FIN,14,18,1684,10168,24.700093,31,29,9969.276367,61217.98438,96.514767,73.799529,Normal
0.005077,udp,-,CON,4,4,568,312,1378.767049,31,29,671262.5625,368721.6875,1.159333,1.206333,Normal
3e-06,sctp,-,INT,2,0,200,0,333333.3215,254,0,266666656.0,0.0,0.003,0.0,Attack
8e-06,rsvp,-,INT,2,0,200,0,125000.0003,254,0,100000000.0,0.0,0.008,0.0,Attack
9e-06,udp,-,INT,2,0,168,0,111111.1072,254,0,74666664.0,0.0,0.009,0.0,Attack
1.83599,tcp,-,FIN,40,42,2558,23162,44.117889,31,29,10871.51953,98523.41406,47.06854,44.767611,Normal
3e-05,udp,dns,INT,2,0,114,0,33333.33418,254,0,15200000.0,0.0,0.03,0.0,Attack
9e-06,crudp,-,INT,2,0,200,0,111111.1072,254,0,88888888.0,0.0,0.009,0.0,Attack
0.002736,tcp,ftp-data,FIN,6,8,320,1930,4751.461795,31,29,780701.75,4938596.5,0.4856,0.325143,Normal
3e-06,ipcomp,-,INT,2,0,200,0,333333.3215,254,0,266666656.0,0.0,0.003,0.0,Attack
9e-06,udp,dns,INT,2,0,114,0,111111.1072,254,0,50666664.0,0.0,0.009,0.0,Attack
1.101037,tcp,http,FIN,14,18,1684,10168,28.155275,31,29,11363.83203,69781.48438,84.669,64.738412,Normal
0.551815,tcp,-,FIN,74,74,4342,63516,266.393641,31,29,62107.77344,908391.4375,7.554891,7.55074,Normal
9e-06,iso-ip,-,INT,2,0,200,0,111111.1072,254,0,88888888.0,0.0,0.009,0.0,Attack
0.885091,tcp,-,FIN,10,8,756,354,19.207064,254,252,6155.299316,2801.97168,98.235667,111.219859,Attack
0.421287,tcp,http,FIN,10,8,778,2044,40.352539,62,252,13311.59082,33972.08984,46.809667,57.87343,Attack
9e-06,narp,-,INT,2,0,200,0,111111.1072,254,0,88888888.0,0.0,0.009,0.0,Attack
7e-06,unas,-,INT,2,0,200,0,142857.1409,254,0,114285712.0,0.0,0.007,0.0,Attack
9e-06,udp,dns,INT,2,0,114,0,111111.1072,254,0,50666664.0,0.0,0.009,0.0,Attack
1.001325,tcp,http,FIN,10,8,846,354,16.977505,254,252,6087.933594,2476.718262,104.519667,132.881281,Attack
1.059955,tcp,-,FIN,10,8,564,354,16.038417,254,252,3834.125,2339.721924,114.656667,140.759,Attack
7e-06,udp,dns,INT,2,0,114,0,142857.1409,254,0,65142856.0,0.0,0.007,0.0,Attack
0.024901,tcp,-,FIN,60,62,3614,50036,4859.242448,31,29,1141801.5,15815911.0,0.416661,0.397738,Normal
1.050244,tcp,-,FIN,14,10,774,556,21.899673,254,252,5476.822754,3816.256104,80.788002,109.331664,Attack
0.042299,tcp,-,FIN,38,40,2438,19266,1820.374061,31,29,448994.0938,3552802.75,1.13273,1.028769,Normal
5.699095,tcp,pop3,FIN,60,276,2682,347178,58.781265,62,252,3703.044189,485580.2813,96.578117,20.496386,Attack
1e-05,swipe,-,INT,2,0,200,0,100000.0025,254,0,80000000.0,0.0,0.01,0.0,Attack
0.604945,tcp,http,FIN,10,12,842,8284,34.713899,62,252,10024.05176,100425.6563,67.216111,49.975818,Attack
0.004472,udp,-,CON,4,4,568,312,1565.295149,31,29,762075.125,418604.6563,1.183,1.005333,Normal
3e-06,pnni,-,INT,2,0,200,0,333333.3215,254,0,266666656.0,0.0,0.003,0.0,Attack
0.000108,udp,-,INT,2,0,503,0,9259.259244,64,0,18666666.0,0.0,0.108,0.0,Normal
2.544337,tcp,-,FIN,20,38,1128,31804,22.402692,62,252,3370.622559,97370.75,133.906313,66.207701,Attack
9e-06,udp,dns,INT,2,0,114,0,111111.1072,254,0,50666664.0,0.0,0.009,0.0,Attack
9e-06,udp,dns,INT,2,0,114,0,111111.1072,254,0,50666664.0,0.0,0.009,0.0,Attack
9e-06,udp,dns,INT,2,0,114,0,111111.1072,254,0,50666664.0,0.0,0.009,0.0,Attack
0.0048,tcp,-,FIN,22,14,1470,1728,7291.66632,31,29,2340000.0,2674999.75,0.24,0.311154,Normal
1.494859,tcp,-,FIN,26,68,1348,69806,62.213226,62,252,6941.123047,368088.2188,59.794359,21.381164,Attack
0.298111,tcp,-,FIN,22,8,21188,354,97.279204,254,252,542750.875,8319.048828,12.599857,39.973715,Attack
0.836517,tcp,http,FIN,10,6,1926,268,17.931495,254,252,16583.04688,2142.21582,92.845778,146.607594,Attack
0.815325,tcp,-,FIN,12,8,1072,710,23.30359,254,252,9645.233398,6103.087402,69.604088,102.686859,Attack
5e-06,udp,dns,INT,2,0,114,0,200000.0051,254,0,91200000.0,0.0,0.005,0.0,Attack
0.019119,tcp,-,FIN,16,18,1540,1644,1726.031691,31,29,604215.6875,649824.75,1.190067,1.089882,Normal
4e-06,udp,-,INT,2,0,904,0,250000.0006,254,0,904000000.0,0.0,0.004,0.0,Normal
6e-06,udp,dns,INT,2,0,114,0,166666.6608,254,0,76000000.0,0.0,0.006,0.0,Attack
9e-06,unas,-,INT,2,0,200,0,111111.1072,254,0,88888888.0,0.0,0.009,0.0,Attack
0.209366,tcp,http,FIN,10,6,832,268,71.644873,254,252,28619.73828,8559.173828,23.262889,38.797398,Attack
2e-06,udp,dns,INT,2,0,114,0,500000.0013,254,0,228000000.0,0.0,0.002,0.0,Attack
0.781617,tcp,-,FIN,28,30,4536,3080,72.925744,31,29,44768.73047,30480.40234,28.937,26.924449,Normal
0.001018,udp,dns,CON,2,2,146,178,2946.954953,31,29,573673.875,699410.625,0.001,0.006,Normal
1e-06,udp,dns,INT,2,0,114,0,1000000.003,254,0,456000000.0,0.0,0.001,0.0,Attack
1.198523,tcp,-,FIN,10,8,1192,354,14.184124,254,252,7162.148438,2069.213379,142.289875,159.248,Attack
0.005584,tcp,-,FIN,22,24,1958,2308,8058.739047,31,29,2677650.25,3169054.25,0.249,0.219348,Normal
0.004497,udp,-,CON,4,4,568,312,1556.593279,31,29,757838.5625,416277.5313,1.201,0.997333,Normal
0.65046,tcp,http,FIN,10,8,864,2752,26.13535,62,252,9568.613281,29615.96484,72.273333,83.87957,Attack
0.002684,tcp,ftp-data,FIN,6,8,320,1826,4843.517232,31,29,795827.125,4763040.5,0.4734,0.315571,Normal
0.739325,tcp,ftp-data,FIN,8,8,364,910,20.288777,62,252,3451.797363,8624.083008,105.617855,94.141,Attack
4e-06,udp,dns,INT,2,0,114,0,250000.0006,254,0,114000000.0,0.0,0.004,0.0,Attack
1.019217,tcp,-,FIN,10,8,564,354,16.67947,254,252,3987.374512,2433.240479,109.840889,135.657281,Attack
9e-06,udp,dns,INT,2,0,114,0,111111.1072,254,0,50666664.0,0.0,0.009,0.0,Attack
0.577327,tcp,-,FIN,12,8,1070,732,32.910291,254,252,13593.68262,8882.314453,51.167727,69.988289,Attack
8.031122,tcp,http,FIN,10,8,798,354,2.116765,254,252,716.213745,308.798676,892.346889,1138.025375,Attack
0.535044,tcp,-,FIN,10,6,558,268,28.035077,254,252,7520.876465,3349.25708,53.735889,90.071398,Attack
30.322762,ospf,-,INT,42,0,18480,0,1.35212,254,0,4759.460938,0.0,739.579562,0.0,Attack
1.366244,tcp,-,FIN,122,22,152525,956,104.66652,254,252,885786.1875,5346.043945,10.892372,60.411238,Normal
9e-06,udp,dns,INT,2,0,114,0,111111.1072,254,0,50666664.0,0.0,0.009,0.0,Attack
6e-06,a/n,-,INT,2,0,200,0,166666.6608,254,0,133333328.0,0.0,0.006,0.0,Attack
8e-06,ptp,-,INT,2,0,200,0,125000.0003,254,0,100000000.0,0.0,0.008,0.0,Attack
1.439011,tcp,smtp,FIN,24,20,6001,1844,29.881634,62,252,31971.95898,9740.023438,62.565697,70.309156,Attack
14.875109,tcp,-,FIN,458,858,25680,1094788,88.402715,31,29,13780.87402,588103.5625,32.691861,17.356515,Normal
9e-06,udp,-,INT,2,0,168,0,111111.1072,254,0,74666664.0,0.0,0.009,0.0,Attack
0.292085,tcp,-,FIN,72,74,4238,63516,496.430847,31,29,114487.2266,1716158.0,4.055929,3.888891,Normal
9e-06,udp,dns,INT,2,0,114,0,111111.1072,254,0,50666664.0,0.0,0.009,0.0,Attack
0.014917,tcp,-,FIN,38,40,2438,18508,5161.895755,31,29,1273178.25,9678085.0,0.404861,0.368692,Normal
48.675434,tcp,-,FIN,20,12,1188,536,0.636872,254,252,185.555618,80.862144,2559.967579,4419.4575,Attack
3e-06,unas,-,INT,2,0,200,0,333333.3215,254,0,266666656.0,0.0,0.003,0.0,Attack
2.052738,tcp,-,FIN,12,8,1414,354,9.255931,254,252,5054.712402,1208.142578,186.534909,283.221437,Attack
9e-06,unas,-,INT,2,0,200,0,111111.1072,254,0,88888888.0,0.0,0.009,0.0,Attack
0.576463,tcp,ftp-data,FIN,8,8,364,676,26.020751,62,252,4426.99707,8215.618164,82.216286,75.578141,Attack
0.799157,tcp,-,FIN,22,42,1172,36674,78.833068,62,252,11201.80371,358387.625,38.055094,19.056513,Attack
9e-06,udp,dns,INT,2,0,114,0,111111.1072,254,0,50666664.0,0.0,0.009,0.0,Attack
0.696549,tcp,-,FIN,18,26,1032,13350,61.732915,62,252,11198.06348,147435.4219,40.973471,27.22004,Attack
0.006295,tcp,ftp-data,FIN,14,6,8928,320,3018.26837,31,29,10536616.0,339316.9063,0.484231,1.141,Normal
3.248576,tcp,smtp,FIN,52,26,45367,1988,23.702694,62,252,109574.1641,4708.524902,63.680021,123.265961,Attack
0.001053,udp,dns,CON,2,2,146,178,2849.002888,31,29,554605.875,676163.375,0.007,0.007,Normal
8e-06,udp,dns,INT,2,0,114,0,125000.0003,254,0,57000000.0,0.0,0.008,0.0,Attack
3e-06,udp,dns,INT,2,0,114,0,333333.3215,254,0,152000000.0,0.0,0.003,0.0,Attack
1.008659,tcp,http,FIN,14,18,1684,10168,30.733875,31,29,12404.58887,76172.42188,77.562921,59.301,Normal
8e-06,udp,dns,INT,2,0,114,0,125000.0003,254,0,57000000.0,0.0,0.008,0.0,Attack
3e-06,udp,-,INT,2,0,168,0,333333.3215,254,0,224000000.0,0.0,0.003,0.0,Attack
4e-06,udp,dns,INT,2,0,114,0,250000.0006,254,0,114000000.0,0.0,0.004,0.0,Attack
0.011338,tcp,-,FIN,34,36,2230,13500,6085.729306,31,29,1527606.25,9260892.0,0.33203,0.309314,Normal
0.380509,tcp,http,FIN,16,48,1068,57651,165.567705,62,252,21066.51953,1186831.375,25.367267,7.920553,Attack
1.409759,tcp,-,FIN,12,10,1162,830,14.896163,254,252,6049.260742,4239.022461,128.148909,142.358891,Attack
0.126709,tcp,-,FIN,48,52,2958,33148,781.317827,31,29,182907.2969,2052640.375,2.689106,2.474961,Normal
2.554633,tcp,ftp,FIN,22,24,1174,1740,17.615055,62,252,3510.484863,5223.451172,121.64919,106.906264,Attack
0.361747,tcp,-,FIN,40,42,2542,23508,223.9134,31,29,54822.84766,507514.9375,9.267692,8.809732,Normal
59.943161,tcp,smtp,CON,3882,656,5267637,28972,75.688368,62,252,702836.625,3860.723877,15.443501,91.35468,Attack
4e-06,aes-sp3-d,-,INT,2,0,200,0,250000.0006,254,0,200000000.0,0.0,0.004,0.0,Attack
0.112937,tcp,-,FIN,72,74,4238,63516,1283.901606,31,29,296094.2813,4438439.0,1.632232,1.539671,Normal
8e-06,udp,dns,INT,2,0,114,0,125000.0003,254,0,57000000.0,0.0,0.008,0.0,Attack
1.012527,tcp,http,FIN,14,18,1684,10168,30.616468,31,29,12357.20117,75881.4375,77.856308,59.527706,Normal
6e-06,ttp,-,INT,2,0,200,0,166666.6608,254,0,133333328.0,0.0,0.006,0.0,Attack
0.100834,tcp,-,FIN,84,86,4862,75600,1676.022024,31,29,381220.625,5928238.5,1.241074,1.194762,Normal
3e-06,udp,dns,INT,2,0,114,0,333333.3215,254,0,152000000.0,0.0,0.003,0.0,Attack
9e-06,udp,dns,INT,2,0,114,0,111111.1072,254,0,50666664.0,0.0,0.009,0.0,Attack
7e-06,udp,-,INT,2,0,1064,0,142857.1409,254,0,608000000.0,0.0,0.007,0.0,Normal
0.524411,tcp,-,FIN,10,6,568,268,28.603518,254,252,7810.66748,3417.166992,56.538778,84.977602,Normal
1.1e-05,udp,-,INT,2,0,1926,0,90909.0902,254,0,700363648.0,0.0,0.011,0.0,Normal
1e-06,udp,dns,INT,2,0,114,0,1000000.003,254,0,456000000.0,0.0,0.001,0.0,Attack
0.84709,tcp,smtp,FIN,36,22,24715,1870,67.28919,62,252,226932.2031,16857.71289,24.202572,39.904906,Attack
0.025994,tcp,-,FIN,64,66,3806,51808,4962.683869,31,29,1153189.25,15703317.0,0.407063,0.389031,Normal
1.638146,tcp,http,FIN,24,112,1406,136317,82.410235,62,252,6583.051758,659770.25,71.223736,14.117382,Attack
5e-06,udp,dns,INT,2,0,114,0,200000.0051,254,0,91200000.0,0.0,0.005,0.0,Attack
0.798179,tcp,-,FIN,12,8,1238,762,23.804185,254,252,11375.89453,6685.217285,77.7311,104.472141,Attack
0.231669,tcp,http,FIN,10,6,916,268,64.747551,254,252,28488.92188,7735.174316,22.491667,41.828199,Attack
3e-06,udp,dns,INT,2,0,114,0,333333.3215,254,0,152000000.0,0.0,0.003,0.0,Attack
8e-06,udp,dns,INT,2,0,114,0,125000.0003,254,0,57000000.0,0.0,0.008,0.0,Attack
1.225965,tcp,smtp,FIN,162,40,191398,2612,163.952475,62,252,1241255.625,16620.37695,7.662281,30.497385,Attack
1e-05,udp,-,INT,2,0,930,0,100000.0025,254,0,372000000.0,0.0,0.01,0.0,Attack
6e-06,ipv6-no,-,INT,2,0,200,0,166666.6608,254,0,133333328.0,0.0,0.006,0.0,Attack
4e-06,udp,dns,INT,2,0,114,0,250000.0006,254,0,114000000.0,0.0,0.004,0.0,Attack
9e-06,unas,-,INT,2,0,200,0,111111.1072,254,0,88888888.0,0.0,0.009,0.0,Attack
0.66984,tcp,smtp,FIN,52,42,37372,3380,138.83913,31,29,437764.25,39412.39844,13.126804,16.733125,Normal
0.227221,tcp,ftp-data,FIN,14,6,8928,320,83.619033,31,29,291909.6563,9400.540039,17.478538,45.306,Normal
3e-06,udp,dns,INT,2,0,114,0,333333.3215,254,0,152000000.0,0.0,0.003,0.0,Attack
0.004904,tcp,ftp-data,FIN,8,12,424,8824,3874.388185,31,29,605220.1875,13195758.0,0.655286,0.401455,Normal
3e-06,udp,dns,INT,2,0,114,0,333333.3215,254,0,152000000.0,0.0,0.003,0.0,Attack
0.75263,tcp,http,FIN,10,8,840,2596,22.58746,62,252,8035.821289,24149.98047,83.503778,95.610711,Attack
0.784932,tcp,http,FIN,10,6,876,268,19.109935,254,252,8041.460938,2283.000244,87.214667,142.221797,Attack
0.001096,udp,dns,CON,2,2,146,178,2737.226368,31,29,532846.75,649635.0625,0.009,0.007,Normal
4e-06,ipcv,-,INT,2,0,200,0,250000.0006,254,0,200000000.0,0.0,0.004,0.0,Attack
2e-06,udp,dns,INT,2,0,114,0,500000.0013,254,0,228000000.0,0.0,0.002,0.0,Attack
7e-06,udp,-,INT,2,0,104,0,142857.1409,254,0,59428572.0,0.0,0.007,0.0,Normal
1.862212,tcp,-,FIN,12,10,994,814,11.276912,254,252,3917.921387,3148.943359,162.968003,197.555891,Attack
7e-06,udp,dns,INT,2,0,114,0,142857.1409,254,0,65142856.0,0.0,0.007,0.0,Attack
5e-06,udp,dns,INT,2,0,114,0,200000.0051,254,0,91200000.0,0.0,0.005,0.0,Attack
0.879022,tcp,-,FIN,10,8,1506,354,19.339675,254,252,12340.98828,2821.317383,94.592778,112.148,Normal
0.309224,tcp,-,FIN,10,6,564,268,48.508523,254,252,13142.57617,5795.151367,28.813889,56.891602,Attack
0.780378,tcp,http,FIN,60,14,68197,612,93.544412,254,252,687472.0,5833.070801,13.165379,54.635617,Attack
9e-06,ipv6,-,INT,2,0,200,0,111111.1072,254,0,88888888.0,0.0,0.009,0.0,Attack
2.4e-05,argus,-,INT,2,0,180,0,41666.66519,254,0,29999998.0,0.0,0.024,0.0,Attack
9e-06,unas,-,INT,2,0,200,0,111111.1072,254,0,88888888.0,0.0,0.009,0.0,Attack
9e-06,udp,dns,INT,2,0,114,0,111111.1072,254,0,50666664.0,0.0,0.009,0.0,Attack
3e-06,udp,dns,INT,2,0,114,0,333333.3215,254,0,152000000.0,0.0,0.003,0.0,Attack
1.512151,tcp,http,FIN,10,10,844,1324,12.564883,62,252,4020.762451,6306.248535,167.908667,160.624562,Attack
1.291907,tcp,-,FIN,14,12,948,622,19.351239,254,252,5455.501465,3535.858398,94.843692,107.77482,Attack
0.245087,udp,-,CON,4,4,544,304,28.561287,31,29,13317.71973,7442.255371,72.995664,11.008333,Normal
9e-06,unas,-,INT,2,0,200,0,111111.1072,254,0,88888888.0,0.0,0.009,0.0,Attack
0.815113,tcp,-,FIN,60,14,68183,612,89.558134,254,252,658038.8125,5584.501953,13.405474,59.463539,Normal
0.001575,udp,-,CON,4,4,544,304,4444.444439,31,29,2072381.0,1158095.25,0.402333,0.185,Normal
0.338385,udp,-,CON,4,4,568,304,20.686497,31,29,10071.36914,5390.310059,103.338,98.008,Normal
4e-06,sctp,-,INT,2,0,200,0,250000.0006,254,0,200000000.0,0.0,0.004,0.0,Attack
9e-06,aris,-,INT,2,0,200,0,111111.1072,254,0,88888888.0,0.0,0.009,0.0,Attack
8e-06,udp,dns,INT,2,0,114,0,125000.0003,254,0,57000000.0,0.0,0.008,0.0,Attack
8e-06,udp,dns,INT,2,0,114,0,125000.0003,254,0,57000000.0,0.0,0.008,0.0,Attack
0.064877,tcp,-,FIN,48,50,2958,32642,1495.136872,31,29,357229.8125,3944695.25,1.403587,1.314367,Normal
2.820563,tcp,ftp,FIN,24,22,1240,1624,15.954261,62,252,3372.376221,4399.121582,122.621913,130.75619,Attack
1e-05,udp,dns,INT,2,0,114,0,100000.0025,254,0,45600000.0,0.0,0.01,0.0,Attack
0.272002,tcp,http,FIN,10,8,804,1316,62.499538,62,252,21293.96094,33882.10156,30.222444,35.658,Attack
0.044954,tcp,-,FIN,40,42,2542,23508,1801.841956,31,29,441162.0938,4083997.25,1.174526,1.082976,Normal
9e-06,udp,dns,INT,2,0,114,0,111111.1072,254,0,50666664.0,0.0,0.009,0.0,Attack
0.430049,tcp,-,FIN,10,6,1612,268,34.879746,254,252,26992.27344,4166.966797,47.783222,56.645,Attack
2e-06,udp,dns,INT,2,0,114,0,500000.0013,254,0,228000000.0,0.0,0.002,0.0,Attack
1e-06,udp,-,INT,2,0,1066,0,1000000.003,254,0,4264000000.0,0.0,0.001,0.0,Attack
9e-06,tcf,-,INT,2,0,200,0,111111.1072,254,0,88888888.0,0.0,0.009,0.0,Attack
0.565552,tcp,http,FIN,10,6,1076,268,26.52276,254,252,13706.96289,3168.585693,58.944889,100.210602,Attack
3.330109,tcp,smtp,FIN,34,24,20764,1972,17.116557,62,252,48416.43359,4540.39209,100.912393,142.375438,Attack
0.122076,tcp,-,FIN,90,92,5174,83812,1482.682952,31,29,335332.0938,5432747.0,1.356281,1.350156,Normal
6e-06,udp,-,INT,2,0,390,0,166666.6608,254,0,259999984.0,0.0,0.006,0.0,Attack
0.699842,tcp,http,FIN,10,6,852,268,21.43341,254,252,8767.693359,2560.578125,62.156889,120.985797,Attack
0.022149,tcp,-,FIN,22,24,2054,2478,2031.694404,31,29,708293.8125,857826.5,1.037762,0.938739,Normal
9e-06,udp,dns,INT,2,0,114,0,111111.1072,254,0,50666664.0,0.0,0.009,0.0,Attack
0.914716,tcp,-,FIN,10,8,564,354,18.585003,254,252,4442.90918,2711.224121,97.995667,121.768711,Attack
9e-06,unas,-,INT,2,0,200,0,111111.1072,254,0,88888888.0,0.0,0.009,0.0,Attack
2.103625,tcp,-,FIN,24,62,1268,63924,40.40644,62,252,4624.398438,239179.5,91.461954,33.184279,Attack
9e-06,unas,-,INT,2,0,200,0,111111.1072,254,0,88888888.0,0.0,0.009,0.0,Attack
9e-06,udp,-,INT,2,0,104,0,111111.1072,254,0,46222220.0,0.0,0.009,0.0,Normal
0.060647,tcp,-,FIN,44,46,2766,27770,1467.508707,31,29,356687.0625,3583623.25,1.402349,1.335111,Normal
1.588468,tcp,ftp,FIN,64,20,68214,1026,52.251605,254,252,338182.4688,4910.391602,25.199207,78.884156,Normal
0.00491,tcp,-,FIN,18,18,4528,2456,7128.309377,31,29,6968635.0,3780040.75,0.270706,0.257353,Normal
8e-06,unas,-,INT,2,0,200,0,125000.0003,254,0,100000000.0,0.0,0.008,0.0,Attack
0.689394,tcp,-,FIN,10,10,608,646,27.560437,254,252,6359.208496,6753.757812,76.497889,68.087781,Normal
0.936794,tcp,ftp-data,FIN,8,8,364,510,16.012058,62,252,2724.184814,3817.274658,133.82771,119.750141,Attack
6.598082,tcp,smtp,FIN,312,64,396054,3794,56.834698,62,252,478666.375,4528.588867,21.215697,101.964156,Attack
3e-06,cftp,-,INT,2,0,200,0,333333.3215,254,0,266666656.0,0.0,0.003,0.0,Attack
0.068169,tcp,ftp,FIN,52,54,2934,3740,1540.289625,31,29,337748.8438,430811.6875,1.413125,1.268245,Normal
4e-06,idrp,-,INT,2,0,200,0,250000.0006,254,0,200000000.0,0.0,0.004,0.0,Attack
9e-06,udp,dns,INT,2,0,114,0,111111.1072,254,0,50666664.0,0.0,0.009,0.0,Attack
0.033904,tcp,-,FIN,48,50,2974,30506,2861.019255,31,29,687352.5,7054270.5,0.730304,0.681367,Normal
1.363602,tcp,http,FIN,10,8,1000,354,12.46698,254,252,5280.132812,1818.712402,148.704111,178.177422,Attack
0.623312,tcp,-,FIN,10,8,2502,354,27.273661,254,252,28903.66406,3978.74585,66.952,90.824664,Attack
0.001049,udp,dns,CON,2,2,146,178,2859.866662,31,29,556720.6875,678741.6875,0.01,0.007,Normal
0.001048,udp,dns,CON,2,2,146,178,2862.595564,31,29,557251.9375,679389.375,0.009,0.007,Normal
8e-06,udp,dns,INT,2,0,114,0,125000.0003,254,0,57000000.0,0.0,0.008,0.0,Attack
0.865569,tcp,-,FIN,18,20,1034,6956,42.746448,62,252,9029.898438,61083.51953,50.915824,43.916053,Attack
0.001709,udp,-,CON,4,4,528,304,4095.962612,31,29,1853715.625,1067290.875,0.442667,0.208,Normal
9e-06,udp,dns,INT,2,0,114,0,111111.1072,254,0,50666664.0,0.0,0.009,0.0,Attack
4.211685,tcp,-,FIN,20,20,2666,2522,9.259951,62,252,4811.375977,4551.147461,221.667632,216.310734,Attack
0.213396,tcp,-,FIN,10,6,2466,268,70.291852,254,252,83225.55469,8397.533203,21.225778,41.279199,Attack
6.346889,tcp,-,FIN,294,560,16744,707082,134.396552,31,29,21034.55664,889657.9375,21.660502,11.37212,Normal
0.006137,tcp,-,FIN,18,18,4320,2456,5703.112334,31,29,5318559.5,3024279.0,0.342824,0.326647,Normal
1.01069,tcp,http,FIN,14,18,1684,10168,30.672116,31,29,12379.66211,76019.35156,77.719385,59.424824,Normal
9e-06,udp,dns,INT,2,0,114,0,111111.1072,254,0,50666664.0,0.0,0.009,0.0,Attack
8e-06,udp,dns,INT,2,0,114,0,125000.0003,254,0,57000000.0,0.0,0.008,0.0,Attack
0.587306,tcp,ftp,FIN,12,12,664,682,39.161866,254,252,8295.504883,8527.070312,53.391454,48.550637,Normal
3e-06,udp,dns,INT,2,0,114,0,333333.3215,254,0,152000000.0,0.0,0.003,0.0,Attack
0.002732,tcp,ftp-data,FIN,6,8,320,1888,4758.4186,31,29,781844.75,4837481.5,0.4826,0.322143,Normal
7.219727,tcp,pop3,FIN,100,562,4418,723016,91.554708,62,252,4846.720703,799731.0625,72.926534,12.687684,Attack
1e-06,udp,dns,INT,2,0,114,0,1000000.003,254,0,456000000.0,0.0,0.001,0.0,Attack
4.155517,tcp,ftp,FIN,24,22,1260,1644,10.828977,62,252,2325.583008,3022.487793,180.674645,194.032187,Attack
9e-06,udp,dns,INT,2,0,114,0,111111.1072,254,0,50666664.0,0.0,0.009,0.0,Attack
8e-06,udp,dns,INT,2,0,114,0,125000.0003,254,0,57000000.0,0.0,0.008,0.0,Attack
4e-06,pipe,-,INT,2,0,200,0,250000.0006,254,0,200000000.0,0.0,0.004,0.0,Attack
3e-06,udp,dns,INT,2,0,114,0,333333.3215,254,0,152000000.0,0.0,0.003,0.0,Attack
6e-06,udp,-,INT,2,0,168,0,166666.6608,254,0,112000000.0,0.0,0.006,0.0,Attack
1e-05,dcn,-,INT,2,0,200,0,100000.0025,254,0,80000000.0,0.0,0.01,0.0,Attack
0.025919,tcp,-,FIN,48,50,2974,30506,3742.42838,31,29,899108.75,9227517.0,0.544638,0.516102,Normal
9e-06,udp,-,INT,2,0,242,0,111111.1072,254,0,107555552.0,0.0,0.009,0.0,Attack
0.705065,tcp,-,FIN,10,8,564,354,24.111252,254,252,5764.007324,3517.40625,78.340556,91.31743,Attack
0.001073,udp,dns,CON,2,2,146,178,2795.899292,31,29,544268.375,663560.125,0.01,0.007,Normal
8e-06,udp,-,INT,2,0,168,0,125000.0003,254,0,84000000.0,0.0,0.008,0.0,Attack
1e-05,udp,dns,INT,2,0,114,0,100000.0025,254,0,45600000.0,0.0,0.01,0.0,Attack
0.001099,udp,dns,CON,2,2,146,178,2729.754356,31,29,531392.1875,647861.6875,0.009,0.005,Normal
0.001091,udp,dns,CON,2,2,146,178,2749.770747,31,29,535288.6875,652612.25,0.009,0.005,Normal
1.1e-05,udp,-,INT,2,0,1064,0,90909.0902,254,0,386909088.0,0.0,0.011,0.0,Normal
4e-06,unas,-,INT,2,0,200,0,250000.0006,254,0,200000000.0,0.0,0.004,0.0,Attack
9e-06,udp,dns,INT,2,0,114,0,111111.1072,254,0,50666664.0,0.0,0.009,0.0,Attack
3e-06,udp,dns,INT,2,0,114,0,333333.3215,254,0,152000000.0,0.0,0.003,0.0,Attack
3e-06,udp,dns,INT,2,0,114,0,333333.3215,254,0,152000000.0,0.0,0.003,0.0,Attack
0.004501,udp,-,CON,4,4,568,320,1555.209937,31,29,757165.0625,426571.875,1.164667,1.004,Normal
8e-06,udp,-,INT,2,0,168,0,125000.0003,254,0,84000000.0,0.0,0.008,0.0,Attack
0.448989,tcp,-,FIN,10,6,486,268,33.408391,254,252,7804.200195,3991.188965,47.802111,71.045203,Normal
4e-06,unas,-,INT,2,0,200,0,250000.0006,254,0,200000000.0,0.0,0.004,0.0,Attack
3e-06,udp,dns,INT,2,0,114,0,333333.3215,254,0,152000000.0,0.0,0.003,0.0,Attack
9e-06,udp,dns,INT,2,0,114,0,111111.1072,254,0,50666664.0,0.0,0.009,0.0,Attack
6.359825,tcp,smtp,FIN,26,20,6289,1666,7.075666,62,252,7607.756348,1991.249756,254.370852,329.403313,Attack
9e-06,unas,-,INT,2,0,200,0,111111.1072,254,0,88888888.0,0.0,0.009,0.0,Attack
4e-06,scps,-,INT,2,0,200,0,250000.0006,254,0,200000000.0,0.0,0.004,0.0,Attack
8e-06,unas,-,INT,2,0,200,0,125000.0003,254,0,100000000.0,0.0,0.008,0.0,Attack
8e-06,unas,-,INT,2,0,200,0,125000.0003,254,0,100000000.0,0.0,0.008,0.0,Attack
6e-06,udp,dns,INT,2,0,114,0,166666.6608,254,0,76000000.0,0.0,0.006,0.0,Attack
0.953602,tcp,http,FIN,60,14,68199,612,76.551852,254,252,562607.875,4773.47998,15.626237,67.582234,Normal
9e-06,udp,dns,INT,2,0,114,0,111111.1072,254,0,50666664.0,0.0,0.009,0.0,Attack
9.962986,tcp,-,REQ,10,0,450,0,0.903344,254,0,325.203705,0.0,1106.9985,0.0,Normal
0.0016,udp,-,CON,4,4,520,304,4375.000111,31,29,1950000.0,1140000.0,0.405,0.200667,Normal
0.684805,tcp,http,FIN,10,8,894,916,24.824586,62,252,9404.137695,9369.09082,75.992778,84.36243,Attack
7e-06,udp,dns,INT,2,0,114,0,142857.1409,254,0,65142856.0,0.0,0.007,0.0,Attack
8e-06,udp,dns,INT,2,0,114,0,125000.0003,254,0,57000000.0,0.0,0.008,0.0,Attack
0.000979,udp,dns,CON,2,2,130,162,3064.351366,31,29,531154.25,661899.875,0.006,0.007,Normal
1.549548,tcp,-,FIN,10,10,608,646,12.26164,254,252,2829.212158,3004.74707,172.062111,158.351562,Attack
3e-06,udp,dns,INT,2,0,114,0,333333.3215,254,0,152000000.0,0.0,0.003,0.0,Attack
9e-06,unas,-,INT,2,0,200,0,111111.1072,254,0,88888888.0,0.0,0.009,0.0,Attack
9e-06,udp,dns,INT,2,0,114,0,111111.1072,254,0,50666664.0,0.0,0.009,0.0,Attack
0.916549,tcp,-,FIN,10,6,2322,268,16.365737,254,252,18242.3418,1955.160034,101.736444,141.729406,Normal
0.604383,tcp,-,FIN,10,6,884,268,24.8187,254,252,10536.36523,2965.007324,61.549889,95.499203,Attack
2.225878,tcp,http,FIN,36,170,2290,225328,92.098489,62,252,8004.032715,805086.375,63.596513,12.487124,Attack
9e-06,udp,dns,INT,2,0,114,0,111111.1072,254,0,50666664.0,0.0,0.009,0.0,Attack
3e-06,udp,dns,INT,2,0,114,0,333333.3215,254,0,152000000.0,0.0,0.003,0.0,Attack
0.923419,tcp,-,FIN,10,8,564,354,18.409844,254,252,4401.035645,2685.671387,96.987333,122.14543,Attack
0.325326,tcp,http,FIN,12,10,1300,2092,64.550636,62,252,29312.13672,46304.32422,29.57509,34.938445,Attack
9e-06,udp,dns,INT,2,0,114,0,111111.1072,254,0,50666664.0,0.0,0.009,0.0,Attack
9e-06,leaf-1,-,INT,2,0,200,0,111111.1072,254,0,88888888.0,0.0,0.009,0.0,Attack
1e-06,udp,dns,INT,2,0,114,0,1000000.003,254,0,456000000.0,0.0,0.001,0.0,Attack
1e-05,trunk-1,-,INT,2,0,200,0,100000.0025,254,0,80000000.0,0.0,0.01,0.0,Attack
3e-06,udp,dns,INT,2,0,114,0,333333.3215,254,0,152000000.0,0.0,0.003,0.0,Attack
1.158211,tcp,ftp,FIN,22,22,1198,1636,37.126223,62,252,7901.841797,10789.05273,55.152906,54.415856,Attack
1.433464,tcp,http,FIN,10,10,818,1698,13.254605,62,252,4113.113281,8533.174805,159.172667,152.725672,Attack
0.182946,tcp,-,FIN,92,92,5278,83812,1000.295188,31,29,228307.8125,3625157.25,2.007088,2.027022,Normal
3e-06,udp,dns,INT,2,0,114,0,333333.3215,254,0,152000000.0,0.0,0.003,0.0,Attack
0.058898,tcp,-,FIN,72,74,4238,63516,2461.883332,31,29,567761.25,8510714.0,0.825085,0.811167,Normal
9e-06,unas,-,INT,2,0,200,0,111111.1072,254,0,88888888.0,0.0,0.009,0.0,Attack
3e-06,unas,-,INT,2,0,200,0,333333.3215,254,0,266666656.0,0.0,0.003,0.0,Attack
1.896128,tcp,http,FIN,60,16,68197,698,39.55429,254,252,282938.6875,2763.526367,32.049914,121.419797,Normal
0.243286,tcp,http,FIN,10,6,978,268,61.655829,254,252,28970.01953,7365.816406,23.617111,44.020199,Attack
3e-06,udp,dns,INT,2,0,114,0,333333.3215,254,0,152000000.0,0.0,0.003,0.0,Attack
2.584154,tcp,-,FIN,28,68,1454,69902,36.762516,62,252,4343.394531,213222.5938,95.709406,37.924523,Attack
0.216242,tcp,http,FIN,10,6,814,268,69.366728,254,252,27117.76563,8287.011719,23.454111,41.799398,Attack
5e-06,smp,-,INT,2,0,200,0,200000.0051,254,0,160000000.0,0.0,0.005,0.0,Attack
0.581931,tcp,-,FIN,14,8,928,956,36.086753,254,252,11850.20215,11506.51856,44.116463,75.791,Attack
0.37714,tcp,http,FIN,34,8,34330,354,108.712949,254,252,706814.5,6575.807617,11.428485,52.845145,Attack
8e-06,eigrp,-,INT,2,0,200,0,125000.0003,254,0,100000000.0,0.0,0.008,0.0,Attack
9e-06,udp,dns,INT,2,0,114,0,111111.1072,254,0,50666664.0,0.0,0.009,0.0,Attack
9e-06,udp,dns,INT,2,0,114,0,111111.1072,254,0,50666664.0,0.0,0.009,0.0,Attack
9e-06,udp,dns,INT,2,0,114,0,111111.1072,254,0,50666664.0,0.0,0.009,0.0,Attack
5e-06,br-sat-mon,-,INT,2,0,200,0,200000.0051,254,0,160000000.0,0.0,0.005,0.0,Attack
3e-06,udp,-,INT,2,0,1064,0,333333.3215,254,0,1418666624.0,0.0,0.003,0.0,Normal
1e-05,unas,-,INT,2,0,200,0,100000.0025,254,0,80000000.0,0.0,0.01,0.0,Attack
3e-06,ipcomp,-,INT,2,0,200,0,333333.3215,254,0,266666656.0,0.0,0.003,0.0,Attack
1.509228,tcp,smtp,FIN,22,20,2904,1856,27.166207,62,252,14693.60547,9350.475586,71.868001,73.867266,Attack
0.554065,tcp,smtp,FIN,12,10,2584,736,37.901691,254,252,34205.375,9572.883789,49.328092,56.115777,Attack
0.046365,tcp,ftp-data,FIN,6,8,320,1930,280.383908,31,29,46069.23438,291426.7188,9.21,6.555714,Normal
0.216118,tcp,http,FIN,10,6,844,268,69.40653,254,252,28132.7793,8291.766602,21.747111,40.953,Attack
0.628403,tcp,-,FIN,10,6,534,268,23.870032,254,252,6123.458984,2851.673096,66.468111,113.734203,Normal
0.165969,tcp,-,FIN,60,62,3614,50036,729.051814,31,29,171309.0938,2372925.0,2.807661,2.711672,Normal
2.891043,tcp,smtp,FIN,92,30,99412,2254,41.853408,62,252,272101.125,6029.657715,31.769703,95.709586,Attack
4e-06,udp,dns,INT,2,0,114,0,250000.0006,254,0,114000000.0,0.0,0.004,0.0,Attack
9e-06,udp,dns,INT,2,0,114,0,111111.1072,254,0,50666664.0,0.0,0.009,0.0,Attack
0.866747,tcp,ftp,FIN,52,54,2934,3742,121.142614,31,29,26563.69141,33901.47266,16.988921,16.342736,Normal
4e-06,unas,-,INT,2,0,200,0,250000.0006,254,0,200000000.0,0.0,0.004,0.0,Attack
9e-06,udp,-,INT,2,0,168,0,111111.1072,254,0,74666664.0,0.0,0.009,0.0,Attack
3e-06,udp,dns,INT,2,0,114,0,333333.3215,254,0,152000000.0,0.0,0.003,0.0,Attack
7e-06,sctp,-,INT,2,0,78,0,142857.1409,254,0,44571428.0,0.0,0.007,0.0,Attack
0.001036,udp,dns,CON,2,2,146,178,2895.752973,31,29,563706.5625,687258.6875,0.008,0.007,Normal
4.578482,sctp,-,CON,4,6,824,1296,1.965717,254,60,1079.833862,1887.088257,1526.160625,531.336812,Attack
0.0,arp,-,INT,1,0,46,0,0.0,0,0,0.0,0.0,60000.58,0.0,Normal
0.214336,tcp,-,FIN,10,6,566,268,69.983579,254,252,19035.5332,8360.705078,21.780111,37.273801,Normal
1.367262,tcp,-,FIN,10,8,564,354,12.433608,254,252,2972.36377,1813.843994,151.918,185.392578,Attack
3.324042,tcp,smtp,FIN,36,22,18979,2006,17.147797,62,252,44408.58203,4608.84668,94.972627,153.458578,Attack
0.935794,tcp,-,FIN,122,126,7816,15092,263.946981,31,29,66270.99219,128002.5313,7.730992,7.482528,Normal
25.642588,ospf,-,INT,42,0,2688,0,1.598903,254,0,818.638123,0.0,625.429,0.0,Attack
9e-06,udp,dns,INT,2,0,114,0,111111.1072,254,0,50666664.0,0.0,0.009,0.0,Attack
5e-06,udp,-,INT,2,0,744,0,200000.0051,254,0,595200000.0,0.0,0.005,0.0,Attack
0.00101,udp,dns,CON,2,2,146,178,2970.297008,31,29,578217.8125,704950.5,0.005,0.007,Normal
0.107066,tcp,-,FIN,22,24,2054,2478,420.301504,31,29,146526.4375,177460.6406,5.08119,4.628522,Normal
1.875256,tcp,http,FIN,10,10,936,3152,10.13195,254,252,3596.309082,12102.88086,208.302889,197.449891,Attack
8e-06,unas,-,INT,2,0,200,0,125000.0003,254,0,100000000.0,0.0,0.008,0.0,Attack
1.3e-05,udp,dns,INT,2,0,114,0,76923.07779,254,0,35076924.0,0.0,0.013,0.0,Attack
0.005961,tcp,-,FIN,22,24,1958,2308,7549.068963,31,29,2508304.0,2968629.5,0.267667,0.233043,Normal
0.55405,tcp,http,FIN,10,8,876,1400,30.68315,254,252,11392.47266,17687.93359,61.561111,67.81957,Attack
6e-06,udp,dns,INT,2,0,114,0,166666.6608,254,0,76000000.0,0.0,0.006,0.0,Attack
9e-06,udp,dns,INT,2,0,114,0,111111.1072,254,0,50666664.0,0.0,0.009,0.0,Attack
0.004819,udp,-,CON,4,4,568,312,1452.583481,31,29,707200.625,388462.3125,1.253667,1.065667,Normal
0.730184,tcp,-,FIN,16,10,972,556,34.237945,254,252,9992.001953,5489.027344,47.195068,69.916219,Attack
2e-06,udp,dns,INT,2,0,114,0,500000.0013,254,0,228000000.0,0.0,0.002,0.0,Attack
8e-06,merit-inp,-,INT,2,0,200,0,125000.0003,254,0,100000000.0,0.0,0.008,0.0,Attack
1e-06,udp,dns,INT,2,0,114,0,1000000.003,254,0,456000000.0,0.0,0.001,0.0,Attack
1.048277,tcp,http,FIN,14,18,1684,10168,29.572336,31,29,11935.77637,73293.60156,80.610462,61.634003,Normal
9e-06,sep,-,INT,2,0,200,0,111111.1072,254,0,88888888.0,0.0,0.009,0.0,Attack
0.006187,tcp,-,FIN,24,24,2024,4312,7596.573649,31,29,2508485.5,5344108.5,0.252565,0.242478,Normal
9e-06,udp,dns,INT,2,0,114,0,111111.1072,254,0,50666664.0,0.0,0.009,0.0,Attack
1e-06,udp,dns,INT,2,0,114,0,1000000.003,254,0,456000000.0,0.0,0.001,0.0,Attack
2e-06,udp,dns,INT,2,0,114,0,500000.0013,254,0,228000000.0,0.0,0.002,0.0,Attack
0.114519,tcp,-,FIN,40,42,2542,23508,707.306211,31,29,173176.5,1603157.5,2.928205,2.780829,Normal
9e-06,ib,-,INT,2,0,200,0,111111.1072,254,0,88888888.0,0.0,0.009,0.0,Attack
34.104462,tcp,-,FIN,66,66,3910,51808,3.84114,31,29,903.342224,11968.87402,524.678603,532.871867,Normal
8e-06,udp,dns,INT,2,0,114,0,125000.0003,254,0,57000000.0,0.0,0.008,0.0,Attack
4e-06,udp,-,INT,2,0,1066,0,250000.0006,254,0,1066000000.0,0.0,0.004,0.0,Normal
7e-06,udp,dns,INT,2,0,114,0,142857.1409,254,0,65142856.0,0.0,0.007,0.0,Attack
40.394421,tcp,-,FIN,26,16,3770,1450,1.014992,254,252,717.920959,269.344116,1614.860799,2687.87675,Attack
0.992312,tcp,-,FIN,10,8,564,354,17.131708,254,252,4095.486084,2499.213867,106.084111,131.352281,Attack
3e-06,unas,-,INT,2,0,200,0,333333.3215,254,0,266666656.0,0.0,0.003,0.0,Attack
3e-06,udp,dns,INT,2,0,114,0,333333.3215,254,0,152000000.0,0.0,0.003,0.0,Attack
1.218623,tcp,smtp,FIN,84,30,87684,2122,92.727608,62,252,568779.6875,13470.94141,14.682205,41.773172,Attack
0.792882,tcp,-,CON,6,6,316,636,13.873438,62,252,2663.700195,5347.580078,140.2414,143.265203,Attack
0.790384,udp,-,CON,4,4,568,312,8.856455,31,29,4311.828125,2368.468994,221.016328,100.354,Normal
1e-06,iatp,-,INT,2,0,200,0,1000000.003,254,0,800000000.0,0.0,0.001,0.0,Attack
5e-06,udp,dns,INT,2,0,114,0,200000.0051,254,0,91200000.0,0.0,0.005,0.0,Attack
0.146298,tcp,-,FIN,60,62,3614,50036,827.078941,31,29,194343.0469,2691984.75,2.473746,2.388606,Normal
1.327752,tcp,-,FIN,60,14,68023,612,54.980147,254,252,403027.0625,3428.351074,21.385491,92.450383,Normal
1.6e-05,udp,-,INT,2,0,104,0,62500.00016,254,0,26000000.0,0.0,0.016,0.0,Attack
0.001014,udp,dns,CON,2,2,130,162,2958.579772,31,29,512820.5,639053.25,0.004,0.007,Normal
1.015988,tcp,-,FIN,12,8,994,714,18.701008,254,252,7181.187012,4921.317871,87.316455,124.956711,Attack
5e-06,leaf-1,-,INT,2,0,200,0,200000.0051,254,0,160000000.0,0.0,0.005,0.0,Attack
0.68416,udp,-,CON,4,4,520,304,10.231525,31,29,4560.336914,2666.042969,141.996672,158.673672,Normal
0.99672,tcp,-,FIN,22,10,17758,790,31.102014,254,252,136054.25,5706.717773,45.119429,97.653445,Attack
9e-06,aris,-,INT,2,0,200,0,111111.1072,254,0,88888888.0,0.0,0.009,0.0,Attack
9e-06,unas,-,INT,2,0,200,0,111111.1072,254,0,88888888.0,0.0,0.009,0.0,Attack
2.426048,tcp,-,FIN,14,8,1192,714,8.656053,254,252,3650.381104,2060.964844,186.546774,333.607719,Attack
0.029976,tcp,-,FIN,52,54,3182,39076,3502.802342,31,29,832933.0625,10235655.0,0.59312,0.553434,Normal
0.927176,tcp,-,FIN,10,8,588,354,18.335246,254,252,4573.025879,2674.788818,102.914333,115.87343,Normal
5e-06,udp,dns,INT,2,0,114,0,200000.0051,254,0,91200000.0,0.0,0.005,0.0,Attack
5e-06,udp,dns,INT,2,0,114,0,200000.0051,254,0,91200000.0,0.0,0.005,0.0,Attack
25.642588,ospf,-,INT,42,0,2688,0,1.598903,254,0,818.638123,0.0,625.429,0.0,Attack
0.051808,tcp,-,FIN,42,42,2646,23508,1602.069191,31,29,398857.3125,3543699.75,1.28735,1.24961,Normal
0.23472,sctp,-,CON,4,2,536,440,21.301976,254,60,13701.43066,7498.29541,78.24,0.004,Attack
0.004669,udp,-,CON,4,4,568,320,1499.250398,31,29,729920.75,411222.9688,1.234333,1.054667,Normal
0.001051,udp,dns,CON,2,2,130,162,2854.424439,31,29,494766.9063,616555.6875,0.009,0.007,Normal
0.942431,tcp,http,FIN,60,14,68193,612,77.459254,254,252,569225.75,4830.062012,15.665135,63.208309,Normal
0.322719,tcp,-,FIN,10,6,590,268,46.480064,254,252,13163.1543,5552.818359,32.887333,53.573398,Attack
1.227135,sctp,-,CON,4,2,568,432,4.074532,254,60,2777.200684,1408.158081,409.045,0.008,Attack
1.24305,tcp,http,FIN,14,18,1684,10168,24.938659,31,29,10065.56445,61809.26172,95.59,73.090647,Normal
0.042719,tcp,-,FIN,48,50,2958,32642,2270.652451,31,29,542522.0625,5990777.0,0.902149,0.789224,Normal
0.242737,tcp,-,FIN,10,6,620,268,61.795278,254,252,18390.27539,7382.475586,22.546889,43.138398,Attack
9e-06,udp,dns,INT,2,0,114,0,111111.1072,254,0,50666664.0,0.0,0.009,0.0,Attack
0.523755,tcp,-,FIN,10,8,486,354,32.457923,254,252,6690.150879,4735.038086,56.788222,62.909,Normal
9e-06,iatp,-,INT,2,0,200,0,111111.1072,254,0,88888888.0,0.0,0.009,0.0,Attack
3e-06,udp,-,INT,2,0,104,0,333333.3215,254,0,138666656.0,0.0,0.003,0.0,Attack
9e-06,udp,dns,INT,2,0,114,0,111111.1072,254,0,50666664.0,0.0,0.009,0.0,Attack
0.787342,tcp,ftp-data,FIN,8,8,364,830,19.051441,62,252,3241.285156,7386.878906,112.335143,108.533859,Attack
5.052801,ospf,-,INT,42,0,2688,0,8.114311,254,0,4154.527344,0.0,123.239047,0.0,Attack
0.020465,tcp,ftp,FIN,52,54,2934,3740,5130.71107,31,29,1125042.75,1435035.5,0.411184,0.376075,Normal
0.041481,tcp,-,FIN,66,68,3926,57474,3206.287259,31,29,745787.25,10921434.0,0.633215,0.610433,Normal
9e-06,unas,-,INT,2,0,200,0,111111.1072,254,0,88888888.0,0.0,0.009,0.0,Attack
0.001095,udp,dns,CON,2,2,130,162,2739.726138,31,29,474885.875,591780.875,0.009,0.007,Normal
9e-06,unas,-,INT,2,0,200,0,111111.1072,254,0,88888888.0,0.0,0.009,0.0,Attack
0.588089,tcp,http,FIN,10,6,1298,268,25.506344,254,252,15902.35547,3047.157959,65.190889,100.825602,Attack
1e-05,unas,-,INT,2,0,200,0,100000.0025,254,0,80000000.0,0.0,0.01,0.0,Attack
0.238979,tcp,http,FIN,10,16,842,12934,104.611704,62,252,25374.61523,405926.875,26.553222,13.7646,Attack
1.692183,tcp,ftp,FIN,14,12,948,682,14.773816,254,252,4165.03418,2959.490723,127.730851,145.469641,Attack
0.746125,tcp,-,FIN,10,6,586,268,20.10387,254,252,5661.25,2401.742432,82.789333,126.059,Normal
0.027848,tcp,-,FIN,60,62,3614,45696,4345.015846,31,29,1020971.0,12915542.0,0.466814,0.455433,Normal
4.042907,tcp,-,FIN,16,18,1540,1644,8.162443,31,29,2857.349854,3073.036133,269.506413,251.608125,Normal
9e-06,unas,-,INT,2,0,200,0,111111.1072,254,0,88888888.0,0.0,0.009,0.0,Attack
9e-06,udp,dns,INT,2,0,114,0,111111.1072,254,0,50666664.0,0.0,0.009,0.0,Attack
9e-06,udp,dns,INT,2,0,114,0,111111.1072,254,0,50666664.0,0.0,0.009,0.0,Attack
0.72159,tcp,http,FIN,10,6,890,268,20.787428,254,252,8880.389648,2483.404785,72.638444,132.788203,Attack
0.018465,tcp,-,FIN,16,18,1540,1644,1787.164977,31,29,625616.0625,672840.5625,1.196333,1.058471,Normal
0.050107,tcp,-,FIN,40,42,2542,23508,1616.54065,31,29,395793.0,3663999.25,1.275846,1.209098,Normal
5e-06,udp,-,INT,2,0,168,0,200000.0051,254,0,134400000.0,0.0,0.005,0.0,Attack
2e-06,udp,dns,INT,2,0,114,0,500000.0013,254,0,228000000.0,0.0,0.002,0.0,Attack
7e-06,etherip,-,INT,2,0,200,0,142857.1409,254,0,114285712.0,0.0,0.007,0.0,Attack
5e-06,udp,dns,INT,2,0,114,0,200000.0051,254,0,91200000.0,0.0,0.005,0.0,Attack
0.000987,udp,dns,CON,2,2,146,178,3039.513836,31,29,591692.0,721377.9375,0.006,0.007,Normal
6e-06,udp,dns,INT,2,0,168,0,166666.6608,254,0,112000000.0,0.0,0.006,0.0,Attack
6e-06,udp,dns,INT,2,0,114,0,166666.6608,254,0,76000000.0,0.0,0.006,0.0,Attack
59.21376,ospf,-,REQ,96,0,26112,0,1.604357,254,0,3491.080322,0.0,646.310625,0.0,Attack
0.74556,tcp,-,FIN,12,8,1066,746,25.4842,254,252,10494.125,7006.813965,67.778185,95.058859,Attack
8e-06,udp,dns,INT,2,0,114,0,125000.0003,254,0,57000000.0,0.0,0.008,0.0,Attack
1.3e-05,udp,dns,INT,2,0,114,0,76923.07779,254,0,35076924.0,0.0,0.013,0.0,Attack
1e-05,udp,dns,INT,2,0,114,0,100000.0025,254,0,45600000.0,0.0,0.01,0.0,Attack
0.01685,tcp,-,FIN,48,50,2958,33044,5756.676473,31,29,1375430.25,15375193.0,0.359522,0.339042,Normal
0.769727,tcp,http,FIN,10,10,844,1724,24.684077,62,252,7898.904297,16130.39453,85.525222,75.527,Attack
0.863759,tcp,-,FIN,10,8,564,354,19.681416,254,252,4705.016113,2871.171387,93.372,116.053141,Attack
9e-06,udp,dns,INT,2,0,114,0,111111.1072,254,0,50666664.0,0.0,0.009,0.0,Attack
7e-06,udp,dns,INT,2,0,114,0,142857.1409,254,0,65142856.0,0.0,0.007,0.0,Attack
6e-06,snp,-,INT,2,0,200,0,166666.6608,254,0,133333328.0,0.0,0.006,0.0,Attack
0.742644,tcp,ftp,FIN,10,10,578,690,25.584263,62,252,5612.379395,6689.611816,82.516,63.948667,Attack
6e-06,udp,dns,INT,2,0,114,0,166666.6608,254,0,76000000.0,0.0,0.006,0.0,Attack
3e-06,udp,dns,INT,2,0,114,0,333333.3215,254,0,152000000.0,0.0,0.003,0.0,Attack
0.581817,tcp,http,FIN,10,10,826,1422,32.656318,62,252,10230.02148,17600.03711,64.646333,54.211777,Attack
6e-06,udp,dns,INT,2,0,114,0,166666.6608,254,0,76000000.0,0.0,0.006,0.0,Attack
0.004276,udp,-,CON,4,4,568,304,1637.04398,31,29,797006.5625,426566.875,1.139667,0.932667,Normal
0.680719,tcp,-,FIN,10,6,534,268,22.035524,254,252,5652.846191,2632.510498,69.757,109.886,Normal
0.008574,tcp,ftp-data,FIN,8,12,424,8824,2216.001962,31,29,346162.8438,7547469.5,1.178143,0.739364,Normal
1.1e-05,udp,-,INT,2,0,1868,0,90909.0902,254,0,679272704.0,0.0,0.011,0.0,Normal
3e-06,udp,dns,INT,2,0,114,0,333333.3215,254,0,152000000.0,0.0,0.003,0.0,Attack
9e-06,udp,dns,INT,2,0,114,0,111111.1072,254,0,50666664.0,0.0,0.009,0.0,Attack
0.0,arp,-,INT,1,0,46,0,0.0,0,0,0.0,0.0,0.0,0.0,Normal
7e-06,udp,dns,INT,2,0,114,0,142857.1409,254,0,65142856.0,0.0,0.007,0.0,Attack
3.291355,tcp,http,FIN,10,12,780,3922,6.380351,62,252,1706.288208,8740.473633,365.664,290.910449,Attack
9e-06,idrp,-,INT,2,0,200,0,111111.1072,254,0,88888888.0,0.0,0.009,0.0,Attack
2e-06,unas,-,INT,2,0,200,0,500000.0013,254,0,400000000.0,0.0,0.002,0.0,Attack
4e-06,udp,dns,INT,2,0,114,0,250000.0006,254,0,114000000.0,0.0,0.004,0.0,Attack
2.087127,tcp,http,FIN,10,8,1016,354,8.145168,254,252,3507.213623,1188.236328,231.903,279.363844,Attack
0.017837,tcp,-,FIN,48,50,2958,32642,5438.134475,31,29,1299321.75,14347705.0,0.372872,0.353571,Normal
5e-06,pgm,-,INT,2,0,200,0,200000.0051,254,0,160000000.0,0.0,0.005,0.0,Attack
0.001063,udp,dns,CON,2,2,146,178,2822.201463,31,29,549388.5625,669802.5,0.009,0.006,Normal
3e-06,tcp,-,REQ,2,0,90,0,333333.3215,254,0,119999992.0,0.0,0.003,0.0,Normal
0.004689,udp,-,CON,4,4,568,320,1492.855594,31,29,726807.4375,409468.9688,1.208667,1.075333,Normal
0.221482,tcp,ftp-data,FIN,8,12,424,8824,85.785755,31,29,13400.6377,292177.25,31.585286,20.089454,Normal
0.242356,tcp,-,FIN,60,62,3598,48710,499.265538,31,29,116819.8828,1581970.25,4.101407,3.963213,Normal
3.273767,tcp,-,FIN,446,858,25056,1094788,398.012443,31,29,61091.70313,2672182.75,7.3893,3.819459,Normal
8e-06,udp,dns,INT,2,0,114,0,125000.0003,254,0,57000000.0,0.0,0.008,0.0,Attack
9e-06,sm,-,INT,2,0,200,0,111111.1072,254,0,88888888.0,0.0,0.009,0.0,Attack
4e-06,any,-,INT,2,0,200,0,250000.0006,254,0,200000000.0,0.0,0.004,0.0,Attack
0.315034,tcp,http,FIN,10,8,772,1296,53.962429,62,252,17648.88867,28796.89063,34.993667,40.962145,Attack
1.256907,tcp,-,FIN,10,8,568,354,13.525265,254,252,3258.793213,1973.097534,136.715556,167.015578,Attack
0.001046,udp,dns,CON,2,2,132,164,2868.068701,31,29,504780.0938,627151.0,0.009,0.007,Normal
9e-06,udp,dns,INT,2,0,114,0,111111.1072,254,0,50666664.0,0.0,0.009,0.0,Attack
1e-05,udp,dns,INT,2,0,114,0,100000.0025,254,0,45600000.0,0.0,0.01,0.0,Attack
1.624061,tcp,-,FIN,10,8,1294,354,10.467587,254,252,5738.700684,1527.036255,176.249444,216.213719,Normal
8e-06,udp,-,INT,2,0,182,0,125000.0003,254,0,91000000.0,0.0,0.008,0.0,Attack
1.206199,tcp,ftp-data,FIN,8,12,364,9098,15.751961,62,252,2115.737061,55314.25391,172.314143,100.600817,Attack
9e-06,udp,-,INT,2,0,168,0,111111.1072,254,0,74666664.0,0.0,0.009,0.0,Attack
0.487147,tcp,http,FIN,10,6,982,268,30.791527,254,252,14517.17871,3678.561035,52.181,83.932203,Attack
2.869367,tcp,-,FIN,54,254,2560,316290,106.992243,62,252,7006.423828,878368.0,54.121754,11.243734,Attack
1.048156,tcp,smtp,FIN,24,20,5867,1676,41.024427,62,252,42917.27344,12158.49512,45.571999,52.783156,Attack
0.054493,tcp,-,FIN,68,70,4014,59460,2514.08443,31,29,580625.0625,8604555.0,0.808657,0.781841,Normal
5e-06,udp,dns,INT,2,0,114,0,200000.0051,254,0,91200000.0,0.0,0.005,0.0,Attack
0.031004,tcp,-,FIN,60,62,3598,48710,3902.722172,31,29,913172.5,12366146.0,0.527241,0.498311,Normal
1.646791,tcp,-,FIN,12,10,1022,834,12.752074,254,252,4551.883301,3648.307617,149.628003,174.268438,Attack
0.049743,tcp,-,FIN,40,42,2558,23162,1628.369807,31,29,401262.5,3636451.25,1.267436,1.199585,Normal
0.11707,tcp,-,FIN,70,70,4118,59460,1187.323855,31,29,277440.8438,4005193.5,1.692014,1.714412,Normal
0.292872,tcp,-,FIN,10,6,1612,268,51.216912,254,252,39635.0625,6118.713867,29.910778,51.605801,Attack
6e-06,3pc,-,INT,2,0,200,0,166666.6608,254,0,133333328.0,0.0,0.006,0.0,Attack
9e-06,udp,dns,INT,2,0,114,0,111111.1072,254,0,50666664.0,0.0,0.009,0.0,Attack
4e-06,i-nlsp,-,INT,2,0,200,0,250000.0006,254,0,200000000.0,0.0,0.004,0.0,Attack
0.00102,udp,dns,CON,2,2,146,178,2941.176566,31,29,572549.0625,698039.25,0.001,0.007,Normal
1.131023,tcp,-,FIN,10,6,534,268,13.262329,254,252,3402.229492,1584.40625,120.797667,206.083,Attack
1.849231,tcp,irc,FIN,12,12,656,866,12.437602,254,252,2604.325684,3434.941406,184.907203,160.351547,Attack
6.61542,tcp,ftp,FIN,24,24,1268,1708,7.104613,62,252,1470.503784,1979.61731,287.62697,283.079469,Attack
0.0,arp,-,INT,1,0,46,0,0.0,0,0,0.0,0.0,60000.824,0.0,Normal
0.899178,tcp,-,FIN,10,6,582,268,16.681902,254,252,4662.035645,1992.931274,91.867556,164.421,Attack
0.004654,tcp,-,FIN,22,14,1470,1728,7520.412471,31,29,2413407.75,2758917.0,0.221619,0.302462,Normal
3.89736,tcp,-,FIN,238,438,13662,548216,173.194158,31,29,27926.5957,1122739.5,16.443211,8.917407,Normal
9e-06,udp,-,INT,2,0,168,0,111111.1072,254,0,74666664.0,0.0,0.009,0.0,Attack
9e-06,stp,-,INT,2,0,200,0,111111.1072,254,0,88888888.0,0.0,0.009,0.0,Attack
5e-06,srp,-,INT,2,0,200,0,200000.0051,254,0,160000000.0,0.0,0.005,0.0,Attack
3e-06,udp,dns,INT,2,0,114,0,333333.3215,254,0,152000000.0,0.0,0.003,0.0,Attack
0.527581,tcp,-,FIN,10,6,534,268,28.431654,254,252,7293.666992,3396.63501,56.429222,89.211398,Normal
9e-06,udp,dns,INT,2,0,114,0,111111.1072,254,0,50666664.0,0.0,0.009,0.0,Attack
1.2e-05,udp,-,INT,2,0,168,0,83333.33039,254,0,56000000.0,0.0,0.012,0.0,Attack
1.813736,tcp,http,FIN,10,10,848,1374,10.475615,62,252,3369.840088,5456.141602,201.526222,182.143219,Attack
1.117578,tcp,smtp,FIN,52,26,45657,1972,68.898992,62,252,320543.1563,13579.36523,21.913294,43.276879,Attack
9e-06,mfe-nsp,-,INT,2,0,200,0,111111.1072,254,0,88888888.0,0.0,0.009,0.0,Attack
3e-06,udp,dns,INT,2,0,114,0,333333.3215,254,0,152000000.0,0.0,0.003,0.0,Attack
1e-06,il,-,INT,2,0,200,0,1000000.003,254,0,800000000.0,0.0,0.001,0.0,Attack
3.922782,tcp,ftp,FIN,24,24,1272,1722,11.981293,62,252,2485.990967,3366.998291,170.555736,166.761527,Attack
1.318099,tcp,-,CON,6,2,978,86,5.310678,62,252,4946.517578,260.981903,263.6198,0.007,Normal
3e-06,udp,dns,INT,2,0,114,0,333333.3215,254,0,152000000.0,0.0,0.003,0.0,Attack
8e-06,udp,dns,INT,2,0,114,0,125000.0003,254,0,57000000.0,0.0,0.008,0.0,Attack
0.002721,tcp,ftp-data,FIN,6,8,320,1888,4777.655279,31,29,785005.5,4857038.0,0.483,0.324,Normal
2.015395,tcp,pop3,FIN,22,20,1042,2686,20.343407,62,252,3949.598145,10130.02441,95.97119,102.045523,Attack
0.450468,tcp,http,FIN,10,8,794,2990,37.738529,62,252,12697.90527,46476.10938,50.052,53.13243,Attack
0.969714,tcp,http,FIN,10,10,816,1168,19.593406,62,252,6063.643555,8678.847656,107.746,98.443664,Normal
0.371373,tcp,-,FIN,28,30,4264,3080,153.484503,31,29,88579.40625,64151.13672,13.742556,12.786689,Normal
8e-06,udp,-,INT,2,0,104,0,125000.0003,254,0,52000000.0,0.0,0.008,0.0,Attack
9e-06,udp,dns,INT,2,0,114,0,111111.1072,254,0,50666664.0,0.0,0.009,0.0,Attack
0.65441,tcp,-,FIN,10,10,608,646,29.033786,254,252,6699.164062,7114.805664,72.702556,61.902777,Attack
5e-06,udp,-,INT,2,0,766,0,200000.0051,254,0,612800000.0,0.0,0.005,0.0,Attack
0.329156,tcp,ftp-data,FIN,6,8,320,1888,39.494949,31,29,6489.324219,40151.17188,65.756,46.936,Normal
0.945179,tcp,smtp,FIN,78,28,82016,2010,111.09007,62,252,685288.1875,16411.70703,12.275052,33.177297,Attack
6e-06,udp,dns,INT,2,0,114,0,166666.6608,254,0,76000000.0,0.0,0.006,0.0,Attack
14.443209,tcp,http,FIN,156,172,137982,130070,22.640398,254,252,75937.69531,71626.1875,93.181993,85.29909,Attack
3.289987,tcp,smtp,FIN,186,44,221725,2860,69.605136,62,252,536252.5625,6796.379395,17.779179,75.690187,Attack
7e-06,udp,-,INT,2,0,168,0,142857.1409,254,0,96000000.0,0.0,0.007,0.0,Attack
4e-06,udp,dns,INT,2,0,114,0,250000.0006,254,0,114000000.0,0.0,0.004,0.0,Attack
3e-06,unas,-,INT,2,0,200,0,333333.3215,254,0,266666656.0,0.0,0.003,0.0,Attack
0.004381,udp,-,CON,4,4,568,312,1597.808696,31,29,777904.5625,427299.6875,1.159667,0.987333,Normal
0.478901,tcp,smtp,FIN,52,42,37210,3380,194.194625,31,29,609645.8125,55126.21484,9.383725,11.668073,Normal
0.074784,tcp,-,FIN,48,50,2958,32642,1297.068836,31,29,309905.8438,3422122.25,1.619065,1.515939,Normal
3e-06,xnet,-,INT,2,0,180,0,333333.3215,254,0,239999984.0,0.0,0.003,0.0,Attack
1e-05,unas,-,INT,2,0,200,0,100000.0025,254,0,80000000.0,0.0,0.01,0.0,Attack
0.766768,tcp,-,FIN,10,8,564,354,22.170983,254,252,5300.168945,3234.355225,80.711444,105.227289,Attack
1.77211,tcp,-,FIN,18,22,1000,9532,22.007663,62,252,4266.101074,41076.45703,104.241765,81.184903,Attack
0.0,arp,-,INT,1,0,46,0,0.0,0,0,0.0,0.0,60000.62,0.0,Normal
0.433222,tcp,-,FIN,10,8,546,354,39.240851,254,252,9085.411133,5724.547852,47.248889,54.56943,Normal
1.776514,tcp,smtp,FIN,50,24,41281,1924,41.09171,62,252,182181.5,8303.902344,37.010708,73.852047,Attack
6e-06,udp,dns,INT,2,0,114,0,166666.6608,254,0,76000000.0,0.0,0.006,0.0,Attack
59.972408,tcp,pop3,CON,1422,9346,61248,12422665,179.53256,62,252,8164.421387,1656940.125,42.154547,6.426947,Attack
2.47355,tcp,-,FIN,18,20,1028,3106,14.958258,62,252,3140.425537,9544.176758,145.502941,123.091898,Attack
1.137982,tcp,-,FIN,10,8,564,354,14.938725,254,252,3571.233887,2179.296387,126.442444,150.327281,Attack
9e-06,udp,dns,INT,2,0,114,0,111111.1072,254,0,50666664.0,0.0,0.009,0.0,Attack
9e-06,udp,dns,INT,2,0,114,0,111111.1072,254,0,50666664.0,0.0,0.009,0.0,Attack
1.893689,tcp,http,FIN,320,746,17122,1087890,562.394342,31,29,72108.98438,4589695.5,5.935357,2.541125,Normal
8.897015,tcp,smtp,FIN,92,36,94167,2446,14.274451,62,252,83753.03906,2139.144531,97.76758,251.341828,Attack
8e-06,unas,-,INT,2,0,200,0,125000.0003,254,0,100000000.0,0.0,0.008,0.0,Attack
7e-06,udp,dns,INT,2,0,114,0,142857.1409,254,0,65142856.0,0.0,0.007,0.0,Attack
2.6e-05,udp,dns,INT,2,0,114,0,38461.5389,254,0,17538462.0,0.0,0.026,0.0,Attack
0.051931,tcp,-,FIN,90,92,5174,83812,3485.393997,31,29,788276.75,12770946.0,0.579921,0.56467,Normal
0.207178,tcp,http,FIN,10,6,694,268,72.401511,254,252,24133.83789,8649.567383,21.137556,31.113199,Normal
4e-06,udp,dns,INT,2,0,114,0,250000.0006,254,0,114000000.0,0.0,0.004,0.0,Attack
1e-06,udp,dns,INT,2,0,268,0,1000000.003,254,0,1072000000.0,0.0,0.001,0.0,Attack
0.780639,tcp,-,FIN,14,12,944,678,32.025046,254,252,8987.508789,6374.265137,59.950385,66.260906,Normal
0.537509,tcp,-,FIN,10,6,534,268,27.906508,254,252,7158.949707,3333.897461,59.723222,79.864602,Normal
0.017473,tcp,ssh,FIN,108,114,9504,12298,12648.08622,31,29,4311109.0,5581640.5,0.161887,0.156667,Normal
1.62688,tcp,-,FIN,10,8,564,354,10.449449,254,252,2498.032959,1524.390137,180.764444,223.088422,Attack
9e-06,unas,-,INT,2,0,200,0,111111.1072,254,0,88888888.0,0.0,0.009,0.0,Attack
9e-06,unas,-,INT,2,0,200,0,111111.1072,254,0,88888888.0,0.0,0.009,0.0,Attack
1.350191,tcp,http,FIN,14,36,958,41906,36.291162,62,252,5273.328125,241399.9219,103.860844,34.418372,Attack
6e-06,unas,-,INT,2,0,200,0,166666.6608,254,0,133333328.0,0.0,0.006,0.0,Attack
1e-05,mtp,-,INT,2,0,200,0,100000.0025,254,0,80000000.0,0.0,0.01,0.0,Attack
9e-06,udp,dns,INT,2,0,114,0,111111.1072,254,0,50666664.0,0.0,0.009,0.0,Attack
0.001044,udp,dns,CON,2,2,146,178,2873.563127,31,29,559386.9375,681992.3125,0.009,0.001,Normal
3e-06,udp,dns,INT,2,0,114,0,333333.3215,254,0,152000000.0,0.0,0.003,0.0,Attack
0.007852,tcp,-,FIN,34,36,2230,13500,8787.56984,31,29,2205807.5,13372389.0,0.243,0.206771,Normal
0.001231,udp,dns,CON,2,2,146,178,2437.043166,31,29,474411.0625,578391.5625,0.001,0.002,Normal
0.001093,udp,dns,CON,2,2,146,178,2744.739106,31,29,534309.1875,651418.0625,0.016,0.014,Normal
0.001778,udp,dns,CON,2,2,146,178,1687.289056,31,29,328458.9375,400449.9375,0.008,0.007,Normal
4e-06,udp,dns,INT,2,0,114,0,250000.0006,254,0,114000000.0,0.0,0.004,0.0,Attack
3e-06,udp,dns,INT,2,0,114,0,333333.3215,254,0,152000000.0,0.0,0.003,0.0,Attack
0.027167,tcp,-,FIN,60,62,3614,50036,4453.933101,31,29,1046563.875,14496706.0,0.458879,0.436672,Normal
9e-06,udp,dns,INT,2,0,114,0,111111.1072,254,0,50666664.0,0.0,0.009,0.0,Attack
0.001649,udp,-,CON,4,4,528,304,4244.99701,31,29,1921164.375,1106124.875,0.436333,0.198333,Normal
0.94137,tcp,http,FIN,10,6,1654,268,15.934223,254,252,12653.89746,1903.608521,104.486222,177.761203,Attack
8e-06,udp,dns,INT,2,0,114,0,125000.0003,254,0,57000000.0,0.0,0.008,0.0,Attack
0.870575,tcp,ftp,FIN,52,54,2934,3742,120.60994,31,29,26446.88867,33752.40625,17.063824,16.415717,Normal
1e-06,idpr,-,INT,2,0,200,0,1000000.003,254,0,800000000.0,0.0,0.001,0.0,Attack
1e-05,udp,-,INT,2,0,1344,0,100000.0025,254,0,537600000.0,0.0,0.01,0.0,Normal
9e-06,ipnip,-,INT,2,0,180,0,111111.1072,254,0,80000000.0,0.0,0.009,0.0,Attack
9e-06,rsvp,-,INT,2,0,200,0,111111.1072,254,0,88888888.0,0.0,0.009,0.0,Attack
8e-06,udp,-,INT,2,0,176,0,125000.0003,254,0,88000000.0,0.0,0.008,0.0,Attack
3e-06,unas,-,INT,2,0,200,0,333333.3215,254,0,266666656.0,0.0,0.003,0.0,Attack
0.038023,tcp,-,FIN,60,62,3614,50036,3182.284514,31,29,747757.9375,10357731.0,0.648586,0.613131,Normal
0.396584,tcp,-,FIN,12,8,1100,730,47.909144,254,252,20353.82227,12890.08106,35.030637,48.837715,Attack
9e-06,unas,-,INT,2,0,200,0,111111.1072,254,0,88888888.0,0.0,0.009,0.0,Attack
9e-06,unas,-,INT,2,0,200,0,111111.1072,254,0,88888888.0,0.0,0.009,0.0,Attack
1e-05,udp,dns,INT,2,0,114,0,100000.0025,254,0,45600000.0,0.0,0.01,0.0,Attack
9e-06,udp,-,INT,2,0,184,0,111111.1072,254,0,81777776.0,0.0,0.009,0.0,Attack
0.712007,tcp,ftp-data,FIN,8,8,364,910,21.067209,62,252,3584.234375,8954.96875,118.667836,94.948141,Attack
2.067457,tcp,pop3,FIN,30,84,1410,86842,54.656519,62,252,5274.112305,332036.9063,71.291619,24.495964,Attack
0.220655,tcp,-,FIN,10,6,3354,268,67.979427,254,252,109455.9375,8121.275391,19.627111,37.401,Attack
7e-06,udp,dns,INT,2,0,114,0,142857.1409,254,0,65142856.0,0.0,0.007,0.0,Attack
0.001073,udp,dns,CON,2,2,146,178,2795.899292,31,29,544268.375,663560.125,0.009,0.007,Normal
3.532338,tcp,-,FIN,16,18,1540,1644,9.342255,31,29,3270.355225,3517.217285,235.466931,235.407734,Normal
1.352354,sctp,-,CON,4,2,824,432,3.697257,254,60,3655.847412,1277.771851,450.784656,0.004,Attack
1.3e-05,udp,-,INT,2,0,494,0,76923.07779,254,0,152000000.0,0.0,0.013,0.0,Attack
2.751137,tcp,-,FIN,36,12,34710,874,17.083846,254,252,98129.60938,2332.126709,78.577684,237.844094,Attack
0.728174,tcp,-,FIN,30,14,26148,764,59.051822,254,252,277702.875,7800.333984,25.109449,51.753152,Normal
7e-06,udp,dns,INT,2,0,114,0,142857.1409,254,0,65142856.0,0.0,0.007,0.0,Attack
0.004698,tcp,-,FIN,18,18,3744,2456,7449.978846,31,29,6021286.0,3950617.25,0.257412,0.245588,Normal
0.059221,udp,-,CON,4,4,568,304,118.201315,31,29,57547.15625,30799.88477,14.674667,19.216666,Normal
0.434993,tcp,-,FIN,10,6,534,268,34.483314,254,252,8846.119141,4119.606445,45.294111,72.414797,Attack
4e-06,unas,-,INT,2,0,200,0,250000.0006,254,0,200000000.0,0.0,0.004,0.0,Attack
0.704575,tcp,-,FIN,10,8,708,354,24.12802,254,252,7244.083496,3519.852295,72.907,91.22143,Attack
0.246753,tcp,ssh,FIN,32,26,3728,5578,231.000224,31,29,117104.9531,173906.6875,8.2251,9.84352,Normal
5e-06,unas,-,INT,2,0,200,0,200000.0051,254,0,160000000.0,0.0,0.005,0.0,Attack
9e-06,udp,dns,INT,2,0,114,0,111111.1072,254,0,50666664.0,0.0,0.009,0.0,Attack
1.285573,tcp,-,FIN,28,26,4022,3362,41.226752,254,252,24138.65234,20118.6543,47.613815,50.82232,Attack
9e-06,udp,dns,INT,2,0,114,0,111111.1072,254,0,50666664.0,0.0,0.009,0.0,Attack
0.049977,tcp,-,FIN,74,74,4342,63516,2941.352975,31,29,685755.4375,10029894.0,0.679808,0.676658,Normal
0.001119,udp,dns,CON,2,2,146,178,2680.965094,31,29,521894.5313,636282.375,0.005,0.009,Normal
4e-06,udp,dns,INT,2,0,114,0,250000.0006,254,0,114000000.0,0.0,0.004,0.0,Attack
29.942314,ospf,-,INT,20,0,1280,0,0.634553,254,0,324.891388,0.0,1575.911375,0.0,Attack
0.615819,tcp,http,FIN,10,10,954,1334,30.853223,62,252,11159.12305,15601.98731,68.424333,57.317891,Attack
3.082168,tcp,smtp,FIN,148,38,174284,2544,60.022683,62,252,449312.2813,6431.835938,20.967129,82.015109,Attack
8e-06,udp,dns,INT,2,0,114,0,125000.0003,254,0,57000000.0,0.0,0.008,0.0,Attack
0.00422,tcp,ftp-data,FIN,14,8,8928,424,4976.303315,31,29,15717536.0,703317.5625,0.324615,0.512143,Normal
4e-06,udp,dns,INT,2,0,114,0,250000.0006,254,0,114000000.0,0.0,0.004,0.0,Attack
0.034961,tcp,-,FIN,78,80,4550,72810,4490.718218,31,29,1027888.188,16452619.0,0.455553,0.440936,Normal
9e-06,udp,dns,INT,2,0,114,0,111111.1072,254,0,50666664.0,0.0,0.009,0.0,Attack
9e-06,tcp,-,REQ,2,0,90,0,111111.1072,254,0,40000000.0,0.0,0.009,0.0,Normal
7e-06,udp,dns,INT,2,0,114,0,142857.1409,254,0,65142856.0,0.0,0.007,0.0,Attack
0.93523,tcp,-,FIN,14,14,1086,764,28.869903,254,252,8631.032227,6073.37207,71.940767,66.855156,Normal
59.932392,tcp,http,FIN,16,10,1478,1174,0.417137,62,252,185.008469,141.092316,3995.4926,6622.904,Attack
1e-06,tcp,-,REQ,2,0,90,0,1000000.003,254,0,360000000.0,0.0,0.001,0.0,Normal
0.001024,udp,dns,CON,2,2,130,162,2929.687507,31,29,507812.5,632812.5,0.009,0.002,Normal
3.187929,tcp,http,FIN,46,252,2358,319890,93.163934,62,252,5789.338867,799568.625,70.842866,12.51436,Attack
9e-06,udp,dns,INT,2,0,114,0,111111.1072,254,0,50666664.0,0.0,0.009,0.0,Attack
1e-06,udp,-,INT,2,0,104,0,1000000.003,254,0,416000000.0,0.0,0.001,0.0,Normal
0.02104,tcp,-,FIN,22,24,2054,2478,2138.783268,31,29,745627.375,903041.8125,0.985714,0.888391,Normal
0.523895,tcp,-,FIN,12,8,1354,732,36.266807,254,252,18965.63086,9788.220703,43.872636,61.72757,Attack
0.068938,udp,-,CON,4,2,228,91,72.528937,254,60,19843.91797,5338.129883,3.87,0.008,Attack
8e-06,udp,dns,INT,2,0,114,0,125000.0003,254,0,57000000.0,0.0,0.008,0.0,Attack
8e-06,udp,dns,INT,2,0,114,0,125000.0003,254,0,57000000.0,0.0,0.008,0.0,Attack
2e-06,wb-expak,-,INT,2,0,200,0,500000.0013,254,0,400000000.0,0.0,0.002,0.0,Attack
5e-06,udp,dns,INT,2,0,114,0,200000.0051,254,0,91200000.0,0.0,0.005,0.0,Attack
0.0,arp,-,INT,1,0,46,0,0.0,0,0,0.0,0.0,60000.664,0.0,Normal
0.16143,tcp,http,FIN,10,6,884,268,92.919531,254,252,39447.4375,11100.78711,17.099667,23.160199,Attack
3.82503,tcp,smtp,FIN,486,88,611085,4552,149.802743,62,252,1275447.25,9413.782227,7.917839,43.341633,Attack
1e-05,udp,-,INT,2,0,1064,0,100000.0025,254,0,425600000.0,0.0,0.01,0.0,Attack
1.875142,udp,-,CON,4,4,568,304,3.733051,31,29,1817.462402,972.726318,589.669688,593.607313,Normal
1e-06,udp,dns,INT,2,0,114,0,1000000.003,254,0,456000000.0,0.0,0.001,0.0,Attack
1.495813,tcp,-,FIN,10,8,564,354,11.365057,254,252,2716.917236,1657.961182,164.355778,197.538422,Attack
1e-06,udp,dns,INT,2,0,114,0,1000000.003,254,0,456000000.0,0.0,0.001,0.0,Attack
0.657167,tcp,-,FIN,12,8,1374,754,28.911981,254,252,15338.56641,8034.487305,57.171273,79.597711,Attack
9e-06,sctp,-,INT,2,0,440,0,111111.1072,254,0,195555552.0,0.0,0.009,0.0,Attack
3e-06,unas,-,INT,2,0,200,0,333333.3215,254,0,266666656.0,0.0,0.003,0.0,Attack
3e-06,udp,-,INT,2,0,174,0,333333.3215,254,0,231999984.0,0.0,0.003,0.0,Attack
1.355506,tcp,-,CON,6,2,978,86,5.164123,62,252,4810.012207,253.779785,271.1012,0.004,Normal
3e-06,udp,dns,INT,2,0,114,0,333333.3215,254,0,152000000.0,0.0,0.003,0.0,Attack
1.845104,tcp,-,FIN,122,126,7810,15494,133.867794,31,29,33585.09766,66649.89844,15.245562,14.75656,Normal
1e-05,udp,dns,INT,2,0,114,0,100000.0025,254,0,45600000.0,0.0,0.01,0.0,Attack
3e-06,udp,dns,INT,2,0,114,0,333333.3215,254,0,152000000.0,0.0,0.003,0.0,Attack
2e-06,udp,dns,INT,2,0,114,0,500000.0013,254,0,228000000.0,0.0,0.002,0.0,Attack
1.174356,tcp,http,FIN,12,18,1580,10168,24.694386,31,29,9870.942383,65424.79688,106.723001,69.048708,Normal
3e-06,udp,-,INT,2,0,2876,0,333333.3215,254,0,3834666496.0,0.0,0.003,0.0,Attack
0.356938,tcp,-,CON,6,2,978,86,19.611249,62,252,18266.47656,963.752808,71.3876,0.007,Normal
0.018039,tcp,ssh,FIN,108,114,9504,12298,12251.23392,31,29,4175841.5,5406508.5,0.175525,0.159972,Normal
7e-06,udp,dns,INT,2,0,114,0,142857.1409,254,0,65142856.0,0.0,0.007,0.0,Attack
0.754656,tcp,-,FIN,10,8,564,354,22.52682,254,252,5385.234863,3286.265381,83.850667,105.481859,Attack
0.906626,tcp,http,FIN,10,6,888,268,16.54486,254,252,7059.140137,1976.559326,98.671222,165.011406,Attack
0.0,arp,-,INT,1,0,46,0,0.0,0,0,0.0,0.0,60000.552,0.0,Normal
9e-06,encap,-,INT,2,0,200,0,111111.1072,254,0,88888888.0,0.0,0.009,0.0,Attack
5e-06,udp,dns,INT,2,0,114,0,200000.0051,254,0,91200000.0,0.0,0.005,0.0,Attack
3e-06,udp,dns,INT,2,0,114,0,333333.3215,254,0,152000000.0,0.0,0.003,0.0,Attack
3e-06,udp,dns,INT,2,0,114,0,333333.3215,254,0,152000000.0,0.0,0.003,0.0,Attack
3e-06,udp,dns,INT,2,0,114,0,333333.3215,254,0,152000000.0,0.0,0.003,0.0,Attack
1.265931,tcp,-,FIN,10,8,534,354,13.428852,254,252,3039.660156,1959.032471,136.871111,171.078,Normal
12.256339,ospf,-,INT,42,0,2184,0,3.345208,254,0,1391.606445,0.0,298.935094,0.0,Attack
9e-06,gre,-,INT,2,0,200,0,111111.1072,254,0,88888888.0,0.0,0.009,0.0,Attack
0.004183,tcp,-,FIN,22,14,1470,1728,8367.200667,31,29,2685154.25,3069567.25,0.20915,0.273692,Normal
0.002782,tcp,ftp-data,FIN,6,8,320,1910,4672.897203,31,29,767792.9375,4808052.0,0.4942,0.327143,Normal
7e-06,udp,dns,INT,2,0,114,0,142857.1409,254,0,65142856.0,0.0,0.007,0.0,Attack
1e-06,udp,dns,INT,2,0,114,0,1000000.003,254,0,456000000.0,0.0,0.001,0.0,Attack
1e-05,unas,-,INT,2,0,200,0,100000.0025,254,0,80000000.0,0.0,0.01,0.0,Attack
0.414805,tcp,smtp,FIN,54,44,37808,3484,233.844821,31,29,715671.25,65669.41406,7.970211,9.635372,Normal
1.234961,tcp,http,FIN,14,18,1684,10168,25.102007,31,29,10131.49414,62214.10938,94.970462,72.609059,Normal
8e-06,udp,dns,INT,2,0,114,0,125000.0003,254,0,57000000.0,0.0,0.008,0.0,Attack
9e-06,udp,-,INT,2,0,78,0,111111.1072,254,0,34666664.0,0.0,0.009,0.0,Attack
0.024868,tcp,-,FIN,60,62,3614,50036,4865.690789,31,29,1143316.75,15836899.0,0.423276,0.397492,Normal
0.004066,tcp,-,FIN,12,12,1064,2260,5656.664711,31,29,1920314.75,4076733.75,0.338091,0.319273,Normal
0.031204,tcp,-,FIN,48,50,2958,33044,3108.575812,31,29,742725.3125,8302525.5,0.657383,0.639688,Normal
5e-06,udp,dns,INT,2,0,114,0,200000.0051,254,0,91200000.0,0.0,0.005,0.0,Attack
9e-06,ip,-,INT,2,0,180,0,111111.1072,254,0,80000000.0,0.0,0.009,0.0,Attack
9e-06,udp,dns,INT,2,0,114,0,111111.1072,254,0,50666664.0,0.0,0.009,0.0,Attack
0.659893,tcp,-,FIN,12,10,1258,798,31.823342,254,252,13990.14746,8716.56543,59.990271,66.928664,Attack
0.07155,tcp,-,FIN,60,64,3614,45800,1719.077647,31,29,397372.5,5040950.5,1.227655,1.119476,Normal
0.574375,tcp,http,FIN,10,6,806,268,26.115344,254,252,10111.86133,3119.913086,63.806111,102.416203,Attack
0.204636,tcp,http,FIN,10,6,824,268,73.300888,254,252,29007.60547,8757.012695,21.155111,38.322199,Attack
9e-06,udp,dns,INT,2,0,114,0,111111.1072,254,0,50666664.0,0.0,0.009,0.0,Attack
25.851397,tcp,-,FIN,66,66,3910,51808,5.067424,31,29,1191.734497,15789.94043,423.788256,397.704281,Normal
0.018928,tcp,-,FIN,48,50,2974,30506,5124.682819,31,29,1231191.875,12635672.0,0.396404,0.381938,Normal
0.293732,tcp,http,FIN,12,6,4910,268,57.875889,254,252,122587.9453,6100.799805,22.964455,47.037602,Attack
3e-06,udp,dns,INT,2,0,114,0,333333.3215,254,0,152000000.0,0.0,0.003,0.0,Attack
0.800498,tcp,-,FIN,14,10,774,556,28.732114,254,252,7185.526855,5006.883301,61.576767,82.592781,Attack
0.786276,tcp,smtp,FIN,22,20,6984,1758,52.144541,62,252,67833.6875,17001.66406,37.441715,40.105738,Attack
1.183957,tcp,-,FIN,10,10,608,646,16.04788,254,252,3702.837158,3932.575439,131.446444,116.436664,Attack
10.809476,sctp,-,CON,12,2,1400,512,1.202649,254,60,950.277344,189.463394,982.679625,0.001,Attack
0.007254,tcp,-,FIN,22,24,1920,4312,6203.474098,31,29,2021505.375,4558037.0,0.329143,0.293696,Normal
1.214778,tcp,ftp,FIN,20,22,1128,1652,33.751024,62,252,7059.726562,10385.4375,63.935682,55.214856,Normal
2.005973,tcp,http,FIN,20,58,1216,69361,38.38536,62,252,4610.231445,271852.0938,105.570263,34.117842,Attack
0.435583,tcp,http,FIN,10,6,1676,268,34.436606,254,252,27714.58008,4114.026367,48.398111,84.725,Attack
0.022451,tcp,-,FIN,22,24,2054,2478,2004.365036,31,29,698766.1875,846287.4375,1.10315,0.950478,Normal
0.151851,tcp,ssh,FIN,30,26,3624,5578,362.197158,31,29,184602.0156,282592.8125,5.236241,6.04608,Normal
0.315307,tcp,-,FIN,10,6,1612,268,47.572684,254,252,36814.91406,5683.350098,33.534333,48.431199,Normal
0.039866,tcp,smtp,FIN,52,42,37492,3380,2332.814906,31,29,7378919.5,662218.4375,0.78838,0.960756,Normal
0.835573,tcp,-,FIN,12,10,1582,498,25.132453,254,252,13892.2627,4298.846191,74.566544,90.538109,Attack
0.823977,tcp,-,FIN,122,126,7814,16912,299.765651,31,29,75244.82031,162897.75,6.805744,6.587936,Normal
0.383469,tcp,http,FIN,12,8,2172,858,49.547684,254,252,41536.60547,15667.49902,33.523272,47.294145,Attack
9e-06,udp,dns,INT,2,0,114,0,111111.1072,254,0,50666664.0,0.0,0.009,0.0,Attack
1.9e-05,udp,-,INT,3,0,3026,0,105263.1626,254,0,849684224.0,0.0,0.013,0.0,Attack
9e-06,udp,dns,INT,2,0,114,0,111111.1072,254,0,50666664.0,0.0,0.009,0.0,Attack
9e-06,unas,-,INT,2,0,200,0,111111.1072,254,0,88888888.0,0.0,0.009,0.0,Attack
59.879597,ospf,-,INT,128,0,34816,0,2.120923,254,0,4615.12793,0.0,471.492656,0.0,Attack
50.004372,ospf,-,REQ,6,0,384,0,0.099991,1,0,51.195522,0.0,10000.873,0.0,Normal
9e-06,udp,dns,INT,2,0,114,0,111111.1072,254,0,50666664.0,0.0,0.009,0.0,Attack
0.034866,tcp,-,FIN,60,62,3614,50036,3470.4295,31,29,815464.875,11295588.0,0.595862,0.560869,Normal
1.004845,tcp,http,FIN,12,18,1580,10168,28.860172,31,29,11536.10742,76461.53906,91.316094,59.077174,Normal
6e-06,unas,-,INT,2,0,200,0,166666.6608,254,0,133333328.0,0.0,0.006,0.0,Attack
0.041847,tcp,-,FIN,38,40,2438,19266,1840.036245,31,29,453843.75,3591177.25,1.153722,1.05841,Normal
2.393356,tcp,pop3,FIN,20,22,960,5032,17.130756,62,252,3048.438965,16057.78613,125.921164,108.815237,Attack
0.486079,tcp,-,FIN,10,8,1612,354,34.973738,254,252,23880.89063,5102.05127,52.846,62.101,Attack
8e-06,udp,dns,INT,2,0,114,0,125000.0003,254,0,57000000.0,0.0,0.008,0.0,Attack
9e-06,udp,dns,INT,2,0,114,0,111111.1072,254,0,50666664.0,0.0,0.009,0.0,Attack
3e-06,udp,dns,INT,2,0,114,0,333333.3215,254,0,152000000.0,0.0,0.003,0.0,Attack
3e-06,udp,dns,INT,2,0,114,0,333333.3215,254,0,152000000.0,0.0,0.003,0.0,Attack
0.012997,tcp,-,FIN,34,36,2230,13500,5308.917628,31,29,1332615.25,8078787.5,0.381364,0.358382,Normal
0.004858,udp,-,CON,4,4,568,320,1440.92213,31,29,701523.25,395224.3438,1.252,1.117333,Normal
9e-06,udp,dns,INT,2,0,114,0,111111.1072,254,0,50666664.0,0.0,0.009,0.0,Attack
0.799116,tcp,-,FIN,10,8,2016,354,21.273507,254,252,18170.07813,3103.429199,87.343333,107.920289,Attack
0.635484,tcp,-,FIN,10,8,1404,2490,26.751264,254,252,15912.28125,27431.06055,70.609333,73.49643,Attack
3.566863,tcp,http,FIN,322,746,17226,1087890,299.142407,31,29,38516.75781,2436722.75,11.110744,4.786952,Normal
1.766369,tcp,ftp,FIN,22,24,1198,1710,25.475991,62,252,5181.250488,7423.137695,84.11281,71.465697,Attack
1.253924,tcp,http,FIN,14,18,1684,10168,24.722391,31,29,9978.276367,61273.25,96.428923,73.728412,Normal
9e-06,udp,-,INT,2,0,168,0,111111.1072,254,0,74666664.0,0.0,0.009,0.0,Attack
9e-06,udp,dns,INT,2,0,114,0,111111.1072,254,0,50666664.0,0.0,0.009,0.0,Attack
0.23161,tcp,http,FIN,20,6,16542,268,107.940072,254,252,542809.0625,7737.144531,10.198316,37.290801,Attack
3.890441,tcp,http,FIN,80,18,96054,784,24.932906,254,252,195050.3906,1523.734741,49.877448,225.015062,Attack
6e-06,gre,-,INT,2,0,156,0,166666.6608,254,0,104000000.0,0.0,0.006,0.0,Attack
3e-06,udp,dns,INT,2,0,114,0,333333.3215,254,0,152000000.0,0.0,0.003,0.0,Attack
6e-06,udp,-,INT,2,0,168,0,166666.6608,254,0,112000000.0,0.0,0.006,0.0,Attack
1.1e-05,udp,-,INT,2,0,1064,0,90909.0902,254,0,386909088.0,0.0,0.011,0.0,Normal
0.00477,udp,-,CON,4,4,568,312,1467.505241,31,29,714465.4375,392452.8438,1.237333,1.096333,Normal
0.014357,tcp,-,FIN,16,18,1540,1644,2298.530388,31,29,804624.9375,865361.875,0.9358,0.817353,Normal
3e-06,udp,dns,INT,2,0,114,0,333333.3215,254,0,152000000.0,0.0,0.003,0.0,Attack
1.581612,tcp,http,FIN,10,8,1700,354,10.748528,254,252,7738.939941,1568.020508,175.734667,206.873719,Attack
0.149091,tcp,-,FIN,22,26,2054,2582,315.243699,31,29,105224.3203,133234.0625,7.082286,6.187917,Normal
0.242542,tcp,http,FIN,24,10,22934,1380,136.05891,254,252,724954.875,40966.10156,10.545305,25.243,Attack
3e-06,udp,dns,INT,2,0,114,0,333333.3215,254,0,152000000.0,0.0,0.003,0.0,Attack
33.964092,tcp,-,FIN,24,18,3300,1500,1.207157,254,252,745.022095,333.764252,1476.682386,1992.041875,Attack
0.00532,udp,-,CON,4,4,568,320,1315.789475,31,29,640601.5,360902.25,1.13,1.297,Normal
6e-06,unas,-,INT,2,0,200,0,166666.6608,254,0,133333328.0,0.0,0.006,0.0,Attack
1.206508,tcp,http,FIN,12,10,912,1150,17.405603,62,252,5543.27002,6862.780762,109.682544,114.112445,Normal
0.004682,tcp,-,FIN,18,18,3960,2456,7475.438174,31,29,6390431.5,3964118.0,0.256412,0.244706,Normal
0.740019,ospf,-,INT,18,0,2858,0,22.972382,254,0,29188.43945,0.0,43.530531,0.0,Attack
0.015858,tcp,-,FIN,48,50,2958,32642,6116.786424,31,29,1461470.5,16138227.0,0.337848,0.320396,Normal
4e-06,udp,dns,INT,2,0,114,0,250000.0006,254,0,114000000.0,0.0,0.004,0.0,Attack
0.201753,tcp,smtp,FIN,52,42,37210,3380,460.959676,31,29,1447116.0,130853.0703,4.110551,4.908463,Normal
0.723287,tcp,-,FIN,10,8,564,354,23.50381,254,252,5618.792969,3428.791016,75.732444,94.58943,Attack
50.004341,ospf,-,REQ,6,0,384,0,0.099991,1,0,51.195557,0.0,10000.87,0.0,Normal
0.848329,tcp,http,FIN,10,8,1278,354,20.039395,254,252,10854.2793,2923.394043,88.373222,110.65043,Attack
0.010845,tcp,-,FIN,34,36,2230,13500,6362.379021,31,29,1597049.375,9681881.0,0.319485,0.293429,Normal
0.066836,tcp,-,FIN,52,54,3182,39076,1571.009648,31,29,373571.125,4590699.5,1.304412,1.250283,Normal
9e-06,udp,-,INT,2,0,104,0,111111.1072,254,0,46222220.0,0.0,0.009,0.0,Attack
5e-06,udp,dns,INT,2,0,114,0,200000.0051,254,0,91200000.0,0.0,0.005,0.0,Attack
1.522101,tcp,smtp,FIN,20,20,3066,1716,25.622478,62,252,15310.41602,8572.361328,80.110576,76.293688,Attack
59.993931,arp,-,INT,2,0,92,0,0.016668,0,0,6.133954,0.0,60000.712,0.0,Normal
0.001184,udp,dns,CON,2,2,146,178,2533.783673,31,29,493243.2188,601351.3125,0.01,0.007,Normal
5e-06,unas,-,INT,2,0,200,0,200000.0051,254,0,160000000.0,0.0,0.005,0.0,Attack
7.960006,tcp,-,FIN,62,312,2686,412546,46.85926,62,252,2656.279297,413290.125,129.66844,25.234618,Attack
3e-06,unas,-,INT,2,0,200,0,333333.3215,254,0,266666656.0,0.0,0.003,0.0,Attack
1.15852,tcp,-,FIN,28,30,4480,3080,49.200705,31,29,29831.16406,20564.16797,42.897,39.930172,Normal
1.534034,tcp,http,FIN,14,18,1684,10168,20.208157,31,29,8156.272949,50084.9375,117.975613,90.210471,Normal
1.326616,tcp,-,FIN,12,8,1068,700,14.322154,254,252,5903.742676,3696.623535,128.985203,182.308578,Attack
6e-06,udp,dns,INT,2,0,114,0,166666.6608,254,0,76000000.0,0.0,0.006,0.0,Attack
9e-06,udp,dns,INT,2,0,114,0,111111.1072,254,0,50666664.0,0.0,0.009,0.0,Attack
1.009548,st2,-,INT,4,0,360,0,2.971627,254,0,2139.571533,0.0,336.516,0.0,Attack
4e-06,udp,dns,INT,2,0,114,0,250000.0006,254,0,114000000.0,0.0,0.004,0.0,Attack
4e-06,udp,dns,INT,2,0,114,0,250000.0006,254,0,114000000.0,0.0,0.004,0.0,Attack
0.498467,tcp,-,FIN,12,8,1008,722,38.116866,254,252,14829.4668,10143.09863,44.195365,61.269285,Attack
0.683125,tcp,-,FIN,10,8,564,354,24.885635,254,252,5949.130859,3630.375,73.537444,90.337289,Attack
5e-06,unas,-,INT,2,0,200,0,200000.0051,254,0,160000000.0,0.0,0.005,0.0,Attack
1e-05,udp,-,INT,2,0,104,0,100000.0025,254,0,41600000.0,0.0,0.01,0.0,Normal
9e-06,udp,dns,INT,2,0,114,0,111111.1072,254,0,50666664.0,0.0,0.009,0.0,Attack
6e-06,udp,dns,INT,2,0,114,0,166666.6608,254,0,76000000.0,0.0,0.006,0.0,Attack
1.582582,tcp,ftp,FIN,52,54,2934,3742,66.347273,31,29,14548.37695,18567.12695,31.64546,29.850037,Normal
2.140843,tcp,http,FIN,10,10,860,1216,8.875009,62,252,2892.318604,4091.846191,237.871444,227.482,Normal
0.014961,tcp,-,FIN,40,42,2542,23508,5414.076744,31,29,1325579.875,12271373.0,0.375487,0.351268,Normal
4e-06,emcon,-,INT,2,0,180,0,250000.0006,254,0,180000000.0,0.0,0.004,0.0,Attack
0.000968,udp,dns,CON,2,2,146,178,3099.173623,31,29,603305.8125,735537.1875,0.001,0.007,Normal
1e-06,udp,dns,INT,2,0,114,0,1000000.003,254,0,456000000.0,0.0,0.001,0.0,Attack
9e-06,udp,dns,INT,2,0,114,0,111111.1072,254,0,50666664.0,0.0,0.009,0.0,Attack
2e-06,udp,dns,INT,2,0,114,0,500000.0013,254,0,228000000.0,0.0,0.002,0.0,Attack
2e-06,udp,dns,INT,2,0,114,0,500000.0013,254,0,228000000.0,0.0,0.002,0.0,Attack
0.001001,udp,dns,CON,2,2,146,178,2997.002832,31,29,583416.5625,711288.6875,0.009,0.006,Normal
0.007676,tcp,ftp-data,FIN,8,12,424,8824,2475.247597,31,29,386659.7188,8430433.0,1.05,0.651727,Normal
5e-06,udp,dns,INT,2,0,114,0,200000.0051,254,0,91200000.0,0.0,0.005,0.0,Attack
0.098934,tcp,-,FIN,74,72,4342,63514,1465.623514,31,29,346412.75,5064548.0,1.350945,1.406429,Normal
4e-06,i-nlsp,-,INT,2,0,200,0,250000.0006,254,0,200000000.0,0.0,0.004,0.0,Attack
8e-06,udp,dns,INT,2,0,114,0,125000.0003,254,0,57000000.0,0.0,0.008,0.0,Attack
8e-06,unas,-,INT,2,0,200,0,125000.0003,254,0,100000000.0,0.0,0.008,0.0,Attack
0.000939,udp,dns,CON,2,2,146,178,3194.888211,31,29,621938.25,758253.5,0.003,0.005,Normal
0.001083,udp,dns,CON,2,2,146,178,2770.083151,31,29,539242.875,657433.0625,0.008,0.007,Normal
8e-06,udp,dns,INT,2,0,114,0,125000.0003,254,0,57000000.0,0.0,0.008,0.0,Attack
3e-06,udp,dns,INT,2,0,114,0,333333.3215,254,0,152000000.0,0.0,0.003,0.0,Attack
8e-06,crudp,-,INT,2,0,200,0,125000.0003,254,0,100000000.0,0.0,0.008,0.0,Attack
9e-06,udp,dns,INT,2,0,114,0,111111.1072,254,0,50666664.0,0.0,0.009,0.0,Attack
1.006313,ospf,-,INT,42,0,1890,0,40.742792,254,0,14667.40527,0.0,24.544219,0.0,Attack
1.143357,tcp,-,FIN,60,16,68181,698,65.596308,254,252,469109.8125,4582.995117,18.902797,70.872602,Attack
8e-06,udp,dns,INT,2,0,114,0,125000.0003,254,0,57000000.0,0.0,0.008,0.0,Attack
1.009986,tcp,-,FIN,60,14,68023,612,72.278227,254,252,529829.125,4506.993164,15.940593,67.942461,Normal
1e-05,udp,-,INT,2,0,1064,0,100000.0025,254,0,425600000.0,0.0,0.01,0.0,Normal
5e-06,udp,dns,INT,2,0,114,0,200000.0051,254,0,91200000.0,0.0,0.005,0.0,Attack
3e-06,udp,dns,INT,2,0,114,0,333333.3215,254,0,152000000.0,0.0,0.003,0.0,Attack
0.667458,tcp,-,FIN,10,8,564,354,25.469767,254,252,6088.772461,3715.5896,74.162,94.356141,Attack
0.000952,udp,dns,CON,2,2,146,178,3151.260593,31,29,613445.375,747899.1875,0.009,0.004,Normal
0.023986,tcp,-,FIN,60,62,3598,48710,5044.609236,31,29,1180355.125,15984324.0,0.401169,0.383475,Normal
15.460667,tcp,-,FIN,272,510,15532,641784,50.515286,31,29,8007.416504,331435.125,57.049115,30.3737,Normal
5e-06,udp,dns,INT,2,0,114,0,200000.0051,254,0,91200000.0,0.0,0.005,0.0,Attack
3e-06,udp,dns,INT,2,0,114,0,333333.3215,254,0,152000000.0,0.0,0.003,0.0,Attack
9e-06,unas,-,INT,2,0,200,0,111111.1072,254,0,88888888.0,0.0,0.009,0.0,Attack
0.948297,tcp,-,FIN,12,8,2692,466,20.035917,254,252,20820.48047,3441.959473,77.968638,121.232141,Attack
0.018322,tcp,-,FIN,16,18,1540,1644,1801.113388,31,29,630498.875,678091.875,1.200133,1.051,Normal
6e-06,udp,-,INT,2,0,104,0,166666.6608,254,0,69333328.0,0.0,0.006,0.0,Attack
0.520904,tcp,-,FIN,10,8,2516,354,32.635572,254,252,34785.67969,4760.954102,56.729444,72.867141,Attack
6e-06,udp,dns,INT,2,0,114,0,166666.6608,254,0,76000000.0,0.0,0.006,0.0,Attack
0.002755,tcp,ftp-data,FIN,6,8,320,1930,4718.693245,31,29,775317.625,4904537.0,0.4876,0.325,Normal
3e-06,udp,dns,INT,2,0,114,0,333333.3215,254,0,152000000.0,0.0,0.003,0.0,Attack
0.0,arp,-,INT,1,0,46,0,0.0,0,0,0.0,0.0,60000.792,0.0,Normal
9e-06,udp,dns,INT,2,0,114,0,111111.1072,254,0,50666664.0,0.0,0.009,0.0,Attack
2.41912,tcp,-,FIN,10,6,1426,268,6.200602,254,252,4246.171875,740.765198,261.439,467.798187,Attack
1.206137,tcp,-,FIN,10,6,534,268,12.436399,254,252,3190.35083,1485.735107,132.217444,218.590594,Normal
5e-06,udp,dns,INT,2,0,114,0,200000.0051,254,0,91200000.0,0.0,0.005,0.0,Attack
3e-06,udp,dns,INT,2,0,114,0,333333.3215,254,0,152000000.0,0.0,0.003,0.0,Attack
0.142414,tcp,-,CON,6,2,986,86,49.15247,62,252,46175.23438,2415.492676,28.4828,0.007,Normal
0.355079,tcp,-,FIN,10,6,534,268,42.244121,254,252,10837.02539,5046.76416,37.039444,60.076199,Normal
0.875033,tcp,ssh,FIN,32,26,3728,5578,65.140399,31,29,33022.75391,49040.43359,28.226871,34.956801,Normal
1.838709,tcp,-,FIN,10,8,534,354,9.245617,254,252,2092.772705,1348.772461,204.200333,252.681578,Attack
0.804341,tcp,http,FIN,10,6,2550,268,18.648806,254,252,22826.13867,2227.910645,82.988222,146.086594,Attack
0.711533,tcp,-,FIN,12,8,2018,724,26.702907,254,252,20800.16016,7128.270996,64.684821,79.410289,Attack
4e-06,udp,-,INT,2,0,168,0,250000.0006,254,0,168000000.0,0.0,0.004,0.0,Attack
0.047486,tcp,ftp-data,FIN,6,8,320,1862,273.7649,31,29,44981.67969,274607.25,9.4342,6.705857,Normal
8e-06,udp,dns,INT,2,0,114,0,125000.0003,254,0,57000000.0,0.0,0.008,0.0,Attack
4.578811,tcp,smtp,FIN,280,60,360959,3354,74.036685,62,252,628407.6875,5763.941406,16.411509,75.138422,Attack
7e-06,udp,dns,INT,2,0,114,0,142857.1409,254,0,65142856.0,0.0,0.007,0.0,Attack
7e-06,vmtp,-,INT,2,0,200,0,142857.1409,254,0,114285712.0,0.0,0.007,0.0,Attack
1e-05,udp,-,INT,2,0,1064,0,100000.0025,254,0,425600000.0,0.0,0.01,0.0,Attack
0.035858,tcp,-,FIN,78,80,4550,72810,4378.381203,31,29,1002175.188,16041050.0,0.467579,0.446076,Normal
2.080533,tcp,http,FIN,10,8,694,354,8.170983,254,252,2403.230225,1192.002197,226.727222,283.320438,Attack
3.527888,tcp,-,FIN,30,42,2302,34406,20.125355,31,29,5047.779297,76163.41406,121.623141,88.184748,Normal
0.0,arp,-,INT,1,0,46,0,0.0,0,0,0.0,0.0,60000.736,0.0,Normal
2.91733,tcp,-,FIN,166,32,208647,1386,67.527499,254,252,568714.5625,3682.81958,17.20054,91.17232,Attack
1e-05,udp,-,INT,2,0,104,0,100000.0025,254,0,41600000.0,0.0,0.01,0.0,Normal
12.52297,tcp,-,REQ,4,0,180,0,0.23956,254,0,86.241524,0.0,4174.32325,0.0,Normal
9e-06,unas,-,INT,2,0,200,0,111111.1072,254,0,88888888.0,0.0,0.009,0.0,Attack
0.000989,udp,dns,CON,2,2,130,162,3033.367149,31,29,525783.625,655207.3125,0.004,0.004,Normal
0.415802,tcp,-,FIN,10,6,934,268,36.074862,254,252,16180.77832,4309.743652,46.187444,68.935797,Normal
0.03523,tcp,-,FIN,28,42,2198,34406,1958.558071,31,29,481407.9063,7626909.0,1.341962,0.847366,Normal
9e-06,unas,-,INT,2,0,200,0,111111.1072,254,0,88888888.0,0.0,0.009,0.0,Attack
9e-06,udp,dns,INT,2,0,114,0,111111.1072,254,0,50666664.0,0.0,0.009,0.0,Attack
1.729511,tcp,-,FIN,10,8,534,354,9.829368,254,252,2224.90625,1433.931274,192.167889,239.006281,Normal
1.152385,tcp,http,FIN,14,18,1684,10168,26.900732,31,29,10857.48242,66672.16406,88.618695,67.754765,Normal
1.286197,tcp,-,FIN,10,8,564,354,13.21726,254,252,3159.702637,1928.165039,142.910778,166.145281,Attack
8e-06,udp,dns,INT,2,0,114,0,125000.0003,254,0,57000000.0,0.0,0.008,0.0,Attack
0.090882,tcp,-,FIN,72,74,4238,63516,1595.475394,31,29,367949.625,5515547.5,1.293929,1.237644,Normal
0.969633,tcp,-,FIN,10,8,646,354,17.532407,254,252,4801.816895,2557.668701,104.925111,131.797719,Attack
6e-06,udp,dns,INT,2,0,114,0,166666.6608,254,0,76000000.0,0.0,0.006,0.0,Attack
3.322463,tcp,pop3,FIN,22,20,1044,2932,12.340243,62,252,2400.628662,6708.276367,158.212521,168.249375,Attack
0.645141,tcp,-,FIN,14,10,774,556,35.651121,254,252,8915.879883,6212.595215,52.783502,66.815219,Attack
0.050868,tcp,-,FIN,72,74,4238,63516,2850.515012,31,29,657387.75,9854211.0,0.712,0.698569,Normal
7.254259,tcp,ftp,FIN,24,24,1272,1736,6.478952,62,252,1344.313721,1835.059937,315.402554,311.424,Attack
0.688793,tcp,http,FIN,10,8,826,1162,24.680855,62,252,8641.203125,11811.9668,76.532556,81.09943,Normal
0.011883,tcp,-,FIN,38,40,2438,19266,6479.845205,31,29,1598249.625,12646638.0,0.308838,0.297553,Normal
9e-06,udp,dns,INT,2,0,114,0,111111.1072,254,0,50666664.0,0.0,0.009,0.0,Attack
0.708868,tcp,-,FIN,10,6,718,268,21.160497,254,252,7301.782227,2527.974121,73.927222,103.027797,Attack
1.418451,tcp,http,FIN,10,8,740,354,11.984905,254,252,3756.210205,1748.386108,157.605667,187.312578,Attack
0.521275,tcp,-,FIN,12,8,1550,732,36.449092,254,252,21808.06836,9837.417969,45.302635,68.08657,Attack
0.001078,udp,dns,CON,2,2,146,178,2782.931502,31,29,541744.0,660482.4375,0.01,0.006,Normal
1e-05,unas,-,INT,2,0,200,0,100000.0025,254,0,80000000.0,0.0,0.01,0.0,Attack
9e-06,udp,dns,INT,2,0,114,0,111111.1072,254,0,50666664.0,0.0,0.009,0.0,Attack
0.224348,tcp,http,FIN,10,6,830,268,66.860415,254,252,26637.18945,7987.59082,22.280556,42.318801,Attack
1.157706,tcp,-,FIN,10,8,564,354,14.684211,254,252,3510.390381,2142.167236,126.797556,160.822141,Attack
0.806391,tcp,-,FIN,10,8,2516,354,21.081584,254,252,22470.48828,3075.431152,86.621333,97.963711,Normal
12.364369,tcp,-,FIN,16,18,1272,2572,2.668959,31,29,771.895386,1572.259766,824.268383,727.275688,Normal
0.36247,tcp,-,FIN,10,6,1460,268,41.382735,254,252,29001.02148,4943.857422,39.006889,67.160398,Normal
3e-06,unas,-,INT,2,0,200,0,333333.3215,254,0,266666656.0,0.0,0.003,0.0,Attack
0.017896,tcp,-,FIN,48,50,2958,32642,5420.205543,31,29,1295038.0,14300402.0,0.374085,0.354612,Normal
0.015247,tcp,-,FIN,38,40,2438,19266,5050.173678,31,29,1245622.0,9856365.0,0.403514,0.386289,Normal
9e-06,unas,-,INT,2,0,200,0,111111.1072,254,0,88888888.0,0.0,0.009,0.0,Attack
3e-06,udp,-,INT,2,0,168,0,333333.3215,254,0,224000000.0,0.0,0.003,0.0,Attack
0.948423,tcp,-,FIN,10,8,564,354,17.924491,254,252,4285.007812,2614.866943,105.344111,128.080711,Attack
0.688233,tcp,smtp,FIN,54,42,37938,3380,138.034645,31,29,432830.1563,38359.10156,12.979057,16.773732,Normal
0.001064,udp,dns,CON,2,2,146,178,2819.548997,31,29,548872.1875,669172.9375,0.009,0.007,Normal
6.249106,tcp,-,FIN,438,858,24640,1094788,207.229644,31,29,31472.02148,1399896.875,14.299282,7.299821,Normal
0.568348,tcp,-,FIN,12,8,2024,718,33.430223,254,252,26124.83984,8853.730469,49.71409,74.51057,Attack
0.007128,tcp,-,FIN,22,26,1920,4416,6593.715118,31,29,2057239.125,4766554.5,0.280048,0.26416,Normal
0.001021,udp,dns,CON,2,2,130,162,2938.295862,31,29,509304.625,634671.875,0.001,0.008,Normal
0.035878,tcp,-,FIN,122,126,7818,15180,6884.441927,31,29,1728970.5,3358046.75,0.297479,0.282864,Normal
7.6e-05,udp,-,INT,2,0,503,0,13157.89532,64,0,26526316.0,0.0,0.076,0.0,Normal
9e-06,udp,dns,INT,2,0,114,0,111111.1072,254,0,50666664.0,0.0,0.009,0.0,Attack
0.520594,tcp,-,FIN,10,6,2516,268,28.81324,254,252,34806.39453,3442.22168,56.065111,85.999,Normal
9e-06,unas,-,INT,2,0,200,0,111111.1072,254,0,88888888.0,0.0,0.009,0.0,Attack
0.147375,tcp,ftp-data,FIN,6,8,320,1888,88.210346,31,29,14493.63867,89675.99219,29.4138,20.988,Normal
0.0,arp,-,INT,1,0,46,0,0.0,0,0,0.0,0.0,60000.648,0.0,Normal
9e-06,unas,-,INT,2,0,200,0,111111.1072,254,0,88888888.0,0.0,0.009,0.0,Attack
5e-06,udp,dns,INT,2,0,114,0,200000.0051,254,0,91200000.0,0.0,0.005,0.0,Attack
1e-05,scps,-,INT,2,0,200,0,100000.0025,254,0,80000000.0,0.0,0.01,0.0,Attack
0.018489,tcp,-,FIN,16,18,1540,1644,1784.845095,31,29,624803.9375,671967.125,1.211933,1.060706,Normal
9e-06,gre,-,INT,2,0,200,0,111111.1072,254,0,88888888.0,0.0,0.009,0.0,Attack
0.17877,tcp,-,FIN,84,86,4862,75600,945.348742,31,29,215024.8906,3343782.5,2.150205,2.09153,Normal
3e-06,udp,dns,INT,2,0,114,0,333333.3215,254,0,152000000.0,0.0,0.003,0.0,Attack
0.048914,tcp,ftp-data,FIN,10,12,528,8824,429.324934,31,29,77850.92188,1322975.0,5.387889,4.8361,Normal
0.001133,udp,dns,CON,2,2,132,164,2647.83757,31,29,466019.4063,578993.8125,0.001,0.006,Normal
3e-06,udp,dns,INT,2,0,114,0,333333.3215,254,0,152000000.0,0.0,0.003,0.0,Attack
3e-06,udp,dns,INT,2,0,114,0,333333.3215,254,0,152000000.0,0.0,0.003,0.0,Attack
6e-06,udp,-,INT,2,0,232,0,166666.6608,254,0,154666656.0,0.0,0.006,0.0,Attack
0.01823,tcp,-,FIN,16,18,1540,1644,1810.202911,31,29,633680.75,681514.0,1.194933,1.045765,Normal
0.528582,tcp,http,FIN,10,8,852,1496,32.16152,62,252,11608.41699,19811.49609,58.731333,65.735859,Attack
0.191488,tcp,http,FIN,10,6,768,268,78.333891,254,252,28910.42773,9358.289062,19.692222,36.494,Attack
7e-06,udp,dns,INT,2,0,114,0,142857.1409,254,0,65142856.0,0.0,0.007,0.0,Attack
3e-06,udp,dns,INT,2,0,114,0,333333.3215,254,0,152000000.0,0.0,0.003,0.0,Attack
0.804927,tcp,-,FIN,10,6,676,268,18.63523,254,252,6052.722656,2226.288818,86.551111,148.717,Attack
9e-06,tcp,-,REQ,2,0,90,0,111111.1072,254,0,40000000.0,0.0,0.009,0.0,Normal
9e-06,udp,dns,INT,2,0,114,0,111111.1072,254,0,50666664.0,0.0,0.009,0.0,Attack
0.299048,udp,-,CON,4,4,568,312,23.407613,31,29,11396.16406,6259.864258,86.331336,82.230336,Normal
6e-06,udp,dns,INT,2,0,114,0,166666.6608,254,0,76000000.0,0.0,0.006,0.0,Attack
0.016862,tcp,-,FIN,48,50,2958,32642,5752.579967,31,29,1374451.5,15177322.0,0.359826,0.347362,Normal
9e-06,bna,-,INT,2,0,200,0,111111.1072,254,0,88888888.0,0.0,0.009,0.0,Attack
3e-06,udp,dns,INT,2,0,114,0,333333.3215,254,0,152000000.0,0.0,0.003,0.0,Attack
9e-06,udp,dns,INT,2,0,114,0,111111.1072,254,0,50666664.0,0.0,0.009,0.0,Attack
8e-06,udp,dns,INT,2,0,114,0,125000.0003,254,0,57000000.0,0.0,0.008,0.0,Attack
1.1e-05,sctp,-,INT,2,0,1256,0,90909.0902,254,0,456727264.0,0.0,0.011,0.0,Attack
5e-06,udp,dns,INT,2,0,114,0,200000.0051,254,0,91200000.0,0.0,0.005,0.0,Attack
6e-06,unas,-,INT,2,0,200,0,166666.6608,254,0,133333328.0,0.0,0.006,0.0,Attack
0.043992,tcp,-,FIN,90,92,5174,83812,4114.384287,31,29,930532.8125,15075650.0,0.496318,0.488933,Normal
9e-06,vmtp,-,INT,2,0,200,0,111111.1072,254,0,88888888.0,0.0,0.009,0.0,Attack
9e-06,udp,dns,INT,2,0,114,0,111111.1072,254,0,50666664.0,0.0,0.009,0.0,Attack
7e-06,sctp,-,INT,2,0,78,0,142857.1409,254,0,44571428.0,0.0,0.007,0.0,Attack
0.004694,udp,-,CON,4,4,568,304,1491.265481,31,29,726033.25,388581.1875,1.265333,1.054667,Normal
1.965955,tcp,smtp,FIN,52,24,42298,1942,38.149398,62,252,168813.625,7576.979004,38.548138,82.334219,Attack
8e-06,udp,-,INT,2,0,104,0,125000.0003,254,0,52000000.0,0.0,0.008,0.0,Normal
9e-06,udp,-,INT,2,0,304,0,111111.1072,254,0,135111104.0,0.0,0.009,0.0,Attack
5e-06,udp,dns,INT,2,0,114,0,200000.0051,254,0,91200000.0,0.0,0.005,0.0,Attack
0.001034,udp,dns,CON,2,2,146,178,2901.354085,31,29,564796.9375,688588.0625,0.008,0.009,Normal
1.005915,tcp,http,FIN,12,18,1580,10168,28.829472,31,29,11523.83594,76380.21094,91.416003,59.139061,Normal
1.081025,tcp,-,FIN,10,8,564,354,15.725816,254,252,3759.39502,2294.118896,115.417111,148.016719,Attack
4e-06,zero,-,INT,2,0,200,0,250000.0006,254,0,200000000.0,0.0,0.004,0.0,Attack
9e-06,udp,dns,INT,2,0,114,0,111111.1072,254,0,50666664.0,0.0,0.009,0.0,Attack
12.222439,tcp,-,REQ,4,0,180,0,0.24545,254,0,88.362068,0.0,4074.14625,0.0,Normal
0.269572,tcp,http,FIN,10,6,996,268,55.643763,254,252,26619.97656,6647.574707,25.692,45.970199,Attack
9e-06,pup,-,INT,2,0,180,0,111111.1072,254,0,80000000.0,0.0,0.009,0.0,Attack
5e-06,udp,dns,INT,2,0,114,0,200000.0051,254,0,91200000.0,0.0,0.005,0.0,Attack
1.108256,tcp,ftp-data,FIN,10,10,450,3754,17.144054,62,252,2923.512207,24391.47656,123.048222,116.806444,Attack
0.000944,udp,dns,CON,2,2,146,178,3177.966006,31,29,618644.0625,754237.25,0.001,0.006,Normal
9e-06,udp,dns,INT,2,0,114,0,111111.1072,254,0,50666664.0,0.0,0.009,0.0,Attack
0.498608,tcp,-,FIN,10,6,526,268,30.083754,254,252,7605.172852,3594.005859,51.864778,89.572203,Attack
0.613482,tcp,-,FIN,22,10,17778,852,50.53123,254,252,221294.1875,10001.92383,29.213428,61.961891,Attack
3e-06,udp,dns,INT,2,0,114,0,333333.3215,254,0,152000000.0,0.0,0.003,0.0,Attack
1.041211,tcp,http,FIN,14,18,1684,10168,29.773024,31,29,12016.77637,73791.0,80.066387,61.214706,Normal
8e-06,sep,-,INT,2,0,104,0,125000.0003,254,0,52000000.0,0.0,0.008,0.0,Attack
0.328079,tcp,-,FIN,10,6,566,268,45.720697,254,252,12436.0293,5462.099121,34.523889,44.207,Attack
0.013246,tcp,-,FIN,16,18,1540,1644,2491.318169,31,29,872112.375,937943.5625,0.862267,0.752294,Normal
8e-06,udp,dns,INT,2,0,114,0,125000.0003,254,0,57000000.0,0.0,0.008,0.0,Attack
0.518648,tcp,http,FIN,10,8,868,1100,32.777527,62,252,12062.12988,14854.00391,57.627556,71.00957,Normal
0.065171,tcp,-,FIN,84,86,4862,75600,2593.177814,31,29,589832.875,9172300.0,0.780928,0.770119,Normal
3e-06,swipe,-,INT,2,0,200,0,333333.3215,254,0,266666656.0,0.0,0.003,0.0,Attack
3.731134,tcp,smtp,FIN,34,24,25018,1860,15.276857,62,252,52065.67188,3822.966553,112.287059,159.691047,Attack
9e-06,udp,dns,INT,2,0,114,0,111111.1072,254,0,50666664.0,0.0,0.009,0.0,Attack
9e-06,udp,dns,INT,2,0,114,0,111111.1072,254,0,50666664.0,0.0,0.009,0.0,Attack
8e-06,udp,dns,INT,2,0,114,0,125000.0003,254,0,57000000.0,0.0,0.008,0.0,Attack
0.268116,tcp,http,FIN,24,8,22608,354,115.621598,254,252,646466.4375,9249.727539,10.973913,35.267285,Attack
3e-06,udp,dns,INT,2,0,114,0,333333.3215,254,0,152000000.0,0.0,0.003,0.0,Attack
1.781173,tcp,-,FIN,28,82,1446,87308,61.195628,62,252,6265.53418,387358.2188,65.957293,21.372371,Attack
3e-06,udp,dns,INT,2,0,114,0,333333.3215,254,0,152000000.0,0.0,0.003,0.0,Attack
8e-06,udp,dns,INT,2,0,114,0,125000.0003,254,0,57000000.0,0.0,0.008,0.0,Attack
5e-06,udp,dns,INT,2,0,114,0,200000.0051,254,0,91200000.0,0.0,0.005,0.0,Attack
5e-06,udp,-,INT,2,0,2094,0,200000.0051,254,0,1675200000.0,0.0,0.005,0.0,Normal
4.052111,tcp,-,FIN,174,192,13776,45624,90.076502,31,29,27041.70703,89606.625,23.556796,21.323752,Normal
1.626895,tcp,http,FIN,14,18,1684,10168,19.054703,31,29,7690.724121,47226.16016,125.114615,95.670353,Normal
9e-06,udp,dns,INT,2,0,114,0,111111.1072,254,0,50666664.0,0.0,0.009,0.0,Attack
0.281345,tcp,ftp-data,FIN,14,6,8928,320,67.532742,31,29,235753.25,7592.102051,21.641924,56.152,Normal
0.60739,tcp,-,FIN,10,6,534,268,24.69583,254,252,6335.303711,2950.328613,67.487778,101.903797,Normal
3e-06,unas,-,INT,2,0,200,0,333333.3215,254,0,266666656.0,0.0,0.003,0.0,Attack
0.851873,tcp,-,FIN,12,10,1064,820,24.651562,254,252,9165.685547,6930.61084,77.394271,79.075891,Attack
0.268112,tcp,http,FIN,10,8,850,1860,63.406337,62,252,22826.28125,48576.71484,29.790222,33.186715,Attack
8e-06,udp,-,INT,2,0,168,0,125000.0003,254,0,84000000.0,0.0,0.008,0.0,Attack
0.429785,tcp,-,FIN,10,6,490,268,34.90117,254,252,8208.754883,4169.526367,47.641667,71.682398,Normal
3e-06,unas,-,INT,2,0,200,0,333333.3215,254,0,266666656.0,0.0,0.003,0.0,Attack
6e-06,udp,dns,INT,2,0,114,0,166666.6608,254,0,76000000.0,0.0,0.006,0.0,Attack
3e-06,udp,dns,INT,2,0,114,0,333333.3215,254,0,152000000.0,0.0,0.003,0.0,Attack
9e-06,udp,dns,INT,2,0,114,0,111111.1072,254,0,50666664.0,0.0,0.009,0.0,Attack
0.685673,tcp,http,FIN,10,12,768,4314,30.626844,62,252,8073.819336,46144.44531,76.185889,49.870637,Attack
9e-06,unas,-,INT,2,0,200,0,111111.1072,254,0,88888888.0,0.0,0.009,0.0,Attack
9e-06,udp,dns,INT,2,0,114,0,111111.1072,254,0,50666664.0,0.0,0.009,0.0,Attack
0.286221,tcp,-,FIN,8,8,434,412,52.407057,254,252,10621.16309,10090.10547,52.895125,43.02825,Normal
1.139842,tcp,smtp,FIN,52,42,37492,3380,81.590253,31,29,258077.8594,23161.10352,22.790019,27.788781,Normal
1.512225,mux,-,INT,4,0,400,0,1.983832,254,0,1587.06543,0.0,504.075,0.0,Attack
0.743742,tcp,-,FIN,10,8,564,354,22.857389,254,252,5464.260742,3334.489746,82.638,92.948289,Attack
8e-06,udp,-,INT,2,0,168,0,125000.0003,254,0,84000000.0,0.0,0.008,0.0,Attack
5e-06,udp,dns,INT,2,0,114,0,200000.0051,254,0,91200000.0,0.0,0.005,0.0,Attack
0.235361,tcp,ftp-data,FIN,6,8,320,1862,55.234301,31,29,9075.420898,55404.25391,47.0104,33.53543,Normal
1.064705,tcp,http,FIN,12,18,1580,10168,27.237591,31,29,10887.52246,72162.71094,96.750815,62.599176,Normal
9e-06,udp,dns,INT,2,0,114,0,111111.1072,254,0,50666664.0,0.0,0.009,0.0,Attack
3e-06,udp,dns,INT,2,0,114,0,333333.3215,254,0,152000000.0,0.0,0.003,0.0,Attack
0.040726,tcp,-,FIN,30,42,2302,34406,1743.358112,31,29,437263.6875,6597653.0,1.443179,0.981927,Normal
9e-06,udp,dns,INT,2,0,114,0,111111.1072,254,0,50666664.0,0.0,0.009,0.0,Attack
8.830426,tcp,-,FIN,10,8,924,354,1.925162,254,252,753.757507,280.847137,981.048889,1237.775,Normal
9e-06,udp,-,INT,2,0,168,0,111111.1072,254,0,74666664.0,0.0,0.009,0.0,Attack
0.001064,udp,dns,CON,2,2,130,162,2819.548997,31,29,488721.8125,609022.5625,0.009,0.007,Normal
7e-06,unas,-,INT,2,0,200,0,142857.1409,254,0,114285712.0,0.0,0.007,0.0,Attack
4e-06,udp,dns,INT,2,0,114,0,250000.0006,254,0,114000000.0,0.0,0.004,0.0,Attack
1.333758,tcp,http,FIN,366,746,19514,1087890,832.984697,31,29,116728.8203,6516516.5,3.663267,1.789572,Normal
9e-06,unas,-,INT,2,0,200,0,111111.1072,254,0,88888888.0,0.0,0.009,0.0,Attack
0.448002,tcp,-,FIN,24,26,2062,2412,109.374509,31,29,35303.41406,41428.38672,19.462696,17.89592,Normal
0.38643,tcp,-,FIN,28,30,4616,3080,147.504078,31,29,92166.75781,61651.52734,14.292074,13.306759,Normal
9e-06,iso-ip,-,INT,2,0,200,0,111111.1072,254,0,88888888.0,0.0,0.009,0.0,Attack
3e-06,udp,dns,INT,2,0,114,0,333333.3215,254,0,152000000.0,0.0,0.003,0.0,Attack
9e-06,udp,-,INT,2,0,416,0,111111.1072,254,0,184888880.0,0.0,0.009,0.0,Attack
0.869356,tcp,-,FIN,12,8,3052,752,21.855259,254,252,25747.79492,6055.057129,75.860543,112.405,Attack
7e-06,unas,-,INT,2,0,200,0,142857.1409,254,0,114285712.0,0.0,0.007,0.0,Attack
9e-06,udp,dns,INT,2,0,114,0,111111.1072,254,0,50666664.0,0.0,0.009,0.0,Attack
5e-06,udp,-,INT,2,0,168,0,200000.0051,254,0,134400000.0,0.0,0.005,0.0,Attack
2e-06,udp,dns,INT,2,0,114,0,500000.0013,254,0,228000000.0,0.0,0.002,0.0,Attack
0.0,arp,-,INT,1,0,46,0,0.0,0,0,0.0,0.0,60000.976,0.0,Normal
0.004674,udp,-,CON,4,4,568,320,1497.646491,31,29,729139.875,410783.0313,1.205333,1.064,Normal
0.448432,tcp,-,FIN,10,8,926,354,37.909873,254,252,14878.50977,5530.381348,48.704333,56.508715,Attack
3e-06,nsfnet-igp,-,INT,2,0,200,0,333333.3215,254,0,266666656.0,0.0,0.003,0.0,Attack
6e-06,gre,-,INT,2,0,156,0,166666.6608,254,0,104000000.0,0.0,0.006,0.0,Attack
0.798891,tcp,pop3,FIN,22,32,1046,19212,66.341966,62,252,10003.86816,186378.3594,38.042429,25.256355,Attack
0.003916,tcp,http,FIN,8,10,1032,822,4341.164436,31,29,1844739.5,1511746.625,0.511286,0.376778,Normal
0.214104,tcp,-,FIN,10,6,2612,268,70.059411,254,252,87845.16406,8369.764648,23.789333,41.311,Attack
1.117018,tcp,http,FIN,14,18,1684,10168,27.752463,31,29,11201.25195,68783.13281,85.89631,65.677294,Normal
0.030953,tcp,-,FIN,72,74,4238,63516,4684.52179,31,29,1080347.625,16194360.0,0.437629,0.422167,Normal
0.914897,tcp,-,FIN,10,10,608,646,20.767365,254,252,4791.795898,5089.097168,101.655222,88.696109,Attack
0.006531,udp,-,CON,4,4,568,320,1071.811339,31,29,521819.0,293982.5313,1.846333,1.389333,Normal
9e-06,udp,dns,INT,2,0,114,0,111111.1072,254,0,50666664.0,0.0,0.009,0.0,Attack
1.16711,tcp,ftp,FIN,22,22,1202,1634,36.843144,62,252,7869.009766,10693.08008,55.576665,54.909382,Attack
0.748712,tcp,-,FIN,122,126,7814,14990,329.89988,31,29,82808.875,158907.5625,6.342229,5.985448,Normal
0.494826,tcp,http,FIN,10,6,1390,268,30.313687,254,252,20225.29102,3621.475098,48.270111,77.830203,Attack
5e-06,udp,-,INT,2,0,168,0,200000.0051,254,0,134400000.0,0.0,0.005,0.0,Attack
0.001071,udp,dns,CON,2,2,146,178,2801.120432,31,29,545284.75,664799.25,0.008,0.007,Normal
8e-06,sat-mon,-,INT,2,0,200,0,125000.0003,254,0,100000000.0,0.0,0.008,0.0,Attack
3e-06,udp,dns,INT,2,0,114,0,333333.3215,254,0,152000000.0,0.0,0.003,0.0,Attack
3e-06,udp,dns,INT,2,0,114,0,333333.3215,254,0,152000000.0,0.0,0.003,0.0,Attack
0.889038,tcp,-,FIN,22,56,1204,54114,86.610469,62,252,10348.26367,478251.75,42.335143,15.798764,Attack
0.066636,tcp,-,FIN,48,50,2958,32642,1455.66953,31,29,347799.9688,3840566.5,1.441717,1.213102,Normal
0.222234,tcp,http,FIN,10,8,796,1204,76.495947,62,252,25810.63281,37941.98828,24.692667,29.126572,Attack
0.549341,tcp,-,FIN,10,6,2516,268,27.305443,254,252,32984.97656,3262.090332,53.903667,91.889602,Normal
3e-06,tp++,-,INT,2,0,200,0,333333.3215,254,0,266666656.0,0.0,0.003,0.0,Attack
0.0,arp,-,INT,1,0,46,0,0.0,0,0,0.0,0.0,60000.56,0.0,Normal
9e-06,udp,dns,INT,2,0,114,0,111111.1072,254,0,50666664.0,0.0,0.009,0.0,Attack
9e-06,udp,dns,INT,2,0,114,0,111111.1072,254,0,50666664.0,0.0,0.009,0.0,Attack
0.194249,tcp,http,FIN,10,6,1308,268,77.220473,254,252,48515.05078,9225.272461,20.489667,35.168199,Attack
9e-06,udp,dns,INT,2,0,114,0,111111.1072,254,0,50666664.0,0.0,0.009,0.0,Attack
0.001016,udp,dns,CON,2,2,146,178,2952.755752,31,29,574803.125,700787.375,0.009,0.006,Normal
0.001113,udp,dns,CON,2,2,132,164,2695.417846,31,29,474393.5313,589398.0625,0.009,0.006,Normal
9e-06,unas,-,INT,2,0,200,0,111111.1072,254,0,88888888.0,0.0,0.009,0.0,Attack
0.934941,tcp,-,FIN,12,10,1040,800,22.461311,254,252,8163.082031,6160.816406,84.879543,96.778445,Attack
1e-06,udp,dns,INT,2,0,114,0,1000000.003,254,0,456000000.0,0.0,0.001,0.0,Attack
8.781379,tcp,smtp,FIN,242,58,304129,3378,34.049323,62,252,275922.9688,3024.582031,36.434257,151.326437,Attack
0.573345,tcp,-,FIN,12,8,996,714,33.13886,254,252,12739.27539,8720.75293,49.635092,70.94657,Attack
8e-06,udp,dns,INT,2,0,114,0,125000.0003,254,0,57000000.0,0.0,0.008,0.0,Attack
1e-06,unas,-,INT,2,0,200,0,1000000.003,254,0,800000000.0,0.0,0.001,0.0,Attack
4e-06,udp,-,INT,2,0,168,0,250000.0006,254,0,168000000.0,0.0,0.004,0.0,Attack
2.347377,tcp,-,CON,6,2,978,86,2.982052,62,252,2777.568359,146.546539,469.4754,0.001,Normal
0.0,arp,-,INT,1,0,46,0,0.0,0,0,0.0,0.0,60000.528,0.0,Normal
0.004301,tcp,ftp-data,FIN,14,6,8928,320,4417.577389,31,29,15421530.0,496628.6875,0.330846,0.7356,Normal
0.903468,tcp,-,FIN,10,10,640,958,21.030075,254,252,5100.34668,7641.665039,100.373778,93.231336,Attack
0.986898,tcp,http,FIN,10,8,896,354,17.225691,254,252,6541.709473,2512.924316,104.586444,129.872859,Attack
0.00112,udp,dns,CON,2,2,146,178,2678.571357,31,29,521428.5625,635714.25,0.008,0.008,Normal
9e-06,unas,-,INT,2,0,200,0,111111.1072,254,0,88888888.0,0.0,0.009,0.0,Attack
0.868089,tcp,-,FIN,10,8,564,354,19.583245,254,252,4681.547363,2856.849854,96.454333,112.262859,Attack
0.01589,tcp,-,FIN,48,50,2974,30506,6104.46807,31,29,1466582.75,15051479.0,0.33837,0.312837,Normal
3e-06,unas,-,INT,2,0,200,0,333333.3215,254,0,266666656.0,0.0,0.003,0.0,Attack
9e-06,udp,-,INT,2,0,168,0,111111.1072,254,0,74666664.0,0.0,0.009,0.0,Attack
3e-06,udp,dns,INT,2,0,114,0,333333.3215,254,0,152000000.0,0.0,0.003,0.0,Attack
0.058956,tcp,-,FIN,68,70,4014,59460,2323.766839,31,29,536671.4375,7953185.5,0.88853,0.847507,Normal
0.158222,udp,-,CON,2,2,168,112,18.9607,254,60,4247.196777,2831.4646,0.004,0.007,Attack
9e-06,unas,-,INT,2,0,200,0,111111.1072,254,0,88888888.0,0.0,0.009,0.0,Attack
3e-06,wsn,-,INT,2,0,200,0,333333.3215,254,0,266666656.0,0.0,0.003,0.0,Attack
0.024904,tcp,smtp,FIN,52,40,37492,3276,3654.031533,31,29,11812079.0,1026341.188,0.48866,0.624538,Normal
1.285237,tcp,http,FIN,14,16,1524,10276,22.563933,62,252,8813.938477,59967.15234,98.796231,80.976869,Attack
0.00569,tcp,-,FIN,22,24,2054,2478,7908.611572,31,29,2757117.75,3339191.5,0.254429,0.221348,Normal
1.410728,tcp,-,FIN,14,12,950,622,17.721347,254,252,5007.34375,3238.044434,103.980233,116.783273,Attack
0.016937,tcp,-,FIN,48,50,2958,33044,5727.106106,31,29,1368365.125,15296215.0,0.368644,0.33498,Normal
0.267499,tcp,ftp-data,FIN,14,6,8928,320,71.028303,31,29,247956.0625,7985.07666,20.576847,53.384,Normal
0.72415,tcp,-,FIN,14,6,7858,268,26.237658,254,252,80613.13281,2474.625488,54.700151,132.082406,Attack
0.020928,tcp,-,FIN,48,50,2974,30506,4634.939022,31,29,1113532.125,11428135.0,0.44837,0.42375,Normal
8e-06,ipcomp,-,INT,2,0,200,0,125000.0003,254,0,100000000.0,0.0,0.008,0.0,Attack
0.912638,tcp,http,FIN,10,6,774,268,16.43587,254,252,6109.760742,1963.538696,96.833889,147.943797,Attack
4.546167,tcp,-,FIN,250,48,334747,2074,65.329762,254,252,586707.875,3574.0,18.170318,93.965469,Attack
0.004428,udp,-,CON,4,4,568,312,1580.849074,31,29,769647.6875,422764.2188,1.181333,0.992,Normal
0.550116,tcp,-,CON,6,2,986,86,12.724589,62,252,11953.84277,625.322632,110.0232,0.002,Normal
3e-06,udp,dns,INT,2,0,114,0,333333.3215,254,0,152000000.0,0.0,0.003,0.0,Attack
0.40839,udp,-,CON,4,4,568,320,17.140479,31,29,8344.964844,4701.388672,131.003336,131.016664,Normal
3e-06,cftp,-,INT,2,0,200,0,333333.3215,254,0,266666656.0,0.0,0.003,0.0,Attack
0.640961,tcp,http,FIN,10,6,566,268,23.40236,254,252,6365.441895,2795.802002,68.527778,112.958203,Attack
0.206179,udp,-,CON,4,4,568,304,33.951082,31,29,16529.32617,8846.681641,63.683332,23.942334,Normal
0.986979,tcp,-,FIN,10,8,564,354,17.224277,254,252,4117.615234,2512.718018,105.420667,134.301141,Attack
0.006369,tcp,ssh,FIN,32,24,3728,5474,8635.578807,31,29,4536976.0,6589417.5,0.2123,0.244,Normal
9e-06,udp,dns,INT,2,0,114,0,111111.1072,254,0,50666664.0,0.0,0.009,0.0,Attack
9e-06,udp,dns,INT,2,0,114,0,111111.1072,254,0,50666664.0,0.0,0.009,0.0,Attack
1.570564,tcp,ftp,FIN,22,22,1178,1612,27.378699,62,252,5730.425293,7839.222168,74.788759,72.84667,Attack
0.001102,udp,dns,CON,2,2,146,178,2722.323026,31,29,529945.5625,646098.0,0.001,0.007,Normal
0.649819,tcp,http,FIN,10,8,816,1120,26.16113,62,252,9048.672852,12064.89746,72.202111,78.58343,Attack
0.049924,tcp,-,FIN,68,70,4014,59460,2744.17108,31,29,633763.3125,9392036.0,0.751591,0.726441,Normal
0.637296,tcp,http,FIN,10,8,862,2476,26.675202,62,252,9741.15625,27202.42969,70.810667,78.93957,Attack
1e-05,rsvp,-,INT,2,0,200,0,100000.0025,254,0,80000000.0,0.0,0.01,0.0,Attack
0.384254,tcp,http,FIN,10,10,816,4886,49.446459,62,252,15302.37793,91564.42969,48.031751,31.106222,Attack
0.964571,tcp,-,FIN,10,8,564,354,17.624415,254,252,4213.271973,2571.091309,107.174556,128.244,Attack
0.186027,udp,-,CON,4,4,536,304,37.628945,31,29,17287.8125,9805.02832,56.630668,47.343,Normal
0.724476,tcp,-,FIN,10,8,564,354,23.465236,254,252,5609.571777,3423.163818,78.787111,97.144289,Attack
1e-06,udp,dns,INT,2,0,156,0,1000000.003,60,0,624000000.0,0.0,0.001,0.0,Normal
11.619566,tcp,-,REQ,6,0,270,0,0.430309,254,0,154.911118,0.0,2323.91325,0.0,Normal
8e-06,crtp,-,INT,2,0,200,0,125000.0003,254,0,100000000.0,0.0,0.008,0.0,Attack
2e-06,udp,dns,INT,2,0,114,0,500000.0013,254,0,228000000.0,0.0,0.002,0.0,Attack
9e-06,tcp,-,REQ,2,0,90,0,111111.1072,254,0,40000000.0,0.0,0.009,0.0,Normal
0.001032,udp,dns,CON,2,2,146,178,2906.976908,31,29,565891.5,689922.5,0.01,0.007,Normal
0.440685,tcp,http,FIN,10,8,862,1132,38.576307,62,252,14087.15918,17990.17383,48.965,55.114,Normal
0.017909,tcp,-,FIN,16,18,1540,1644,1842.648979,31,29,645038.8125,693729.4375,1.173867,1.025765,Normal
1.187094,tcp,-,FIN,10,10,608,646,16.005473,254,252,3693.052246,3922.183105,131.899333,126.208336,Attack
0.798235,tcp,-,FIN,10,8,564,354,21.296986,254,252,5091.232422,3106.854492,86.886222,105.507,Attack
7e-06,unas,-,INT,2,0,200,0,142857.1409,254,0,114285712.0,0.0,0.007,0.0,Attack
0.461487,tcp,-,CON,6,2,986,86,15.168358,62,252,14249.58887,745.416443,92.2974,0.001,Normal
9e-06,udp,dns,INT,2,0,114,0,111111.1072,254,0,50666664.0,0.0,0.009,0.0,Attack
3e-06,udp,dns,INT,2,0,114,0,333333.3215,254,0,152000000.0,0.0,0.003,0.0,Attack
0.048945,tcp,-,FIN,54,54,3286,39076,2186.127351,31,29,527285.75,6268751.0,0.934942,0.931077,Normal
0.764887,tcp,-,FIN,16,10,1046,556,32.684568,254,252,10260.33984,5239.989746,49.493999,76.465781,Normal
3e-06,udp,-,INT,2,0,104,0,333333.3215,254,0,138666656.0,0.0,0.003,0.0,Normal
0.716969,tcp,-,FIN,10,6,490,268,20.921406,254,252,4920.714844,2499.410645,76.636778,125.098797,Attack
9e-06,unas,-,INT,2,0,200,0,111111.1072,254,0,88888888.0,0.0,0.009,0.0,Attack
5e-06,unas,-,INT,2,0,200,0,200000.0051,254,0,160000000.0,0.0,0.005,0.0,Attack
1.99882,tcp,ssh,FIN,108,114,9504,12298,110.565236,31,29,37686.23438,48792.78906,18.677347,17.841724,Normal
3e-06,udp,dns,INT,2,0,114,0,333333.3215,254,0,152000000.0,0.0,0.003,0.0,Attack
0.018524,tcp,-,FIN,16,18,1540,1644,1781.472644,31,29,623623.375,670697.4375,1.211267,1.062647,Normal
8e-06,unas,-,INT,2,0,200,0,125000.0003,254,0,100000000.0,0.0,0.008,0.0,Attack
5e-06,unas,-,INT,2,0,200,0,200000.0051,254,0,160000000.0,0.0,0.005,0.0,Attack
6e-06,udp,dns,INT,2,0,114,0,166666.6608,254,0,76000000.0,0.0,0.006,0.0,Attack
0.502708,tcp,-,FIN,10,6,534,268,29.838394,254,252,7654.54248,3564.693604,52.029778,79.853398,Normal
0.016841,tcp,-,FIN,48,50,2958,32642,5759.753002,31,29,1376165.375,15196247.0,0.351681,0.340937,Normal
15.552797,tcp,-,FIN,208,1216,9178,1632720,91.494795,62,252,4698.318848,839143.1875,75.134283,12.768571,Attack
1e-06,udp,-,INT,2,0,544,0,1000000.003,254,0,2176000000.0,0.0,0.001,0.0,Attack
0.001077,udp,dns,CON,2,2,146,178,2785.515187,31,29,542246.9375,661095.625,0.009,0.007,Normal
8e-06,unas,-,INT,2,0,200,0,125000.0003,254,0,100000000.0,0.0,0.008,0.0,Attack
6e-06,udp,dns,INT,2,0,114,0,166666.6608,254,0,76000000.0,0.0,0.006,0.0,Attack
1.233963,tcp,-,FIN,12,10,1110,842,17.018338,254,252,6599.873535,4914.247559,108.927815,127.653109,Attack
2.869167,tcp,-,FIN,10,8,1202,354,5.925064,254,252,3016.90332,864.362366,314.132889,395.095,Attack
3e-06,udp,dns,INT,2,0,114,0,333333.3215,254,0,152000000.0,0.0,0.003,0.0,Attack
0.386504,tcp,-,FIN,10,6,598,268,38.809431,254,252,11156.41797,4636.433105,42.944889,59.022398,Normal
8e-06,udp,dns,INT,2,0,114,0,125000.0003,254,0,57000000.0,0.0,0.008,0.0,Attack
0.0,arp,-,INT,1,0,46,0,0.0,0,0,0.0,0.0,60000.672,0.0,Normal
0.347565,tcp,-,FIN,10,6,486,268,43.157396,254,252,10081.56738,5155.870117,31.032222,61.583602,Attack
3.079029,tcp,smtp,FIN,26,24,7955,1948,15.914108,62,252,19876.39648,4850.879883,123.160521,129.695914,Attack
9e-06,udp,dns,INT,2,0,114,0,111111.1072,254,0,50666664.0,0.0,0.009,0.0,Attack
9e-06,udp,dns,INT,2,0,114,0,111111.1072,254,0,50666664.0,0.0,0.009,0.0,Attack
1.204846,tcp,-,FIN,18,24,996,10094,34.029245,62,252,6248.101074,64233.93359,70.817824,49.866654,Attack
6e-06,udp,-,INT,2,0,82,0,166666.6608,254,0,54666664.0,0.0,0.006,0.0,Attack
3e-06,hmp,-,INT,2,0,200,0,333333.3215,254,0,266666656.0,0.0,0.003,0.0,Attack
0.0,arp,-,INT,1,0,46,0,0.0,0,0,0.0,0.0,60000.784,0.0,Normal
8.122586,tcp,-,FIN,88,300,6344,380562,47.644923,62,252,6177.342773,373569.6875,93.363058,26.845783,Attack
0.180855,tcp,http,FIN,10,6,826,268,82.939369,254,252,32910.33984,9908.490234,18.633667,34.459199,Attack
0.363788,tcp,-,FIN,10,6,574,268,41.232805,254,252,11369.25879,4925.945801,37.163,60.278398,Attack
0.655277,tcp,-,FIN,12,8,994,718,28.995371,254,252,11134.22266,7679.194824,57.689001,84.293141,Attack
8e-06,udp,dns,INT,2,0,114,0,125000.0003,254,0,57000000.0,0.0,0.008,0.0,Attack
9e-06,udp,dns,INT,2,0,114,0,111111.1072,254,0,50666664.0,0.0,0.009,0.0,Attack
1.179535,tcp,-,FIN,30,26,6866,3294,46.628543,254,252,45021.12891,21486.43359,40.673622,46.022359,Attack
2.316017,tcp,ftp,FIN,22,24,1150,1692,19.42991,62,252,3792.718506,5602.722656,110.286527,95.96748,Attack
0.912235,tcp,-,FIN,10,8,612,354,18.635549,254,252,4832.087891,2718.597656,98.869,117.86843,Attack
4e-06,udp,-,INT,2,0,1064,0,250000.0006,254,0,1064000000.0,0.0,0.004,0.0,Normal
0.537415,tcp,-,FIN,10,6,486,268,27.911389,254,252,6520.100586,3334.480713,57.163,94.483602,Attack
0.040835,tcp,-,FIN,64,66,3806,54798,3159.054688,31,29,734076.125,10572891.0,0.653548,0.627125,Normal
0.001063,udp,dns,CON,2,2,146,178,2822.201463,31,29,549388.5625,669802.5,0.009,0.006,Normal
0.051228,tcp,-,FIN,40,42,2558,23162,1581.166497,31,29,389630.6563,3531037.5,1.304462,1.235537,Normal
2e-06,udp,dns,INT,2,0,114,0,500000.0013,254,0,228000000.0,0.0,0.002,0.0,Attack
3e-06,udp,dns,INT,2,0,114,0,333333.3215,254,0,152000000.0,0.0,0.003,0.0,Attack
0.326692,tcp,-,FIN,66,106,4276,114238,523.428819,31,29,103143.0234,2771075.0,5.014031,3.106991,Normal
1.363444,tcp,-,FIN,10,8,564,354,12.468426,254,252,2980.687256,1818.92334,146.329111,184.447141,Attack
2.788705,tcp,ftp,FIN,52,54,2934,3742,37.651884,31,29,8256.161133,10536.79004,54.674587,53.618441,Normal
7e-06,udp,dns,INT,2,0,114,0,142857.1409,254,0,65142856.0,0.0,0.007,0.0,Attack
5e-06,udp,dns,INT,2,0,114,0,200000.0051,254,0,91200000.0,0.0,0.005,0.0,Attack
9e-06,udp,dns,INT,2,0,114,0,111111.1072,254,0,50666664.0,0.0,0.009,0.0,Attack
0.001044,udp,dns,CON,2,2,146,178,2873.563127,31,29,559386.9375,681992.3125,0.009,0.007,Normal
5e-06,dcn,-,INT,2,0,200,0,200000.0051,254,0,160000000.0,0.0,0.005,0.0,Attack
0.044137,tcp,-,FIN,48,50,2958,33044,2197.702556,31,29,525092.3125,5869723.5,0.932468,0.889571,Normal
0.122886,tcp,-,FIN,90,92,5174,83812,1472.909827,31,29,333121.75,5396937.0,1.425198,1.359544,Normal
9e-06,udp,dns,INT,2,0,114,0,111111.1072,254,0,50666664.0,0.0,0.009,0.0,Attack
1e-06,udp,dns,INT,2,0,114,0,1000000.003,254,0,456000000.0,0.0,0.001,0.0,Attack
0.466568,tcp,-,FIN,10,6,626,268,32.149655,254,252,9670.616211,3840.812012,51.74,81.233,Attack
1.325143,pim,-,INT,8,0,480,0,5.282449,254,0,2535.575439,0.0,189.306141,0.0,Attack
5e-06,unas,-,INT,2,0,200,0,200000.0051,254,0,160000000.0,0.0,0.005,0.0,Attack
4e-06,udp,dns,INT,2,0,114,0,250000.0006,254,0,114000000.0,0.0,0.004,0.0,Attack
3e-06,udp,dns,INT,2,0,114,0,333333.3215,254,0,152000000.0,0.0,0.003,0.0,Attack
0.440675,tcp,-,FIN,10,8,598,354,38.577184,254,252,9784.989258,5627.730469,46.812889,55.343,Normal
0.797113,tcp,http,FIN,10,10,816,1382,23.836018,62,252,7376.620605,12485.05566,88.568111,81.671445,Attack
1.373214,tcp,ftp-data,FIN,8,10,364,3754,12.379716,62,252,1858.41394,19685.20508,196.173429,139.783111,Attack
6e-06,udp,dns,INT,2,0,114,0,166666.6608,254,0,76000000.0,0.0,0.006,0.0,Attack
0.482852,tcp,http,FIN,10,16,784,13310,51.775698,62,252,11697.16602,206754.8594,53.576444,29.351133,Attack
9e-06,udp,dns,INT,2,0,114,0,111111.1072,254,0,50666664.0,0.0,0.009,0.0,Attack
5e-06,unas,-,INT,2,0,200,0,200000.0051,254,0,160000000.0,0.0,0.005,0.0,Attack
0.924256,tcp,-,FIN,10,8,534,354,18.393172,254,252,4163.348633,2683.239258,102.593778,118.808141,Normal
0.966844,tcp,-,FIN,10,8,514,354,17.582981,254,252,3831.02124,2565.046631,104.680667,124.42157,Normal
5e-06,udp,dns,INT,2,0,114,0,200000.0051,254,0,91200000.0,0.0,0.005,0.0,Attack
3e-06,udp,-,INT,2,0,168,0,333333.3215,254,0,224000000.0,0.0,0.003,0.0,Attack
8e-06,udp,dns,INT,2,0,114,0,125000.0003,254,0,57000000.0,0.0,0.008,0.0,Attack
0.180944,tcp,http,FIN,10,6,982,268,82.898578,254,252,39083.91797,9903.617188,18.486889,34.965199,Attack
0.228338,tcp,http,FIN,10,8,826,1458,74.451032,62,252,26066.62109,44705.65625,25.370889,31.026,Attack
9e-06,udp,-,INT,2,0,508,0,111111.1072,254,0,225777776.0,0.0,0.009,0.0,Attack
9e-06,udp,dns,INT,2,0,114,0,111111.1072,254,0,50666664.0,0.0,0.009,0.0,Attack
8e-06,udp,dns,INT,2,0,114,0,125000.0003,254,0,57000000.0,0.0,0.008,0.0,Attack
1.011029,tcp,-,FIN,10,8,2516,354,16.814552,254,252,17922.33398,2452.946533,112.336556,134.058719,Normal
0.253616,tcp,-,FIN,10,6,542,268,59.144532,254,252,15393.35059,7065.800293,25.619778,45.188398,Attack
9e-06,udp,dns,INT,2,0,114,0,111111.1072,254,0,50666664.0,0.0,0.009,0.0,Attack
0.477999,tcp,-,FIN,10,6,2028,268,31.380819,254,252,30560.73242,3748.961914,47.027889,79.157398,Attack
0.001063,udp,dns,CON,2,2,146,178,2822.201463,31,29,549388.5625,669802.5,0.006,0.007,Normal
0.020748,tcp,smtp,FIN,52,42,37372,3380,4482.359618,31,29,14133024.0,1272411.75,0.40806,0.494073,Normal
8e-06,udp,dns,INT,2,0,114,0,125000.0003,254,0,57000000.0,0.0,0.008,0.0,Attack
0.952281,tcp,-,FIN,16,10,1252,556,26.252755,254,252,9862.634766,4208.841797,61.599935,89.933664,Normal
0.743702,tcp,-,FIN,10,8,453,422,22.858618,254,252,4388.854492,3980.088867,82.633556,86.90843,Attack
59.49752,ospf,-,INT,54,0,14688,0,0.890793,254,0,1938.366455,0.0,1122.594375,0.0,Attack
3e-06,udp,dns,INT,2,0,114,0,333333.3215,254,0,152000000.0,0.0,0.003,0.0,Attack
8e-06,sat-mon,-,INT,2,0,200,0,125000.0003,254,0,100000000.0,0.0,0.008,0.0,Attack
59.994267,arp,-,INT,2,0,92,0,0.016668,0,0,6.13392,0.0,60000.648,0.0,Normal
4e-06,udp,dns,INT,2,0,114,0,250000.0006,254,0,114000000.0,0.0,0.004,0.0,Attack
2.190986,tcp,-,FIN,20,8,17266,354,12.323219,254,252,59892.67188,1131.910522,110.584734,292.974,Normal
9e-06,ip,-,INT,2,0,180,0,111111.1072,254,0,80000000.0,0.0,0.009,0.0,Attack
4e-06,unas,-,INT,2,0,200,0,250000.0006,254,0,200000000.0,0.0,0.004,0.0,Attack
8e-06,udp,dns,INT,2,0,114,0,125000.0003,254,0,57000000.0,0.0,0.008,0.0,Attack
0.051096,udp,-,CON,4,4,520,304,136.997026,31,29,61061.53125,35697.51172,11.673,12.689667,Normal
0.794033,tcp,http,FIN,12,8,888,1258,23.928477,62,252,8201.170898,11092.73828,72.095821,103.837859,Attack
0.604784,tcp,http,FIN,12,10,1382,2936,34.72314,62,252,16759.70313,34961.24219,54.980365,63.346223,Attack
59.687565,ospf,-,INT,106,0,28832,0,1.75916,254,0,3827.933105,0.0,568.453062,0.0,Attack
28.2276,ospf,-,INT,42,0,2184,0,1.452479,254,0,604.231323,0.0,688.477938,0.0,Attack
9e-06,unas,-,INT,2,0,200,0,111111.1072,254,0,88888888.0,0.0,0.009,0.0,Attack
9e-06,udp,dns,INT,2,0,114,0,111111.1072,254,0,50666664.0,0.0,0.009,0.0,Attack
0.662244,tcp,ftp,FIN,12,12,1592,682,34.7304,254,252,17637.00391,7562.166992,60.204,54.535727,Normal
3e-06,dcn,-,INT,2,0,200,0,333333.3215,254,0,266666656.0,0.0,0.003,0.0,Attack
1e-06,udp,dns,INT,2,0,114,0,1000000.003,254,0,456000000.0,0.0,0.001,0.0,Attack
0.001024,udp,dns,CON,2,2,130,162,2929.687507,31,29,507812.5,632812.5,0.009,0.007,Normal
9e-06,udp,dns,INT,2,0,114,0,111111.1072,254,0,50666664.0,0.0,0.009,0.0,Attack
0.005535,tcp,-,FIN,22,14,1470,1728,6323.396563,31,29,2029268.25,2319783.25,0.263571,0.374615,Normal
9e-06,udp,dns,INT,2,0,114,0,111111.1072,254,0,50666664.0,0.0,0.009,0.0,Attack
0.816871,tcp,-,FIN,10,6,2516,268,18.362753,254,252,22182.20508,2193.736816,88.937333,147.850594,Attack
5e-06,udp,-,INT,2,0,2640,0,200000.0051,254,0,2112000000.0,0.0,0.005,0.0,Attack
8e-06,udp,dns,INT,2,0,114,0,125000.0003,254,0,57000000.0,0.0,0.008,0.0,Attack
0.399667,tcp,-,FIN,10,6,614,268,37.531245,254,252,11069.21484,4483.73291,40.345778,64.67,Attack
9e-06,udp,dns,INT,2,0,114,0,111111.1072,254,0,50666664.0,0.0,0.009,0.0,Attack
3e-06,unas,-,INT,2,0,200,0,333333.3215,254,0,266666656.0,0.0,0.003,0.0,Attack
3e-06,udp,dns,INT,2,0,114,0,333333.3215,254,0,152000000.0,0.0,0.003,0.0,Attack
1.174902,tcp,http,FIN,14,18,1684,10168,26.38518,31,29,10649.39941,65394.39063,90.349308,69.081,Normal
0.004467,udp,-,CON,4,4,568,312,1567.04731,31,29,762928.1875,419073.2188,1.192667,0.996667,Normal
3e-06,udp,-,INT,2,0,104,0,333333.3215,254,0,138666656.0,0.0,0.003,0.0,Attack
8e-06,udp,dns,INT,2,0,114,0,125000.0003,254,0,57000000.0,0.0,0.008,0.0,Attack
0.160987,tcp,-,FIN,48,50,2974,30506,602.533106,31,29,144757.0313,1485635.5,3.418617,3.27302,Normal
5.251388,tcp,smtp,FIN,22,22,4212,1904,8.188311,62,252,6125.618652,2769.553467,250.018613,246.290141,Attack
5e-06,udp,dns,INT,2,0,114,0,200000.0051,254,0,91200000.0,0.0,0.005,0.0,Attack
0.054316,tcp,-,FIN,60,62,3614,45696,2227.704579,31,29,523455.3438,6621842.5,0.93019,0.8962,Normal
0.001384,udp,dns,CON,2,2,146,178,2167.630144,31,29,421965.3438,514450.875,0.001,0.004,Normal
1e-06,udp,dns,INT,2,0,114,0,1000000.003,254,0,456000000.0,0.0,0.001,0.0,Attack
0.771849,tcp,http,FIN,10,6,766,268,19.433854,254,252,7151.658203,2321.697754,84.165111,131.302594,Attack
0.0,arp,-,INT,1,0,46,0,0.0,0,0,0.0,0.0,60000.728,0.0,Normal
9e-06,udp,dns,INT,2,0,114,0,111111.1072,254,0,50666664.0,0.0,0.009,0.0,Attack
0.30225,tcp,-,FIN,26,28,4376,2976,175.351531,31,29,111378.0,75963.60938,12.07732,11.174519,Normal
0.191738,tcp,http,FIN,10,6,844,268,78.231756,254,252,31709.9375,9346.086914,19.581778,36.717199,Attack
0.004701,tcp,-,FIN,18,18,4528,2456,7445.224147,31,29,7278451.0,3948096.0,0.257882,0.245294,Normal
0.823783,tcp,ssh,FIN,32,24,3728,5474,66.765157,31,29,35077.19922,50945.45703,26.573646,35.781695,Normal
5e-06,udp,dns,INT,2,0,114,0,200000.0051,254,0,91200000.0,0.0,0.005,0.0,Attack
3e-06,udp,dns,INT,2,0,114,0,333333.3215,254,0,152000000.0,0.0,0.003,0.0,Attack
0.208142,tcp,-,FIN,60,62,3598,48710,581.333904,31,29,136022.5313,1842011.75,3.521797,3.402,Normal
9e-06,sprite-rpc,-,INT,2,0,200,0,111111.1072,254,0,88888888.0,0.0,0.009,0.0,Attack
2.923864,tcp,pop3,FIN,28,48,1274,41524,25.650989,62,252,3362.673584,111247.3125,108.291262,60.211343,Attack
0.453439,tcp,-,FIN,14,14,790,816,59.544945,254,252,12949.92285,13373.35352,34.879924,32.954922,Attack
0.851833,tcp,-,CON,6,2,978,86,8.217573,62,252,7654.08252,403.835022,170.3666,0.005,Normal
3e-06,udp,dns,INT,2,0,114,0,333333.3215,254,0,152000000.0,0.0,0.003,0.0,Attack
0.682549,tcp,-,FIN,10,6,588,268,21.976444,254,252,6212.008301,2625.452637,70.964333,118.537797,Attack
1e-06,udp,dns,INT,2,0,114,0,1000000.003,254,0,456000000.0,0.0,0.001,0.0,Attack
0.873222,tcp,-,FIN,22,12,17786,938,37.791077,254,252,155543.5,7878.867188,39.435475,74.687727,Attack
5e-06,udp,dns,INT,2,0,114,0,200000.0051,254,0,91200000.0,0.0,0.005,0.0,Attack
8e-06,srp,-,INT,2,0,200,0,125000.0003,254,0,100000000.0,0.0,0.008,0.0,Attack
3e-06,udp,dns,INT,2,0,114,0,333333.3215,254,0,152000000.0,0.0,0.003,0.0,Attack
1e-06,udp,-,INT,2,0,104,0,1000000.003,254,0,416000000.0,0.0,0.001,0.0,Attack
9e-06,udp,-,INT,2,0,674,0,111111.1072,254,0,299555552.0,0.0,0.009,0.0,Attack
4e-06,udp,dns,INT,2,0,114,0,250000.0006,254,0,114000000.0,0.0,0.004,0.0,Attack
3e-06,udp,dns,INT,2,0,114,0,333333.3215,254,0,152000000.0,0.0,0.003,0.0,Attack
5e-06,udp,dns,INT,2,0,114,0,200000.0051,254,0,91200000.0,0.0,0.005,0.0,Attack
3e-06,unas,-,INT,2,0,200,0,333333.3215,254,0,266666656.0,0.0,0.003,0.0,Attack
9e-06,udp,dns,INT,2,0,114,0,111111.1072,254,0,50666664.0,0.0,0.009,0.0,Attack
0.069044,tcp,-,FIN,60,62,3614,45696,1752.505613,31,29,411795.375,5209315.5,1.16478,1.130367,Normal
7e-06,fire,-,INT,2,0,200,0,142857.1409,254,0,114285712.0,0.0,0.007,0.0,Attack
8e-06,unas,-,INT,2,0,200,0,125000.0003,254,0,100000000.0,0.0,0.008,0.0,Attack
7e-06,udp,-,INT,2,0,168,0,142857.1409,254,0,96000000.0,0.0,0.007,0.0,Attack
0.236518,tcp,-,FIN,12,8,674,376,80.332154,254,252,20903.27148,11128.11719,20.297182,32.586857,Attack
0.950683,tcp,-,FIN,10,8,564,354,17.881881,254,252,4274.821289,2608.650879,105.494444,130.574859,Attack
1e-06,udp,dns,INT,2,0,114,0,1000000.003,254,0,456000000.0,0.0,0.001,0.0,Attack
1e-05,unas,-,INT,2,0,200,0,100000.0025,254,0,80000000.0,0.0,0.01,0.0,Attack
6e-06,udp,dns,INT,2,0,114,0,166666.6608,254,0,76000000.0,0.0,0.006,0.0,Attack
3e-06,unas,-,INT,2,0,200,0,333333.3215,254,0,266666656.0,0.0,0.003,0.0,Attack
0.025006,tcp,-,FIN,60,62,3614,50036,4838.838688,31,29,1137007.125,15749500.0,0.41861,0.406067,Normal
8e-06,udp,dns,INT,2,0,114,0,125000.0003,254,0,57000000.0,0.0,0.008,0.0,Attack
0.674192,tcp,-,FIN,10,8,564,354,25.215368,254,252,6027.956543,3678.477295,73.651222,93.335141,Attack
0.719301,tcp,http,FIN,10,8,794,1128,23.634056,62,252,7952.165039,10977.32422,79.922333,81.11657,Normal
6e-06,udp,dns,INT,2,0,114,0,166666.6608,254,0,76000000.0,0.0,0.006,0.0,Attack
1.120035,ospf,-,INT,28,0,3024,0,24.106388,254,0,20827.91992,0.0,41.482777,0.0,Attack
0.728384,tcp,-,FIN,18,14,2346,1882,42.559967,254,252,24338.81055,19198.66406,41.823882,53.048922,Attack
0.005988,tcp,-,FIN,18,18,3960,2456,5845.023418,31,29,4996660.0,3099532.5,0.332588,0.320765,Normal
0.03473,tcp,-,FIN,48,50,2974,30506,2792.97449,31,29,671004.9375,6886496.0,0.74837,0.712125,Normal
0.259745,tcp,-,FIN,24,24,4408,2768,180.946696,31,29,130127.625,81710.90625,11.279957,11.268348,Normal
9e-06,udp,dns,INT,2,0,114,0,111111.1072,254,0,50666664.0,0.0,0.009,0.0,Attack
0.120064,tcp,-,FIN,48,52,3744,19084,824.56025,31,29,244269.7344,1247134.875,2.602413,2.342608,Normal
0.158367,tcp,-,FIN,62,62,3702,48710,776.676993,31,29,184028.25,2420959.0,2.587262,2.586525,Normal
4e-06,udp,dns,INT,2,0,114,0,250000.0006,254,0,114000000.0,0.0,0.004,0.0,Attack
1e-05,udp,dns,INT,2,0,114,0,100000.0025,254,0,45600000.0,0.0,0.01,0.0,Attack
3e-06,udp,dns,INT,2,0,114,0,333333.3215,254,0,152000000.0,0.0,0.003,0.0,Attack
4e-06,any,-,INT,2,0,200,0,250000.0006,254,0,200000000.0,0.0,0.004,0.0,Attack
1e-05,udp,-,INT,2,0,1066,0,100000.0025,254,0,426400000.0,0.0,0.01,0.0,Attack
6e-06,udp,dns,INT,2,0,114,0,166666.6608,254,0,76000000.0,0.0,0.006,0.0,Attack
0.207909,tcp,-,FIN,10,6,516,268,72.146948,254,252,17892.44336,8619.155273,21.705444,40.009801,Attack
6e-06,udp,dns,INT,2,0,114,0,166666.6608,254,0,76000000.0,0.0,0.006,0.0,Attack
8e-06,udp,-,INT,2,0,78,0,125000.0003,254,0,39000000.0,0.0,0.008,0.0,Attack
0.960953,tcp,-,FIN,14,10,774,556,23.934573,254,252,5985.724609,4170.859375,73.919459,100.062219,Attack
0.023599,tcp,-,FIN,48,50,2974,30506,4110.343546,31,29,987499.4375,10134666.0,0.505652,0.470918,Normal
4e-06,udp,-,INT,2,0,104,0,250000.0006,254,0,104000000.0,0.0,0.004,0.0,Normal
3e-06,tcp,-,REQ,2,0,90,0,333333.3215,254,0,119999992.0,0.0,0.003,0.0,Normal
3e-06,udp,dns,INT,2,0,114,0,333333.3215,254,0,152000000.0,0.0,0.003,0.0,Attack
0.119118,tcp,-,FIN,22,24,2054,2478,377.776666,31,29,131701.3438,159505.7031,5.655238,5.152739,Normal
0.560076,tcp,-,FIN,12,8,1002,772,33.923968,254,252,13126.79004,9655.832031,49.096547,65.329855,Attack
0.044084,tcp,-,FIN,72,72,4238,63412,3243.807179,31,29,758551.8125,11347790.0,0.63387,0.61331,Normal
1.361192,tcp,-,FIN,12,10,1490,812,15.427655,254,252,8028.257812,4296.234375,121.024548,139.284891,Attack
4e-06,unas,-,INT,2,0,200,0,250000.0006,254,0,200000000.0,0.0,0.004,0.0,Attack
1.715579,tcp,-,FIN,10,6,534,268,8.743404,254,252,2242.974365,1044.545288,184.245333,316.664812,Attack
0.001058,udp,dns,CON,2,2,146,178,2835.538689,31,29,551984.875,672967.875,0.008,0.007,Normal
1e-05,sctp,-,INT,2,0,200,0,100000.0025,254,0,80000000.0,0.0,0.01,0.0,Attack
0.16683,tcp,smtp,FIN,54,42,37808,3380,569.441936,31,29,1779440.125,158244.9219,3.20175,4.056049,Normal
0.00447,udp,-,CON,4,4,568,312,1565.99551,31,29,762416.125,418791.9375,1.19,1.015333,Normal
8e-06,udp,dns,INT,2,0,114,0,125000.0003,254,0,57000000.0,0.0,0.008,0.0,Attack
0.67735,tcp,-,FIN,10,8,564,354,25.097808,254,252,5999.852539,3661.327393,75.261111,88.066711,Attack
0.021938,tcp,-,FIN,48,50,2974,30506,4421.551671,31,29,1062266.375,10901997.0,0.4802,0.434755,Normal
8e-06,udp,dns,INT,2,0,114,0,125000.0003,254,0,57000000.0,0.0,0.008,0.0,Attack
8e-06,ipx-n-ip,-,INT,2,0,200,0,125000.0003,254,0,100000000.0,0.0,0.008,0.0,Attack
2.437399,tcp,-,FIN,12,10,982,780,8.615742,254,252,2957.250732,2304.095459,212.222278,259.036891,Attack
9e-06,unas,-,INT,2,0,200,0,111111.1072,254,0,88888888.0,0.0,0.009,0.0,Attack
7.6e-05,udp,-,INT,2,0,503,0,13157.89532,64,0,26526316.0,0.0,0.076,0.0,Normal
9e-06,udp,-,INT,2,0,168,0,111111.1072,254,0,74666664.0,0.0,0.009,0.0,Attack
3e-06,udp,dns,INT,2,0,114,0,333333.3215,254,0,152000000.0,0.0,0.003,0.0,Attack
9e-06,udp,dns,INT,2,0,114,0,111111.1072,254,0,50666664.0,0.0,0.009,0.0,Attack
4.220524,tcp,http,FIN,330,746,17642,1087890,254.707719,31,29,33339.9375,2059331.125,12.827395,5.664512,Normal
0.954762,tcp,-,FIN,16,8,11022,354,24.089774,254,252,86589.11719,2597.506104,62.102264,118.51657,Attack
0.269804,tcp,http,FIN,10,6,1566,268,55.595914,254,252,41808.12891,6641.858398,28.045556,47.179602,Attack
0.132872,tcp,smtp,FIN,54,42,37914,3380,714.973808,31,29,2240472.0,198687.4531,2.500509,3.228049,Normal
0.755038,tcp,-,FIN,20,24,3474,11603,56.950774,62,252,34975.72266,117821.8828,39.738841,32.515958,Attack
1.038212,tcp,-,FIN,12,6,4658,268,16.374306,254,252,32902.72266,1726.044434,91.12882,192.385,Attack
8e-06,udp,dns,INT,2,0,114,0,125000.0003,254,0,57000000.0,0.0,0.008,0.0,Attack
0.191085,tcp,-,FIN,22,24,2054,2478,235.497297,31,29,82099.59375,99432.19531,9.082238,8.281478,Normal
0.001014,udp,dns,CON,2,2,146,178,2958.579772,31,29,575936.875,702169.625,0.008,0.007,Normal
3e-06,udp,dns,INT,2,0,114,0,333333.3215,254,0,152000000.0,0.0,0.003,0.0,Attack
8e-06,udp,dns,INT,2,0,114,0,125000.0003,254,0,57000000.0,0.0,0.008,0.0,Attack
3e-06,udp,-,INT,2,0,168,0,333333.3215,254,0,224000000.0,0.0,0.003,0.0,Attack
1.099854,tcp,-,FIN,122,126,7820,15306,224.575263,31,29,56414.76172,110451.0234,9.086513,8.863121,Normal
0.511912,tcp,-,FIN,10,6,534,268,29.301912,254,252,7516.916992,3500.601807,54.019333,81.217203,Normal
4e-06,udp,-,INT,2,0,1064,0,250000.0006,254,0,1064000000.0,0.0,0.004,0.0,Attack
5e-06,udp,-,INT,2,0,744,0,200000.0051,254,0,595200000.0,0.0,0.005,0.0,Attack
0.103932,tcp,-,FIN,72,74,4238,63516,1395.142969,31,29,321748.8438,4822999.5,1.480343,1.415219,Normal
1.728431,tcp,-,FIN,10,8,564,354,9.83551,254,252,2351.265381,1434.827271,187.214778,234.057859,Attack
0.240101,tcp,http,FIN,10,8,822,1140,70.803538,62,252,24656.29102,33252.67188,26.677889,31.339428,Attack
0.001024,udp,dns,CON,2,2,146,178,2929.687507,31,29,570312.5,695312.5,0.01,0.007,Normal
0.007975,tcp,-,FIN,24,24,2062,2308,5893.41696,31,29,1983197.5,2218934.25,0.347455,0.319783,Normal
1e-05,udp,-,INT,2,0,2898,0,100000.0025,254,0,1159200000.0,0.0,0.01,0.0,Normal
9e-06,udp,dns,INT,2,0,114,0,111111.1072,254,0,50666664.0,0.0,0.009,0.0,Attack
0.053956,tcp,-,FIN,60,62,3614,50036,2242.56809,31,29,526947.875,7299133.0,0.924845,0.890433,Normal
1.962423,tcp,-,FIN,12,10,1110,832,10.701057,254,252,4149.97168,3053.368164,171.502088,200.017781,Attack
0.0,arp,-,INT,1,0,46,0,0.0,0,0,0.0,0.0,60000.68,0.0,Normal
0.042999,tcp,-,FIN,64,66,3806,54798,3000.069814,31,29,697132.5,10040792.0,0.688548,0.651954,Normal
59.996548,arp,-,INT,2,0,92,0,0.016668,0,0,6.133686,0.0,59998.624,0.0,Normal
9e-06,any,-,INT,2,0,200,0,111111.1072,254,0,88888888.0,0.0,0.009,0.0,Attack
9e-06,udp,dns,INT,2,0,114,0,111111.1072,254,0,50666664.0,0.0,0.009,0.0,Attack
2.686477,tcp,-,FIN,256,44,330633,1902,111.298182,62,252,980740.25,5535.875,10.414736,60.663254,Attack
0.00102,udp,dns,CON,2,2,146,178,2941.176566,31,29,572549.0625,698039.25,0.009,0.006,Normal
0.610244,tcp,ftp-data,FIN,8,8,364,1246,24.580333,62,252,4181.934082,14302.47656,87.177714,81.38443,Attack
0.051862,tcp,-,FIN,30,42,2302,34406,1369.01774,31,29,343372.7813,5180980.0,1.776448,1.283025,Normal
0.03688,tcp,-,FIN,122,126,7816,15092,6697.396704,31,29,1681561.75,3247939.25,0.312256,0.290992,Normal
0.956603,tcp,http,FIN,12,10,918,3486,21.952681,62,252,7041.583496,26242.86133,86.963912,95.757889,Attack
1e-05,unas,-,INT,2,0,200,0,100000.0025,254,0,80000000.0,0.0,0.01,0.0,Attack
7e-06,unas,-,INT,2,0,200,0,142857.1409,254,0,114285712.0,0.0,0.007,0.0,Attack
8e-06,udp,dns,INT,2,0,114,0,125000.0003,254,0,57000000.0,0.0,0.008,0.0,Attack
5e-06,udp,dns,INT,2,0,114,0,200000.0051,254,0,91200000.0,0.0,0.005,0.0,Attack
9e-06,unas,-,INT,2,0,200,0,111111.1072,254,0,88888888.0,0.0,0.009,0.0,Attack
0.224367,tcp,http,FIN,10,6,1310,268,66.854754,254,252,42038.26953,7986.914551,23.035222,43.062602,Attack
0.005385,tcp,-,FIN,18,18,3960,2456,6499.535997,31,29,5556175.0,3446611.0,0.292294,0.285588,Normal
7e-06,udp,dns,INT,2,0,114,0,142857.1409,254,0,65142856.0,0.0,0.007,0.0,Attack
6e-06,udp,dns,INT,2,0,114,0,166666.6608,254,0,76000000.0,0.0,0.006,0.0,Attack
8e-06,unas,-,INT,2,0,200,0,125000.0003,254,0,100000000.0,0.0,0.008,0.0,Attack
4.598935,ospf,-,INT,82,0,5248,0,17.612773,254,0,9017.739258,0.0,56.776977,0.0,Attack
0.0,arp,-,INT,1,0,46,0,0.0,0,0,0.0,0.0,60000.656,0.0,Normal
2.574901,tcp,-,FIN,122,126,7814,16912,95.926014,31,29,24078.59375,52127.82813,21.634976,20.595031,Normal
0.436846,tcp,http,FIN,10,6,960,268,34.337044,254,252,15822.50977,4102.132324,48.434333,70.689203,Attack
0.093838,tcp,-,FIN,60,62,3614,45696,1289.456313,31,29,302990.25,3832903.5,1.584542,1.523459,Normal
1.981304,tcp,http,FIN,14,34,968,35704,23.72175,62,252,3629.932617,139924.0,152.407995,57.055336,Attack
8e-06,udp,dns,INT,2,0,114,0,125000.0003,254,0,57000000.0,0.0,0.008,0.0,Attack
1.358763,tcp,ftp-data,FIN,8,10,364,3754,12.51138,62,252,1878.178955,19894.56641,193.928853,138.799556,Attack
0.599961,tcp,-,FIN,10,6,588,268,25.001626,254,252,7067.126465,2986.86084,60.884222,97.781797,Attack
0.943909,tcp,-,FIN,10,8,564,354,18.010211,254,252,4305.5,2627.371826,104.878778,119.115,Attack
1e-05,udp,-,INT,2,0,1064,0,100000.0025,254,0,425600000.0,0.0,0.01,0.0,Normal
13.753861,ospf,-,INT,20,0,1280,0,1.38143,254,0,707.292297,0.0,723.887438,0.0,Attack
3e-06,udp,dns,INT,2,0,114,0,333333.3215,254,0,152000000.0,0.0,0.003,0.0,Attack
9e-06,udp,-,INT,2,0,196,0,111111.1072,254,0,87111112.0,0.0,0.009,0.0,Attack
1e-05,udp,-,INT,2,0,1694,0,100000.0025,254,0,677600000.0,0.0,0.01,0.0,Attack
0.018131,tcp,-,FIN,16,18,1540,1644,1820.087051,31,29,637140.75,685235.1875,1.187467,1.103312,Normal
0.595005,tcp,-,FIN,10,6,2050,268,25.209873,254,252,24806.51563,3011.739502,66.015222,99.655602,Attack
0.473957,tcp,-,FIN,14,10,2144,518,48.527609,254,252,33606.42578,7882.571777,35.287769,51.944555,Attack
9e-06,udp,dns,INT,2,0,114,0,111111.1072,254,0,50666664.0,0.0,0.009,0.0,Attack
0.013965,tcp,-,FIN,34,36,2230,13500,4940.923597,31,29,1240243.375,7518797.0,0.408818,0.392912,Normal
1.572652,tcp,-,FIN,10,8,756,354,10.809766,254,252,3464.212158,1576.954102,172.973222,209.833422,Attack
6e-06,udp,dns,INT,2,0,114,0,166666.6608,254,0,76000000.0,0.0,0.006,0.0,Attack
4e-06,unas,-,INT,2,0,200,0,250000.0006,254,0,200000000.0,0.0,0.004,0.0,Attack
0.946735,tcp,-,FIN,10,8,564,354,17.95645,254,252,4292.647949,2619.529053,99.466,127.866859,Attack
0.018129,tcp,-,FIN,16,18,1540,1644,1820.287892,31,29,637211.0625,685310.8125,1.1876,1.039588,Normal
13.779643,tcp,-,REQ,4,0,180,0,0.217712,254,0,78.376488,0.0,4593.2145,0.0,Normal
2e-06,unas,-,INT,2,0,200,0,500000.0013,254,0,400000000.0,0.0,0.002,0.0,Attack
2e-06,vrrp,-,INT,2,0,200,0,500000.0013,254,0,400000000.0,0.0,0.002,0.0,Attack
0.0,arp,-,INT,1,0,46,0,0.0,0,0,0.0,0.0,60000.832,0.0,Normal
1.270669,tcp,-,FIN,20,32,1092,19460,40.136338,62,252,6535.140137,118690.2344,66.877317,39.07426,Attack
0.872342,tcp,http,FIN,16,32,1054,35582,53.877952,62,252,9069.836914,316123.7188,58.156133,25.131936,Attack
3e-06,unas,-,INT,2,0,200,0,333333.3215,254,0,266666656.0,0.0,0.003,0.0,Attack
4e-06,unas,-,INT,2,0,200,0,250000.0006,254,0,200000000.0,0.0,0.004,0.0,Attack
1.184853,tcp,-,FIN,70,14,84867,612,70.050886,254,252,564829.5625,3841.826904,16.610493,86.154766,Normal
0.23472,sctp,-,CON,4,2,536,440,21.301976,254,60,13701.43066,7498.29541,78.24,0.004,Attack
0.018092,tcp,-,FIN,16,18,1540,1644,1824.010526,31,29,638514.25,686712.3125,1.185467,1.036941,Normal
0.736285,tcp,http,FIN,10,10,840,1328,25.805226,62,252,8214.210938,12994.96875,81.809444,68.633219,Attack
9e-06,udp,dns,INT,2,0,114,0,111111.1072,254,0,50666664.0,0.0,0.009,0.0,Attack
4e-06,unas,-,INT,2,0,200,0,250000.0006,254,0,200000000.0,0.0,0.004,0.0,Attack
0.370381,tcp,-,FIN,10,6,2306,268,40.498838,254,252,44840.3125,4838.26123,37.766111,59.208199,Attack
0.82611,tcp,-,FIN,18,18,1016,2298,42.367239,62,252,9296.583008,21023.83398,48.594706,46.032648,Attack
3e-06,udp,-,INT,2,0,104,0,333333.3215,254,0,138666656.0,0.0,0.003,0.0,Attack
0.475313,tcp,http,FIN,10,8,918,354,35.765905,254,252,13919.24902,5217.614258,49.358333,63.665145,Attack
5e-06,br-sat-mon,-,INT,2,0,200,0,200000.0051,254,0,160000000.0,0.0,0.005,0.0,Attack
0.001143,udp,dns,CON,2,2,130,162,2624.67198,31,29,454943.1563,566929.125,0.006,0.007,Normal
3e-06,udp,dns,INT,2,0,114,0,333333.3215,254,0,152000000.0,0.0,0.003,0.0,Attack
5e-06,br-sat-mon,-,INT,2,0,200,0,200000.0051,254,0,160000000.0,0.0,0.005,0.0,Attack
0.057184,tcp,-,FIN,40,42,2542,23508,1416.480145,31,29,346810.3125,3210548.5,1.458179,1.381463,Normal
9e-06,udp,dns,INT,2,0,114,0,111111.1072,254,0,50666664.0,0.0,0.009,0.0,Attack
0.618739,tcp,http,FIN,10,8,822,1086,27.475236,62,252,9567.84668,12295.97559,68.748778,75.217141,Normal
0.567529,tcp,http,FIN,10,6,566,268,26.430366,254,252,7189.05957,3157.547852,59.784,88.414797,Attack
1.238009,tcp,-,FIN,10,8,514,354,13.731726,254,252,2991.900879,2003.216553,129.379444,162.974719,Normal
4e-06,udp,-,INT,2,0,196,0,250000.0006,254,0,196000000.0,0.0,0.004,0.0,Attack
0.815449,tcp,-,FIN,16,10,1056,556,30.657957,254,252,9712.44043,4915.083496,53.578334,84.338664,Normal
3.046171,tcp,-,FIN,36,12,34710,870,15.429206,254,252,88625.35938,2095.74585,87.004684,269.987281,Attack
8e-06,unas,-,INT,2,0,200,0,125000.0003,254,0,100000000.0,0.0,0.008,0.0,Attack
0.490007,tcp,-,FIN,10,6,588,268,30.611807,254,252,8652.9375,3657.090576,52.144556,90.034797,Attack
0.677238,tcp,-,FIN,10,6,514,268,22.148787,254,252,5469.273926,2646.041748,75.232444,115.613797,Normal
1.391776,tcp,-,FIN,12,10,1366,822,15.088635,254,252,7202.308594,4253.558105,124.462176,143.512,Attack
7e-06,udp,-,INT,2,0,104,0,142857.1409,254,0,59428572.0,0.0,0.007,0.0,Attack
5e-06,unas,-,INT,2,0,200,0,200000.0051,254,0,160000000.0,0.0,0.005,0.0,Attack
1.199071,tcp,-,FIN,12,8,2030,708,15.8456,254,252,12416.27832,4136.535645,109.006455,159.641281,Attack
0.702284,tcp,-,FIN,14,12,852,678,35.598135,254,252,9021.991211,7085.452637,54.021847,57.320547,Normal
1e-05,udp,-,INT,2,0,168,0,100000.0025,254,0,67200000.0,0.0,0.01,0.0,Attack
3e-06,ib,-,INT,2,0,200,0,333333.3215,254,0,266666656.0,0.0,0.003,0.0,Attack
0.0,arp,-,INT,1,0,46,0,0.0,0,0,0.0,0.0,60000.476,0.0,Normal
0.734991,tcp,-,FIN,10,6,2062,268,20.408413,254,252,20201.60742,2438.125,81.548333,122.345797,Attack
3.231846,ospf,-,INT,82,0,5248,0,25.063075,254,0,12832.29395,0.0,39.899332,0.0,Attack
8e-06,udp,dns,INT,2,0,114,0,125000.0003,254,0,57000000.0,0.0,0.008,0.0,Attack
0.012968,tcp,-,FIN,16,18,1540,1644,2544.725473,31,29,890808.125,958050.5625,0.844067,0.735882,Normal
1.604869,tcp,-,FIN,10,8,590,354,10.592765,254,252,2646.945068,1545.297485,178.281444,219.304578,Normal
9e-06,udp,dns,INT,2,0,114,0,111111.1072,254,0,50666664.0,0.0,0.009,0.0,Attack
3e-06,udp,dns,INT,2,0,114,0,333333.3215,254,0,152000000.0,0.0,0.003,0.0,Attack
0.589385,tcp,http,FIN,10,8,832,1282,28.843626,62,252,10166.53027,15229.43457,6950.732,8688.427,Attack
0.001732,udp,-,CON,4,4,520,304,4041.570361,31,29,1801385.625,1053117.75,0.451333,0.217667,Normal
3e-06,iso-tp4,-,INT,2,0,200,0,333333.3215,254,0,266666656.0,0.0,0.003,0.0,Attack
9e-06,unas,-,INT,2,0,200,0,111111.1072,254,0,88888888.0,0.0,0.009,0.0,Attack
9e-06,udp,-,INT,2,0,168,0,111111.1072,254,0,74666664.0,0.0,0.009,0.0,Attack
0.017245,tcp,-,FIN,16,18,1540,1644,1913.598119,31,29,669875.3125,720440.6875,1.129333,0.986941,Normal
9e-06,udp,dns,INT,2,0,114,0,111111.1072,254,0,50666664.0,0.0,0.009,0.0,Attack
0.001777,udp,-,CON,4,4,528,304,3939.223351,31,29,1782780.0,1026449.063,0.455333,0.236,Normal
0.015648,tcp,-,FIN,34,36,2230,13500,4409.509219,31,29,1106850.75,6710122.5,0.463212,0.45603,Normal
0.893265,tcp,-,FIN,16,10,3512,556,27.987215,254,252,29491.80859,4486.910156,58.227067,92.639781,Normal
1e-05,unas,-,INT,2,0,200,0,100000.0025,254,0,80000000.0,0.0,0.01,0.0,Attack
0.326992,tcp,-,FIN,10,6,588,268,45.872681,254,252,12966.67773,5480.256348,30.903444,57.042,Attack
1e-05,sun-nd,-,INT,1,0,60,0,0.0,0,0,0.0,0.0,0.0,0.0,Attack
1.180656,tcp,-,FIN,10,6,534,268,12.704802,254,252,3259.205078,1517.800293,127.276333,225.715406,Attack
2e-06,udp,dns,INT,2,0,114,0,500000.0013,254,0,228000000.0,0.0,0.002,0.0,Attack
4.371233,ospf,-,INT,42,0,2688,0,9.379505,254,0,4802.306152,0.0,106.615437,0.0,Attack
9e-06,ipv6,-,INT,2,0,86,0,111111.1072,254,0,38222220.0,0.0,0.009,0.0,Attack
9e-06,aes-sp3-d,-,INT,2,0,200,0,111111.1072,254,0,88888888.0,0.0,0.009,0.0,Attack
9e-06,udp,dns,INT,2,0,114,0,111111.1072,254,0,50666664.0,0.0,0.009,0.0,Attack
0.734531,tcp,-,FIN,60,14,68197,612,99.383146,254,252,730381.6875,6197.151855,12.096339,52.959617,Normal
9e-06,udp,dns,INT,2,0,114,0,111111.1072,254,0,50666664.0,0.0,0.009,0.0,Attack
0.031187,tcp,smtp,FIN,52,42,37358,3380,2982.011759,31,29,9398788.0,846506.5625,0.628959,0.747293,Normal
0.005566,tcp,-,FIN,22,24,2054,2478,8084.800565,31,29,2818541.25,3413582.5,0.248143,0.225773,Normal
8e-06,udp,-,INT,2,0,168,0,125000.0003,254,0,84000000.0,0.0,0.008,0.0,Attack
9e-06,udp,dns,INT,2,0,114,0,111111.1072,254,0,50666664.0,0.0,0.009,0.0,Attack
1.529989,tcp,ssh,FIN,108,114,9504,12298,144.445483,31,29,49234.33984,63744.25,14.296065,13.529885,Normal
0.486323,tcp,-,FIN,10,6,546,268,30.843699,254,252,8093.386719,3684.793945,49.646667,76.616398,Attack
9e-06,udp,dns,INT,2,0,114,0,111111.1072,254,0,50666664.0,0.0,0.009,0.0,Attack
0.471101,tcp,-,FIN,10,6,756,268,31.840307,254,252,11564.39941,3803.855225,48.919333,60.113199,Attack
2e-06,udp,-,INT,2,0,1064,0,500000.0013,254,0,2128000000.0,0.0,0.002,0.0,Attack
0.0,arp,-,INT,1,0,46,0,0.0,0,0,0.0,0.0,60000.692,0.0,Normal
6e-06,udp,dns,INT,2,0,114,0,166666.6608,254,0,76000000.0,0.0,0.006,0.0,Attack
0.001164,udp,dns,CON,2,2,146,178,2577.319553,31,29,501718.2188,611683.8125,0.008,0.006,Normal
0.271297,tcp,http,FIN,12,16,2206,13392,99.521923,254,252,59654.17969,370221.5625,23.529909,17.494801,Attack
0.952472,tcp,-,FIN,14,10,774,556,24.147692,254,252,6039.022949,4207.998047,73.267075,94.006109,Attack
2e-06,udp,dns,INT,2,0,114,0,500000.0013,254,0,228000000.0,0.0,0.002,0.0,Attack
32.427242,tcp,-,FIN,20,14,1316,622,1.017663,254,252,308.629395,142.596146,1706.696947,2489.0335,Attack
3e-06,udp,dns,INT,2,0,114,0,333333.3215,254,0,152000000.0,0.0,0.003,0.0,Attack
0.74884,tcp,-,FIN,10,8,564,354,22.70178,254,252,5427.060547,3311.789062,81.923889,102.87843,Attack
1.17181,tcp,http,FIN,10,10,792,1330,16.214232,62,252,4867.683105,8171.973145,130.111333,114.445664,Attack
6e-06,udp,dns,INT,2,0,114,0,166666.6608,254,0,76000000.0,0.0,0.006,0.0,Attack
8e-06,udp,dns,INT,2,0,114,0,125000.0003,254,0,57000000.0,0.0,0.008,0.0,Attack
0.494848,tcp,-,FIN,16,18,1540,1644,66.687143,31,29,23344.54102,25106.69922,32.966867,29.080824,Normal
5e-06,tcp,-,REQ,2,0,90,0,200000.0051,254,0,72000000.0,0.0,0.005,0.0,Normal
59.481392,udp,dns,INT,68,0,5304,0,1.126403,254,0,702.875305,0.0,887.782,0.0,Attack
0.474239,tcp,-,CON,6,2,978,86,14.76049,62,252,13748.34277,725.372681,94.8478,0.002,Normal
9e-06,udp,dns,INT,2,0,114,0,111111.1072,254,0,50666664.0,0.0,0.009,0.0,Attack
0.004588,tcp,ftp-data,FIN,10,12,528,8824,4577.157792,31,29,829991.25,14104621.0,0.475889,0.368727,Normal
3.086092,tcp,http,FIN,12,14,1388,4702,8.10086,62,252,3299.966553,11320.46582,280.465739,231.683769,Attack
0.0,arp,-,INT,1,0,46,0,0.0,0,0,0.0,0.0,60000.808,0.0,Normal
0.032914,tcp,-,FIN,72,74,4238,63516,4405.419986,31,29,1015981.0,15229507.0,0.465471,0.442219,Normal
1.196466,tcp,-,FIN,10,8,564,354,14.208511,254,252,3396.669922,2072.770996,129.409,152.371,Attack
0.829405,tcp,-,FIN,14,12,774,642,30.142089,254,252,6935.091797,5681.181152,61.351615,72.149367,Attack
1.013786,tcp,http,FIN,14,18,1684,10168,30.578447,31,29,12341.85547,75787.20313,77.956695,59.600882,Normal
9e-06,udp,dns,INT,2,0,114,0,111111.1072,254,0,50666664.0,0.0,0.009,0.0,Attack
4e-06,rdp,-,INT,2,0,200,0,250000.0006,254,0,200000000.0,0.0,0.004,0.0,Attack
8e-06,udp,dns,INT,2,0,114,0,125000.0003,254,0,57000000.0,0.0,0.008,0.0,Attack
9e-06,unas,-,INT,2,0,200,0,111111.1072,254,0,88888888.0,0.0,0.009,0.0,Attack
0.366423,tcp,http,FIN,10,6,1256,268,40.936294,254,252,24692.77148,4890.522461,34.241222,63.95,Attack
0.004013,tcp,http,FIN,8,10,1052,824,4236.232186,31,29,1836032.875,1479192.625,0.521143,0.385222,Normal
4e-06,unas,-,INT,2,0,200,0,250000.0006,254,0,200000000.0,0.0,0.004,0.0,Attack
5e-06,udp,dns,INT,2,0,114,0,200000.0051,254,0,91200000.0,0.0,0.005,0.0,Attack
0.001079,udp,dns,CON,2,2,130,162,2780.352305,31,29,481927.7188,600556.125,0.005,0.007,Normal
0.142863,tcp,-,FIN,60,62,3598,48710,846.965242,31,29,198175.875,2683689.75,2.416034,2.332951,Normal
6e-06,a/n,-,INT,2,0,200,0,166666.6608,254,0,133333328.0,0.0,0.006,0.0,Attack
1.2e-05,udp,-,INT,2,0,2982,0,83333.33039,254,0,993999936.0,0.0,0.012,0.0,Attack
0.004749,udp,-,CON,4,4,568,312,1473.994503,31,29,717624.75,394188.25,1.287,1.106,Normal
1e-06,udp,-,INT,2,0,448,0,1000000.003,254,0,1792000000.0,0.0,0.001,0.0,Attack
1.759138,tcp,smtp,FIN,20,20,4104,1880,22.169949,62,252,17731.41211,8122.159668,92.579526,89.273789,Attack
1e-06,etherip,-,INT,2,0,200,0,1000000.003,254,0,800000000.0,0.0,0.001,0.0,Attack
0.806841,tcp,-,FIN,16,18,1540,1644,40.900251,31,29,14317.56641,15398.3252,53.768799,47.40141,Normal
0.673243,tcp,-,FIN,234,438,13454,548216,996.668385,31,29,159193.6406,6499466.0,2.888103,1.539568,Normal
0.513123,tcp,http,FIN,10,8,788,354,33.13046,254,252,11069.47168,4833.149414,56.907111,71.432,Attack
8e-06,udp,dns,INT,2,0,114,0,125000.0003,254,0,57000000.0,0.0,0.008,0.0,Attack
0.324409,tcp,-,FIN,10,6,1612,268,46.237927,254,252,35781.99219,5523.891113,31.199556,51.389199,Attack
9e-06,udp,dns,INT,2,0,114,0,111111.1072,254,0,50666664.0,0.0,0.009,0.0,Attack
59.760056,ospf,-,INT,180,0,48960,0,2.995312,254,0,6517.79834,0.0,333.854969,0.0,Attack
0.217049,tcp,-,FIN,22,24,2054,2478,207.326454,31,29,72278.60938,87537.83594,10.314286,9.410739,Normal
1.246181,tcp,http,FIN,60,14,68193,612,58.57897,254,252,430480.0,3652.759766,21.121712,82.763383,Attack
0.001065,udp,dns,CON,2,2,132,164,2816.901513,31,29,495774.6563,615962.4375,0.006,0.005,Normal
3e-06,unas,-,INT,2,0,200,0,333333.3215,254,0,266666656.0,0.0,0.003,0.0,Attack
1.34451,tcp,-,FIN,10,10,608,646,14.131543,254,252,3260.66748,3462.97168,149.320778,136.582,Attack
9e-06,udp,dns,INT,2,0,114,0,111111.1072,254,0,50666664.0,0.0,0.009,0.0,Attack
0.490418,tcp,-,FIN,10,6,2574,268,30.586154,254,252,37796.32813,3654.025879,49.145778,93.031398,Attack
0.741407,tcp,-,FIN,10,6,534,268,20.231803,254,252,5190.131836,2417.026123,11477.4781,19125.574,Normal
0.866927,tcp,-,FIN,10,8,564,354,19.609494,254,252,4687.822266,2860.678955,96.325222,115.498,Attack
1.22585,tcp,-,FIN,14,12,784,678,20.394013,254,252,4750.989258,4059.224365,94.296151,97.547453,Normal
8e-06,udp,dns,INT,2,0,114,0,125000.0003,254,0,57000000.0,0.0,0.008,0.0,Attack
1e-05,udp,-,INT,2,0,1064,0,100000.0025,254,0,425600000.0,0.0,0.01,0.0,Normal
3e-06,udp,dns,INT,2,0,114,0,333333.3215,254,0,152000000.0,0.0,0.003,0.0,Attack
8e-06,unas,-,INT,2,0,200,0,125000.0003,254,0,100000000.0,0.0,0.008,0.0,Attack
9e-06,unas,-,INT,2,0,200,0,111111.1072,254,0,88888888.0,0.0,0.009,0.0,Attack
3e-06,udp,dns,INT,2,0,114,0,333333.3215,254,0,152000000.0,0.0,0.003,0.0,Attack
8e-06,udp,dns,INT,2,0,114,0,125000.0003,254,0,57000000.0,0.0,0.008,0.0,Attack
0.345536,tcp,-,FIN,14,12,778,678,72.351363,254,252,16739.21094,14400.81543,26.579692,27.721273,Normal
0.001704,udp,-,CON,4,4,528,304,4107.981093,31,29,1859154.875,1070422.5,0.442667,0.209,Normal
0.486901,tcp,http,FIN,10,6,750,268,30.807085,254,252,11090.55078,3680.419678,53.947,77.854602,Attack
4e-06,bbn-rcc,-,INT,2,0,180,0,250000.0006,254,0,180000000.0,0.0,0.004,0.0,Attack
0.845696,tcp,smtp,FIN,50,24,41137,1928,86.319437,62,252,381366.375,17481.45898,17.259102,35.235566,Attack
0.747104,tcp,-,FIN,12,8,1066,718,25.431533,254,252,10472.4375,6735.34082,74.585698,87.578,Attack
6e-06,unas,-,INT,2,0,200,0,166666.6608,254,0,133333328.0,0.0,0.006,0.0,Attack
8e-06,udp,dns,INT,2,0,114,0,125000.0003,254,0,57000000.0,0.0,0.008,0.0,Attack
9e-06,xns-idp,-,INT,2,0,200,0,111111.1072,254,0,88888888.0,0.0,0.009,0.0,Attack
9e-06,udp,dns,INT,2,0,114,0,111111.1072,254,0,50666664.0,0.0,0.009,0.0,Attack
0.027937,tcp,-,FIN,66,68,3926,57474,4760.711496,31,29,1107348.625,16216200.0,0.425015,0.422338,Normal
0.001048,udp,dns,CON,2,2,146,178,2862.595564,31,29,557251.9375,679389.375,0.001,0.007,Normal
3e-06,unas,-,INT,2,0,200,0,333333.3215,254,0,266666656.0,0.0,0.003,0.0,Attack
6.085835,tcp,smtp,FIN,142,40,162129,2524,29.741194,62,252,211623.2188,3235.053223,43.470251,149.852438,Attack
0.0,arp,-,INT,1,0,46,0,0.0,0,0,0.0,0.0,0.0,0.0,Normal
9e-06,unas,-,INT,2,0,200,0,111111.1072,254,0,88888888.0,0.0,0.009,0.0,Attack
0.526927,tcp,-,FIN,10,10,462,530,36.058126,254,252,6315.865234,7241.989746,58.547444,51.771445,Attack
0.467792,tcp,-,CON,6,2,978,86,14.963915,62,252,13937.81836,735.369568,93.5584,0.003,Normal
0.983422,tcp,-,FIN,12,10,1238,814,21.354007,254,252,9233.066406,5962.852051,89.402001,97.928781,Attack
1.423409,tcp,-,FIN,18,18,1010,3354,24.588857,62,252,5361.775879,17805.14258,83.729941,76.386,Attack
0.261378,udp,-,CON,4,4,568,320,26.781138,31,29,13038.58789,7345.683594,82.01,81.927,Normal
0.001198,udp,dns,CON,2,2,146,178,2504.173535,31,29,487479.125,594323.875,0.009,0.007,Normal
9e-06,sctp,-,INT,2,0,104,0,111111.1072,254,0,46222220.0,0.0,0.009,0.0,Attack
7e-06,udp,dns,INT,2,0,114,0,142857.1409,254,0,65142856.0,0.0,0.007,0.0,Attack
4e-06,zero,-,INT,2,0,200,0,250000.0006,254,0,200000000.0,0.0,0.004,0.0,Attack
7e-06,udp,-,INT,2,0,2050,0,142857.1409,254,0,1171428608.0,0.0,0.007,0.0,Normal
6.549205,tcp,-,FIN,62,304,2686,412206,55.731957,62,252,3228.483643,501863.6875,107.364015,21.283997,Attack
2e-06,udp,dns,INT,2,0,114,0,500000.0013,254,0,228000000.0,0.0,0.002,0.0,Attack
0.453644,tcp,http,FIN,10,8,856,1172,37.474318,62,252,13596.56445,18093.48242,50.404889,61.979145,Attack
9e-06,unas,-,INT,2,0,200,0,111111.1072,254,0,88888888.0,0.0,0.009,0.0,Attack
6.119517,tcp,http,FIN,494,80,642980,3450,93.634843,254,252,838862.3125,4453.946289,12.351707,76.007773,Attack
1.9e-05,ip,-,INT,2,0,180,0,52631.58129,254,0,37894740.0,0.0,0.019,0.0,Attack
7e-06,udp,-,INT,2,0,214,0,142857.1409,254,0,122285712.0,0.0,0.007,0.0,Attack
0.024917,tcp,-,FIN,60,62,3614,50036,4856.12215,31,29,1141068.25,15805755.0,0.431614,0.398525,Normal
9e-06,ipv6-route,-,INT,2,0,200,0,111111.1072,254,0,88888888.0,0.0,0.009,0.0,Attack
1.002324,tcp,-,FIN,60,14,68187,612,72.830742,254,252,535164.3125,4541.445801,16.513356,64.840152,Attack
9e-06,ifmp,-,INT,2,0,200,0,111111.1072,254,0,88888888.0,0.0,0.009,0.0,Attack
0.779585,tcp,-,FIN,10,6,534,268,19.241006,254,252,4935.959473,2298.658936,82.181667,129.473,Normal
1e-05,udp,-,INT,2,0,1064,0,100000.0025,254,0,425600000.0,0.0,0.01,0.0,Attack
0.004436,tcp,-,FIN,22,14,1470,1728,7889.991366,31,29,2532011.0,2894499.75,0.211238,0.288,Normal
0.180182,tcp,-,FIN,10,6,630,268,83.249161,254,252,25174.54688,9945.5,20.020222,25.7516,Normal
9e-06,unas,-,INT,2,0,200,0,111111.1072,254,0,88888888.0,0.0,0.009,0.0,Attack
0.610825,tcp,-,FIN,12,6,4074,268,27.831212,254,252,48917.44922,2933.737061,49.902544,100.707203,Attack
0.683007,tcp,-,FIN,10,8,564,354,24.889935,254,252,5950.158691,3631.002197,75.889667,94.793141,Attack
1e-06,etherip,-,INT,2,0,200,0,1000000.003,254,0,800000000.0,0.0,0.001,0.0,Attack
1.006313,ospf,-,INT,42,0,1890,0,40.742792,254,0,14667.40527,0.0,24.544219,0.0,Attack
0.004458,udp,-,CON,4,4,568,312,1570.210874,31,29,764468.375,419919.25,1.193667,1.015,Normal
8e-06,udp,dns,INT,2,0,114,0,125000.0003,254,0,57000000.0,0.0,0.008,0.0,Attack
0.90049,tcp,-,FIN,10,8,670,354,18.878611,254,252,5357.083496,2754.056152,100.054444,115.377711,Attack
3e-06,udp,dns,INT,2,0,114,0,333333.3215,254,0,152000000.0,0.0,0.003,0.0,Attack
0.536266,tcp,-,FIN,12,12,1144,5706,42.889161,254,252,15648.94922,78035.89844,48.751455,42.652909,Attack
4.870064,tcp,smtp,FIN,92,30,94225,2224,24.84567,62,252,153100.25,3531.78125,53.511716,163.492938,Attack
0.017684,tcp,-,FIN,42,42,2646,23508,4693.508359,31,29,1168513.875,10381814.0,0.435025,0.4305,Normal
9e-06,udp,dns,INT,2,0,114,0,111111.1072,254,0,50666664.0,0.0,0.009,0.0,Attack
9e-06,udp,dns,INT,2,0,114,0,111111.1072,254,0,50666664.0,0.0,0.009,0.0,Attack
9e-06,unas,-,INT,2,0,200,0,111111.1072,254,0,88888888.0,0.0,0.009,0.0,Attack
6e-06,udp,-,INT,2,0,104,0,166666.6608,254,0,69333328.0,0.0,0.006,0.0,Attack
2e-06,udp,-,INT,2,0,216,0,500000.0013,254,0,432000000.0,0.0,0.002,0.0,Attack
1.306102,tcp,-,FIN,12,10,1498,832,16.078376,254,252,8415.881836,4587.696777,118.724,131.684328,Attack
5e-06,udp,-,INT,2,0,168,0,200000.0051,254,0,134400000.0,0.0,0.005,0.0,Attack
8e-06,udp,dns,INT,2,0,114,0,125000.0003,254,0,57000000.0,0.0,0.008,0.0,Attack
6e-06,unas,-,INT,2,0,200,0,166666.6608,254,0,133333328.0,0.0,0.006,0.0,Attack
3e-06,udp,dns,INT,2,0,114,0,333333.3215,254,0,152000000.0,0.0,0.003,0.0,Attack
8e-06,udp,-,INT,2,0,104,0,125000.0003,254,0,52000000.0,0.0,0.008,0.0,Attack
9e-06,unas,-,INT,2,0,200,0,111111.1072,254,0,88888888.0,0.0,0.009,0.0,Attack
0.001018,udp,dns,CON,2,2,130,162,2946.954953,31,29,510805.5313,636542.25,0.009,0.007,Normal
1e-06,unas,-,INT,2,0,200,0,1000000.003,254,0,800000000.0,0.0,0.001,0.0,Attack
0.244846,tcp,http,FIN,10,12,836,6658,85.768197,62,252,24603.2207,199439.6406,27.205111,21.409,Attack
0.012797,tcp,-,FIN,40,42,2542,23508,6329.608558,31,29,1549738.25,14346488.0,0.337459,0.3,Normal
1e-06,udp,dns,INT,2,0,114,0,1000000.003,254,0,456000000.0,0.0,0.001,0.0,Attack
0.064914,tcp,-,FIN,50,50,3062,33044,1525.09467,31,29,369843.1563,3991003.25,1.373936,1.340937,Normal
1.006812,tcp,http,FIN,14,18,1684,10168,30.790257,31,29,12427.3457,76312.16406,77.421464,59.196059,Normal
3e-06,udp,dns,INT,2,0,114,0,333333.3215,254,0,152000000.0,0.0,0.003,0.0,Attack
0.004005,tcp,http,FIN,8,10,1042,824,4244.694137,31,29,1821722.875,1482147.375,0.522429,0.384333,Normal
1.435406,tcp,-,FIN,10,8,534,354,11.843339,254,252,2680.774658,1727.734253,159.489556,198.145141,Attack
4e-06,unas,-,INT,2,0,200,0,250000.0006,254,0,200000000.0,0.0,0.004,0.0,Attack
2.764323,tcp,-,FIN,10,8,564,354,6.149788,254,252,1470.161011,897.145508,304.784333,380.124844,Attack
8e-06,udp,dns,INT,2,0,114,0,125000.0003,254,0,57000000.0,0.0,0.008,0.0,Attack
0.030472,tcp,smtp,FIN,52,42,37492,3380,3051.982228,31,29,9653715.0,866369.125,0.627417,0.729463,Normal
0.38716,tcp,http,FIN,10,6,816,268,38.743672,254,252,15187.51953,4628.577148,35.014778,67.246797,Attack
35.883755,ospf,-,INT,20,0,1280,0,0.529488,254,0,271.097595,0.0,1888.6185,0.0,Attack
3e-06,udp,dns,INT,2,0,114,0,333333.3215,254,0,152000000.0,0.0,0.003,0.0,Attack
8e-06,udp,dns,INT,2,0,114,0,125000.0003,254,0,57000000.0,0.0,0.008,0.0,Attack
1.020038,tcp,-,FIN,10,8,564,354,16.666046,254,252,3984.165283,2431.281982,107.519444,134.201859,Attack
1.418786,tcp,-,FIN,10,8,534,354,11.982074,254,252,2712.177734,1747.973267,157.642889,185.887,Attack
0.048968,tcp,ftp-data,FIN,14,8,8928,424,428.851508,31,29,1354517.25,60611.01172,3.766769,6.909857,Normal
6e-06,unas,-,INT,2,0,200,0,166666.6608,254,0,133333328.0,0.0,0.006,0.0,Attack
4e-06,udp,dns,INT,2,0,114,0,250000.0006,254,0,114000000.0,0.0,0.004,0.0,Attack
9.383048,tcp,ftp,FIN,24,26,1268,1814,5.222184,62,252,1036.763306,1487.789429,407.958609,368.169375,Attack
0.001695,udp,-,CON,4,4,544,304,4129.793548,31,29,1925663.75,1076106.25,0.442333,0.208,Normal
3e-06,udp,dns,INT,2,0,114,0,333333.3215,254,0,152000000.0,0.0,0.003,0.0,Attack
3e-06,udp,dns,INT,2,0,114,0,333333.3215,254,0,152000000.0,0.0,0.003,0.0,Attack
3e-06,udp,dns,INT,2,0,114,0,333333.3215,254,0,152000000.0,0.0,0.003,0.0,Attack
1.740544,tcp,-,FIN,20,12,9258,642,17.810524,254,252,40428.74219,2707.199707,89.980262,151.598734,Attack
0.867678,tcp,smtp,FIN,20,20,2496,1792,44.94755,62,252,21869.86523,15701.67773,45.667262,45.175473,Attack
0.052841,tcp,-,FIN,40,42,2542,23508,1532.900581,31,29,375314.625,3474423.25,1.381526,1.273781,Normal
4e-06,udp,dns,INT,2,0,114,0,250000.0006,254,0,114000000.0,0.0,0.004,0.0,Attack
4e-06,igp,-,INT,2,0,180,0,250000.0006,254,0,180000000.0,0.0,0.004,0.0,Attack
0.002814,tcp,ftp-data,FIN,6,8,320,1826,4619.75834,31,29,759061.8125,4542999.5,0.499,0.332857,Normal
9e-06,ipv6-frag,-,INT,2,0,200,0,111111.1072,254,0,88888888.0,0.0,0.009,0.0,Attack
9e-06,udp,-,INT,2,0,78,0,111111.1072,254,0,34666664.0,0.0,0.009,0.0,Attack
1.616744,tcp,http,FIN,112,20,136021,870,81.02705,254,252,667054.25,4092.175293,14.324756,81.372687,Attack
7e-06,unas,-,INT,2,0,200,0,142857.1409,254,0,114285712.0,0.0,0.007,0.0,Attack
9e-06,unas,-,INT,2,0,200,0,111111.1072,254,0,88888888.0,0.0,0.009,0.0,Attack
0.812524,tcp,http,FIN,10,8,1102,354,20.922458,254,252,9767.095703,3052.217529,90.147,101.01257,Attack
13.998475,tcp,-,REQ,6,0,270,0,0.357182,254,0,128.585434,0.0,2799.695,0.0,Normal
1.008086,tcp,http,FIN,14,18,1684,10168,30.751346,31,29,12411.63965,76215.71875,77.519151,59.166824,Normal
0.848138,tcp,-,FIN,12,8,1466,702,22.402015,254,252,12677.18262,5800.942871,72.869185,104.098711,Attack
0.834994,tcp,-,FIN,108,18,135477,774,149.701671,254,252,1285978.125,7003.643066,9.039945,58.617832,Attack
6e-06,udp,dns,INT,2,0,114,0,166666.6608,254,0,76000000.0,0.0,0.006,0.0,Attack
0.374472,tcp,-,FIN,10,6,534,268,40.0564,254,252,10275.80176,4785.404785,38.590556,63.2,Normal
2e-06,udp,dns,INT,2,0,114,0,500000.0013,254,0,228000000.0,0.0,0.002,0.0,Attack
4e-06,ipnip,-,INT,2,0,180,0,250000.0006,254,0,180000000.0,0.0,0.004,0.0,Attack
1e-06,udp,dns,INT,2,0,114,0,1000000.003,254,0,456000000.0,0.0,0.001,0.0,Attack
7e-06,udp,-,INT,2,0,168,0,142857.1409,254,0,96000000.0,0.0,0.007,0.0,Attack
0.02462,tcp,-,FIN,60,62,3598,48918,4914.703439,31,29,1149959.375,15638993.0,0.426456,0.394869,Normal
0.01687,tcp,-,FIN,48,50,2958,33044,5749.851989,31,29,1373799.75,15356966.0,0.376068,0.340458,Normal
3e-06,udp,dns,INT,2,0,114,0,333333.3215,254,0,152000000.0,0.0,0.003,0.0,Attack
9e-06,unas,-,INT,2,0,200,0,111111.1072,254,0,88888888.0,0.0,0.009,0.0,Attack
5e-06,udp,dns,INT,2,0,114,0,200000.0051,254,0,91200000.0,0.0,0.005,0.0,Attack
0.001726,udp,-,CON,4,4,528,304,4055.619959,31,29,1835457.75,1056778.625,0.453333,0.211,Normal
3e-06,udp,dns,INT,2,0,114,0,333333.3215,254,0,152000000.0,0.0,0.003,0.0,Attack
1.1e-05,udp,-,INT,2,0,2018,0,90909.0902,254,0,733818176.0,0.0,0.011,0.0,Normal
4e-06,udp,-,INT,2,0,1064,0,250000.0006,254,0,1064000000.0,0.0,0.004,0.0,Normal
9e-06,udp,-,INT,2,0,168,0,111111.1072,254,0,74666664.0,0.0,0.009,0.0,Attack
0.89572,tcp,-,FIN,10,6,756,268,16.746305,254,252,6082.257812,2000.625244,96.281778,160.334,Attack
8e-06,unas,-,INT,2,0,200,0,125000.0003,254,0,100000000.0,0.0,0.008,0.0,Attack
1e-05,udp,-,INT,2,0,1774,0,100000.0025,254,0,709600000.0,0.0,0.01,0.0,Attack
9e-06,unas,-,INT,2,0,200,0,111111.1072,254,0,88888888.0,0.0,0.009,0.0,Attack
0.558098,tcp,-,FIN,10,6,756,268,26.876999,254,252,9761.726562,3210.905518,62.010889,85.683602,Attack
0.0,arp,-,INT,1,0,46,0,0.0,0,0,0.0,0.0,60000.808,0.0,Normal
0.609942,tcp,-,FIN,10,6,618,268,24.592501,254,252,7305.612305,2937.984131,64.149111,103.893,Attack
5e-06,udp,dns,INT,2,0,114,0,200000.0051,254,0,91200000.0,0.0,0.005,0.0,Attack
0.027564,tcp,ftp-data,FIN,8,12,424,8824,689.304882,31,29,107676.6797,2347699.75,3.880143,2.458545,Normal
0.037253,tcp,-,FIN,84,86,4862,75600,4536.547411,31,29,1031863.188,16046171.0,0.461237,0.432388,Normal
2.667254,tcp,smtp,FIN,122,34,138616,2374,58.112201,62,252,412349.1875,6913.477539,22.227116,78.399148,Attack
0.861654,tcp,-,FIN,10,6,534,268,17.40838,254,252,4465.82959,2079.721191,92.022556,150.566797,Attack
8e-06,udp,dns,INT,2,0,114,0,125000.0003,254,0,57000000.0,0.0,0.008,0.0,Attack
0.957034,tcp,-,FIN,22,10,17758,808,32.391744,254,252,141696.1094,6085.468262,45.573049,98.061109,Attack
1.434477,tcp,-,FIN,10,8,564,354,11.851009,254,252,2833.088379,1728.853149,159.386333,197.466141,Attack
0.831161,tcp,-,FIN,12,10,1104,816,25.265862,254,252,9740.591797,7074.441406,72.346455,89.368336,Attack
8e-06,udp,dns,INT,2,0,114,0,125000.0003,254,0,57000000.0,0.0,0.008,0.0,Attack
6e-06,udp,dns,INT,2,0,114,0,166666.6608,254,0,76000000.0,0.0,0.006,0.0,Attack
1e-05,udp,-,INT,2,0,168,0,100000.0025,254,0,67200000.0,0.0,0.01,0.0,Attack
0.414647,tcp,-,FIN,28,30,4456,3080,137.466322,31,29,82904.25,57456.09766,15.935732,14.280207,Normal
9e-06,udp,dns,INT,2,0,114,0,111111.1072,254,0,50666664.0,0.0,0.009,0.0,Attack
3e-06,udp,dns,INT,2,0,114,0,333333.3215,254,0,152000000.0,0.0,0.003,0.0,Attack
0.61253,tcp,http,FIN,16,58,1108,67283,119.177838,62,252,13569.94727,863605.0625,40.835333,9.872509,Attack
0.735057,tcp,http,FIN,10,8,912,354,23.127458,254,252,8935.361328,3373.887939,76.44,96.452141,Attack
6e-06,unas,-,INT,2,0,200,0,166666.6608,254,0,133333328.0,0.0,0.006,0.0,Attack
2.051976,tcp,-,FIN,26,70,1374,71934,46.296839,62,252,5154.056641,276443.7813,82.07904,29.304309,Attack
1.791941,tcp,-,FIN,30,74,1506,79618,57.47957,62,252,6500.213867,350649.9375,61.791067,23.997424,Attack
0.424037,tcp,-,FIN,10,6,756,268,35.374271,254,252,12847.93555,4226.046387,46.078111,72.472797,Attack
0.0,arp,-,INT,1,0,46,0,0.0,0,0,0.0,0.0,60000.716,0.0,Normal
0.746482,tcp,-,FIN,10,8,788,354,22.773489,254,252,7609.024414,3322.250244,82.942444,92.390289,Normal
0.00173,udp,-,CON,4,4,544,304,4046.242732,31,29,1886705.125,1054335.25,0.442333,0.212667,Normal
3e-06,udp,dns,INT,2,0,114,0,333333.3215,254,0,152000000.0,0.0,0.003,0.0,Attack
4e-06,udp,-,INT,2,0,1064,0,250000.0006,254,0,1064000000.0,0.0,0.004,0.0,Attack
0.001061,udp,dns,CON,2,2,146,178,2827.521083,31,29,550424.125,671065.0,0.01,0.002,Normal
0.487232,tcp,-,FIN,10,8,1612,354,34.890976,254,252,23824.37891,5089.977539,49.711222,61.57057,Normal
0.006226,tcp,-,FIN,18,18,4136,2456,5621.586975,31,29,5020238.0,2981047.25,0.347118,0.335059,Normal
9e-06,udp,dns,INT,2,0,114,0,111111.1072,254,0,50666664.0,0.0,0.009,0.0,Attack
0.572546,tcp,-,FIN,10,6,546,268,26.198768,254,252,6874.556641,3129.879395,60.308,98.221203,Normal
0.001068,udp,dns,CON,2,2,146,178,2808.988808,31,29,546816.5,666666.6875,0.007,0.007,Normal
9e-06,sctp,-,INT,2,0,104,0,111111.1072,254,0,46222220.0,0.0,0.009,0.0,Attack
0.919757,tcp,-,FIN,12,8,1046,736,20.65763,254,252,8341.333984,5601.479492,81.52182,110.021141,Attack
2.884863,tcp,smtp,FIN,94,30,104328,2364,42.636342,62,252,286236.125,6339.295898,31.019151,96.412586,Attack
2.769401,tcp,smtp,FIN,30,22,13597,1848,18.415534,62,252,37969.21875,5095.686523,95.465759,128.801859,Attack
0.006753,tcp,-,FIN,22,24,1920,4312,6663.705054,31,29,2171479.25,4896194.5,0.31785,0.269435,Normal
4.878373,tcp,-,FIN,248,44,330293,1902,59.651034,62,252,539461.8125,3048.557373,19.680786,111.737328,Attack
1.301429,tcp,-,FIN,10,8,564,354,13.062564,254,252,3122.721191,1905.597534,141.782111,176.772422,Attack
3e-06,unas,-,INT,2,0,200,0,333333.3215,254,0,266666656.0,0.0,0.003,0.0,Attack
5e-06,udp,-,INT,2,0,1064,0,200000.0051,254,0,851200000.0,0.0,0.005,0.0,Attack
6e-06,udp,dns,INT,2,0,114,0,166666.6608,254,0,76000000.0,0.0,0.006,0.0,Attack
0.580808,tcp,ftp,FIN,12,8,5848,462,32.713049,254,252,73841.96094,5578.435547,43.068272,78.245711,Attack
3e-06,udp,dns,INT,2,0,114,0,333333.3215,254,0,152000000.0,0.0,0.003,0.0,Attack
9e-06,udp,dns,INT,2,0,114,0,111111.1072,254,0,50666664.0,0.0,0.009,0.0,Attack
1.00727,tcp,http,FIN,14,18,1684,10168,30.776257,31,29,12421.69434,76277.46094,77.456462,59.220824,Normal
1.73706,tcp,http,FIN,14,18,1684,10168,17.846246,31,29,7202.975586,44231.05859,133.592688,102.147647,Normal
8e-06,netblt,-,INT,2,0,200,0,125000.0003,254,0,100000000.0,0.0,0.008,0.0,Attack
0.349648,tcp,-,FIN,10,6,1612,268,42.900288,254,252,33199.10156,5125.154297,36.560333,55.593801,Attack
0.037309,tcp,ftp,FIN,52,54,2934,3742,2814.334463,31,29,617116.5625,787584.8125,0.73988,0.697885,Normal
1.016037,tcp,-,FIN,10,8,564,354,16.731674,254,252,3999.854492,2440.855957,112.789,133.411422,Attack
0.000108,udp,-,INT,2,0,503,0,9259.259244,64,0,18666666.0,0.0,0.108,0.0,Normal
3e-06,ib,-,INT,2,0,200,0,333333.3215,254,0,266666656.0,0.0,0.003,0.0,Attack
1.472702,tcp,http,FIN,60,16,68187,698,50.926799,254,252,364233.9063,3558.085693,24.882069,93.135797,Attack
15.33261,tcp,-,FIN,460,858,25784,1094788,85.895356,31,29,13423.9375,570555.4375,33.403714,17.911368,Normal
0.029753,tcp,-,FIN,68,70,4014,59460,4604.57776,31,29,1063422.25,15759352.0,0.446212,0.429103,Normal
0.785393,tcp,-,FIN,10,6,756,268,19.098719,254,252,6936.654785,2281.660156,84.837778,131.956406,Attack
1.010863,tcp,http,FIN,14,18,1684,10168,30.666867,31,29,12377.54297,76006.34375,77.732536,59.433882,Normal
7e-06,udp,dns,INT,2,0,114,0,142857.1409,254,0,65142856.0,0.0,0.007,0.0,Attack
0.030047,tcp,-,FIN,72,74,4238,63516,4825.773043,31,29,1112923.125,16682664.0,0.416465,0.409069,Normal
0.076701,tcp,-,FIN,66,68,3926,57474,1734.006068,31,29,403332.4063,5906468.0,1.174969,1.136269,Normal
3e-06,udp,dns,INT,2,0,114,0,333333.3215,254,0,152000000.0,0.0,0.003,0.0,Attack
0.188725,tcp,http,FIN,10,6,1080,268,79.480728,254,252,41202.80859,9495.297852,20.969444,28.906199,Attack
0.039979,tcp,-,FIN,60,62,3614,50036,3026.588986,31,29,711173.375,9850972.0,0.683517,0.64541,Normal
5e-06,wb-mon,-,INT,2,0,200,0,200000.0051,254,0,160000000.0,0.0,0.005,0.0,Attack
54.801079,tcp,-,FIN,20,16,1892,708,0.638674,254,252,262.476593,96.932396,2884.218263,3648.0425,Attack
8e-06,iso-tp4,-,INT,2,0,200,0,125000.0003,254,0,100000000.0,0.0,0.008,0.0,Attack
0.41546,tcp,-,FIN,28,30,4456,3080,137.197327,31,29,82742.02344,57343.66797,15.368555,14.306621,Normal
3e-06,iso-ip,-,INT,2,0,200,0,333333.3215,254,0,266666656.0,0.0,0.003,0.0,Attack
5e-06,sps,-,INT,2,0,200,0,200000.0051,254,0,160000000.0,0.0,0.005,0.0,Attack
0.004972,udp,-,CON,4,4,568,320,1407.884111,31,29,685438.4375,386162.5,1.250333,1.112333,Normal
1e-05,fire,-,INT,2,0,200,0,100000.0025,254,0,80000000.0,0.0,0.01,0.0,Attack
3e-06,sctp,-,INT,2,0,200,0,333333.3215,254,0,266666656.0,0.0,0.003,0.0,Attack
4e-06,udp,dns,INT,2,0,114,0,250000.0006,254,0,114000000.0,0.0,0.004,0.0,Attack
3e-06,udp,-,INT,2,0,904,0,333333.3215,254,0,1205333248.0,0.0,0.003,0.0,Attack
0.240756,tcp,http,FIN,10,8,802,1812,70.610907,62,252,23991.09375,52700.66016,26.750667,32.437285,Attack
0.001036,udp,dns,CON,2,2,130,162,2895.752973,31,29,501930.5,625482.625,0.01,0.007,Normal
0.001181,udp,dns,CON,2,2,146,178,2540.220091,31,29,494496.1875,602878.875,0.01,0.001,Normal
5.386483,tcp,ftp,FIN,26,24,1342,1738,9.096844,62,252,1917.39209,2474.341797,215.459325,230.774734,Attack
9e-06,ipx-n-ip,-,INT,2,0,200,0,111111.1072,254,0,88888888.0,0.0,0.009,0.0,Attack
6e-06,udp,dns,INT,2,0,114,0,166666.6608,254,0,76000000.0,0.0,0.006,0.0,Attack
0.005949,tcp,ssh,FIN,32,24,3728,5474,9245.251463,31,29,4857287.0,7054631.0,0.1983,0.230217,Normal
0.590146,tcp,http,FIN,10,10,784,3712,32.195423,62,252,9570.512695,45290.48828,65.571778,57.215889,Attack
3e-06,udp,dns,INT,2,0,114,0,333333.3215,254,0,152000000.0,0.0,0.003,0.0,Attack
5.667425,rvd,-,INT,4,0,400,0,0.529341,254,0,423.472717,0.0,1889.141625,0.0,Attack
0.025303,tcp,-,FIN,64,66,3806,51808,5098.209581,31,29,1184681.625,16132158.0,0.409197,0.385625,Normal
0.001046,udp,dns,CON,2,2,146,178,2868.068701,31,29,558317.375,680688.3125,0.009,0.006,Normal
0.039937,tcp,-,FIN,90,92,5174,83812,4532.138036,31,29,1025014.375,16606355.0,0.445416,0.4368,Normal
9e-06,udp,dns,INT,2,0,114,0,111111.1072,254,0,50666664.0,0.0,0.009,0.0,Attack
3e-06,ib,-,INT,2,0,200,0,333333.3215,254,0,266666656.0,0.0,0.003,0.0,Attack
0.579435,tcp,http,FIN,10,8,906,354,29.338925,254,252,11266.14746,4280.03125,60.882111,72.73457,Attack
9e-06,unas,-,INT,2,0,200,0,111111.1072,254,0,88888888.0,0.0,0.009,0.0,Attack
0.635,tcp,-,FIN,10,6,582,268,23.622048,254,252,6601.574707,2822.047363,70.555556,107.608797,Attack
9e-06,udp,dns,INT,2,0,114,0,111111.1072,254,0,50666664.0,0.0,0.009,0.0,Attack
9e-06,udp,dns,INT,2,0,114,0,111111.1072,254,0,50666664.0,0.0,0.009,0.0,Attack
0.916513,tcp,-,FIN,10,8,564,354,18.548563,254,252,4434.197754,2705.907959,101.626889,119.74357,Attack
1.187133,tcp,http,FIN,12,18,1580,10168,24.428603,31,29,9764.702148,64720.63672,107.888909,69.769528,Normal
0.045913,tcp,-,FIN,48,50,2958,33044,2112.69141,31,29,504780.7813,5642672.0,1.013422,0.925429,Normal
1e-06,udp,dns,INT,2,0,114,0,1000000.003,254,0,456000000.0,0.0,0.001,0.0,Attack
1.975979,tcp,-,FIN,14,12,956,622,12.651957,254,252,3595.179932,2311.765381,151.982466,171.979359,Attack
0.01696,tcp,-,FIN,48,50,2958,32642,5719.339414,31,29,1366509.375,15089622.0,0.361804,0.335694,Normal
0.79908,tcp,-,FIN,10,8,564,354,21.274465,254,252,5085.848633,3103.569092,87.261667,104.473,Attack
55.691151,udp,-,CON,196,196,111416,146944,7.020864,254,60,15923.24805,21000.82227,282.113031,284.503562,Attack
3.586424,tcp,ftp,FIN,24,22,1272,1620,12.547317,62,252,2719.143066,3450.791016,155.931473,165.218578,Attack
0.0,arp,-,INT,1,0,46,0,0.0,0,0,0.0,0.0,60000.672,0.0,Normal
0.005648,tcp,-,FIN,18,18,3936,2456,6196.883671,31,29,5266289.0,3286119.0,0.312176,0.299,Normal
6e-06,udp,-,INT,2,0,2700,0,166666.6608,254,0,1800000000.0,0.0,0.006,0.0,Attack
0.855683,tcp,-,FIN,10,8,564,354,19.86717,254,252,4749.422363,2898.269531,95.064889,113.84143,Attack
1.380881,tcp,http,FIN,354,746,18890,1087890,795.868752,31,29,109130.3359,6294138.5,3.921932,1.852917,Normal
0.396796,tcp,-,FIN,10,6,888,268,37.802802,254,252,16129.19531,4516.174805,43.098778,66.189602,Attack
5e-06,udp,dns,INT,2,0,114,0,200000.0051,254,0,91200000.0,0.0,0.005,0.0,Attack
1.090903,tcp,smtp,FIN,50,24,41165,1918,66.917038,62,252,295842.9688,13486.0752,22.263327,45.437086,Attack
1.138304,tcp,http,FIN,360,746,19202,1087890,970.742442,31,29,134579.1563,7635443.5,3.169855,1.527262,Normal
0.625753,tcp,http,FIN,14,8,8524,354,33.559568,62,252,101202.875,3963.225098,43.694306,82.735141,Attack
2.338994,tcp,-,FIN,16,18,1540,1644,14.108629,31,29,4938.875488,5311.685059,155.900264,137.342766,Normal
20.515936,tcp,http,FIN,1622,256,2162286,11018,91.489855,254,252,842643.6875,4279.600098,12.642715,80.26968,Attack
0.001068,udp,dns,CON,2,2,146,178,2808.988808,31,29,546816.5,666666.6875,0.008,0.006,Normal
0.001032,udp,dns,CON,2,2,146,178,2906.976908,31,29,565891.5,689922.5,0.008,0.007,Normal
0.004738,tcp,-,FIN,18,18,3960,2456,7387.082812,31,29,6314900.5,3917264.5,0.260941,0.246471,Normal
0.057434,tcp,-,FIN,22,24,1920,4312,783.508026,31,29,255319.1563,575686.875,2.713905,2.471261,Normal
2.514314,tcp,-,FIN,10,8,1122,354,6.761288,254,252,3213.600342,986.352539,276.056222,340.545844,Attack
9e-06,prm,-,INT,2,0,200,0,111111.1072,254,0,88888888.0,0.0,0.009,0.0,Attack
0.0,arp,-,INT,1,0,46,0,0.0,0,0,0.0,0.0,60000.632,0.0,Normal
3e-06,udp,dns,INT,2,0,114,0,333333.3215,254,0,152000000.0,0.0,0.003,0.0,Attack
0.037904,tcp,-,FIN,52,54,3182,39076,2770.156055,31,29,658716.75,8094765.5,0.75166,0.717635,Normal
0.024102,tcp,smtp,FIN,54,40,37938,3276,3858.600863,31,29,12359472.0,1060492.875,0.448208,0.604359,Normal
0.037909,tcp,-,FIN,60,62,3598,48710,3191.854083,31,29,746841.125,10113693.0,0.648224,0.61182,Normal
0.06098,tcp,-,FIN,84,86,4862,75600,2771.400477,31,29,630370.625,9802689.0,0.739463,0.711824,Normal
8e-06,udp,dns,INT,2,0,114,0,125000.0003,254,0,57000000.0,0.0,0.008,0.0,Attack
1.1e-05,udp,-,INT,2,0,1058,0,90909.0902,254,0,384727264.0,0.0,0.011,0.0,Normal
3e-06,udp,-,INT,2,0,280,0,333333.3215,254,0,373333312.0,0.0,0.003,0.0,Attack
0.123949,tcp,-,CON,6,2,986,86,56.474841,62,252,53054.07813,2775.334961,24.7898,0.003,Normal
9e-06,udp,dns,INT,2,0,114,0,111111.1072,254,0,50666664.0,0.0,0.009,0.0,Attack
5e-06,sctp,-,INT,2,0,78,0,200000.0051,254,0,62400000.0,0.0,0.005,0.0,Attack
0.001613,udp,-,CON,4,4,520,304,4339.739771,31,29,1934284.0,1130812.25,0.415667,0.197,Normal
1.013787,tcp,-,FIN,46,90,3202,95042,133.164063,31,29,24723.14063,741662.6875,22.521222,11.51508,Normal
3e-06,udp,dns,INT,2,0,114,0,333333.3215,254,0,152000000.0,0.0,0.003,0.0,Attack
0.742081,tcp,-,FIN,12,8,986,744,25.603674,254,252,9745.567383,7018.102051,63.904729,101.669711,Attack
9e-06,mhrp,-,INT,2,0,200,0,111111.1072,254,0,88888888.0,0.0,0.009,0.0,Attack
5.156936,tcp,ftp,FIN,24,24,1260,1758,9.113939,62,252,1873.980957,2613.955078,224.21461,220.941047,Attack
8.770799,tcp,-,FIN,24,24,2024,4312,5.358691,31,29,1769.508179,3769.782227,381.322132,381.316122,Normal
7.163756,tcp,smtp,FIN,290,64,368587,3554,49.275828,62,252,410194.875,3907.44751,24.874153,112.355109,Attack
8e-06,udp,dns,INT,2,0,114,0,125000.0003,254,0,57000000.0,0.0,0.008,0.0,Attack
8e-06,udp,dns,INT,2,0,114,0,125000.0003,254,0,57000000.0,0.0,0.008,0.0,Attack
0.028796,tcp,-,FIN,48,50,2958,32642,3368.523359,31,29,804834.0,8887345.0,0.606191,0.577898,Normal
8e-06,udp,-,INT,2,0,168,0,125000.0003,254,0,84000000.0,0.0,0.008,0.0,Attack
0.001094,udp,dns,CON,2,2,146,178,2742.230477,31,29,533820.875,650822.6875,0.013,0.006,Normal
1e-06,ipv6-route,-,INT,2,0,200,0,1000000.003,254,0,800000000.0,0.0,0.001,0.0,Attack
1.075526,tcp,-,FIN,30,42,2302,34406,66.014211,31,29,16557.48047,249827.5313,37.076035,26.22061,Normal
7e-06,udp,dns,INT,2,0,114,0,142857.1409,254,0,65142856.0,0.0,0.007,0.0,Attack
5e-06,udp,dns,INT,2,0,114,0,200000.0051,254,0,91200000.0,0.0,0.005,0.0,Attack
0.22341,tcp,ftp-data,FIN,8,12,424,8824,85.045434,31,29,13284.99219,289655.7813,31.870285,20.257364,Normal
0.452181,tcp,-,FIN,10,8,998,354,37.595564,254,252,15905.13477,5484.529297,48.827222,61.99157,Attack
9e-06,unas,-,INT,2,0,200,0,111111.1072,254,0,88888888.0,0.0,0.009,0.0,Attack
1.251065,tcp,http,FIN,14,18,1684,10168,24.778888,31,29,10001.0791,61413.27344,96.208154,73.561882,Normal
0.380277,tcp,-,CON,6,2,978,86,18.407634,62,252,17145.39648,904.60376,76.0554,0.001,Normal
6e-06,unas,-,INT,2,0,200,0,166666.6608,254,0,133333328.0,0.0,0.006,0.0,Attack
2.533735,tcp,-,FIN,238,438,13662,548216,266.405125,31,29,42956.34766,1726984.0,10.689498,5.796702,Normal
0.004855,udp,-,CON,4,4,568,312,1441.81258,31,29,701956.75,385581.875,1.261333,1.058,Normal
0.001035,udp,dns,CON,2,2,130,162,2898.550823,31,29,502415.4688,626087.0,0.009,0.006,Normal
0.787501,tcp,-,FIN,10,6,588,268,19.047595,254,252,5384.120117,2275.552734,87.394889,134.207594,Attack
0.304413,tcp,ssl,FIN,10,10,960,4192,62.415208,254,252,22705.99609,99154.77344,33.823667,32.991556,Attack
0.669794,tcp,-,FIN,10,6,502,268,22.394945,254,252,5398.674805,2675.449463,73.066333,121.177797,Attack
6e-06,xtp,-,INT,2,0,200,0,166666.6608,254,0,133333328.0,0.0,0.006,0.0,Attack
7.591911,tcp,-,FIN,240,438,13766,548216,89.173861,31,29,14445.90234,576366.125,31.764008,17.411491,Normal
0.684539,tcp,-,FIN,12,8,1044,732,27.755905,254,252,11184.16895,7491.172852,60.184815,88.383711,Attack
0.234324,tcp,ftp-data,FIN,14,6,8928,320,81.084313,31,29,283061.0625,9115.583984,18.024924,46.732398,Normal
1.4e-05,mobile,-,INT,1,0,60,0,0.0,0,0,0.0,0.0,0.0,0.0,Attack
6e-06,unas,-,INT,2,0,200,0,166666.6608,254,0,133333328.0,0.0,0.006,0.0,Attack
0.131001,tcp,-,FIN,82,86,4758,75600,1274.799471,31,29,287020.7188,4563080.0,1.613235,1.535741,Normal
0.000988,udp,dns,CON,2,2,130,162,3036.437382,31,29,526315.8125,655870.5,0.001,0.004,Normal
0.252863,tcp,ssh,FIN,32,26,3728,5578,225.418516,31,29,114275.3203,169704.5469,8.156871,10.0862,Normal
0.035201,tcp,-,FIN,30,42,2302,34406,2016.988258,31,29,505894.75,7633192.5,1.202552,0.847122,Normal
9e-06,udp,dns,INT,2,0,114,0,111111.1072,254,0,50666664.0,0.0,0.009,0.0,Attack
9e-06,unas,-,INT,2,0,200,0,111111.1072,254,0,88888888.0,0.0,0.009,0.0,Attack
9e-06,udp,dns,INT,2,0,114,0,111111.1072,254,0,50666664.0,0.0,0.009,0.0,Attack
2e-06,sctp,-,INT,2,0,640,0,500000.0013,254,0,1280000000.0,0.0,0.002,0.0,Attack
3e-06,unas,-,INT,2,0,200,0,333333.3215,254,0,266666656.0,0.0,0.003,0.0,Attack
9e-06,udp,-,INT,2,0,168,0,111111.1072,254,0,74666664.0,0.0,0.009,0.0,Attack
1.083238,tcp,smtp,FIN,28,20,12703,1670,43.388433,62,252,90469.5,11720.41602,40.119927,53.822211,Attack
8e-06,udp,-,INT,2,0,104,0,125000.0003,254,0,52000000.0,0.0,0.008,0.0,Attack
1e-05,fc,-,INT,2,0,200,0,100000.0025,254,0,80000000.0,0.0,0.01,0.0,Attack
2e-06,udp,dns,INT,2,0,114,0,500000.0013,254,0,228000000.0,0.0,0.002,0.0,Attack
9e-06,udp,dns,INT,2,0,114,0,111111.1072,254,0,50666664.0,0.0,0.009,0.0,Attack
1.1366,tcp,http,FIN,20,36,2902,40186,48.389934,62,252,19405.24414,274995.5938,59.821054,30.911456,Attack
2e-06,iplt,-,INT,2,0,200,0,500000.0013,254,0,400000000.0,0.0,0.002,0.0,Attack
1e-05,unas,-,INT,2,0,200,0,100000.0025,254,0,80000000.0,0.0,0.01,0.0,Attack
8e-06,udp,dns,INT,2,0,114,0,125000.0003,254,0,57000000.0,0.0,0.008,0.0,Attack
4.371233,ospf,-,INT,42,0,2688,0,9.379505,254,0,4802.306152,0.0,106.615437,0.0,Attack
0.482657,tcp,-,FIN,10,6,1612,268,31.077971,254,252,24050.20703,3712.781738,51.139222,80.369,Attack
0.557074,tcp,-,FIN,12,8,1186,730,34.106779,254,252,15624.49512,9176.518555,46.693092,69.892711,Attack
0.342957,tcp,-,FIN,10,6,534,268,43.737263,254,252,11220.06543,5225.14502,36.417667,56.938602,Attack
0.066636,tcp,-,FIN,74,74,4342,63516,2206.014649,31,29,514316.5625,7522420.0,0.908479,0.918069,Normal
5e-06,udp,-,INT,2,0,168,0,200000.0051,254,0,134400000.0,0.0,0.005,0.0,Attack
1.204013,tcp,http,FIN,12,10,942,1326,17.441672,62,252,5740.801758,7933.469238,109.455726,127.716555,Normal
9e-06,udp,dns,INT,2,0,114,0,111111.1072,254,0,50666664.0,0.0,0.009,0.0,Attack
3e-06,chaos,-,INT,2,0,200,0,333333.3215,254,0,266666656.0,0.0,0.003,0.0,Attack
0.001088,udp,dns,CON,2,2,146,178,2757.352893,31,29,536764.6875,654411.75,0.009,0.008,Normal
44.994373,tcp,-,FIN,24,20,2308,1654,0.955675,254,252,393.29361,279.501617,1956.277088,2361.9465,Attack
0.002725,tcp,ftp-data,FIN,6,8,320,1946,4770.642154,31,29,783853.1875,4999633.0,0.4804,0.320143,Normal
0.380086,tcp,-,FIN,10,6,1348,268,39.464752,62,252,25552.11133,4714.722168,42.197667,69.747203,Attack
1e-05,trunk-1,-,INT,2,0,200,0,100000.0025,254,0,80000000.0,0.0,0.01,0.0,Attack
1.035154,tcp,http,FIN,112,20,136027,870,126.55122,254,252,1041877.813,6391.319824,9.410491,51.280316,Attack
0.00558,tcp,-,FIN,22,24,2054,2478,8064.515965,31,29,2811469.5,3405017.75,0.249714,0.216783,Normal
9e-06,unas,-,INT,2,0,200,0,111111.1072,254,0,88888888.0,0.0,0.009,0.0,Attack
9e-06,udp,dns,INT,2,0,114,0,111111.1072,254,0,50666664.0,0.0,0.009,0.0,Attack
1.080582,tcp,-,FIN,56,90,3722,95042,134.186945,31,29,27066.89453,695817.625,19.640928,12.274216,Normal
8e-06,unas,-,INT,2,0,200,0,125000.0003,254,0,100000000.0,0.0,0.008,0.0,Attack
1.1e-05,udp,-,INT,2,0,1064,0,90909.0902,254,0,386909088.0,0.0,0.011,0.0,Normal
8e-06,udp,dns,INT,2,0,114,0,125000.0003,254,0,57000000.0,0.0,0.008,0.0,Attack
59.810604,ospf,-,INT,130,0,35360,0,2.156808,254,0,4693.214355,0.0,463.647906,0.0,Attack
0.023872,tcp,-,FIN,52,54,3182,39076,4398.458586,31,29,1045911.563,12852882.0,0.47098,0.447442,Normal
8e-06,udp,dns,INT,2,0,114,0,125000.0003,254,0,57000000.0,0.0,0.008,0.0,Attack
8e-06,udp,dns,INT,2,0,114,0,125000.0003,254,0,57000000.0,0.0,0.008,0.0,Attack
0.346796,tcp,-,FIN,16,18,1540,1644,95.156805,31,29,33310.64844,35825.09375,23.098467,20.367176,Normal
0.784754,tcp,-,FIN,122,126,7820,15306,314.748325,31,29,79066.82031,154800.1094,6.482769,6.324605,Normal
9e-06,ib,-,INT,2,0,200,0,111111.1072,254,0,88888888.0,0.0,0.009,0.0,Attack
0.021954,tcp,smtp,FIN,54,42,37914,3380,4327.229663,31,29,13559989.0,1202514.375,0.415231,0.522854,Normal
1.944419,tcp,-,FIN,10,8,756,354,8.742971,254,252,2801.865234,1275.44519,205.352889,270.724719,Attack
0.001028,udp,dns,CON,2,2,146,178,2918.287859,31,29,568093.375,692607.0,0.008,0.006,Normal
0.521728,tcp,-,FIN,10,6,708,268,28.750614,254,252,9782.875977,3434.73999,57.969778,89.920398,Attack
1.005825,tcp,http,FIN,12,18,1580,10168,28.832052,31,29,11524.86719,76387.03906,91.403366,59.133115,Normal
0.034888,tcp,-,FIN,68,70,4014,59460,3926.851719,31,29,906902.125,13439808.0,0.523818,0.498435,Normal
1.00583,tcp,http,FIN,14,18,1684,10168,30.820316,31,29,12439.47754,76386.66406,77.337308,59.134294,Normal
2.975993,tcp,smtp,FIN,48,24,41142,1992,23.857584,62,252,108293.2656,5131.732422,63.319,126.466828,Attack
0.001743,udp,-,CON,4,4,536,304,4016.064255,31,29,1845094.625,1046471.625,0.441333,0.228667,Normal
0.644034,tcp,-,FIN,10,8,564,354,26.396121,254,252,6310.225586,3850.728271,71.559333,87.485,Attack
8e-06,aris,-,INT,2,0,200,0,125000.0003,254,0,100000000.0,0.0,0.008,0.0,Attack
3e-06,udp,-,INT,2,0,168,0,333333.3215,254,0,224000000.0,0.0,0.003,0.0,Attack
0.024881,tcp,-,FIN,60,62,3614,50036,4863.148646,31,29,1142719.375,15828624.0,0.416542,0.40335,Normal
9e-06,udp,dns,INT,2,0,114,0,111111.1072,254,0,50666664.0,0.0,0.009,0.0,Attack
8e-06,udp,-,INT,2,0,90,0,125000.0003,254,0,45000000.0,0.0,0.008,0.0,Attack
2.226126,tcp,-,FIN,28,84,1454,87000,49.862408,62,252,5041.942871,308931.3125,82.404627,26.46306,Attack
9e-06,udp,dns,INT,2,0,114,0,111111.1072,254,0,50666664.0,0.0,0.009,0.0,Attack
0.001004,udp,dns,CON,2,2,146,178,2988.047923,31,29,581673.3125,709163.375,0.009,0.002,Normal
1.015568,tcp,-,FIN,14,12,774,642,24.616766,254,252,5663.825684,4639.768066,77.012921,79.30118,Normal
8e-06,udp,dns,INT,2,0,114,0,125000.0003,254,0,57000000.0,0.0,0.008,0.0,Attack
0.589827,tcp,-,FIN,10,8,506,354,28.82201,254,252,6184.864258,4204.622559,65.536333,71.076141,Normal
0.018109,tcp,-,FIN,16,18,1540,1644,1822.298369,31,29,637914.875,686067.75,1.1868,1.037941,Normal
3e-06,udp,dns,INT,2,0,114,0,333333.3215,254,0,152000000.0,0.0,0.003,0.0,Attack
5e-06,unas,-,INT,2,0,200,0,200000.0051,254,0,160000000.0,0.0,0.005,0.0,Attack
9e-06,udp,dns,INT,2,0,114,0,111111.1072,254,0,50666664.0,0.0,0.009,0.0,Attack
1.181204,tcp,ftp,FIN,14,12,738,682,21.164846,254,252,4646.106934,4239.742188,90.792462,102.85418,Normal
3.266107,tcp,pop3,FIN,26,60,1206,58114,26.024866,62,252,2841.302979,139973.3594,130.64428,54.832791,Attack
0.739199,tcp,-,FIN,28,30,4840,3080,77.110496,31,29,50519.55078,32229.48242,29.55564,25.471586,Normal
2e-06,udp,dns,INT,2,0,114,0,500000.0013,254,0,228000000.0,0.0,0.002,0.0,Attack
9e-06,udp,dns,INT,2,0,114,0,111111.1072,254,0,50666664.0,0.0,0.009,0.0,Attack
8e-06,udp,dns,INT,2,0,114,0,125000.0003,254,0,57000000.0,0.0,0.008,0.0,Attack
1.117611,tcp,smtp,FIN,22,20,2846,1806,36.685392,62,252,19448.62695,12283.34277,53.219571,58.228949,Attack
9e-06,udp,dns,INT,2,0,114,0,111111.1072,254,0,50666664.0,0.0,0.009,0.0,Attack
8e-06,udp,dns,INT,2,0,114,0,125000.0003,254,0,57000000.0,0.0,0.008,0.0,Attack
9e-06,unas,-,INT,2,0,200,0,111111.1072,254,0,88888888.0,0.0,0.009,0.0,Attack
6e-06,unas,-,INT,2,0,200,0,166666.6608,254,0,133333328.0,0.0,0.006,0.0,Attack
0.90886,tcp,-,FIN,122,126,7820,15306,271.769021,31,29,68270.14063,133661.9531,7.634563,7.325299,Normal
0.410782,tcp,-,FIN,12,8,1550,744,46.253243,254,252,27674.04492,12678.25684,36.433545,49.122715,Attack
1.899618,tcp,-,FIN,10,8,534,354,8.949168,254,252,2025.67041,1305.525635,207.898778,252.920422,Normal
0.261845,tcp,ssh,FIN,32,24,3728,5474,210.047935,31,29,110355.3672,160278.0313,8.446613,11.354652,Normal
9e-06,udp,dns,INT,2,0,114,0,111111.1072,254,0,50666664.0,0.0,0.009,0.0,Attack
3e-06,unas,-,INT,2,0,200,0,333333.3215,254,0,266666656.0,0.0,0.003,0.0,Attack
3e-06,fire,-,INT,2,0,200,0,333333.3215,254,0,266666656.0,0.0,0.003,0.0,Attack
0.107512,tcp,ssh,FIN,106,114,9400,12298,2036.981971,31,29,692908.6875,907136.0,1.060584,0.990269,Normal
5e-06,udp,dns,INT,2,0,114,0,200000.0051,254,0,91200000.0,0.0,0.005,0.0,Attack
7e-06,tp++,-,INT,2,0,200,0,142857.1409,254,0,114285712.0,0.0,0.007,0.0,Attack
0.026356,tcp,smtp,FIN,52,42,37268,3380,3528.608226,31,29,11094855.0,1001669.438,0.541667,0.629512,Normal
3e-06,udp,dns,INT,2,0,114,0,333333.3215,254,0,152000000.0,0.0,0.003,0.0,Attack
6.429971,tcp,-,FIN,68,334,3142,434634,62.364198,62,252,3851.961182,539141.4375,95.969717,18.90951,Attack
3e-06,udp,dns,INT,2,0,114,0,333333.3215,254,0,152000000.0,0.0,0.003,0.0,Attack
4e-06,udp,dns,INT,2,0,114,0,250000.0006,254,0,114000000.0,0.0,0.004,0.0,Attack
0.001069,udp,dns,CON,2,2,132,164,2806.361109,31,29,493919.5625,613657.625,0.009,0.008,Normal
9e-06,udp,dns,INT,2,0,114,0,111111.1072,254,0,50666664.0,0.0,0.009,0.0,Attack
1e-06,udp,dns,INT,2,0,114,0,1000000.003,254,0,456000000.0,0.0,0.001,0.0,Attack
1.18882,tcp,-,FIN,10,8,546,354,14.299894,254,252,3310.845947,2086.102295,10447.3442,13056.435,Attack
2.199879,tcp,ftp,FIN,24,22,1248,1652,20.455671,62,252,4349.330078,5734.86084,95.603738,102.357049,Attack
6e-06,unas,-,INT,2,0,200,0,166666.6608,254,0,133333328.0,0.0,0.006,0.0,Attack
28.579126,tcp,http,FIN,8,10,1052,824,0.59484,31,29,257.810547,207.704041,4082.67,3175.39025,Normal
0.847071,tcp,pop3,FIN,20,20,988,3678,46.041005,62,252,8868.206055,33007.85938,44.582683,43.301262,Attack
9e-06,leaf-1,-,INT,2,0,200,0,111111.1072,254,0,88888888.0,0.0,0.009,0.0,Attack
0.001056,udp,dns,CON,2,2,146,178,2840.909069,31,29,553030.3125,674242.4375,0.009,0.004,Normal
8e-06,udp,dns,INT,2,0,114,0,125000.0003,254,0,57000000.0,0.0,0.008,0.0,Attack
0.60806,tcp,-,FIN,10,8,534,354,27.957767,254,252,6328.322754,4078.544922,6926.6965,8655.616,Attack
0.000991,udp,dns,CON,2,2,130,162,3027.245271,31,29,524722.5,653885.0,0.009,0.009,Normal
4e-06,udp,dns,INT,2,0,114,0,250000.0006,254,0,114000000.0,0.0,0.004,0.0,Attack
3.305801,tcp,smtp,FIN,346,68,437489,3904,124.931903,62,252,1055659.5,9309.695312,9.607044,48.731984,Attack
0.014849,tcp,ftp-data,FIN,8,12,424,8824,1279.547472,31,29,199878.7813,4358004.0,2.067571,1.307182,Normal
0.604727,tcp,-,CON,6,2,978,86,11.575471,62,252,10781.72363,568.851685,120.9454,0.002,Normal
0.001073,udp,dns,CON,2,2,132,164,2795.899292,31,29,492078.2813,611370.0,0.01,0.008,Normal
0.989073,tcp,-,FIN,10,8,564,354,17.187812,254,252,4108.897949,2507.398438,108.300556,133.575859,Attack
0.024925,tcp,-,FIN,52,54,3182,39076,4212.638065,31,29,1001725.188,12309890.0,0.482569,0.459962,Normal
0.008931,tcp,-,FIN,34,36,2230,13500,7725.898741,31,29,1939312.5,11756802.0,0.261364,0.237486,Normal
9e-06,ipv6,-,INT,2,0,200,0,111111.1072,254,0,88888888.0,0.0,0.009,0.0,Attack
0.352768,tcp,-,FIN,10,6,1078,268,42.520863,254,252,22020.13672,5079.825684,33.477667,62.507801,Attack
0.001614,udp,-,CON,4,4,520,304,4337.05094,31,29,1933085.5,1130111.5,0.406333,0.217,Normal
0.155394,udp,-,CON,4,4,568,320,45.046783,31,29,21931.34766,12355.68945,46.660668,46.698,Normal
1e-05,udp,dns,INT,2,0,114,0,100000.0025,254,0,45600000.0,0.0,0.01,0.0,Attack
9e-06,udp,dns,INT,2,0,114,0,111111.1072,254,0,50666664.0,0.0,0.009,0.0,Attack
0.040819,tcp,-,FIN,68,70,4014,59460,3356.280126,31,29,775129.25,11487003.0,0.613712,0.584304,Normal
0.0098,tcp,ssh,FIN,32,24,3728,5474,5612.244831,31,29,2948571.5,4282449.0,0.316129,0.395174,Normal
9e-06,unas,-,INT,2,0,200,0,111111.1072,254,0,88888888.0,0.0,0.009,0.0,Attack
43.872566,ospf,-,INT,42,0,2184,0,0.934525,254,0,388.762299,0.0,1070.062625,0.0,Attack
6e-06,udp,dns,INT,2,0,114,0,166666.6608,254,0,76000000.0,0.0,0.006,0.0,Attack
0.774036,tcp,smtp,FIN,20,20,4018,1872,50.385254,62,252,39460.69922,18386.74219,40.738736,39.908789,Attack
8e-06,unas,-,INT,2,0,200,0,125000.0003,254,0,100000000.0,0.0,0.008,0.0,Attack
7e-06,udp,dns,INT,2,0,114,0,142857.1409,254,0,65142856.0,0.0,0.007,0.0,Attack
0.001082,udp,dns,CON,2,2,146,178,2772.643321,31,29,539741.25,658040.6875,0.009,0.007,Normal
0.353692,tcp,http,FIN,10,6,744,268,42.409781,254,252,15154.42871,5066.555176,33.086333,59.449801,Attack
0.052335,tcp,-,FIN,60,62,3614,50036,2312.028212,31,29,543269.3125,7525212.5,0.896328,0.848984,Normal
1.1e-05,udp,-,INT,2,0,1064,0,90909.0902,254,0,386909088.0,0.0,0.011,0.0,Normal
0.961662,tcp,ftp-data,FIN,8,8,364,2440,15.597996,62,252,2653.739014,17760.91797,137.364714,130.55743,Attack
9e-06,udp,dns,INT,2,0,114,0,111111.1072,254,0,50666664.0,0.0,0.009,0.0,Attack
5e-06,udp,dns,INT,2,0,114,0,200000.0051,254,0,91200000.0,0.0,0.005,0.0,Attack
9e-06,udp,dns,INT,2,0,114,0,111111.1072,254,0,50666664.0,0.0,0.009,0.0,Attack
1.524712,tcp,-,FIN,16,12,1378,678,17.708263,254,252,6778.985352,3263.567139,101.647469,129.489,Normal
3e-06,unas,-,INT,2,0,200,0,333333.3215,254,0,266666656.0,0.0,0.003,0.0,Attack
0.004023,tcp,-,FIN,12,12,1064,2260,5717.126334,31,29,1940840.125,4120308.0,0.334727,0.318364,Normal
0.001755,udp,-,CON,4,4,544,304,3988.604044,31,29,1859829.125,1039316.25,0.455333,0.216667,Normal
1.519138,cbt,-,INT,4,0,360,0,1.974804,254,0,1421.859009,0.0,506.379344,0.0,Attack
0.070478,tcp,-,FIN,48,50,2958,33044,1376.316018,31,29,328840.2188,3675927.25,1.492979,1.428163,Normal
9e-06,sm,-,INT,2,0,200,0,111111.1072,254,0,88888888.0,0.0,0.009,0.0,Attack
9e-06,udp,dns,INT,2,0,114,0,111111.1072,254,0,50666664.0,0.0,0.009,0.0,Attack
2.480012,tcp,-,FIN,12,10,3030,808,8.467701,254,252,8961.24707,2348.375732,218.259369,256.045219,Attack
1.997939,tcp,ssh,FIN,108,116,9504,12402,111.61502,31,29,37702.85156,49234.73828,18.669412,17.368261,Normal
0.039689,tcp,-,FIN,72,74,4238,63516,3653.405162,31,29,842550.8125,12629796.0,0.554423,0.534452,Normal
47.485291,ospf,-,REQ,70,0,19040,0,1.453082,254,0,3161.905518,0.0,693.785,0.0,Attack
1.499931,tcp,-,FIN,10,8,564,354,11.333855,254,252,2709.458008,1653.409424,160.566444,200.154281,Attack
0.227045,tcp,-,FIN,24,24,4248,2768,207.007422,31,29,143442.9375,93479.26563,9.858435,9.847695,Normal
3e-06,udp,dns,INT,2,0,114,0,333333.3215,254,0,152000000.0,0.0,0.003,0.0,Attack
2.478463,tcp,-,FIN,10,8,534,354,6.85909,254,252,1552.575195,1000.620178,275.330333,341.409156,Attack
59.968586,tcp,-,CON,754,374,362674,16082,18.793173,254,252,48317.69922,2139.653564,79.735085,160.361453,Attack
0.436978,tcp,-,FIN,10,6,756,268,34.32667,254,252,12467.44629,4100.893066,44.859222,73.876398,Attack
0.829652,tcp,-,FIN,10,8,534,354,20.490519,254,252,4638.089355,2989.205078,98.532501,108.33443,Normal
0.056251,tcp,-,FIN,48,50,2958,32642,1724.413769,31,29,412010.4375,4549608.0,1.240911,1.138122,Normal
0.993461,tcp,http,FIN,60,14,68189,612,73.480488,254,252,539954.75,4581.961426,16.838322,67.758461,Attack
0.509765,tcp,ssh,FIN,32,24,3728,5474,107.892846,31,29,56684.94141,82328.125,16.444032,22.133043,Normal
0.001045,udp,dns,CON,2,2,146,178,2870.813285,31,29,558851.625,681339.6875,0.009,0.002,Normal
0.480536,tcp,-,FIN,14,14,4706,1248,56.187256,254,252,72752.09375,19295.11914,36.964309,36.034922,Attack
9e-06,udp,dns,INT,2,0,114,0,111111.1072,254,0,50666664.0,0.0,0.009,0.0,Attack
9e-06,unas,-,INT,2,0,200,0,111111.1072,254,0,88888888.0,0.0,0.009,0.0,Attack
1e-05,udp,-,INT,2,0,1064,0,100000.0025,254,0,425600000.0,0.0,0.01,0.0,Normal
0.311881,tcp,-,FIN,122,126,7820,15306,791.968717,31,29,198947.6719,389507.5313,2.662667,2.4906,Normal
3e-06,udp,dns,INT,2,0,114,0,333333.3215,254,0,152000000.0,0.0,0.003,0.0,Attack
0.032996,tcp,-,FIN,122,126,7814,14990,7485.756108,31,29,1879015.75,3605770.5,0.294234,0.259744,Normal
0.028308,tcp,-,FIN,68,70,4014,59460,4839.621237,31,29,1117705.25,16563798.0,0.417224,0.407868,Normal
2e-06,udp,dns,INT,2,0,114,0,500000.0013,254,0,228000000.0,0.0,0.002,0.0,Attack
1e-05,udp,-,INT,2,0,78,0,100000.0025,254,0,31200000.0,0.0,0.01,0.0,Attack
9e-06,udp,dns,INT,2,0,114,0,111111.1072,254,0,50666664.0,0.0,0.009,0.0,Attack
0.671311,tcp,-,FIN,12,8,996,722,28.302827,254,252,10880.20313,7531.53125,61.028274,80.57043,Attack
3.11608,tcp,ftp,FIN,52,54,2934,3742,33.696182,31,29,7388.770508,9429.795898,61.092569,58.784527,Normal
9e-06,udp,dns,INT,2,0,114,0,111111.1072,254,0,50666664.0,0.0,0.009,0.0,Attack
0.001075,udp,dns,CON,2,2,130,162,2790.69758,31,29,483720.9063,602790.6875,0.009,0.007,Normal
1e-06,sep,-,INT,2,0,104,0,1000000.003,254,0,416000000.0,0.0,0.001,0.0,Attack
0.024313,tcp,-,FIN,60,62,3614,50036,4976.761588,31,29,1169415.625,16198413.0,0.406,0.394833,Normal
0.009733,tcp,-,FIN,18,18,4528,2456,3596.013622,31,29,3515463.0,1906914.625,0.553353,0.466412,Normal
5e-06,udp,dns,INT,2,0,114,0,200000.0051,254,0,91200000.0,0.0,0.005,0.0,Attack
1.7e-05,udp,dns,INT,2,0,114,0,58823.52838,254,0,26823528.0,0.0,0.017,0.0,Attack
0.048971,tcp,ftp-data,FIN,14,8,8928,424,428.825214,31,29,1354434.25,60607.29688,3.767,6.906571,Normal
1.682641,tcp,smtp,FIN,24,20,4797,1746,25.555064,62,252,21860.87109,7887.600586,73.114044,86.136789,Attack
8e-06,udp,dns,INT,2,0,114,0,125000.0003,254,0,57000000.0,0.0,0.008,0.0,Attack
1e-06,sat-expak,-,INT,2,0,200,0,1000000.003,254,0,800000000.0,0.0,0.001,0.0,Attack
5e-06,udp,dns,INT,2,0,114,0,200000.0051,254,0,91200000.0,0.0,0.005,0.0,Attack
0.965666,tcp,ftp,FIN,22,22,1190,1640,44.528854,62,252,9411.121094,12973.42969,45.984095,44.607523,Attack
6e-06,udp,dns,INT,2,0,114,0,166666.6608,254,0,76000000.0,0.0,0.006,0.0,Attack
2e-06,udp,dns,INT,2,0,114,0,500000.0013,254,0,228000000.0,0.0,0.002,0.0,Attack
0.668558,tcp,http,FIN,10,6,694,268,22.436348,254,252,7478.782715,2680.395752,69.357333,120.905203,Attack
1.744389,tcp,http,FIN,10,8,1102,354,9.745532,254,252,4549.443848,1421.701172,189.282889,228.814141,Attack
9e-06,narp,-,INT,2,0,200,0,111111.1072,254,0,88888888.0,0.0,0.009,0.0,Attack
5e-06,udp,dns,INT,2,0,114,0,200000.0051,254,0,91200000.0,0.0,0.005,0.0,Attack
0.001123,udp,dns,CON,2,2,146,178,2671.415725,31,29,520035.5938,634016.0,0.001,0.001,Normal
9e-06,udp,dns,INT,2,0,114,0,111111.1072,254,0,50666664.0,0.0,0.009,0.0,Attack
0.046527,tcp,ftp-data,FIN,6,8,320,1888,279.407666,31,29,45908.82813,284050.125,9.2422,6.57,Normal
9e-06,udp,dns,INT,2,0,114,0,111111.1072,254,0,50666664.0,0.0,0.009,0.0,Attack
0.204258,tcp,http,FIN,10,6,1018,268,73.436538,254,252,35915.36328,8773.21875,20.749111,39.071801,Attack
6e-06,udp,dns,INT,2,0,114,0,166666.6608,254,0,76000000.0,0.0,0.006,0.0,Attack
3e-06,udp,dns,INT,2,0,114,0,333333.3215,254,0,152000000.0,0.0,0.003,0.0,Attack
9e-06,udp,dns,INT,2,0,114,0,111111.1072,254,0,50666664.0,0.0,0.009,0.0,Attack
1.264006,tcp,-,FIN,28,26,3970,3422,41.93018,254,252,24234.0625,20829.01563,46.815037,50.26448,Attack
0.94467,tcp,-,FIN,12,10,1058,802,22.229985,254,252,8214.508789,6114.304199,82.166182,97.242219,Attack
0.233692,tcp,-,FIN,10,6,990,268,64.187048,254,252,30501.68555,7668.212891,25.965778,44.483398,Attack
0.081922,tcp,-,FIN,60,62,3614,50036,1477.014683,31,29,347061.8438,4807402.0,1.431807,1.333557,Normal
1e-06,udp,dns,INT,2,0,114,0,1000000.003,254,0,456000000.0,0.0,0.001,0.0,Attack
1.589881,tcp,-,FIN,14,10,5158,796,14.466492,254,252,24102.43359,3607.817383,119.622076,165.897891,Attack
8e-06,udp,dns,INT,2,0,114,0,125000.0003,254,0,57000000.0,0.0,0.008,0.0,Attack
0.080978,tcp,-,FIN,64,66,3806,51808,1593.025292,31,29,370174.625,5040776.5,1.28027,1.233585,Normal
0.546116,tcp,-,FIN,10,6,534,268,27.466692,254,252,7046.12207,3281.354248,56.124778,86.667602,Attack
1.309349,tcp,-,FIN,10,8,564,354,12.983552,254,252,3103.832764,1894.071167,138.454889,169.902141,Attack
0.02971,tcp,smtp,FIN,52,42,37268,3380,3130.259132,31,29,9842343.0,888589.6875,0.574314,0.710927,Normal
2.74798,tcp,http,FIN,14,42,964,46252,20.014701,62,252,2608.461426,131444.9063,211.349154,63.186197,Attack
1.006912,tcp,http,FIN,12,18,1580,10168,28.800928,31,29,11512.42578,76304.58594,91.505271,59.200176,Normal
0.098944,tcp,-,FIN,52,54,3182,39076,1061.206329,31,29,252344.7656,3100986.5,1.933549,1.845962,Normal
2e-06,unas,-,INT,2,0,200,0,500000.0013,254,0,400000000.0,0.0,0.002,0.0,Attack
0.356283,tcp,ftp-data,FIN,6,8,320,1932,36.487847,31,29,5995.233887,37969.81641,71.1932,50.82943,Normal
35.186535,udp,dns,INT,116,0,11136,0,3.268296,254,0,2510.051025,0.0,305.969875,0.0,Attack
0.068367,tcp,ftp-data,FIN,6,8,320,1838,190.150227,31,29,31243.14453,188277.9844,13.61,9.69,Normal
9e-06,unas,-,INT,2,0,200,0,111111.1072,254,0,88888888.0,0.0,0.009,0.0,Attack
1.6e-05,unas,-,INT,2,0,200,0,62500.00016,254,0,50000000.0,0.0,0.016,0.0,Attack
0.869432,tcp,-,FIN,12,6,3536,268,19.552996,254,252,29830.9707,2061.115723,78.7821,155.214203,Attack
0.023953,tcp,-,FIN,52,54,3182,39076,4383.584504,31,29,1042374.625,12809418.0,0.463078,0.441755,Normal
6e-06,udp,dns,INT,2,0,114,0,166666.6608,254,0,76000000.0,0.0,0.006,0.0,Attack
4e-06,udp,-,INT,2,0,1890,0,250000.0006,254,0,1890000000.0,0.0,0.004,0.0,Attack
9e-06,isis,-,INT,2,0,200,0,111111.1072,254,0,88888888.0,0.0,0.009,0.0,Attack
4e-06,udp,-,INT,2,0,78,0,250000.0006,254,0,78000000.0,0.0,0.004,0.0,Attack
0.22187,tcp,smtp,FIN,52,42,37232,3380,419.164366,31,29,1316662.875,118988.5938,4.43064,5.398732,Normal
0.874432,tcp,-,FIN,10,8,2516,354,19.441191,254,252,20722.02148,2836.126709,97.061444,108.00143,Normal
0.005133,udp,-,CON,4,4,568,312,1363.724863,31,29,663939.1875,364699.0,1.268333,1.217333,Normal
0.625242,tcp,http,FIN,14,20,1876,17842,52.779564,62,252,22288.9707,216876.0313,48.095538,26.683105,Attack
1.221676,tcp,ftp-data,FIN,8,8,364,616,12.278215,62,252,2088.933594,3529.577393,174.525143,166.404859,Attack
0.378437,tcp,-,FIN,10,6,1612,268,39.636715,254,252,30673.5332,4735.266113,40.252111,70.681203,Attack
3e-06,udp,dns,INT,2,0,114,0,333333.3215,254,0,152000000.0,0.0,0.003,0.0,Attack
3e-06,udp,dns,INT,2,0,114,0,333333.3215,254,0,152000000.0,0.0,0.003,0.0,Attack
0.700095,tcp,http,FIN,16,8,7608,1158,32.852684,254,252,81508.9375,11586.99902,46.58,91.89257,Attack
0.20037,tcp,http,FIN,10,6,936,268,74.861507,254,252,33657.73438,8943.455078,20.455333,38.424801,Attack
1e-05,ipcv,-,INT,2,0,200,0,100000.0025,254,0,80000000.0,0.0,0.01,0.0,Attack
3e-06,udp,-,INT,2,0,104,0,333333.3215,254,0,138666656.0,0.0,0.003,0.0,Attack
0.550515,tcp,http,FIN,10,6,1006,268,27.247214,254,252,13165.85352,3255.133789,58.189222,96.166,Attack
1.079907,tcp,http,FIN,10,12,822,4050,19.44612,62,252,5481.953613,27506.07422,119.933444,86.396,Attack
2.584773,tcp,http,FIN,10,12,820,7286,8.124504,62,252,2284.146484,20671.83398,287.197,225.615364,Attack
8e-06,ddp,-,INT,2,0,200,0,125000.0003,254,0,100000000.0,0.0,0.008,0.0,Attack
0.005269,tcp,-,FIN,18,18,3936,2456,6642.626885,31,29,5645094.0,3522490.25,0.291647,0.282353,Normal
1.78555,tcp,-,FIN,28,68,1420,69958,53.204895,62,252,6138.164551,308834.8125,66.131484,25.239149,Attack
0.013981,tcp,-,FIN,42,40,2646,23404,5793.577168,31,29,1478005.875,13057149.0,0.3395,0.345692,Normal
8e-06,udp,dns,INT,2,0,114,0,125000.0003,254,0,57000000.0,0.0,0.008,0.0,Attack
5e-06,udp,dns,INT,2,0,114,0,200000.0051,254,0,91200000.0,0.0,0.005,0.0,Attack
0.750889,tcp,http,FIN,12,10,1384,3676,27.96685,62,252,13519.97461,35254.21094,68.262634,75.989664,Attack
2e-06,micp,-,INT,2,0,200,0,500000.0013,254,0,400000000.0,0.0,0.002,0.0,Attack
0.119659,tcp,-,FIN,72,74,4238,63516,1211.776808,31,29,279460.8125,4189104.0,1.680338,1.630959,Normal
32.175282,tcp,-,FIN,30,28,1702,1596,1.771546,254,252,409.25827,382.653992,1108.987827,1190.753648,Attack
9e-06,udp,dns,INT,2,0,114,0,111111.1072,254,0,50666664.0,0.0,0.009,0.0,Attack
1.529903,tcp,-,FIN,122,126,7820,15306,161.448138,31,29,40556.81641,79403.72656,12.640909,12.232176,Normal
9e-06,udp,dns,INT,2,0,114,0,111111.1072,254,0,50666664.0,0.0,0.009,0.0,Attack
8e-06,unas,-,INT,2,0,200,0,125000.0003,254,0,100000000.0,0.0,0.008,0.0,Attack
8e-06,udp,dns,INT,2,0,114,0,125000.0003,254,0,57000000.0,0.0,0.008,0.0,Attack
1e-05,udp,-,INT,2,0,168,0,100000.0025,254,0,67200000.0,0.0,0.01,0.0,Attack
1.005859,tcp,http,FIN,12,18,1580,10168,28.831078,31,29,11524.47754,76384.46094,91.409091,59.136234,Normal
1e-05,sctp,-,INT,2,0,152,0,100000.0025,254,0,60800000.0,0.0,0.01,0.0,Attack
0.387059,tcp,-,FIN,10,6,1668,268,38.753781,254,252,31044.36328,4629.785156,39.142444,63.124602,Attack
1.4e-05,mobile,-,INT,1,0,60,0,0.0,0,0,0.0,0.0,0.0,0.0,Attack
0.018331,tcp,ssh,FIN,106,114,9400,12298,11946.97469,31,29,4063935.25,5320386.0,0.18024,0.165794,Normal
5e-06,udp,dns,INT,2,0,114,0,200000.0051,254,0,91200000.0,0.0,0.005,0.0,Attack
9e-06,unas,-,INT,2,0,200,0,111111.1072,254,0,88888888.0,0.0,0.009,0.0,Attack
0.970523,tcp,http,FIN,10,14,800,10490,23.698563,62,252,5934.944336,80294.85156,99.017,67.378077,Attack
1.292958,tcp,ftp,FIN,52,54,2934,3742,81.209133,31,29,17807.22852,22726.18164,25.345667,24.384527,Normal
7.723503,tcp,-,REQ,10,0,450,0,1.165274,254,0,419.498749,0.0,858.167,0.0,Normal
0.001084,udp,dns,CON,2,2,146,178,2767.527704,31,29,538745.375,656826.5625,0.009,0.006,Normal
8e-06,udp,dns,INT,2,0,114,0,125000.0003,254,0,57000000.0,0.0,0.008,0.0,Attack
1e-06,udp,dns,INT,2,0,114,0,1000000.003,254,0,456000000.0,0.0,0.001,0.0,Attack
0.892586,tcp,-,FIN,10,8,588,354,19.045784,254,252,4750.242676,2778.443848,99.092444,116.249711,Attack
1.051516,cbt,-,INT,4,0,360,0,2.853023,254,0,2054.177002,0.0,350.505344,0.0,Attack
0.016978,tcp,-,FIN,48,50,2958,32642,5713.27622,31,29,1365060.75,15073625.0,0.354362,0.343292,Normal
0.511826,tcp,smtp,FIN,54,38,37938,3172,177.794805,31,29,582010.3125,48282.03516,9.650774,13.820433,Normal
1e-06,udp,-,INT,2,0,168,0,1000000.003,254,0,672000000.0,0.0,0.001,0.0,Attack
3.871476,tcp,-,FIN,28,94,1440,103490,31.25423,62,252,2870.223145,211578.2188,143.38334,40.684582,Attack
8e-06,udp,dns,INT,2,0,114,0,125000.0003,254,0,57000000.0,0.0,0.008,0.0,Attack
0.017504,tcp,-,FIN,16,18,1540,1644,1885.283453,31,29,659963.4375,709780.625,1.1462,1.002941,Normal
1e-06,netblt,-,INT,2,0,200,0,1000000.003,254,0,800000000.0,0.0,0.001,0.0,Attack
9e-06,eigrp,-,INT,2,0,200,0,111111.1072,254,0,88888888.0,0.0,0.009,0.0,Attack
2.12719,tcp,ftp,FIN,24,22,1240,1634,21.154668,62,252,4471.626465,5866.894531,92.444698,99.692766,Attack
0.582979,tcp,-,FIN,10,6,602,268,25.729914,254,252,7437.660645,3073.866943,61.421111,109.471,Attack
8e-06,udp,dns,INT,2,0,114,0,125000.0003,254,0,57000000.0,0.0,0.008,0.0,Attack
9e-06,udp,dns,INT,2,0,114,0,111111.1072,254,0,50666664.0,0.0,0.009,0.0,Attack
8e-06,udp,-,INT,2,0,78,0,125000.0003,254,0,39000000.0,0.0,0.008,0.0,Normal
0.001132,udp,dns,CON,2,2,130,162,2650.176667,31,29,459363.9688,572438.1875,0.008,0.004,Normal
0.000956,udp,dns,CON,2,2,130,162,3138.075302,31,29,543933.0625,677824.25,0.001,0.002,Normal
3.980463,tcp,smtp,FIN,34,22,22478,2014,13.817488,62,252,43848.16406,3864.876953,120.59051,180.390953,Attack
0.001017,udp,dns,CON,2,2,130,162,2949.852669,31,29,511307.7813,637168.1875,0.009,0.007,Normal
5e-06,unas,-,INT,2,0,200,0,200000.0051,254,0,160000000.0,0.0,0.005,0.0,Attack
8e-06,udp,dns,INT,2,0,114,0,125000.0003,254,0,57000000.0,0.0,0.008,0.0,Attack
9e-06,udp,dns,INT,2,0,114,0,111111.1072,254,0,50666664.0,0.0,0.009,0.0,Attack
9e-06,udp,dns,INT,2,0,114,0,111111.1072,254,0,50666664.0,0.0,0.009,0.0,Attack
0.253369,udp,-,CON,4,4,568,320,27.627689,31,29,13450.73731,7577.880371,79.681664,79.308336,Normal
9e-06,udp,dns,INT,2,0,114,0,111111.1072,254,0,50666664.0,0.0,0.009,0.0,Attack
9e-06,udp,dns,INT,2,0,114,0,111111.1072,254,0,50666664.0,0.0,0.009,0.0,Attack
1e-06,udp,-,INT,2,0,78,0,1000000.003,254,0,312000000.0,0.0,0.001,0.0,Normal
9e-06,udp,dns,INT,2,0,114,0,111111.1072,254,0,50666664.0,0.0,0.009,0.0,Attack
6e-06,udp,dns,INT,2,0,114,0,166666.6608,254,0,76000000.0,0.0,0.006,0.0,Attack
2.198165,tcp,smtp,FIN,22,22,3166,1842,19.561771,62,252,11001.9043,6401.703613,104.628951,102.300953,Attack
8e-06,udp,dns,INT,2,0,114,0,125000.0003,254,0,57000000.0,0.0,0.008,0.0,Attack
0.535115,tcp,-,FIN,16,12,912,694,50.456444,254,252,12782.29883,9523.186523,35.142465,45.909363,Attack
0.655339,tcp,-,FIN,14,16,790,902,44.251906,254,252,8960.248047,10327.47949,50.410694,38.4678,Attack
2e-06,nsfnet-igp,-,INT,2,0,200,0,500000.0013,254,0,400000000.0,0.0,0.002,0.0,Attack
1.074054,tcp,http,FIN,10,8,866,1252,15.827882,62,252,5809.763672,8163.462891,119.214,142.331,Attack
4e-06,udp,dns,INT,2,0,114,0,250000.0006,254,0,114000000.0,0.0,0.004,0.0,Attack
4.737405,tcp,ftp,FIN,26,22,1330,1624,9.921044,62,252,2159.832275,2619.155518,189.4962,218.023518,Attack
2.439612,tcp,pop3,FIN,24,42,1150,31506,26.643582,62,252,3616.96875,100855.3828,106.07009,58.904804,Attack
8e-06,udp,dns,INT,2,0,114,0,125000.0003,254,0,57000000.0,0.0,0.008,0.0,Attack
5.295671,tcp,-,FIN,30,46,3756,33520,14.162511,62,252,5485.234863,49537.82031,182.577213,115.658997,Attack
9e-06,mobile,-,INT,2,0,200,0,111111.1072,254,0,88888888.0,0.0,0.009,0.0,Attack
1.68882,tcp,http,FIN,10,8,2808,354,10.0662,254,252,11975.22559,1468.480957,187.646667,227.545422,Attack
8e-06,udp,dns,INT,2,0,114,0,125000.0003,254,0,57000000.0,0.0,0.008,0.0,Attack
0.001045,udp,dns,CON,2,2,146,178,2870.813285,31,29,558851.625,681339.6875,0.005,0.007,Normal
9e-06,udp,dns,INT,2,0,114,0,111111.1072,254,0,50666664.0,0.0,0.009,0.0,Attack
0.950542,tcp,http,FIN,10,8,980,1746,17.884534,254,252,7423.133301,12860.03223,105.615778,120.407711,Attack
0.001085,udp,dns,CON,2,2,146,178,2764.976968,31,29,538248.875,656221.1875,0.009,0.003,Normal
5e-06,smp,-,INT,2,0,200,0,200000.0051,254,0,160000000.0,0.0,0.005,0.0,Attack
9e-06,udp,dns,INT,2,0,114,0,111111.1072,254,0,50666664.0,0.0,0.009,0.0,Attack
1e-05,unas,-,INT,2,0,200,0,100000.0025,254,0,80000000.0,0.0,0.01,0.0,Attack
3.560573,tcp,smtp,FIN,52,24,48150,1912,21.064025,62,252,106106.5156,4118.437988,69.811845,149.665781,Attack
1.29921,tcp,http,FIN,14,18,1684,10168,23.860655,31,29,9630.467773,59137.47656,99.912846,76.396706,Normal
8e-06,unas,-,INT,2,0,200,0,125000.0003,254,0,100000000.0,0.0,0.008,0.0,Attack
9e-06,udp,dns,INT,2,0,114,0,111111.1072,254,0,50666664.0,0.0,0.009,0.0,Attack
0.018164,tcp,-,FIN,16,18,1540,1644,1816.780491,31,29,635983.25,683990.3125,1.190733,1.041823,Normal
4e-06,udp,dns,INT,2,0,114,0,250000.0006,254,0,114000000.0,0.0,0.004,0.0,Attack
0.01298,tcp,-,FIN,34,36,2230,13500,5315.870523,31,29,1334360.5,8089368.0,0.394937,0.354486,Normal
3e-06,udp,dns,INT,2,0,114,0,333333.3215,254,0,152000000.0,0.0,0.003,0.0,Attack
5e-06,unas,-,INT,2,0,200,0,200000.0051,254,0,160000000.0,0.0,0.005,0.0,Attack
6e-06,udp,dns,INT,2,0,114,0,166666.6608,254,0,76000000.0,0.0,0.006,0.0,Attack
9e-06,unas,-,INT,2,0,200,0,111111.1072,254,0,88888888.0,0.0,0.009,0.0,Attack
8e-06,udp,-,INT,2,0,104,0,125000.0003,254,0,52000000.0,0.0,0.008,0.0,Normal
0.708682,tcp,-,FIN,16,8,9084,468,32.454613,254,252,96144.67188,4628.310059,45.842666,91.770711,Attack
8e-06,unas,-,INT,2,0,200,0,125000.0003,254,0,100000000.0,0.0,0.008,0.0,Attack
3e-06,udp,dns,INT,2,0,114,0,333333.3215,254,0,152000000.0,0.0,0.003,0.0,Attack
6e-06,unas,-,INT,2,0,200,0,166666.6608,254,0,133333328.0,0.0,0.006,0.0,Attack
3e-06,udp,dns,INT,2,0,114,0,333333.3215,254,0,152000000.0,0.0,0.003,0.0,Attack
1.0083,tcp,-,FIN,10,6,756,268,14.876526,254,252,5403.154297,1777.248901,109.058556,178.282797,Attack
2e-06,udp,dns,INT,2,0,114,0,500000.0013,254,0,228000000.0,0.0,0.002,0.0,Attack
3e-06,ipv6-route,-,INT,2,0,200,0,333333.3215,254,0,266666656.0,0.0,0.003,0.0,Attack
0.061049,udp,-,CON,4,4,520,304,114.661994,31,29,51106.48828,29877.63867,15.336667,7.630333,Normal
6e-06,udp,-,INT,2,0,232,0,166666.6608,254,0,154666656.0,0.0,0.006,0.0,Attack
1.060388,tcp,-,FIN,10,8,564,354,16.031868,254,252,3832.55957,2338.766602,117.579778,142.978859,Attack
0.185529,tcp,http,FIN,10,6,770,268,80.849897,254,252,29882.12109,9658.868164,18.938667,35.812801,Attack
6e-06,udp,dns,INT,2,0,114,0,166666.6608,254,0,76000000.0,0.0,0.006,0.0,Attack
8e-06,udp,dns,INT,2,0,114,0,125000.0003,254,0,57000000.0,0.0,0.008,0.0,Attack
1.213061,ospf,-,INT,28,0,3024,0,22.257743,254,0,19230.68945,0.0,44.928184,0.0,Attack
0.602352,tcp,-,FIN,10,8,2516,354,28.222699,254,252,30082.07617,4117.193848,62.877444,73.724,Attack
9e-06,udp,dns,INT,2,0,114,0,111111.1072,254,0,50666664.0,0.0,0.009,0.0,Attack
58.881458,ospf,-,REQ,68,0,18496,0,1.137879,254,0,2476.025635,0.0,919.770813,0.0,Attack
0.455245,tcp,ftp-data,FIN,14,6,8928,320,41.73577,31,29,145697.375,4691.979004,35.018846,90.926398,Normal
6e-06,udp,dns,INT,2,0,114,0,166666.6608,254,0,76000000.0,0.0,0.006,0.0,Attack
0.001076,udp,dns,CON,2,2,146,178,2788.103975,31,29,542750.9375,661710.0,0.004,0.007,Normal
0.447748,tcp,-,FIN,10,6,524,268,33.500987,254,252,8433.31543,4002.251221,49.645222,71.710398,Normal
3e-06,udp,dns,INT,2,0,114,0,333333.3215,254,0,152000000.0,0.0,0.003,0.0,Attack
0.615675,tcp,http,FIN,10,8,870,1386,27.611972,62,252,10174.19922,15761.56348,68.408333,81.533711,Normal
9e-06,tcf,-,INT,2,0,200,0,111111.1072,254,0,88888888.0,0.0,0.009,0.0,Attack
1.00594,tcp,http,FIN,12,18,1580,10168,28.828758,31,29,11523.55078,76378.3125,91.416544,59.144233,Normal
1.659229,tcp,ftp-data,FIN,8,8,364,966,9.040343,62,252,1538.063721,4079.00293,236.91342,229.409141,Attack
9e-06,udp,dns,INT,2,0,114,0,111111.1072,254,0,50666664.0,0.0,0.009,0.0,Attack
1e-05,udp,dns,INT,2,0,114,0,100000.0025,254,0,45600000.0,0.0,0.01,0.0,Attack
9e-06,udp,dns,INT,2,0,114,0,111111.1072,254,0,50666664.0,0.0,0.009,0.0,Attack
0.01708,tcp,-,FIN,16,18,1540,1644,1932.084346,31,29,676346.625,727400.5,1.1168,0.977941,Normal
2.145412,tcp,smtp,FIN,104,32,116202,2226,62.924978,62,252,429139.0313,8043.210449,20.829243,65.822609,Attack
0.068921,tcp,-,FIN,48,50,2958,33044,1407.408487,31,29,336269.0625,3758970.5,1.491478,1.395592,Normal
9e-06,udp,dns,INT,2,0,114,0,111111.1072,254,0,50666664.0,0.0,0.009,0.0,Attack
2.334099,tcp,-,FIN,10,8,564,354,7.283324,254,252,1741.142944,1062.508423,250.926889,322.279156,Attack
7e-06,udp,dns,INT,2,0,114,0,142857.1409,254,0,65142856.0,0.0,0.007,0.0,Attack
0.709164,tcp,-,FIN,10,8,534,354,23.971887,254,252,5426.107422,3497.075195,6260.8607,7814.28,Normal
4e-06,unas,-,INT,2,0,200,0,250000.0006,254,0,200000000.0,0.0,0.004,0.0,Attack
2.446861,tcp,-,FIN,60,14,68023,612,29.834142,254,252,218696.5156,1860.342651,40.383356,182.133469,Attack
0.453904,tcp,-,CON,6,2,978,86,15.421763,62,252,14364.27051,757.869507,90.7808,0.007,Normal
0.018947,tcp,-,FIN,16,18,1540,1644,1741.700562,31,29,609700.75,655723.875,1.241933,1.087412,Normal
1.086836,tcp,-,FIN,122,126,7818,15180,227.265203,31,29,57075.76953,110853.8906,9.054167,8.690808,Normal
0.014115,tcp,http,FIN,8,10,1048,824,1204.392478,31,29,519730.7813,420545.5,1.968,1.515333,Normal
9e-06,pri-enc,-,INT,2,0,200,0,111111.1072,254,0,88888888.0,0.0,0.009,0.0,Attack
0.644953,tcp,http,FIN,10,8,802,1304,26.358509,62,252,8955.691406,14152.96875,71.549556,80.996289,Normal
0.0,arp,-,INT,1,0,46,0,0.0,0,0,0.0,0.0,60000.696,0.0,Normal
3e-06,sm,-,INT,2,0,200,0,333333.3215,254,0,266666656.0,0.0,0.003,0.0,Attack
0.2206,tcp,-,FIN,10,6,804,268,67.996375,254,252,26255.66797,8123.300293,22.295556,35.059,Attack
1e-06,udp,-,INT,2,0,168,0,1000000.003,254,0,672000000.0,0.0,0.001,0.0,Attack
0.039623,tcp,-,FIN,90,92,5174,83812,4568.053939,31,29,1033137.313,16737955.0,0.446784,0.429099,Normal
1.098685,tcp,-,FIN,16,8,10030,354,20.934116,254,252,68474.58594,2257.243896,73.245665,141.466859,Normal
3e-06,unas,-,INT,2,0,200,0,333333.3215,254,0,266666656.0,0.0,0.003,0.0,Attack
7e-06,udp,dns,INT,2,0,114,0,142857.1409,254,0,65142856.0,0.0,0.007,0.0,Attack
9e-06,udp,-,INT,2,0,168,0,111111.1072,254,0,74666664.0,0.0,0.009,0.0,Attack
0.633416,tcp,http,FIN,12,32,864,33844,67.885876,62,252,10002.90527,414097.5313,57.573727,17.987613,Attack
3.303794,tcp,http,FIN,10,14,824,9196,6.961693,62,252,1796.72229,20679.25586,367.088222,243.119007,Attack
3e-06,udp,-,INT,2,0,168,0,333333.3215,254,0,224000000.0,0.0,0.003,0.0,Attack
9e-06,udp,dns,INT,2,0,114,0,111111.1072,254,0,50666664.0,0.0,0.009,0.0,Attack
0.642891,tcp,-,FIN,10,8,566,354,26.443052,254,252,6346.33252,3857.574707,68.236556,79.554711,Normal
1.57665,tcp,-,FIN,10,8,564,354,10.782355,254,252,2577.616943,1572.955322,169.638333,213.420422,Attack
1e-05,unas,-,INT,2,0,200,0,100000.0025,254,0,80000000.0,0.0,0.01,0.0,Attack
1.825764,tcp,-,FIN,24,60,1252,59742,45.460422,62,252,5258.072754,257413.3438,79.381041,29.829474,Attack
1.70862,tcp,http,FIN,10,16,792,10106,14.631691,62,252,3338.366699,44363.28906,189.846667,102.568798,Attack
1e-05,udp,dns,INT,2,0,114,0,100000.0025,254,0,45600000.0,0.0,0.01,0.0,Attack
1e-05,unas,-,INT,2,0,200,0,100000.0025,254,0,80000000.0,0.0,0.01,0.0,Attack
6e-06,unas,-,INT,2,0,200,0,166666.6608,254,0,133333328.0,0.0,0.006,0.0,Attack
5e-06,unas,-,INT,2,0,200,0,200000.0051,254,0,160000000.0,0.0,0.005,0.0,Attack
2.35059,tcp,http,FIN,22,34,2536,36428,23.398381,62,252,8239.633789,120334.0469,111.932857,69.191426,Attack
9e-06,udp,-,INT,2,0,168,0,111111.1072,254,0,74666664.0,0.0,0.009,0.0,Attack
8e-06,unas,-,INT,2,0,200,0,125000.0003,254,0,100000000.0,0.0,0.008,0.0,Attack
0.777871,tcp,-,FIN,22,12,17786,868,42.423486,254,252,174609.9219,8186.447266,34.317715,67.057547,Attack
9e-06,unas,-,INT,2,0,200,0,111111.1072,254,0,88888888.0,0.0,0.009,0.0,Attack
3e-06,unas,-,INT,2,0,200,0,333333.3215,254,0,266666656.0,0.0,0.003,0.0,Attack
0.479571,tcp,-,FIN,12,8,1000,750,39.618741,254,252,15297.00488,10959.79492,42.030908,60.48043,Attack
1e-05,udp,dns,INT,2,0,408,0,100000.0025,254,0,163200000.0,0.0,0.01,0.0,Attack
7e-06,udp,-,INT,2,0,1064,0,142857.1409,254,0,608000000.0,0.0,0.007,0.0,Attack
0.729194,tcp,-,FIN,10,6,1612,268,20.570658,254,252,15918.94629,2457.507812,78.025556,128.348203,Attack
3e-06,udp,-,INT,2,0,184,0,333333.3215,254,0,245333328.0,0.0,0.003,0.0,Attack
3e-06,udp,dns,INT,2,0,114,0,333333.3215,254,0,152000000.0,0.0,0.003,0.0,Attack
0.15108,tcp,http,FIN,10,6,982,268,99.285149,254,252,46809.63672,11861.26563,15.224111,27.9484,Attack
0.371341,tcp,-,FIN,28,30,4264,3080,153.497733,31,29,88587.03906,64156.66797,14.270231,12.785069,Normal
9e-06,ifmp,-,INT,2,0,200,0,111111.1072,254,0,88888888.0,0.0,0.009,0.0,Attack
0.380527,tcp,-,FIN,28,30,4480,3080,149.792266,31,29,90821.41406,62607.91016,14.082148,13.101862,Normal
0.416978,tcp,http,FIN,10,8,838,354,40.769537,254,252,14485.17676,5947.556152,46.330889,56.806715,Attack
0.503834,tcp,-,FIN,10,8,490,354,33.741271,254,252,7002.306152,4922.255859,54.314667,60.535855,Normal
0.22729,tcp,ftp-data,FIN,14,6,8928,320,83.593645,31,29,291821.0313,9397.685547,17.483845,45.332199,Normal
13.752399,tcp,-,FIN,456,858,25576,1094788,95.474248,31,29,14845.40918,636114.75,30.224366,16.065298,Normal
0.211448,tcp,-,FIN,10,6,852,268,70.939428,254,252,29018.95508,8474.896484,23.494222,34.614801,Attack
9e-06,udp,dns,INT,2,0,114,0,111111.1072,254,0,50666664.0,0.0,0.009,0.0,Attack
9e-06,leaf-1,-,INT,2,0,200,0,111111.1072,254,0,88888888.0,0.0,0.009,0.0,Attack
8e-06,udp,dns,INT,2,0,114,0,125000.0003,254,0,57000000.0,0.0,0.008,0.0,Attack
0.643369,tcp,dns,FIN,10,6,660,268,23.314769,254,252,7386.118652,2785.337646,64.177,112.757797,Attack
1.144401,tcp,http,FIN,10,12,788,4332,18.350212,62,252,4963.29541,27759.50195,127.141111,95.399094,Attack
7e-06,udp,-,REQ,2,0,78,0,142857.1409,254,0,44571428.0,0.0,43706.568,0.0,Attack
0.001048,udp,dns,CON,2,2,146,178,2862.595564,31,29,557251.9375,679389.375,0.001,0.009,Normal
8e-06,udp,dns,INT,2,0,114,0,125000.0003,254,0,57000000.0,0.0,0.008,0.0,Attack
0.801761,tcp,http,FIN,10,8,882,354,21.203327,254,252,7922.560547,3093.191162,84.162,105.31643,Attack
0.0,arp,-,INT,1,0,46,0,0.0,0,0,0.0,0.0,60000.684,0.0,Normal
9e-06,udp,dns,INT,2,0,114,0,111111.1072,254,0,50666664.0,0.0,0.009,0.0,Attack
7.298472,tcp,pop3,FIN,74,376,3250,476224,61.519727,62,252,3515.256348,520610.9063,101.367665,19.319825,Attack
4.159573,tcp,-,FIN,126,126,135382,135330,60.342731,254,252,258311.125,258211.1094,32.713552,32.386352,Attack
8e-06,udp,dns,INT,2,0,114,0,125000.0003,254,0,57000000.0,0.0,0.008,0.0,Attack
3.664339,tcp,http,FIN,44,228,2276,301843,73.956038,62,252,4857.628906,656096.5,85.217187,15.644291,Attack
0.312655,tcp,ssl,FIN,10,10,996,4322,60.769858,254,252,22951.81641,99534.63281,34.739444,33.893444,Attack
5e-06,udp,-,INT,2,0,1942,0,200000.0051,254,0,1553600000.0,0.0,0.005,0.0,Attack
3e-06,udp,dns,INT,2,0,114,0,333333.3215,254,0,152000000.0,0.0,0.003,0.0,Attack
37.642654,ospf,-,INT,20,0,1280,0,0.504747,254,0,258.430237,0.0,1981.19225,0.0,Attack
3e-06,ifmp,-,INT,2,0,200,0,333333.3215,254,0,266666656.0,0.0,0.003,0.0,Attack
0.73206,tcp,-,FIN,14,16,790,902,39.614238,254,252,8021.200195,9245.143555,56.312309,44.4026,Attack
0.088397,tcp,smtp,FIN,54,40,37808,3276,1052.071859,31,29,3358303.75,289150.0625,1.66083,2.243436,Normal
6e-06,udp,dns,INT,2,0,114,0,166666.6608,254,0,76000000.0,0.0,0.006,0.0,Attack
0.045819,tcp,smtp,FIN,52,40,37492,3276,1986.075671,31,29,6420219.0,557847.1875,0.88882,1.162795,Normal
0.002645,udp,-,CON,4,4,528,304,2646.502952,31,29,1197731.625,689603.0625,0.737333,0.532667,Normal
0.054046,tcp,smtp,FIN,54,42,37938,3380,1757.761865,31,29,5511749.0,488472.7813,1.05298,1.306439,Normal
2.287536,tcp,-,FIN,12,10,3026,818,9.180184,254,252,9701.268555,2577.445801,207.82846,242.951328,Attack
43.251419,tcp,-,FIN,24,22,2126,1686,1.040428,254,252,376.95874,297.793701,1880.452872,2056.673875,Attack
0.001072,udp,dns,CON,2,2,146,178,2798.507427,31,29,544776.125,664179.125,0.005,0.006,Normal
8e-06,udp,dns,INT,2,0,114,0,125000.0003,254,0,57000000.0,0.0,0.008,0.0,Attack
32.081898,tcp,http,FIN,120,28,136392,1224,4.582023,254,252,33727.67969,294.496307,271.692478,1185.538625,Attack
0.021657,tcp,ftp,FIN,52,54,2934,3742,4848.317084,31,29,1063120.5,1356790.0,0.418216,0.398509,Normal
3e-06,udp,dns,INT,2,0,114,0,333333.3215,254,0,152000000.0,0.0,0.003,0.0,Attack
0.004211,tcp,-,FIN,22,14,1470,1728,8311.56462,31,29,2667299.75,3049156.75,0.21055,0.273538,Normal
0.369149,tcp,-,FIN,16,6,10650,268,56.887598,254,252,216389.5938,4854.408203,22.811066,67.871203,Attack
1.479334,tcp,-,FIN,14,12,667,572,16.899497,254,252,3352.860107,2839.115479,111.104075,125.887547,Attack
30.491301,udp,dns,REQ,44,0,3512,0,1.410238,254,0,900.715942,0.0,734.742,0.0,Attack
1.4e-05,mobile,-,INT,1,0,60,0,0.0,0,0,0.0,0.0,0.0,0.0,Attack
0.000898,udp,dns,CON,2,2,130,162,3340.757136,31,29,579064.5625,721603.5625,0.006,0.002,Normal
0.019145,tcp,-,FIN,16,18,1540,1644,1723.687582,31,29,603395.125,648942.25,1.253733,1.099,Normal
0.47945,tcp,-,FIN,10,6,542,268,31.285849,254,252,8142.663574,3737.616211,50.004889,78.790203,Attack
9e-06,udp,dns,INT,2,0,114,0,111111.1072,254,0,50666664.0,0.0,0.009,0.0,Attack
5e-06,udp,-,INT,2,0,2640,0,200000.0051,254,0,2112000000.0,0.0,0.005,0.0,Attack
9e-06,unas,-,INT,2,0,200,0,111111.1072,254,0,88888888.0,0.0,0.009,0.0,Attack
0.617455,tcp,-,FIN,10,8,566,354,27.532371,254,252,6607.769043,4016.487061,66.485333,77.203711,Attack
0.871874,tcp,-,FIN,30,14,27622,764,49.319054,254,252,245007.8906,6514.703125,30.064621,61.418152,Attack
1.750366,udp,-,CON,4,4,568,312,3.999164,31,29,1947.021362,1069.490601,435.684,487.971,Normal
3e-06,udp,dns,INT,2,0,114,0,333333.3215,254,0,152000000.0,0.0,0.003,0.0,Attack
1.437665,tcp,-,FIN,10,8,588,354,11.82473,254,252,2949.226807,1725.019409,159.740556,194.378578,Attack
3e-06,udp,dns,INT,2,0,114,0,333333.3215,254,0,152000000.0,0.0,0.003,0.0,Attack
4e-06,udp,dns,INT,2,0,114,0,250000.0006,254,0,114000000.0,0.0,0.004,0.0,Attack
3e-06,udp,dns,INT,2,0,114,0,333333.3215,254,0,152000000.0,0.0,0.003,0.0,Attack
1.004929,tcp,http,FIN,12,18,1580,10168,28.857762,31,29,11535.14356,76455.15625,91.326365,59.086176,Normal
0.001037,udp,dns,CON,2,2,146,178,2892.960519,31,29,563163.0,686595.9375,0.008,0.002,Normal
8e-06,udp,dns,INT,2,0,114,0,125000.0003,254,0,57000000.0,0.0,0.008,0.0,Attack
0.0,arp,-,INT,1,0,46,0,0.0,0,0,0.0,0.0,60000.688,0.0,Normal
3e-06,unas,-,INT,2,0,200,0,333333.3215,254,0,266666656.0,0.0,0.003,0.0,Attack
1.014149,tcp,-,FIN,60,14,68023,612,71.981537,254,252,527654.25,4488.492676,16.744305,70.634,Normal
0.801039,tcp,-,FIN,10,6,682,268,18.72568,254,252,6132.036133,2237.094727,7245.9112,12073.004,Attack
4.210754,tcp,-,FIN,436,858,24536,1094788,307.070901,31,29,46509.48438,2077562.375,9.76906,4.912839,Normal
4e-06,unas,-,INT,2,0,200,0,250000.0006,254,0,200000000.0,0.0,0.004,0.0,Attack
4e-06,unas,-,INT,2,0,200,0,250000.0006,254,0,200000000.0,0.0,0.004,0.0,Attack
2.357298,tcp,ftp,FIN,24,22,1252,1654,19.089653,62,252,4072.459473,5358.677734,102.491217,109.287668,Attack
9e-06,udp,dns,INT,2,0,114,0,111111.1072,254,0,50666664.0,0.0,0.009,0.0,Attack
9e-06,unas,-,INT,2,0,200,0,111111.1072,254,0,88888888.0,0.0,0.009,0.0,Attack
3e-06,udp,dns,INT,2,0,114,0,333333.3215,254,0,152000000.0,0.0,0.003,0.0,Attack
0.001045,udp,dns,CON,2,2,146,178,2870.813285,31,29,558851.625,681339.6875,0.009,0.009,Normal
0.42115,tcp,http,FIN,10,8,880,354,40.365666,254,252,15044.52051,5888.638184,46.794444,55.084145,Attack
1.974706,tcp,smtp,FIN,20,20,3414,1690,19.749775,62,252,13142.20898,6506.284668,103.931895,100.302,Attack
1.038553,tcp,http,FIN,14,18,1684,10168,29.849223,31,29,12047.53125,73979.85156,79.863156,61.046765,Normal
0.001005,udp,dns,CON,2,2,130,162,2985.074718,31,29,517412.9375,644776.125,0.009,0.007,Normal
0.619064,tcp,-,CON,6,2,978,86,11.307394,62,252,10532.0293,555.677612,123.8128,0.002,Normal
0.751148,tcp,-,FIN,18,12,2708,2646,38.607572,254,252,27243.63281,25837.78516,44.185176,62.751,Attack
16.175554,tcp,-,REQ,4,0,180,0,0.185465,254,0,66.767418,0.0,5391.8515,0.0,Normal
9e-06,unas,-,INT,2,0,200,0,111111.1072,254,0,88888888.0,0.0,0.009,0.0,Attack
0.5599,tcp,-,FIN,10,6,510,268,26.790499,254,252,6558.313965,3200.571533,59.735778,96.118602,Attack
0.400544,tcp,-,FIN,10,6,756,268,37.44907,254,252,13601.50195,4473.915527,41.276889,63.740398,Attack
0.0506,tcp,-,FIN,68,72,4014,59564,2747.035588,31,29,625296.4375,9286482.0,0.750418,0.705197,Normal
9e-06,udp,dns,INT,2,0,114,0,111111.1072,254,0,50666664.0,0.0,0.009,0.0,Attack
0.176672,tcp,-,FIN,48,50,2958,33044,549.040039,31,29,131180.9531,1466401.0,3.752383,3.669292,Normal
0.070486,tcp,-,FIN,60,62,3614,45696,1716.652912,31,29,403370.875,5102743.5,1.253089,1.147836,Normal
59.309559,ospf,-,REQ,42,0,4536,0,0.691288,254,0,597.27301,0.0,1447.081,0.0,Attack
9e-06,unas,-,INT,2,0,200,0,111111.1072,254,0,88888888.0,0.0,0.009,0.0,Attack
2.05884,tcp,ftp,FIN,22,22,1182,1610,20.885547,62,252,4386.936035,5972.294922,98.039999,93.198854,Attack
5e-06,udp,-,INT,2,0,168,0,200000.0051,254,0,134400000.0,0.0,0.005,0.0,Attack
1e-05,unas,-,INT,2,0,200,0,100000.0025,254,0,80000000.0,0.0,0.01,0.0,Attack
1.671543,tcp,pop3,FIN,22,36,1024,26716,34.10023,62,252,4680.705078,124311.4922,79.597284,44.560944,Attack
9e-06,udp,dns,INT,2,0,114,0,111111.1072,254,0,50666664.0,0.0,0.009,0.0,Attack
0.514569,tcp,-,FIN,10,6,1222,268,29.15061,254,252,17101.69141,3482.526367,53.599222,86.611398,Normal
0.055847,tcp,-,FIN,72,74,4238,63618,2596.379378,31,29,598778.8125,8990134.0,0.782113,0.757548,Normal
3e-06,udp,dns,INT,2,0,114,0,333333.3215,254,0,152000000.0,0.0,0.003,0.0,Attack
4e-06,udp,dns,INT,2,0,114,0,250000.0006,254,0,114000000.0,0.0,0.004,0.0,Attack
2e-06,igmp,-,INT,2,0,82,0,500000.0013,254,0,164000000.0,0.0,0.002,0.0,Normal
1.134149,tcp,http,FIN,14,18,1684,10168,27.33327,31,29,11032.06055,67744.1875,87.216695,66.684706,Normal
3e-06,pgm,-,INT,2,0,200,0,333333.3215,254,0,266666656.0,0.0,0.003,0.0,Attack
8e-06,unas,-,INT,2,0,200,0,125000.0003,254,0,100000000.0,0.0,0.008,0.0,Attack
3.912585,tcp,-,FIN,16,18,1540,1644,8.434322,31,29,2952.523682,3175.394287,260.817994,230.111531,Normal
0.01898,tcp,-,FIN,16,18,1540,1644,1738.672271,31,29,608640.6875,654583.75,1.2446,1.088,Normal
1.223686,tcp,-,FIN,34,16,29562,814,40.042953,254,252,187584.0781,4994.745605,36.307454,77.009203,Attack
0.536302,tcp,ftp-data,FIN,8,10,364,4424,31.69856,62,252,4758.513184,59399.37109,76.614569,53.517111,Attack
0.866338,tcp,-,FIN,10,6,1726,268,17.314258,254,252,14350.05664,2068.476807,92.311889,151.103594,Normal
1e-06,udp,dns,INT,2,0,114,0,1000000.003,254,0,456000000.0,0.0,0.001,0.0,Attack
8e-06,udp,dns,INT,2,0,114,0,125000.0003,254,0,57000000.0,0.0,0.008,0.0,Attack
0.064955,tcp,-,FIN,48,50,2958,33044,1493.341462,31,29,356800.8438,3988484.0,1.405348,1.315776,Normal
1e-05,unas,-,INT,2,0,200,0,100000.0025,254,0,80000000.0,0.0,0.01,0.0,Attack
3.081309,tcp,ftp,FIN,22,24,1174,1706,14.604182,62,252,2910.451416,4244.949219,146.728994,129.312827,Attack
0.049052,tcp,-,FIN,54,54,3286,39076,2181.358556,31,29,526135.5,6255076.0,0.917415,0.916038,Normal
8e-06,udp,dns,INT,2,0,114,0,125000.0003,254,0,57000000.0,0.0,0.008,0.0,Attack
1.555244,tcp,ftp-data,FIN,8,8,364,860,9.644789,62,252,1640.900146,3873.347168,222.016714,211.458578,Attack
0.034832,tcp,-,FIN,30,42,2302,34406,2038.355492,31,29,511254.0,7714056.0,1.190207,0.837,Normal
0.181101,tcp,-,CON,6,2,986,86,38.652466,62,252,36311.23047,1899.492554,36.2202,0.004,Normal
0.010599,tcp,-,FIN,38,40,2438,19266,7264.836045,31,29,1791867.125,14178696.0,0.276757,0.259487,Normal
0.004569,udp,-,CON,4,4,568,320,1532.063876,31,29,745896.25,420223.25,1.167,1.036667,Normal
1.150485,tcp,ftp-data,FIN,6,8,320,1910,11.299582,31,29,1856.608276,11626.40039,230.035,164.291859,Normal
0.188785,tcp,http,FIN,10,6,750,268,79.455465,254,252,28603.9668,9492.279297,19.261111,36.378398,Attack
0.729241,tcp,http,FIN,10,6,514,268,20.569331,254,252,5079.253418,2457.349365,76.601778,131.034,Attack
0.001064,udp,dns,CON,2,2,146,178,2819.548997,31,29,548872.1875,669172.9375,0.01,0.004,Normal
1.033802,tcp,http,FIN,12,18,1580,10168,28.051792,31,29,11212.97852,74319.83594,93.948639,60.779649,Normal
8e-06,unas,-,INT,2,0,200,0,125000.0003,254,0,100000000.0,0.0,0.008,0.0,Attack
1.170564,tcp,smtp,FIN,42,22,31245,1832,53.820207,62,252,208460.1875,11953.21191,28.550341,54.465855,Attack
8e-06,udp,dns,INT,2,0,114,0,125000.0003,254,0,57000000.0,0.0,0.008,0.0,Attack
0.124198,udp,-,CON,4,4,568,304,56.361617,31,29,27440.05664,14686.22754,36.332,36.281,Normal
1.33236,tcp,ftp-data,FIN,8,12,424,8824,14.26041,31,29,2227.626221,48569.45313,190.292281,121.080094,Normal
1e-06,udp,dns,INT,2,0,114,0,1000000.003,254,0,456000000.0,0.0,0.001,0.0,Attack
0.033462,tcp,-,FIN,16,18,1540,1644,986.193319,31,29,345227.4375,371286.8438,2.209733,2.062187,Normal
0.0,arp,-,INT,1,0,46,0,0.0,0,0,0.0,0.0,0.0,0.0,Normal
9e-06,unas,-,INT,2,0,200,0,111111.1072,254,0,88888888.0,0.0,0.009,0.0,Attack
3e-06,udp,dns,INT,2,0,114,0,333333.3215,254,0,152000000.0,0.0,0.003,0.0,Attack
7.255332,tcp,pop3,FIN,204,1244,8884,1633648,199.43953,62,252,9748.416992,1799873.5,35.740553,5.832245,Attack
0.45162,tcp,-,FIN,10,8,2530,354,37.642265,254,252,40334.79297,5491.342285,48.668333,54.732,Normal
0.013196,tcp,-,FIN,40,42,2542,23508,6138.223752,31,29,1502879.625,13912701.0,0.330487,0.316275,Normal
0.679728,tcp,smtp,FIN,12,12,1102,732,33.837066,254,252,11898.87793,7897.276855,61.793453,54.436184,Attack
6e-06,unas,-,INT,2,0,200,0,166666.6608,254,0,133333328.0,0.0,0.006,0.0,Attack
2.184358,tcp,-,FIN,38,152,1866,181048,86.524283,62,252,6654.587402,658708.9375,59.036701,13.597795,Attack
3e-06,udp,dns,INT,2,0,114,0,333333.3215,254,0,152000000.0,0.0,0.003,0.0,Attack
37.642654,ospf,-,INT,20,0,1280,0,0.504747,254,0,258.430237,0.0,1981.19225,0.0,Attack
1.31504,mux,-,INT,4,0,400,0,2.281299,254,0,1825.039551,0.0,438.346656,0.0,Attack
0.324982,tcp,-,FIN,10,6,1240,268,46.156404,254,252,27472.29102,5514.151855,33.974333,56.932398,Attack
1e-06,sat-expak,-,INT,2,0,200,0,1000000.003,254,0,800000000.0,0.0,0.001,0.0,Attack
8e-06,udp,dns,INT,2,0,114,0,125000.0003,254,0,57000000.0,0.0,0.008,0.0,Attack
3e-06,udp,dns,INT,2,0,114,0,333333.3215,254,0,152000000.0,0.0,0.003,0.0,Attack
9e-06,udp,dns,INT,2,0,114,0,111111.1072,254,0,50666664.0,0.0,0.009,0.0,Attack
3e-06,udp,dns,INT,2,0,114,0,333333.3215,254,0,152000000.0,0.0,0.003,0.0,Attack
33.126583,tcp,-,FIN,24,18,2516,1578,1.237677,254,252,582.49292,360.073364,1439.018565,1944.44075,Attack
9e-06,udp,dns,INT,2,0,114,0,111111.1072,254,0,50666664.0,0.0,0.009,0.0,Attack
0.050952,tcp,-,FIN,74,72,4342,63412,2845.815743,31,29,672633.0625,9818182.0,0.703042,0.709493,Normal
0.964295,tcp,-,FIN,12,8,1078,756,19.703513,254,252,8204.958008,5492.095215,8341.998581,12516.662,Attack
8e-06,netblt,-,INT,2,0,200,0,125000.0003,254,0,100000000.0,0.0,0.008,0.0,Attack
3.231846,ospf,-,INT,82,0,5248,0,25.063075,254,0,12832.29395,0.0,39.899332,0.0,Attack
9e-06,ddx,-,INT,2,0,200,0,111111.1072,254,0,88888888.0,0.0,0.009,0.0,Attack
1e-05,udp,-,INT,2,0,984,0,100000.0025,254,0,393600000.0,0.0,0.01,0.0,Attack
1.243117,tcp,-,FIN,12,10,994,848,16.89302,254,252,5869.117676,4916.67334,112.924817,120.076891,Attack
6e-06,udp,dns,INT,2,0,114,0,166666.6608,254,0,76000000.0,0.0,0.006,0.0,Attack
0.123675,tcp,-,FIN,16,18,1540,1644,266.828373,31,29,93406.10156,100456.8359,8.223867,7.240235,Normal
0.018706,tcp,-,FIN,16,18,1540,1644,1764.139897,31,29,617555.875,664171.9375,1.2262,1.072941,Normal
3.007525,tcp,smtp,FIN,42,22,30993,1772,20.947457,62,252,80480.79688,4500.710938,73.354268,139.179766,Attack
0.055901,tcp,-,FIN,48,50,2958,32642,1735.210511,31,29,414590.0938,4578093.5,1.2085,1.153562,Normal
0.799597,tcp,-,FIN,10,8,856,454,21.260709,254,252,7713.885742,3982.005859,85.983333,106.426859,Attack
8e-06,udp,dns,INT,2,0,114,0,125000.0003,254,0,57000000.0,0.0,0.008,0.0,Attack
5e-06,tcp,-,REQ,2,0,90,0,200000.0051,254,0,72000000.0,0.0,0.005,0.0,Normal
9e-06,unas,-,INT,2,0,200,0,111111.1072,254,0,88888888.0,0.0,0.009,0.0,Attack
5e-06,ptp,-,INT,2,0,200,0,200000.0051,254,0,160000000.0,0.0,0.005,0.0,Attack
0.001055,udp,dns,CON,2,2,146,178,2843.601894,31,29,553554.5,674881.5,0.009,0.006,Normal
1.022664,tcp,http,FIN,12,18,1580,10168,28.357311,31,29,11335.10156,75129.27344,92.938182,60.126235,Normal
1.025383,tcp,http,FIN,14,18,1684,10168,30.232606,31,29,12202.26953,74930.05469,78.850536,60.286,Normal
0.567441,tcp,http,FIN,10,8,788,1360,29.959063,62,252,10009.85156,16777.07422,63.049,64.790715,Attack
0.26226,tcp,http,FIN,10,6,932,268,57.195152,254,252,25592.92383,6832.914062,24.949667,49.463602,Attack
9e-06,udp,dns,INT,2,0,114,0,111111.1072,254,0,50666664.0,0.0,0.009,0.0,Attack
8e-06,unas,-,INT,2,0,200,0,125000.0003,254,0,100000000.0,0.0,0.008,0.0,Attack
0.001036,udp,dns,CON,2,2,146,178,2895.752973,31,29,563706.5625,687258.6875,0.009,0.009,Normal
9e-06,udp,dns,INT,2,0,114,0,111111.1072,254,0,50666664.0,0.0,0.009,0.0,Attack
9e-06,snp,-,INT,2,0,200,0,111111.1072,254,0,88888888.0,0.0,0.009,0.0,Attack
3e-06,udp,dns,INT,2,0,114,0,333333.3215,254,0,152000000.0,0.0,0.003,0.0,Attack
0.0,arp,-,INT,1,0,46,0,0.0,0,0,0.0,0.0,60000.648,0.0,Normal
0.380609,tcp,-,FIN,10,6,546,268,39.410523,254,252,10341.32129,4708.243652,39.973111,60.990398,Normal
8e-06,skip,-,INT,2,0,200,0,125000.0003,254,0,100000000.0,0.0,0.008,0.0,Attack
0.001068,udp,dns,CON,2,2,130,162,2808.988808,31,29,486891.4063,606741.5625,0.005,0.002,Normal
5e-06,unas,-,INT,2,0,200,0,200000.0051,254,0,160000000.0,0.0,0.005,0.0,Attack
0.223258,tcp,ftp-data,FIN,14,6,8928,320,85.103332,31,29,297091.25,9567.40625,17.173692,44.521398,Normal
3e-06,udp,dns,INT,2,0,114,0,333333.3215,254,0,152000000.0,0.0,0.003,0.0,Attack
0.704585,tcp,ftp,FIN,12,12,576,682,32.643328,254,252,5995.018066,7107.72998,64.053183,50.05309,Attack
0.017951,tcp,-,FIN,16,18,1540,1644,1838.337648,31,29,643529.5625,692106.25,1.176067,1.028941,Normal
1e-06,udp,dns,INT,2,0,114,0,1000000.003,254,0,456000000.0,0.0,0.001,0.0,Attack
0.780784,tcp,-,FIN,10,8,534,354,21.772987,254,252,4928.379395,3176.294434,79.445778,97.98457,Normal
0.048341,tcp,ftp-data,FIN,6,8,320,1910,268.922868,31,29,44186.09766,276700.9375,9.5998,6.830714,Normal
0.526576,tcp,ssh,FIN,128,126,12752,13306,480.462475,31,29,192230.5625,200556.0469,4.146268,4.240935,Normal
0.093936,tcp,-,FIN,68,70,4014,59460,1458.439846,31,29,336825.0938,4991569.0,1.418333,1.353913,Normal
0.383095,tcp,-,FIN,10,6,794,268,39.154779,254,252,14931.02246,4677.690918,42.440111,64.015801,Attack
35.883755,ospf,-,INT,20,0,1280,0,0.529488,254,0,271.097595,0.0,1888.6185,0.0,Attack
0.477588,tcp,-,FIN,10,6,952,268,31.407824,254,252,14355.46973,3752.187988,46.428111,78.900203,Attack
1e-06,udp,dns,INT,2,0,114,0,1000000.003,254,0,456000000.0,0.0,0.001,0.0,Attack
5e-06,udp,dns,INT,2,0,114,0,200000.0051,254,0,91200000.0,0.0,0.005,0.0,Attack
0.466139,ospf,-,INT,20,0,1040,0,40.760375,254,0,16956.31641,0.0,24.533631,0.0,Attack
0.032724,tcp,ftp,FIN,52,54,2934,3742,3208.654148,31,29,703581.4375,897934.25,0.660959,0.600491,Normal
0.001053,udp,dns,CON,2,2,146,178,2849.002888,31,29,554605.875,676163.375,0.009,0.006,Normal
8e-06,udp,dns,INT,2,0,114,0,125000.0003,254,0,57000000.0,0.0,0.008,0.0,Attack
0.575769,tcp,-,FIN,10,6,700,268,26.052114,254,252,8753.510742,3112.359375,58.753667,108.250398,Attack
0.013625,tcp,-,FIN,16,18,1540,1644,2422.018407,31,29,847853.25,911853.25,0.886733,0.754353,Normal
0.929489,tcp,-,FIN,10,10,608,646,20.441339,254,252,4716.569824,5009.204102,6535.7799,6535.9375,Attack
8e-06,a/n,-,INT,2,0,200,0,125000.0003,254,0,100000000.0,0.0,0.008,0.0,Attack
0.620053,tcp,http,FIN,10,10,794,1772,30.642542,62,252,9225.017578,20578.88672,68.894778,57.209668,Attack
1e-06,udp,-,INT,2,0,104,0,1000000.003,254,0,416000000.0,0.0,0.001,0.0,Attack
1.223859,tcp,-,FIN,122,126,7814,16912,201.820642,31,29,50659.43359,109672.7656,10.111736,9.786544,Normal
6e-06,udp,dns,INT,2,0,114,0,166666.6608,254,0,76000000.0,0.0,0.006,0.0,Attack
1e-06,udp,dns,INT,2,0,114,0,1000000.003,254,0,456000000.0,0.0,0.001,0.0,Attack
1e-05,ipcv,-,INT,2,0,200,0,100000.0025,254,0,80000000.0,0.0,0.01,0.0,Attack
9e-06,unas,-,INT,2,0,200,0,111111.1072,254,0,88888888.0,0.0,0.009,0.0,Attack
3.478152,tcp,-,FIN,12,12,1474,942,6.612707,254,252,3109.697266,1987.262207,316.195642,310.521906,Attack
7e-06,etherip,-,INT,2,0,200,0,142857.1409,254,0,114285712.0,0.0,0.007,0.0,Attack
0.111206,udp,-,CON,4,4,544,304,62.946242,31,29,29350.93359,16401.99219,21.019666,33.018,Normal
3e-06,wb-expak,-,INT,2,0,200,0,333333.3215,254,0,266666656.0,0.0,0.003,0.0,Attack
8e-06,udp,dns,INT,2,0,114,0,125000.0003,254,0,57000000.0,0.0,0.008,0.0,Attack
9e-06,encap,-,INT,2,0,200,0,111111.1072,254,0,88888888.0,0.0,0.009,0.0,Attack
0.091976,tcp,-,FIN,66,68,3926,57474,1446.02937,31,29,336348.5938,4925545.5,1.409892,1.386242,Normal
0.092971,tcp,-,FIN,60,62,3614,45696,1301.481148,31,29,305815.8125,3868647.25,1.596845,1.514934,Normal
8e-06,vines,-,INT,2,0,200,0,125000.0003,254,0,100000000.0,0.0,0.008,0.0,Attack
0.913732,tcp,http,FIN,10,8,808,1298,18.605018,62,252,6373.860352,9946.023438,101.514778,118.767,Normal
0.019945,tcp,-,FIN,16,18,1540,1644,1654.550065,31,29,579192.8125,622913.0,1.402857,1.145765,Normal
1e-05,udp,dns,INT,2,0,114,0,100000.0025,254,0,45600000.0,0.0,0.01,0.0,Attack
0.672293,tcp,http,FIN,12,8,896,1066,28.261487,62,252,9781.449219,11102.30176,61.117545,84.26343,Attack
0.015939,tcp,-,FIN,48,50,2974,30506,6085.70207,31,29,1462074.25,15005208.0,0.33963,0.313898,Normal
0.188965,tcp,-,FIN,22,22,4344,2664,227.555376,31,29,175566.9063,107660.1563,8.968953,8.975477,Normal
9e-06,udp,dns,INT,2,0,114,0,111111.1072,254,0,50666664.0,0.0,0.009,0.0,Attack
8e-06,udp,dns,INT,2,0,114,0,125000.0003,254,0,57000000.0,0.0,0.008,0.0,Attack
9e-06,udp,dns,INT,2,0,114,0,111111.1072,254,0,50666664.0,0.0,0.009,0.0,Attack
0.423322,tcp,-,FIN,28,30,4616,3080,134.649277,31,29,84134.53906,56278.67188,15.667074,14.577552,Normal
0.093944,tcp,-,FIN,72,74,4238,63618,1543.472736,31,29,355956.75,5344375.5,1.317634,1.280356,Normal
1.294508,tcp,smtp,FIN,114,32,127844,2272,112.011669,62,252,783142.3125,13602.0791,11.455274,40.507934,Attack
0.617436,tcp,-,FIN,10,6,2164,268,24.294016,254,252,25239.86328,2902.325195,66.699667,111.891398,Attack
6e-06,udp,dns,INT,2,0,114,0,166666.6608,254,0,76000000.0,0.0,0.006,0.0,Attack
1.205035,tcp,-,FIN,22,10,17794,800,25.725394,254,252,112766.8516,4779.944336,57.336717,116.643891,Attack
0.000915,udp,dns,CON,2,2,130,162,3278.688588,31,29,568306.0,708196.75,0.001,0.006,Normal
0.019119,tcp,-,FIN,16,18,1540,1644,1726.031691,31,29,604215.6875,649824.75,1.253867,1.097471,Normal
1.103936,tcp,-,FIN,10,8,564,354,15.399444,254,252,3681.373047,2246.50708,122.659556,144.348578,Attack
8e-06,udp,dns,INT,2,0,114,0,125000.0003,254,0,57000000.0,0.0,0.008,0.0,Attack
0.410149,tcp,http,FIN,10,6,770,268,36.572074,254,252,13517.03906,4369.144043,41.469333,73.340203,Attack
0.005086,udp,-,CON,4,4,568,312,1376.327152,31,29,670074.6875,368069.2188,1.342333,1.112333,Normal
1e-05,udp,dns,INT,2,0,114,0,100000.0025,254,0,45600000.0,0.0,0.01,0.0,Attack
1.526281,tcp,-,FIN,12,8,1110,700,12.44856,254,252,5335.845703,3213.038818,133.531452,201.818578,Attack
1.168055,tcp,ftp-data,FIN,8,10,364,3754,14.554108,62,252,2184.828613,23142.74414,166.742853,122.212222,Attack
1.443546,tcp,http,FIN,10,8,1412,1736,11.776555,254,252,7043.765625,8418.15918,160.385,197.857141,Attack
0.046408,tcp,ftp-data,FIN,6,8,320,1910,280.124108,31,29,46026.54688,288226.1563,9.2184,6.556286,Normal
4.71767,tcp,-,FIN,254,512,14596,645754,162.15632,31,29,24654.54297,1092900.5,18.645656,9.231307,Normal
7e-06,udp,dns,INT,2,0,114,0,142857.1409,254,0,65142856.0,0.0,0.007,0.0,Attack
0.001001,udp,dns,CON,2,2,146,178,2997.002832,31,29,583416.5625,711288.6875,0.001,0.006,Normal
4.592687,tcp,-,FIN,18,18,1022,3112,7.620811,62,252,1682.675049,5121.185059,270.158059,266.184719,Attack
0.631835,tcp,-,FIN,10,8,564,354,26.905759,254,252,6432.059082,3925.075439,69.663,88.429859,Attack
0.75564,tcp,-,FIN,20,8,17286,354,35.731302,254,252,173860.5781,3281.986328,39.718105,97.671141,Attack
3e-06,udp,-,INT,2,0,104,0,333333.3215,254,0,138666656.0,0.0,0.003,0.0,Attack
0.121685,tcp,smtp,FIN,52,40,37358,3276,747.832529,31,29,2408842.5,210050.5469,2.379157,3.10641,Normal
1e-06,udp,dns,INT,2,0,114,0,1000000.003,254,0,456000000.0,0.0,0.001,0.0,Attack
0.037399,udp,-,CON,4,4,568,312,187.170773,31,29,91125.42969,50054.8125,7.339,11.965667,Normal
1.008592,st2,-,INT,4,0,360,0,2.974444,254,0,2141.599365,0.0,336.197344,0.0,Attack
4e-06,udp,dns,INT,2,0,114,0,250000.0006,254,0,114000000.0,0.0,0.004,0.0,Attack
1e-06,unas,-,INT,2,0,200,0,1000000.003,254,0,800000000.0,0.0,0.001,0.0,Attack
9e-06,udp,dns,INT,2,0,114,0,111111.1072,254,0,50666664.0,0.0,0.009,0.0,Attack
4e-06,udp,dns,INT,2,0,114,0,250000.0006,254,0,114000000.0,0.0,0.004,0.0,Attack
3e-06,wsn,-,INT,2,0,200,0,333333.3215,254,0,266666656.0,0.0,0.003,0.0,Attack
2e-06,udp,-,INT,2,0,1064,0,500000.0013,254,0,2128000000.0,0.0,0.002,0.0,Attack
0.98913,tcp,http,FIN,10,8,598,354,17.18682,254,252,4359.38623,2507.253906,107.217222,129.483289,Attack
0.327856,tcp,-,FIN,10,6,756,268,45.751793,254,252,16617.05078,5465.813965,29.940778,52.596801,Attack
0.195924,tcp,http,FIN,10,6,1624,268,76.560299,254,252,59696.61719,9146.40332,19.982889,37.143602,Attack
1.079923,tcp,-,FIN,10,8,590,354,15.741863,254,252,3933.61377,2296.459961,115.587222,139.684141,Attack
0.687105,tcp,-,FIN,10,8,586,354,24.741488,254,252,6147.532227,3609.346436,71.35,82.623859,Attack
0.001692,udp,-,CON,4,4,536,304,4137.115933,31,29,1900709.25,1078014.25,0.425333,0.217,Normal
0.418243,tcp,http,FIN,10,8,954,354,40.646228,254,252,16430.64063,5929.567383,46.471444,50.361855,Attack
0.001071,udp,dns,CON,2,2,146,178,2801.120432,31,29,545284.75,664799.25,0.009,0.007,Normal
0.350235,tcp,-,FIN,28,30,4616,3080,162.747876,31,29,101691.7266,68022.89844,12.960074,12.060034,Normal
0.050913,tcp,-,FIN,72,74,4238,63516,2847.995678,31,29,656806.75,9845501.0,0.712634,0.688781,Normal
0.046915,tcp,-,FIN,22,14,1470,1728,746.030079,31,29,239411.7031,273686.4688,2.234048,3.551231,Normal
6e-06,udp,dns,INT,2,0,114,0,166666.6608,254,0,76000000.0,0.0,0.006,0.0,Attack
9e-06,unas,-,INT,2,0,200,0,111111.1072,254,0,88888888.0,0.0,0.009,0.0,Attack
1.249973,tcp,http,FIN,14,18,1684,10168,24.800535,31,29,10009.81543,61466.92578,96.124387,73.496588,Normal
1e-05,udp,dns,INT,2,0,114,0,100000.0025,254,0,45600000.0,0.0,0.01,0.0,Attack
0.405776,tcp,-,FIN,28,30,4480,3080,140.471592,31,29,85170.14063,58712.19531,15.017037,13.975,Normal
5.833605,tcp,http,FIN,328,746,17538,1087890,183.934297,31,29,23978.3125,1489894.5,17.893521,7.823678,Normal
0.045811,tcp,smtp,FIN,52,42,37502,3380,2030.080058,31,29,6423086.0,576280.8125,0.881863,1.105659,Normal
9e-06,isis,-,INT,2,0,200,0,111111.1072,254,0,88888888.0,0.0,0.009,0.0,Attack
0.001674,udp,-,CON,4,4,520,304,4181.600812,31,29,1863799.25,1089605.75,0.434333,0.190333,Normal
0.90578,tcp,-,FIN,10,6,1844,268,16.560312,254,252,14661.39648,1978.405273,89.670222,158.361594,Attack
1e-06,unas,-,INT,2,0,200,0,1000000.003,254,0,800000000.0,0.0,0.001,0.0,Attack
3.4e-05,udp,-,INT,2,0,168,0,29411.76419,254,0,19764706.0,0.0,0.034,0.0,Attack
0.653623,tcp,http,FIN,10,8,792,1330,26.008877,62,252,8726.743164,14246.74512,72.624778,85.96243,Normal
1e-05,sctp,-,INT,2,0,78,0,100000.0025,254,0,31200000.0,0.0,0.01,0.0,Attack
1.68225,tcp,ftp-data,FIN,8,8,364,510,8.916629,62,252,1517.015869,2125.724365,240.321438,230.108141,Attack
0.411337,tcp,-,FIN,8,8,364,442,36.466451,254,252,6204.158691,7526.675293,58.762431,51.653855,Attack
2e-06,udp,dns,INT,2,0,114,0,500000.0013,254,0,228000000.0,0.0,0.002,0.0,Attack
0.006593,tcp,-,FIN,22,24,2054,2478,6825.420752,31,29,2379493.25,2881844.25,0.297095,0.259826,Normal
0.001116,udp,dns,CON,2,2,132,164,2688.172044,31,29,473118.2813,587813.625,0.009,0.007,Normal
13.828278,tcp,-,FIN,122,126,7816,15132,17.86195,31,29,4484.723633,8684.8125,115.23239,113.341987,Normal
0.531259,tcp,http,FIN,10,10,794,3388,35.7641,62,252,10766.87598,45928.63281,59.028778,57.627444,Attack
3e-06,unas,-,INT,2,0,200,0,333333.3215,254,0,266666656.0,0.0,0.003,0.0,Attack
1e-05,idpr-cmtp,-,INT,2,0,200,0,100000.0025,254,0,80000000.0,0.0,0.01,0.0,Attack
1e-06,unas,-,INT,2,0,200,0,1000000.003,254,0,800000000.0,0.0,0.001,0.0,Attack
0.001058,udp,dns,CON,2,2,130,162,2835.538689,31,29,491493.375,612476.375,0.009,0.003,Normal
1.021038,tcp,http,FIN,14,18,1684,10168,30.361258,31,29,12254.19531,75248.90625,78.514541,60.029352,Normal
3e-06,unas,-,INT,2,0,200,0,333333.3215,254,0,266666656.0,0.0,0.003,0.0,Attack
9e-06,fc,-,INT,2,0,200,0,111111.1072,254,0,88888888.0,0.0,0.009,0.0,Attack
0.004331,udp,-,CON,4,4,568,304,1616.254851,31,29,786885.25,421149.8438,1.164667,0.956333,Normal
0.782301,tcp,-,FIN,10,8,564,354,21.730766,254,252,5194.931152,3170.135254,86.922333,107.161859,Attack
9e-06,pri-enc,-,INT,2,0,200,0,111111.1072,254,0,88888888.0,0.0,0.009,0.0,Attack
2.690582,tcp,-,FIN,18,20,1018,4276,13.751671,62,252,2860.347656,12080.65723,158.260353,134.212635,Attack
0.024218,tcp,-,FIN,48,50,2958,32642,4005.285247,31,29,956974.125,10567346.0,0.5195,0.494229,Normal
0.868143,tcp,smtp,FIN,24,20,9832,1694,49.531009,62,252,86833.61719,14836.26465,37.745349,44.727051,Attack
0.675246,tcp,http,FIN,10,18,830,16644,39.985428,62,252,8850.108398,186243.2344,75.027333,35.741824,Attack
0.004238,tcp,-,FIN,22,14,1470,1728,8258.612281,31,29,2650306.75,3029731.0,0.2119,0.271,Normal
9e-06,tcf,-,INT,2,0,200,0,111111.1072,254,0,88888888.0,0.0,0.009,0.0,Attack
0.552967,tcp,http,FIN,10,6,1136,268,27.126392,254,252,14800.15918,3240.699707,58.293889,96.415797,Attack
59.687565,ospf,-,INT,106,0,28832,0,1.75916,254,0,3827.933105,0.0,568.453062,0.0,Attack
7e-06,udp,dns,INT,2,0,114,0,142857.1409,254,0,65142856.0,0.0,0.007,0.0,Attack
0.018444,tcp,-,FIN,16,18,1540,1644,1789.199758,31,29,626328.375,673606.625,1.2088,1.058235,Normal
0.001076,udp,dns,CON,2,2,146,178,2788.103975,31,29,542750.9375,661710.0,0.01,0.008,Normal
3e-06,vrrp,-,INT,2,0,200,0,333333.3215,254,0,266666656.0,0.0,0.003,0.0,Attack
0.53378,tcp,http,FIN,10,8,1040,354,31.848328,254,252,14028.25195,4646.108887,59.217889,67.676289,Attack
4e-06,unas,-,INT,2,0,200,0,250000.0006,254,0,200000000.0,0.0,0.004,0.0,Attack
3e-06,scps,-,INT,2,0,200,0,333333.3215,254,0,266666656.0,0.0,0.003,0.0,Attack
0.753354,tcp,-,FIN,28,30,4656,3080,75.66164,31,29,47680.10547,31623.91016,27.890555,25.958793,Normal
9e-06,udp,dns,INT,2,0,114,0,111111.1072,254,0,50666664.0,0.0,0.009,0.0,Attack
9e-06,unas,-,INT,2,0,200,0,111111.1072,254,0,88888888.0,0.0,0.009,0.0,Attack
8e-06,udp,dns,INT,2,0,114,0,125000.0003,254,0,57000000.0,0.0,0.008,0.0,Attack
0.058899,tcp,-,FIN,64,66,3806,51808,2190.189976,31,29,508939.0313,6930372.5,0.945081,0.897262,Normal
1.084752,tcp,http,FIN,14,18,1684,10168,28.577962,31,29,11534.43359,70829.09375,83.41531,63.780765,Normal
2e-06,udp,dns,INT,2,0,114,0,500000.0013,254,0,228000000.0,0.0,0.002,0.0,Attack
1.442899,tcp,-,FIN,38,12,41294,526,33.959411,254,252,222928.9844,2677.942139,37.708785,122.763727,Attack
9e-06,idpr-cmtp,-,INT,2,0,200,0,111111.1072,254,0,88888888.0,0.0,0.009,0.0,Attack
0.004324,tcp,-,FIN,22,14,1470,1728,8094.357333,31,29,2597595.0,2969472.75,0.205905,0.278,Normal
1.005741,tcp,http,FIN,12,18,1580,10168,28.834461,31,29,11525.83008,76393.42188,91.400273,59.130587,Normal
3e-05,udp,dns,INT,2,0,114,0,33333.33418,254,0,15200000.0,0.0,0.03,0.0,Attack
0.465948,tcp,http,FIN,10,6,1210,268,32.192434,254,252,18697.36523,3845.922852,51.772,78.150398,Attack
9e-06,udp,dns,INT,2,0,114,0,111111.1072,254,0,50666664.0,0.0,0.009,0.0,Attack
9e-06,unas,-,INT,2,0,200,0,111111.1072,254,0,88888888.0,0.0,0.009,0.0,Attack
0.017649,tcp,-,FIN,16,18,1540,1644,1869.794269,31,29,654541.3125,703949.1875,1.156267,1.011118,Normal
1e-06,unas,-,INT,2,0,200,0,1000000.003,254,0,800000000.0,0.0,0.001,0.0,Attack
0.020931,tcp,ftp,FIN,52,54,2934,3742,5016.482755,31,29,1099995.25,1403850.75,0.403941,0.384811,Normal
0.020451,tcp,smtp,FIN,52,40,37372,3276,4449.660172,31,29,14338272.0,1249816.625,0.40214,0.510744,Normal
0.005498,tcp,-,FIN,22,24,2054,2478,8184.794538,31,29,2853401.25,3455802.25,0.2577,0.223045,Normal
3e-06,unas,-,INT,2,0,200,0,333333.3215,254,0,266666656.0,0.0,0.003,0.0,Attack
3.3e-05,udp,dns,INT,2,0,114,0,30303.03007,254,0,13818182.0,0.0,0.033,0.0,Attack
3e-06,tlsp,-,INT,2,0,200,0,333333.3215,254,0,266666656.0,0.0,0.003,0.0,Attack
0.001065,udp,dns,CON,2,2,146,178,2816.901513,31,29,548356.8125,668544.625,0.01,0.009,Normal
3e-06,udp,dns,INT,2,0,114,0,333333.3215,254,0,152000000.0,0.0,0.003,0.0,Attack
8e-06,udp,dns,INT,2,0,114,0,125000.0003,254,0,57000000.0,0.0,0.008,0.0,Attack
0.013937,tcp,-,FIN,38,40,2438,19266,5524.861805,31,29,1362703.625,10782808.0,0.368243,0.327641,Normal
0.001053,udp,dns,CON,2,2,146,178,2849.002888,31,29,554605.875,676163.375,0.01,0.002,Normal
3e-06,udp,dns,INT,2,0,114,0,333333.3215,254,0,152000000.0,0.0,0.003,0.0,Attack
3e-06,egp,-,INT,2,0,180,0,333333.3215,254,0,239999984.0,0.0,0.003,0.0,Attack
9e-06,udp,dns,INT,2,0,114,0,111111.1072,254,0,50666664.0,0.0,0.009,0.0,Attack
0.001057,udp,dns,CON,2,2,146,178,2838.221339,31,29,552507.0625,673604.5,0.008,0.007,Normal
5e-06,udp,dns,INT,2,0,114,0,200000.0051,254,0,91200000.0,0.0,0.005,0.0,Attack
9e-06,unas,-,INT,2,0,200,0,111111.1072,254,0,88888888.0,0.0,0.009,0.0,Attack
4e-06,udp,-,INT,2,0,104,0,250000.0006,254,0,104000000.0,0.0,0.004,0.0,Attack
8e-06,udp,dns,INT,2,0,114,0,125000.0003,254,0,57000000.0,0.0,0.008,0.0,Attack
0.890369,tcp,-,FIN,10,8,540,354,19.093207,254,252,4366.729004,2785.362061,94.414889,110.290289,Attack
9e-06,unas,-,INT,2,0,200,0,111111.1072,254,0,88888888.0,0.0,0.009,0.0,Attack
4e-06,udp,dns,INT,2,0,114,0,250000.0006,254,0,114000000.0,0.0,0.004,0.0,Attack
2.090943,tcp,-,FIN,12,10,3064,800,10.043315,254,252,10747.30371,2754.737793,4820.775583,5781.621,Attack
4e-06,udp,dns,INT,2,0,114,0,250000.0006,254,0,114000000.0,0.0,0.004,0.0,Attack
4e-06,bna,-,INT,2,0,200,0,250000.0006,254,0,200000000.0,0.0,0.004,0.0,Attack
0.71849,tcp,-,FIN,10,6,534,268,20.877117,254,252,5355.67627,2494.119629,75.564111,123.770398,Normal
6e-06,udp,dns,INT,2,0,114,0,166666.6608,254,0,76000000.0,0.0,0.006,0.0,Attack
5e-06,udp,-,INT,2,0,432,0,200000.0051,254,0,345600000.0,0.0,0.005,0.0,Attack
0.001,udp,dns,CON,2,2,146,178,2999.999858,31,29,584000.0,711999.9375,0.009,0.005,Normal
0.053479,tcp,-,FIN,40,42,2542,23508,1514.613186,31,29,370837.1563,3432973.75,1.399053,1.291854,Normal
3e-06,udp,dns,INT,2,0,114,0,333333.3215,254,0,152000000.0,0.0,0.003,0.0,Attack
0.878361,tcp,-,FIN,10,8,738,354,19.354229,254,252,6056.735352,2823.44043,97.495222,108.55257,Normal
9e-06,udp,dns,INT,2,0,114,0,111111.1072,254,0,50666664.0,0.0,0.009,0.0,Attack
0.001033,udp,dns,CON,2,2,146,178,2904.162775,31,29,565343.6875,689254.625,0.008,0.002,Normal
1.137436,tcp,http,FIN,14,18,1684,10168,27.25428,31,29,11000.17871,67548.41406,87.467538,66.877588,Normal
1e-06,unas,-,INT,2,0,200,0,1000000.003,254,0,800000000.0,0.0,0.001,0.0,Attack
4.008011,tcp,-,FIN,46,32,21164,3784,19.211525,254,252,41325.23828,7317.345215,89.06691,126.905289,Attack
3e-06,udp,-,INT,2,0,78,0,333333.3215,254,0,104000000.0,0.0,0.003,0.0,Normal
0.815076,tcp,http,FIN,18,12,11902,5556,35.579505,62,252,110330.8203,49987.97656,47.890646,69.929726,Attack
1.700094,tcp,-,FIN,36,14,35070,982,28.821936,254,252,160442.8906,4291.527344,48.574114,121.308617,Attack
9e-06,aris,-,INT,2,0,200,0,111111.1072,254,0,88888888.0,0.0,0.009,0.0,Attack
0.001062,udp,dns,CON,2,2,146,178,2824.858614,31,29,549905.8125,670433.125,0.008,0.007,Normal
8e-06,udp,dns,INT,2,0,114,0,125000.0003,254,0,57000000.0,0.0,0.008,0.0,Attack
6e-06,smp,-,INT,2,0,200,0,166666.6608,254,0,133333328.0,0.0,0.006,0.0,Attack
0.202553,tcp,-,FIN,10,6,852,268,74.05469,254,252,30293.30469,8847.067383,20.612778,37.213801,Attack
0.025543,tcp,ssh,FIN,112,112,9712,12194,8730.376041,31,29,3014837.75,3785303.25,0.224269,0.231009,Normal
4e-06,udp,dns,INT,2,0,114,0,250000.0006,254,0,114000000.0,0.0,0.004,0.0,Attack
3e-06,udp,dns,INT,2,0,114,0,333333.3215,254,0,152000000.0,0.0,0.003,0.0,Attack
0.541762,tcp,-,FIN,14,10,774,556,42.454067,254,252,10617.20801,7398.08252,36.331232,52.408223,Attack
32.043442,tcp,http,FIN,2578,394,3439898,16952,92.71788,254,252,858475.5625,4221.519043,12.430641,81.213898,Attack
8e-06,tcp,-,REQ,2,0,90,0,125000.0003,254,0,45000000.0,0.0,0.008,0.0,Normal
1e-05,udp,-,INT,2,0,104,0,100000.0025,254,0,41600000.0,0.0,0.01,0.0,Normal
0.209745,tcp,-,CON,6,2,978,86,33.373858,62,252,31085.36523,1640.086792,41.949,0.003,Normal
6e-06,hmp,-,INT,2,0,200,0,166666.6608,254,0,133333328.0,0.0,0.006,0.0,Attack
1.005871,tcp,http,FIN,12,18,1580,10168,28.830733,31,29,11524.33984,76383.54688,91.31427,59.140059,Normal
0.202978,tcp,-,FIN,22,24,2054,2478,221.698903,31,29,77289.16406,93606.20313,10.1315,8.79887,Normal
1.505359,tcp,-,FIN,48,230,2322,281422,184.009256,62,252,12084.82422,1489074.625,32.028916,6.47379,Attack
1.31816,tcp,-,FIN,16,18,1540,1644,25.034896,31,29,8763.730469,9425.258789,100.540694,73.058063,Normal
1.296045,tcp,http,FIN,12,20,908,17878,23.918924,62,252,5141.796875,104842.0469,117.745635,61.861262,Attack
0.02386,tcp,-,FIN,60,62,3614,50036,5071.248937,31,29,1191617.75,16505951.0,0.405569,0.381328,Normal
1.463194,tcp,-,FIN,10,8,564,354,11.618418,254,252,2777.485352,1694.922241,162.536111,195.441859,Attack
8e-06,visa,-,INT,2,0,200,0,125000.0003,254,0,100000000.0,0.0,0.008,0.0,Attack
0.001002,udp,dns,CON,2,2,130,162,2994.012136,31,29,518962.0938,646706.625,0.009,0.007,Normal
9e-06,udp,-,INT,2,0,78,0,111111.1072,254,0,34666664.0,0.0,0.009,0.0,Attack
0.00098,udp,dns,CON,2,2,146,178,3061.224453,31,29,595918.375,726530.625,0.006,0.004,Normal
5e-06,udp,dns,INT,2,0,114,0,200000.0051,254,0,91200000.0,0.0,0.005,0.0,Attack
8e-06,udp,dns,INT,2,0,114,0,125000.0003,254,0,57000000.0,0.0,0.008,0.0,Attack
1.600044,tcp,http,FIN,14,18,1684,10168,19.374467,31,29,7819.784668,48018.67969,123.051236,94.088529,Normal
4e-06,udp,-,INT,2,0,104,0,250000.0006,254,0,104000000.0,0.0,0.004,0.0,Normal
1.26609,tcp,-,FIN,10,8,564,354,13.427165,254,252,3209.882324,1958.786499,138.447556,169.496141,Attack
1e-05,udp,dns,INT,2,0,114,0,100000.0025,254,0,45600000.0,0.0,0.01,0.0,Attack
5e-06,unas,-,INT,2,0,200,0,200000.0051,254,0,160000000.0,0.0,0.005,0.0,Attack
1e-05,udp,-,INT,2,0,168,0,100000.0025,254,0,67200000.0,0.0,0.01,0.0,Attack
8e-06,pim,-,INT,2,0,200,0,125000.0003,254,0,100000000.0,0.0,0.008,0.0,Attack
0.001023,udp,dns,CON,2,2,146,178,2932.551349,31,29,570870.0,695992.1875,0.005,0.006,Normal
6e-06,3pc,-,INT,2,0,200,0,166666.6608,254,0,133333328.0,0.0,0.006,0.0,Attack
0.842862,tcp,-,FIN,10,8,564,354,20.169375,254,252,4821.666992,2942.355957,89.472,108.416141,Attack
8e-06,irtp,-,INT,2,0,200,0,125000.0003,254,0,100000000.0,0.0,0.008,0.0,Attack
1e-05,udp,-,INT,2,0,1066,0,100000.0025,254,0,426400000.0,0.0,0.01,0.0,Normal
0.82398,tcp,pop3,FIN,20,22,960,4614,49.758491,62,252,8854.583984,42768.03125,43.367368,38.579475,Attack
7.6e-05,udp,-,INT,2,0,503,0,13157.89532,64,0,26526316.0,0.0,0.076,0.0,Normal
0.024415,tcp,ftp,FIN,52,54,2934,3742,4300.634959,31,29,943026.875,1203522.5,0.502292,0.451264,Normal
4e-06,udp,-,INT,2,0,104,0,250000.0006,254,0,104000000.0,0.0,0.004,0.0,Attack
7e-06,udp,dns,INT,2,0,114,0,142857.1409,254,0,65142856.0,0.0,0.007,0.0,Attack
0.087682,sctp,-,CON,4,2,536,440,57.024246,254,60,36677.99609,20072.53516,29.227334,0.001,Attack
0.0,arp,-,INT,1,0,46,0,0.0,0,0,0.0,0.0,60000.612,0.0,Normal
0.534811,tcp,-,FIN,10,8,1506,354,31.786929,254,252,20283.80078,4637.151855,58.134,66.585711,Attack
5e-06,idrp,-,INT,2,0,200,0,200000.0051,254,0,160000000.0,0.0,0.005,0.0,Attack
0.008887,tcp,-,FIN,34,36,2230,13500,7764.149548,31,29,1948914.0,11815010.0,0.259364,0.237457,Normal
4e-06,udp,dns,INT,2,0,114,0,250000.0006,254,0,114000000.0,0.0,0.004,0.0,Attack
1e-06,unas,-,INT,2,0,200,0,1000000.003,254,0,800000000.0,0.0,0.001,0.0,Attack
0.605934,tcp,-,FIN,10,6,534,268,24.75517,254,252,6350.526367,2957.417725,67.225,101.128203,Normal
0.001039,udp,dns,CON,2,2,146,178,2887.391736,31,29,562078.9375,685274.3125,0.008,0.008,Normal
8e-06,udp,-,INT,2,0,200,0,125000.0003,254,0,100000000.0,0.0,0.008,0.0,Attack
0.034554,tcp,-,FIN,48,50,2958,32642,2807.200247,31,29,670718.25,7406378.0,0.744457,0.709396,Normal
5e-06,udp,dns,INT,2,0,114,0,200000.0051,254,0,91200000.0,0.0,0.005,0.0,Attack
5e-06,udp,dns,INT,2,0,114,0,200000.0051,254,0,91200000.0,0.0,0.005,0.0,Attack
59.49752,ospf,-,INT,54,0,14688,0,0.890793,254,0,1938.366455,0.0,1122.594375,0.0,Attack
0.7887,tcp,-,FIN,122,126,7814,14990,313.173583,31,29,78610.375,150850.7656,6.624731,6.305904,Normal
1.299131,tcp,-,FIN,10,8,610,354,13.08567,254,252,3380.721436,1908.968384,144.251111,176.908422,Attack
0.993986,tcp,ftp-data,FIN,8,16,364,13150,23.139159,62,252,2567.440674,99228.75781,141.903571,62.522732,Attack
0.429374,tcp,-,FIN,10,6,646,268,34.934578,254,252,10843.69336,4173.517578,44.173778,70.186,Normal
8e-06,udp,dns,INT,2,0,114,0,125000.0003,254,0,57000000.0,0.0,0.008,0.0,Attack
5e-06,udp,dns,INT,2,0,114,0,200000.0051,254,0,91200000.0,0.0,0.005,0.0,Attack
9e-06,udp,dns,INT,2,0,114,0,111111.1072,254,0,50666664.0,0.0,0.009,0.0,Attack
0.416284,tcp,-,FIN,12,8,868,468,45.641918,254,252,15297.24902,7879.236328,34.25909,55.022,Attack
0.004166,tcp,ftp-data,FIN,14,8,8928,424,5040.80646,31,29,15921267.0,712434.0,0.320462,0.514143,Normal
9e-06,udp,dns,INT,2,0,114,0,111111.1072,254,0,50666664.0,0.0,0.009,0.0,Attack
0.189736,tcp,http,FIN,10,12,812,8454,110.680107,62,252,30821.77539,326769.8438,21.081778,16.294818,Attack
58.411156,ospf,-,REQ,50,0,13600,0,0.838881,254,0,1825.404785,0.0,1242.1865,0.0,Attack
1.299773,tcp,ftp,FIN,52,54,2934,3742,80.783338,31,29,17713.86328,22607.02539,25.479254,24.514,Normal
9e-06,pipe,-,INT,2,0,200,0,111111.1072,254,0,88888888.0,0.0,0.009,0.0,Attack
5e-06,udp,dns,INT,2,0,114,0,200000.0051,254,0,91200000.0,0.0,0.005,0.0,Attack
1.46911,tcp,smtp,FIN,22,20,5010,1808,27.908053,62,252,26045.70117,9355.324219,69.957619,72.836687,Attack
0.004675,udp,-,CON,4,4,568,320,1497.326211,31,29,728983.9375,410695.1875,1.180667,1.058667,Normal
0.633979,tcp,-,FIN,10,6,534,268,23.660089,254,252,6069.601562,2826.592041,70.341444,105.893398,Normal
8e-06,udp,dns,INT,2,0,114,0,125000.0003,254,0,57000000.0,0.0,0.008,0.0,Attack
0.501882,tcp,-,FIN,10,6,2516,268,29.887502,254,252,36104.10156,3570.560303,51.242333,85.542602,Attack
2e-06,udp,dns,INT,2,0,114,0,500000.0013,254,0,228000000.0,0.0,0.002,0.0,Attack
7.554888,tcp,http,FIN,8,10,1052,824,2.250199,31,29,975.262695,785.716492,1258.953479,839.365437,Normal
9e-06,udp,dns,INT,2,0,114,0,111111.1072,254,0,50666664.0,0.0,0.009,0.0,Attack
1.240272,tcp,-,FIN,10,8,564,354,13.70667,254,252,3276.700439,1999.561279,135.906333,173.702141,Attack
1.38048,tcp,http,FIN,60,14,68195,612,52.880156,254,252,388612.6563,3297.403564,22.239898,88.866695,Attack
5e-06,ipnip,-,INT,2,0,180,0,200000.0051,254,0,144000000.0,0.0,0.005,0.0,Attack
2.7e-05,udp,dns,INT,2,0,114,0,37037.03698,254,0,16888888.0,0.0,0.027,0.0,Attack
9e-06,udp,-,INT,2,0,88,0,111111.1072,254,0,39111108.0,0.0,0.009,0.0,Normal
0.784708,tcp,-,FIN,12,8,2026,704,24.212827,254,252,18942.07813,6280.042969,68.713817,97.813289,Attack
0.973417,tcp,smtp,FIN,58,24,53630,2018,83.212027,62,252,433162.7813,15894.52441,17.382446,41.841523,Attack
1e-06,udp,-,INT,2,0,168,0,1000000.003,254,0,672000000.0,0.0,0.001,0.0,Attack
0.001017,udp,dns,CON,2,2,130,162,2949.852669,31,29,511307.7813,637168.1875,0.01,0.007,Normal
9e-06,narp,-,INT,2,0,200,0,111111.1072,254,0,88888888.0,0.0,0.009,0.0,Attack
0.001014,udp,dns,CON,2,2,130,162,2958.579772,31,29,512820.5,639053.25,0.009,0.007,Normal
0.068879,tcp,-,FIN,68,70,4014,59460,1988.99517,31,29,459356.25,6807416.0,1.037818,0.990928,Normal
6.693488,tcp,-,FIN,16,18,1272,2572,4.930165,31,29,1425.863403,2904.315186,446.209058,393.696125,Normal
0.648209,tcp,-,FIN,10,8,558,354,26.22611,254,252,6207.874512,3825.926758,68.835556,83.40443,Normal
1.253288,tcp,-,FIN,10,6,564,268,11.968518,254,252,3242.67041,1429.838867,136.710889,216.476594,Attack
7e-06,udp,dns,INT,2,0,114,0,142857.1409,254,0,65142856.0,0.0,0.007,0.0,Attack
0.047153,tcp,smtp,FIN,54,42,37914,3380,2014.718055,31,29,6313405.5,559879.5625,0.900308,1.137829,Normal
9e-06,udp,dns,INT,2,0,114,0,111111.1072,254,0,50666664.0,0.0,0.009,0.0,Attack
1.005753,tcp,http,FIN,12,18,1580,10168,28.834116,31,29,11525.69238,76392.50781,91.399364,59.132591,Normal
1.035303,tcp,-,FIN,12,8,1174,738,18.352115,254,252,8322.201172,4991.775391,94.117364,121.115141,Attack
0.906254,tcp,-,FIN,16,18,1540,1644,36.413633,31,29,12746.97852,13709.18066,60.394068,53.107941,Normal
0.016861,tcp,-,FIN,48,50,2958,33044,5752.921226,31,29,1374533.0,15365163.0,0.351681,0.333163,Normal
6e-06,unas,-,INT,2,0,200,0,166666.6608,254,0,133333328.0,0.0,0.006,0.0,Attack
0.001112,udp,dns,CON,2,2,132,164,2697.841802,31,29,474820.1563,589928.0625,0.012,0.007,Normal
0.056856,tcp,-,FIN,64,66,3806,54798,2268.889869,31,29,527226.6875,7593640.0,0.912032,0.857185,Normal
0.003952,tcp,ftp-data,FIN,6,8,320,1882,3289.47383,31,29,540485.875,3334008.25,0.7288,0.499286,Normal
4e-06,udp,-,INT,2,0,1284,0,250000.0006,254,0,1284000000.0,0.0,0.004,0.0,Attack
5e-06,unas,-,INT,2,0,200,0,200000.0051,254,0,160000000.0,0.0,0.005,0.0,Attack
5e-06,unas,-,INT,2,0,200,0,200000.0051,254,0,160000000.0,0.0,0.005,0.0,Attack
0.274971,tcp,-,FIN,16,18,1540,1644,120.012652,31,29,42011.70313,45182.94531,18.309733,16.145059,Normal
9e-06,udp,dns,INT,2,0,114,0,111111.1072,254,0,50666664.0,0.0,0.009,0.0,Attack
8e-06,udp,dns,INT,2,0,114,0,125000.0003,254,0,57000000.0,0.0,0.008,0.0,Attack
0.216151,tcp,http,FIN,10,6,778,268,69.395932,254,252,25944.82617,8290.500977,21.593444,41.866602,Attack
6.394045,tcp,smtp,FIN,116,32,127644,2308,22.990142,62,252,158327.3281,2797.603027,56.088113,200.397906,Attack
3e-06,udp,dns,INT,2,0,114,0,333333.3215,254,0,152000000.0,0.0,0.003,0.0,Attack
9e-06,udp,dns,INT,2,0,114,0,111111.1072,254,0,50666664.0,0.0,0.009,0.0,Attack
0.001038,udp,dns,CON,2,2,146,178,2890.173445,31,29,562620.4375,685934.5,0.009,0.007,Normal
1e-05,udp,-,INT,2,0,168,0,100000.0025,254,0,67200000.0,0.0,0.01,0.0,Attack
9e-06,unas,-,INT,2,0,200,0,111111.1072,254,0,88888888.0,0.0,0.009,0.0,Attack
3e-06,udp,dns,INT,2,0,114,0,333333.3215,254,0,152000000.0,0.0,0.003,0.0,Attack
0.015111,udp,-,CON,2,2,168,112,198.530868,254,60,44470.91406,29647.27539,0.008,0.009,Attack
1e-06,sctp,-,INT,2,0,640,0,1000000.003,254,0,2560000000.0,0.0,0.001,0.0,Attack
0.004403,udp,-,CON,4,4,568,312,1589.825036,31,29,774017.6875,425164.625,1.186667,0.977667,Normal
0.016732,tcp,-,FIN,48,50,2958,32642,5797.274748,31,29,1385130.25,15295243.0,0.349596,0.330531,Normal
1e-06,unas,-,INT,2,0,200,0,1000000.003,254,0,800000000.0,0.0,0.001,0.0,Attack
1e-06,sat-expak,-,INT,2,0,200,0,1000000.003,254,0,800000000.0,0.0,0.001,0.0,Attack
5e-06,udp,dns,INT,2,0,114,0,200000.0051,254,0,91200000.0,0.0,0.005,0.0,Attack
1.46667,tcp,-,FIN,36,14,34710,988,33.409014,254,252,184068.6719,5007.26123,41.904856,101.385383,Attack
9e-06,udp,dns,INT,2,0,114,0,111111.1072,254,0,50666664.0,0.0,0.009,0.0,Attack
6e-06,udp,-,INT,2,0,168,0,166666.6608,254,0,112000000.0,0.0,0.006,0.0,Attack
1.24001,tcp,http,FIN,14,18,1684,10168,24.999798,31,29,10090.24121,61960.78906,95.358844,72.908941,Normal
27.99671,ospf,-,INT,20,0,900,0,0.678651,254,0,244.314423,0.0,1473.511,0.0,Attack
1.056908,tcp,-,FIN,10,8,588,354,16.084654,254,252,4011.701904,2346.467285,117.434222,128.39157,Attack
3e-06,unas,-,INT,2,0,200,0,333333.3215,254,0,266666656.0,0.0,0.003,0.0,Attack
2.052889,tcp,-,FIN,12,10,1110,808,10.229486,254,252,3967.092041,2836.977295,184.442449,215.037781,Attack
0.145002,tcp,-,FIN,22,24,2054,2478,310.340563,31,29,108191.6172,131032.6797,6.889191,6.278522,Normal
0.000999,udp,dns,CON,2,2,146,178,3003.002883,31,29,584584.5625,712712.6875,0.005,0.006,Normal
0.240889,tcp,http,FIN,10,6,964,268,62.269345,254,252,28826.55469,7439.11084,25.563889,42.734602,Attack
0.59283,tcp,smtp,FIN,52,40,37232,3276,153.501003,31,29,492768.5938,43115.22656,11.601,15.187308,Normal
9e-06,unas,-,INT,2,0,200,0,111111.1072,254,0,88888888.0,0.0,0.009,0.0,Attack
4e-06,unas,-,INT,2,0,200,0,250000.0006,254,0,200000000.0,0.0,0.004,0.0,Attack
9e-06,udp,dns,INT,2,0,114,0,111111.1072,254,0,50666664.0,0.0,0.009,0.0,Attack
0.445387,tcp,-,FIN,10,6,642,268,33.678576,254,252,10381.98242,4023.467285,49.487444,65.609,Attack
9e-06,any,-,INT,2,0,200,0,111111.1072,254,0,88888888.0,0.0,0.009,0.0,Attack
0.611485,tcp,http,FIN,10,10,834,5598,31.071899,62,252,9825.261719,65924.75781,67.942778,59.627111,Attack
2.295792,tcp,ftp,FIN,52,54,2934,3740,45.735849,31,29,10028.78223,12792.09863,45.009215,43.30632,Normal
0.699826,tcp,-,FIN,10,6,2516,268,21.433899,254,252,25892.15039,2560.636475,74.679556,125.086797,Normal
0.3791,tcp,-,FIN,10,6,490,268,39.567397,254,252,9306.251953,4726.984863,42.019222,59.376199,Normal
0.231023,tcp,http,FIN,10,10,872,3682,82.242894,62,252,27183.44141,114759.1406,25.669222,24.495223,Attack
1.845875,tcp,pop3,FIN,20,22,956,5518,22.211688,62,252,3939.594971,22831.44727,97.151314,85.241429,Attack
9e-06,unas,-,INT,2,0,200,0,111111.1072,254,0,88888888.0,0.0,0.009,0.0,Attack
0.302037,tcp,-,CON,6,2,978,86,23.175968,62,252,21586.75977,1138.93335,60.4074,0.002,Normal
7e-06,udp,dns,INT,2,0,114,0,142857.1409,254,0,65142856.0,0.0,0.007,0.0,Attack
0.00433,udp,-,CON,4,4,568,304,1616.62821,31,29,787067.0,421247.125,1.150333,0.977,Normal
4e-06,udp,dns,INT,2,0,114,0,250000.0006,254,0,114000000.0,0.0,0.004,0.0,Attack
7e-06,udp,-,INT,2,0,1066,0,142857.1409,254,0,609142848.0,0.0,0.007,0.0,Normal
0.185019,tcp,http,FIN,10,6,1024,268,81.072754,254,252,39866.17578,9685.491211,19.041667,35.581199,Attack
5e-06,unas,-,INT,2,0,200,0,200000.0051,254,0,160000000.0,0.0,0.005,0.0,Attack
22.498936,udp,-,INT,4,0,2128,0,0.13334,254,0,567.49353,0.0,7499.6455,0.0,Attack
0.716899,tcp,http,FIN,12,22,858,21860,46.03159,62,252,8782.269531,232858.4688,65.079548,30.78738,Attack
5e-06,udp,dns,INT,2,0,114,0,200000.0051,254,0,91200000.0,0.0,0.005,0.0,Attack
0.59318,tcp,-,FIN,10,6,588,268,25.287434,254,252,7147.914551,3021.005371,65.811333,103.996398,Attack
9e-06,udp,dns,INT,2,0,114,0,111111.1072,254,0,50666664.0,0.0,0.009,0.0,Attack
1.187943,tcp,-,FIN,12,8,1362,710,15.994034,254,252,8411.177734,4188.753418,99.623274,151.436,Attack
1.572467,tcp,http,FIN,154,26,195618,1128,113.83387,254,252,988754.625,5519.98877,9.499612,61.249879,Attack
0.708265,tcp,-,FIN,10,6,2530,268,21.178513,254,252,25719.1875,2530.126465,73.529778,112.056398,Attack
0.001404,udp,dns,CON,2,2,146,178,2136.752166,31,29,415954.4063,507122.5,0.008,0.002,Normal
0.198917,tcp,http,FIN,14,6,7590,268,95.517225,254,252,283454.9063,9008.782227,15.301307,37.372602,Attack
6e-06,udp,dns,INT,2,0,114,0,166666.6608,254,0,76000000.0,0.0,0.006,0.0,Attack
5e-06,udp,dns,INT,2,0,114,0,200000.0051,254,0,91200000.0,0.0,0.005,0.0,Attack
2e-06,udp,dns,INT,2,0,114,0,500000.0013,254,0,228000000.0,0.0,0.002,0.0,Attack
0.035942,tcp,-,FIN,84,86,4862,75600,4702.019999,31,29,1069500.875,16631462.0,0.434549,0.422,Normal
5e-06,ipnip,-,INT,2,0,180,0,200000.0051,254,0,144000000.0,0.0,0.005,0.0,Attack
0.004649,udp,-,CON,4,4,568,312,1505.700223,31,29,733060.9375,402667.25,1.196,1.040667,Normal
0.001012,udp,dns,CON,2,2,146,178,2964.426812,31,29,577075.0625,703557.3125,0.005,0.006,Normal
3e-06,udp,dns,INT,2,0,114,0,333333.3215,254,0,152000000.0,0.0,0.003,0.0,Attack
1e-06,udp,dns,INT,2,0,114,0,1000000.003,254,0,456000000.0,0.0,0.001,0.0,Attack
0.316864,tcp,-,FIN,12,10,2832,603,66.274487,254,252,65542.3125,13709.35059,26.258091,33.692109,Attack
1e-06,udp,dns,INT,2,0,114,0,1000000.003,254,0,456000000.0,0.0,0.001,0.0,Attack
3e-06,udp,-,INT,2,0,168,0,333333.3215,254,0,224000000.0,0.0,0.003,0.0,Attack
0.0,arp,-,INT,1,0,46,0,0.0,0,0,0.0,0.0,60000.712,0.0,Normal
0.11685,tcp,-,FIN,66,68,3926,57474,1138.211347,31,29,264749.6563,3877038.75,1.7928,1.712433,Normal
9e-06,stp,-,INT,2,0,200,0,111111.1072,254,0,88888888.0,0.0,0.009,0.0,Attack
0.448468,tcp,-,FIN,10,6,586,268,33.447202,254,252,9418.732422,3995.825684,48.132444,80.025797,Normal
7e-06,unas,-,INT,2,0,200,0,142857.1409,254,0,114285712.0,0.0,0.007,0.0,Attack
0.001146,udp,dns,CON,2,2,146,178,2617.801058,31,29,509598.5938,621291.4375,0.01,0.007,Normal
0.573702,tcp,http,FIN,10,8,800,898,29.63211,62,252,10040.05566,10960.39453,63.744667,65.254855,Attack
0.001142,udp,dns,CON,2,2,146,178,2626.970309,31,29,511383.5625,623467.625,0.009,0.002,Normal
0.377444,tcp,ftp-data,FIN,6,8,320,1910,34.442195,31,29,5659.117676,35438.37109,75.4278,53.85657,Normal
0.578488,tcp,-,FIN,10,6,1468,268,25.929665,254,252,18282.14258,3097.730713,53.227333,102.307602,Attack
1.169305,tcp,-,FIN,10,8,564,354,14.538551,254,252,3475.568848,2120.917969,125.455444,154.319141,Attack
1.026023,tcp,-,FIN,10,8,564,354,16.568829,254,252,3960.924805,2417.099854,113.029222,144.295141,Attack
1.228138,tcp,ftp,FIN,22,22,1178,1642,35.012353,62,252,7328.166992,10213.83594,58.482763,57.768621,Attack
8e-06,netblt,-,INT,2,0,200,0,125000.0003,254,0,100000000.0,0.0,0.008,0.0,Attack
9e-06,udp,dns,INT,2,0,114,0,111111.1072,254,0,50666664.0,0.0,0.009,0.0,Attack
1.31429,tcp,-,FIN,12,10,1078,832,15.978208,254,252,6019.97998,4559.115234,119.480903,137.189562,Attack
9e-06,udp,dns,INT,2,0,114,0,111111.1072,254,0,50666664.0,0.0,0.009,0.0,Attack
0.580378,tcp,-,FIN,10,8,828,354,29.291255,254,252,10282.95313,4273.077148,63.823667,74.735859,Attack
0.070502,tcp,-,FIN,48,50,2958,32642,1375.847531,31,29,328728.2813,3629968.0,1.493213,1.427449,Normal
1.005886,tcp,pop3,FIN,30,94,1394,102056,122.280263,62,252,10720.89746,803041.3125,34.685723,10.740925,Attack
0.917088,tcp,-,FIN,10,8,472,564,18.536935,254,252,3707.386963,4309.291992,101.797,119.013859,Attack
2.625267,tcp,http,FIN,10,8,864,354,6.475532,254,252,2370.806396,944.665833,277.169333,359.631156,Attack
0.001116,udp,dns,CON,2,2,146,178,2688.172044,31,29,523297.5,637992.8125,0.009,0.007,Normal
9e-06,unas,-,INT,2,0,200,0,111111.1072,254,0,88888888.0,0.0,0.009,0.0,Attack
1.107164,tcp,http,FIN,12,18,1580,10168,26.193048,31,29,10469.99316,69395.32031,100.619639,65.095469,Normal
1.774389,tcp,-,FIN,18,18,1016,2850,19.725099,62,252,4328.250488,12137.13574,104.375824,99.366586,Attack
8e-06,udp,dns,INT,2,0,114,0,125000.0003,254,0,57000000.0,0.0,0.008,0.0,Attack
0.000978,udp,dns,CON,2,2,130,162,3067.484674,31,29,531697.3125,662576.6875,0.008,0.002,Normal
9e-06,udp,dns,INT,2,0,114,0,111111.1072,254,0,50666664.0,0.0,0.009,0.0,Attack
0.00105,udp,dns,CON,2,2,146,178,2857.142959,31,29,556190.5,678095.25,0.009,0.007,Normal
0.380366,tcp,-,FIN,10,6,560,268,39.435702,254,252,10600.31641,4711.251953,42.262889,55.854,Normal
1e-06,udp,dns,INT,2,0,114,0,1000000.003,254,0,456000000.0,0.0,0.001,0.0,Attack
0.845561,tcp,ftp,FIN,52,54,2934,3742,124.177909,31,29,27229.25781,34750.89063,16.573589,15.943528,Normal
0.81243,tcp,-,FIN,60,14,68187,612,89.853892,254,252,660251.3125,5602.943848,13.316831,58.496383,Attack
1.015065,tcp,http,FIN,14,18,1684,10168,30.539918,31,29,12326.30469,75691.71094,78.054921,59.67759,Normal
0.526432,tcp,-,FIN,36,10,39290,440,85.481129,254,252,580496.625,6017.871582,13.556314,49.992777,Attack
0.367111,tcp,-,FIN,10,6,566,268,40.859577,254,252,11113.80469,4881.357422,40.737,60.168199,Attack
11.143478,tcp,smtp,FIN,696,122,932175,5536,73.316425,62,252,668255.25,3942.036621,16.318374,93.034977,Attack
7.153545,ospf,-,INT,20,0,900,0,2.656026,254,0,956.169312,0.0,376.502375,0.0,Attack
0.000937,udp,dns,CON,2,2,130,162,3201.707662,31,29,554962.6875,691568.875,0.009,0.002,Normal
8e-06,unas,-,INT,2,0,200,0,125000.0003,254,0,100000000.0,0.0,0.008,0.0,Attack
0.527863,tcp,-,FIN,10,6,2516,268,28.416463,254,252,34327.08594,3394.820068,58.638333,89.229203,Attack
1.010785,tcp,http,FIN,14,18,1684,10168,30.669233,31,29,12378.49805,76012.21094,77.723692,59.426529,Normal
9e-06,udp,dns,INT,2,0,114,0,111111.1072,254,0,50666664.0,0.0,0.009,0.0,Attack
1e-05,udp,-,INT,2,0,1664,0,100000.0025,254,0,665600000.0,0.0,0.01,0.0,Attack
8e-06,udp,dns,INT,2,0,114,0,125000.0003,254,0,57000000.0,0.0,0.008,0.0,Attack
50.004398,ospf,-,REQ,6,0,384,0,0.099991,1,0,51.195496,0.0,10000.883,0.0,Normal
0.226401,tcp,http,FIN,10,14,872,11456,101.589657,62,252,27738.39258,375899.4063,25.155667,15.654154,Attack
9e-06,udp,dns,INT,2,0,114,0,111111.1072,254,0,50666664.0,0.0,0.009,0.0,Attack
8e-06,udp,dns,INT,2,0,114,0,125000.0003,254,0,57000000.0,0.0,0.008,0.0,Attack
0.383178,tcp,ftp-data,FIN,8,12,424,8824,49.585311,31,29,7745.747559,168882.3438,54.69457,34.790273,Normal
6.430858,tcp,pop3,FIN,68,326,3030,422865,61.111595,62,252,3714.589844,524431.4375,97.437245,19.272936,Attack
0.921627,tcp,-,FIN,14,12,1092,678,27.125942,254,252,8801.825195,5399.147461,70.894385,74.204633,Attack
0.803823,tcp,-,FIN,12,8,3042,700,23.637045,254,252,27757.35547,6100.845703,70.775456,100.830141,Attack
6e-06,unas,-,INT,2,0,200,0,166666.6608,254,0,133333328.0,0.0,0.006,0.0,Attack
0.0,arp,-,INT,1,0,46,0,0.0,0,0,0.0,0.0,0.0,0.0,Normal
3e-06,udp,dns,INT,2,0,114,0,333333.3215,254,0,152000000.0,0.0,0.003,0.0,Attack
0.001073,udp,dns,CON,2,2,146,178,2795.899292,31,29,544268.375,663560.125,0.009,0.002,Normal
8e-06,unas,-,INT,2,0,200,0,125000.0003,254,0,100000000.0,0.0,0.008,0.0,Attack
0.230766,tcp,ssh,FIN,32,24,3728,5474,238.336672,31,29,125217.7578,181863.875,7.444065,10.001261,Normal
3e-06,udp,dns,INT,2,0,114,0,333333.3215,254,0,152000000.0,0.0,0.003,0.0,Attack
9e-06,udp,dns,INT,2,0,114,0,111111.1072,254,0,50666664.0,0.0,0.009,0.0,Attack
9e-06,udp,dns,INT,2,0,114,0,111111.1072,254,0,50666664.0,0.0,0.009,0.0,Attack
1e-06,udp,dns,INT,2,0,114,0,1000000.003,254,0,456000000.0,0.0,0.001,0.0,Attack
0.001052,udp,dns,CON,2,2,130,162,2851.711087,31,29,494296.5938,615969.625,0.009,0.007,Normal
1e-06,udp,-,INT,2,0,168,0,1000000.003,254,0,672000000.0,0.0,0.001,0.0,Attack
0.116895,tcp,-,FIN,66,68,3926,57474,1137.773238,31,29,264647.7813,3875546.5,1.793323,1.762561,Normal
8e-06,udp,dns,INT,2,0,114,0,125000.0003,254,0,57000000.0,0.0,0.008,0.0,Attack
6e-06,sun-nd,-,INT,2,0,200,0,166666.6608,254,0,133333328.0,0.0,0.006,0.0,Attack
0.388098,udp,-,CON,4,4,528,304,18.036681,31,29,8162.886719,4699.84375,124.354,7.645667,Normal
9e-06,udp,dns,INT,2,0,114,0,111111.1072,254,0,50666664.0,0.0,0.009,0.0,Attack
4.017737,tcp,ftp,FIN,24,22,1280,1664,11.200335,62,252,2443.166504,3163.970215,174.684223,185.560949,Attack
1.059947,tcp,http,FIN,12,18,1580,10168,27.359858,31,29,10936.39551,72486.64063,96.328,62.312468,Normal
3e-06,udp,-,INT,2,0,168,0,333333.3215,254,0,224000000.0,0.0,0.003,0.0,Attack
0.001079,udp,dns,CON,2,2,146,178,2780.352305,31,29,541241.9375,659870.25,0.002,0.006,Normal
6e-06,l2tp,-,INT,2,0,200,0,166666.6608,254,0,133333328.0,0.0,0.006,0.0,Attack
5.760576,ospf,-,REQ,8,0,2176,0,1.215156,254,0,2644.180176,0.0,983.923875,0.0,Attack
1.017113,tcp,http,FIN,14,18,1684,10168,30.478424,31,29,12301.48535,75539.29688,78.211464,59.802882,Normal
8e-06,udp,dns,INT,2,0,114,0,125000.0003,254,0,57000000.0,0.0,0.008,0.0,Attack
0.0,arp,-,INT,1,0,46,0,0.0,0,0,0.0,0.0,0.0,0.0,Normal
0.004372,tcp,ftp-data,FIN,8,12,424,8824,4345.836918,31,29,678865.5,14801463.0,0.580714,0.354636,Normal
0.893282,tcp,pop3,FIN,20,28,962,13950,52.614964,62,252,8185.544922,120472.5938,47.014842,31.692999,Attack
0.001774,udp,-,CON,4,4,520,304,3945.884997,31,29,1758737.375,1028184.875,0.446,0.236,Normal
4.211985,tcp,smtp,FIN,20,20,2546,1828,9.259292,62,252,4594.508301,3299.156982,221.683414,216.767469,Attack
0.046077,tcp,smtp,FIN,54,42,37914,3380,2061.766092,31,29,6460837.0,572953.9375,0.878731,1.111854,Normal
1.529365,tcp,-,FIN,12,8,676,376,12.423457,254,252,3243.17627,1720.975708,139.033185,197.496422,Attack
3e-06,unas,-,INT,2,0,200,0,333333.3215,254,0,266666656.0,0.0,0.003,0.0,Attack
0.003956,tcp,http,FIN,8,10,1052,824,4297.270127,31,29,1862487.375,1500505.625,0.512286,0.380667,Normal
3e-06,udp,dns,INT,2,0,114,0,333333.3215,254,0,152000000.0,0.0,0.003,0.0,Attack
0.572882,tcp,ftp-data,FIN,8,10,364,4396,29.674523,62,252,4454.669434,55257.45313,81.840288,57.131667,Attack
5e-06,mtp,-,INT,2,0,200,0,200000.0051,254,0,160000000.0,0.0,0.005,0.0,Attack
0.287189,tcp,http,FIN,10,8,824,1380,59.194466,62,252,20669.31445,33650.3125,31.909889,34.341285,Attack
7e-06,udp,dns,INT,2,0,114,0,142857.1409,254,0,65142856.0,0.0,0.007,0.0,Attack
0.00094,udp,dns,CON,2,2,146,178,3191.489368,31,29,621276.625,757446.8125,0.004,0.004,Normal
0.43166,tcp,-,FIN,10,6,756,268,34.749572,254,252,12621.04492,4151.415527,45.539556,75.205602,Attack
9e-06,rdp,-,INT,2,0,200,0,111111.1072,254,0,88888888.0,0.0,0.009,0.0,Attack
0.852679,tcp,ftp,FIN,52,54,2934,3742,123.141297,31,29,27001.95508,34460.80078,17.0473,16.079377,Normal
5e-06,udp,dns,INT,2,0,114,0,200000.0051,254,0,91200000.0,0.0,0.005,0.0,Attack
0.632826,tcp,-,FIN,10,6,534,268,23.703199,254,252,6080.660645,2831.742188,67.632,108.936398,Normal
0.207688,tcp,http,FIN,10,6,844,268,72.223719,254,252,29274.68164,8628.327148,21.459889,39.707199,Attack
0.001099,udp,dns,CON,2,2,146,178,2729.754356,31,29,531392.1875,647861.6875,0.008,0.007,Normal
0.001053,udp,dns,CON,2,2,146,178,2849.002888,31,29,554605.875,676163.375,0.009,0.007,Normal
3e-06,chaos,-,INT,2,0,200,0,333333.3215,254,0,266666656.0,0.0,0.003,0.0,Attack
0.017796,tcp,-,FIN,16,18,1540,1644,1854.349243,31,29,649134.625,698134.375,1.164533,1.02,Normal
0.30655,tcp,http,FIN,10,8,684,1558,55.455881,62,252,16075.68164,35596.15234,34.061111,41.952285,Attack
1.496486,tcp,-,FIN,12,8,994,778,12.696411,254,252,4875.421875,3640.528564,136.044187,180.693141,Attack
0.682986,tcp,-,FIN,12,10,986,796,30.747335,254,252,10588.79688,8398.415039,59.602634,70.449891,Attack
0.203895,tcp,http,FIN,10,12,832,8420,102.994187,62,252,29387.67383,302861.75,22.655,17.467273,Attack
1e-06,udp,-,INT,2,0,504,0,1000000.003,254,0,2016000000.0,0.0,0.001,0.0,Attack
9e-06,udp,-,INT,2,0,78,0,111111.1072,254,0,34666664.0,0.0,0.009,0.0,Normal
8e-06,tcp,-,REQ,2,0,90,0,125000.0003,254,0,45000000.0,0.0,0.008,0.0,Normal
0.132883,tcp,smtp,FIN,54,42,37808,3380,714.914638,31,29,2234025.5,198671.0156,2.500208,3.228634,Normal
8e-06,udp,dns,INT,2,0,114,0,125000.0003,254,0,57000000.0,0.0,0.008,0.0,Attack
4e-06,udp,dns,INT,2,0,114,0,250000.0006,254,0,114000000.0,0.0,0.004,0.0,Attack
0.419624,tcp,ftp,FIN,52,54,2934,3742,250.22401,31,29,54868.16797,70024.59375,8.735687,7.906924,Normal
3e-06,unas,-,INT,2,0,200,0,333333.3215,254,0,266666656.0,0.0,0.003,0.0,Attack
4e-06,udp,dns,INT,2,0,114,0,250000.0006,254,0,114000000.0,0.0,0.004,0.0,Attack
3e-06,udp,dns,INT,2,0,114,0,333333.3215,254,0,152000000.0,0.0,0.003,0.0,Attack
1.594362,tcp,-,FIN,12,10,694,646,13.171413,254,252,3196.262695,2920.290283,144.934724,162.466781,Normal
0.0132,tcp,-,FIN,16,18,1540,1644,2500.000014,31,29,875151.5,941212.125,0.8588,0.749118,Normal
9e-06,sprite-rpc,-,INT,2,0,200,0,111111.1072,254,0,88888888.0,0.0,0.009,0.0,Attack
8e-06,udp,dns,INT,2,0,114,0,125000.0003,254,0,57000000.0,0.0,0.008,0.0,Attack
0.005961,tcp,-,FIN,22,24,2054,2478,7549.068963,31,29,2631773.25,3187384.75,0.267143,0.234174,Normal
2.43515,tcp,smtp,FIN,24,24,4381,2004,19.30066,62,252,13794.63281,6310.905273,105.876087,101.732172,Attack
5e-06,udp,dns,INT,2,0,114,0,200000.0051,254,0,91200000.0,0.0,0.005,0.0,Attack
0.001389,udp,dns,CON,2,2,146,178,2159.827241,31,29,420446.375,512599.0,0.006,0.004,Normal
59.49836,ospf,-,REQ,74,0,20128,0,1.226925,254,0,2669.787842,0.0,828.756313,0.0,Attack
0.658687,tcp,-,FIN,10,8,564,354,25.80892,254,252,6169.850098,3765.065918,71.431333,86.846289,Attack
2e-06,udp,dns,INT,2,0,114,0,500000.0013,254,0,228000000.0,0.0,0.002,0.0,Attack
9e-06,cpnx,-,INT,2,0,200,0,111111.1072,254,0,88888888.0,0.0,0.009,0.0,Attack
0.016485,tcp,-,FIN,48,50,2958,32642,5884.137084,31,29,1405884.125,15524416.0,0.359244,0.326653,Normal
1.006931,tcp,http,FIN,14,18,1684,10168,30.78662,31,29,12425.87695,76303.14844,77.429846,59.200706,Normal
0.669039,tcp,smtp,FIN,32,22,18297,2006,79.218101,62,252,211957.75,22898.51563,21.581903,31.412857,Attack
0.225312,tcp,ftp-data,FIN,14,6,8928,320,84.327512,31,29,294382.9063,9480.1875,17.331693,44.851602,Normal
8e-06,udp,-,INT,2,0,2142,0,125000.0003,254,0,1071000000.0,0.0,0.008,0.0,Attack
4e-06,udp,-,INT,2,0,1064,0,250000.0006,254,0,1064000000.0,0.0,0.004,0.0,Normal
0.00395,tcp,http,FIN,8,10,1042,824,4303.797676,31,29,1847088.75,1502784.875,0.516286,0.377667,Normal
1.020847,tcp,http,FIN,12,18,1580,10168,28.407784,31,29,11355.27734,75262.99219,92.185365,60.017997,Normal
1.296328,tcp,smtp,FIN,52,24,46819,1960,57.85573,62,252,283378.9063,11595.83106,25.418197,55.287652,Attack
4e-06,udp,-,INT,2,0,104,0,250000.0006,254,0,104000000.0,0.0,0.004,0.0,Attack
0.644275,tcp,-,FIN,28,30,4840,3080,88.471536,31,29,57962.82422,36977.99609,23.849555,22.197758,Normal
0.696554,tcp,-,FIN,10,6,610,268,21.534583,254,252,6305.325684,2572.664795,77.330111,118.924398,Normal
0.481217,tcp,http,FIN,10,12,880,8104,43.639356,62,252,13166.61719,123503.5313,53.468556,33.410544,Attack
2.421199,tcp,-,FIN,10,8,564,354,7.021314,254,252,1678.507202,1024.285889,269.022111,333.269563,Attack
2.897052,tcp,-,FIN,60,12,68339,526,24.507672,254,252,185570.7031,1333.769653,49.102576,259.456359,Attack
3e-06,dgp,-,INT,2,0,200,0,333333.3215,254,0,266666656.0,0.0,0.003,0.0,Attack
0.004356,tcp,ftp-data,FIN,8,12,424,8824,4361.799709,31,29,681359.0,14855831.0,0.576714,0.349182,Normal
0.019422,tcp,-,FIN,16,18,1540,1644,1699.104085,31,29,594789.375,639686.9375,1.273867,1.115059,Normal
0.708856,tcp,-,FIN,14,10,774,556,32.446647,254,252,8114.483398,5654.181152,53.002153,73.553445,Normal
0.004743,udp,-,CON,4,4,568,320,1475.859153,31,29,718532.5625,404807.0938,1.228,1.068667,Normal
17.330788,ospf,-,INT,28,0,12832,0,1.557921,254,0,5711.916016,0.0,641.881062,0.0,Attack
5e-06,udp,dns,INT,2,0,114,0,200000.0051,254,0,91200000.0,0.0,0.005,0.0,Attack
1e-06,udp,-,INT,2,0,168,0,1000000.003,254,0,672000000.0,0.0,0.001,0.0,Attack
5e-06,br-sat-mon,-,INT,2,0,200,0,200000.0051,254,0,160000000.0,0.0,0.005,0.0,Attack
3e-06,udp,dns,INT,2,0,114,0,333333.3215,254,0,152000000.0,0.0,0.003,0.0,Attack
0.001709,udp,-,CON,4,4,520,304,4095.962612,31,29,1825629.0,1067290.875,0.446333,0.212,Normal
0.642312,tcp,-,FIN,12,8,1090,714,29.58064,254,252,12455.00684,7784.378906,58.391999,69.366,Attack
7e-06,udp,dns,INT,2,0,114,0,142857.1409,254,0,65142856.0,0.0,0.007,0.0,Attack
9e-06,ipv6,-,INT,2,0,200,0,111111.1072,254,0,88888888.0,0.0,0.009,0.0,Attack
1.069784,tcp,-,FIN,10,8,588,354,15.891058,254,252,3963.416748,2318.224854,115.645111,138.827719,Attack
0.038045,tcp,-,FIN,60,62,3598,48710,3180.444187,31,29,744171.375,10077540.0,0.6505,0.633085,Normal
9e-06,udp,dns,INT,2,0,114,0,111111.1072,254,0,50666664.0,0.0,0.009,0.0,Attack
6e-06,udp,dns,INT,2,0,114,0,166666.6608,254,0,76000000.0,0.0,0.006,0.0,Attack
0.005938,tcp,ssh,FIN,32,24,3728,5474,9262.377834,31,29,4866285.0,7067699.5,0.197933,0.226174,Normal
0.004893,tcp,-,FIN,18,18,3936,2456,7153.076156,31,29,6078888.5,3793174.0,0.269706,0.254118,Normal
9e-06,udp,dns,INT,2,0,114,0,111111.1072,254,0,50666664.0,0.0,0.009,0.0,Attack
0.004371,tcp,-,FIN,22,14,1470,1728,8007.321001,31,29,2569663.75,2937543.0,0.208143,0.280769,Normal
3e-06,udp,-,INT,2,0,168,0,333333.3215,254,0,224000000.0,0.0,0.003,0.0,Attack
8e-06,visa,-,INT,2,0,200,0,125000.0003,254,0,100000000.0,0.0,0.008,0.0,Attack
5e-06,unas,-,INT,2,0,200,0,200000.0051,254,0,160000000.0,0.0,0.005,0.0,Attack
0.861688,tcp,ftp,FIN,52,54,2934,3740,121.853847,31,29,26719.64648,34081.94141,17.22732,16.248057,Normal
0.947687,tcp,-,FIN,14,12,774,642,26.380019,254,252,6069.514648,4972.105957,72.899,80.478547,Normal
2.5e-05,udp,-,INT,2,0,168,0,40000.00101,254,0,26880000.0,0.0,0.025,0.0,Attack
5e-06,udp,dns,INT,2,0,114,0,200000.0051,254,0,91200000.0,0.0,0.005,0.0,Attack
0.637006,tcp,http,FIN,10,14,796,8390,36.106411,62,252,9004.625,97845.23438,70.778444,44.838463,Attack
6e-06,udp,-,INT,2,0,1064,0,166666.6608,254,0,709333312.0,0.0,0.006,0.0,Normal
0.594629,tcp,smtp,FIN,52,42,37210,3380,156.400044,31,29,490995.2188,44397.43359,11.652628,14.487683,Normal
0.935988,tcp,-,FIN,10,10,608,646,20.299405,254,252,4683.820801,4974.422852,103.998667,93.192664,Normal
9e-06,unas,-,INT,2,0,200,0,111111.1072,254,0,88888888.0,0.0,0.009,0.0,Attack
4.080898,tcp,-,FIN,122,126,7818,15180,60.525897,31,29,15200.57715,29522.91602,33.723612,32.642935,Normal
1e-05,unas,-,INT,2,0,200,0,100000.0025,254,0,80000000.0,0.0,0.01,0.0,Attack
0.000981,udp,dns,CON,2,2,146,178,3058.103916,31,29,595310.875,725790.0,0.003,0.009,Normal
7e-06,udp,dns,INT,2,0,114,0,142857.1409,254,0,65142856.0,0.0,0.007,0.0,Attack
0.188451,tcp,-,FIN,10,6,558,268,79.596285,254,252,21353.0293,9509.102539,19.480778,26.005199,Attack
0.00105,udp,dns,CON,2,2,130,162,2857.142959,31,29,495238.125,617142.875,0.01,0.009,Normal
0.052014,tcp,-,FIN,48,50,2958,33044,1864.882506,31,29,445572.3438,4980813.0,1.122348,1.050898,Normal
0.00449,tcp,-,FIN,22,14,1470,1728,7795.099883,31,29,2501559.0,2859688.0,0.2245,0.287846,Normal
0.03584,tcp,-,FIN,60,62,3598,48710,3376.115981,31,29,789955.3125,10697544.0,0.612672,0.587517,Normal
3e-06,udp,-,INT,2,0,104,0,333333.3215,254,0,138666656.0,0.0,0.003,0.0,Attack
7e-06,udp,-,INT,2,0,542,0,142857.1409,254,0,309714272.0,0.0,0.007,0.0,Attack
0.762594,tcp,-,FIN,10,8,486,354,22.292334,254,252,4594.843262,3252.058105,84.722556,96.044711,Normal
8e-06,udp,dns,INT,2,0,114,0,125000.0003,254,0,57000000.0,0.0,0.008,0.0,Attack
3e-06,udp,dns,INT,2,0,114,0,333333.3215,254,0,152000000.0,0.0,0.003,0.0,Attack
1e-05,unas,-,INT,2,0,200,0,100000.0025,254,0,80000000.0,0.0,0.01,0.0,Attack
0.001065,udp,dns,CON,2,2,146,178,2816.901513,31,29,548356.8125,668544.625,0.008,0.007,Normal
0.201566,tcp,http,FIN,10,14,832,9772,114.106548,62,252,29727.23633,360140.125,22.396222,14.495461,Attack
0.046974,tcp,-,FIN,48,50,2958,32642,2064.97213,31,29,493379.3125,5448120.5,0.992957,0.967875,Normal
0.001033,udp,dns,CON,2,2,146,178,2904.162775,31,29,565343.6875,689254.625,0.008,0.006,Normal
0.392806,tcp,http,FIN,10,8,818,1302,43.278362,62,252,15009.9541,23217.56836,43.645111,41.581855,Normal
0.045887,tcp,-,FIN,68,70,4014,59460,2985.594993,31,29,689519.875,10218319.0,0.680149,0.666721,Normal
1.743099,tcp,smtp,FIN,24,20,5180,1810,24.668708,62,252,22787.00195,7893.986816,75.786912,88.804477,Attack
9e-06,udp,dns,INT,2,0,114,0,111111.1072,254,0,50666664.0,0.0,0.009,0.0,Attack
0.018452,tcp,-,FIN,16,18,1540,1644,1788.424031,31,29,626056.8125,673314.5625,1.209,1.058823,Normal
8e-06,unas,-,INT,2,0,200,0,125000.0003,254,0,100000000.0,0.0,0.008,0.0,Attack
3e-06,udp,dns,INT,2,0,114,0,333333.3215,254,0,152000000.0,0.0,0.003,0.0,Attack
1e-05,unas,-,INT,2,0,200,0,100000.0025,254,0,80000000.0,0.0,0.01,0.0,Attack
0.892021,tcp,pop3,FIN,20,22,938,5478,45.963043,62,252,7999.811523,46895.75781,46.948474,41.28843,Attack
5e-06,udp,-,INT,2,0,168,0,200000.0051,254,0,134400000.0,0.0,0.005,0.0,Attack
0.001056,udp,dns,CON,2,2,130,162,2840.909069,31,29,492424.25,613636.375,0.01,0.006,Normal
3e-06,udp,dns,INT,2,0,114,0,333333.3215,254,0,152000000.0,0.0,0.003,0.0,Attack
2.146409,tcp,http,FIN,348,746,18578,1087890,509.222605,31,29,69045.55469,4049301.0,6.1847,2.884348,Normal
9e-06,encap,-,INT,2,0,200,0,111111.1072,254,0,88888888.0,0.0,0.009,0.0,Attack
1e-05,udp,dns,INT,2,0,114,0,100000.0025,254,0,45600000.0,0.0,0.01,0.0,Attack
5e-06,unas,-,INT,2,0,200,0,200000.0051,254,0,160000000.0,0.0,0.005,0.0,Attack
5e-06,udp,dns,INT,2,0,114,0,200000.0051,254,0,91200000.0,0.0,0.005,0.0,Attack
0.01835,tcp,-,FIN,16,18,1540,1644,1798.365166,31,29,629536.8125,677057.25,1.203067,1.052588,Normal
1.207417,tcp,ftp-data,FIN,8,8,364,586,12.423214,62,252,2113.602783,3398.991455,172.398147,159.423422,Attack
0.001051,udp,dns,CON,2,2,130,162,2854.424439,31,29,494766.9063,616555.6875,0.006,0.008,Normal
9e-06,unas,-,INT,2,0,200,0,111111.1072,254,0,88888888.0,0.0,0.009,0.0,Attack
1.145769,tcp,ftp,FIN,20,22,1100,1612,35.783827,62,252,7296.409668,10745.62109,60.303633,52.93019,Attack
2.562854,tcp,smtp,FIN,20,20,2044,1896,15.21741,62,252,6061.991699,5624.979004,134.887053,131.733422,Attack
5e-06,udp,dns,INT,2,0,114,0,200000.0051,254,0,91200000.0,0.0,0.005,0.0,Attack
1.099654,tcp,-,FIN,16,10,910,556,22.734425,254,252,6212.86377,3644.782959,69.834335,115.755336,Normal
0.15671,udp,dns,CON,2,2,144,414,19.143641,62,252,3675.579102,10567.29004,0.004,0.009,Attack
5e-06,udp,-,INT,2,0,104,0,200000.0051,254,0,83200000.0,0.0,0.005,0.0,Attack
0.017334,tcp,-,FIN,48,50,2974,30506,5595.938851,31,29,1344409.875,13797624.0,0.361149,0.349208,Normal
0.01823,tcp,-,FIN,16,18,1540,1644,1810.202911,31,29,633680.75,681514.0,1.195133,1.111312,Normal
0.442284,tcp,http,FIN,10,6,824,268,33.914861,254,252,13421.24121,4051.695312,45.040889,73.990797,Attack
5e-06,unas,-,INT,2,0,200,0,200000.0051,254,0,160000000.0,0.0,0.005,0.0,Attack
8e-06,udp,dns,INT,2,0,114,0,125000.0003,254,0,57000000.0,0.0,0.008,0.0,Attack
9e-06,udp,dns,INT,2,0,114,0,111111.1072,254,0,50666664.0,0.0,0.009,0.0,Attack
9e-06,unas,-,INT,2,0,200,0,111111.1072,254,0,88888888.0,0.0,0.009,0.0,Attack
0.000998,udp,dns,CON,2,2,146,178,3006.011927,31,29,585170.3125,713426.8125,0.009,0.005,Normal
0.046285,tcp,-,FIN,60,62,3598,48710,2614.237891,31,29,611688.4375,8283461.0,0.778814,0.749328,Normal
3e-06,udp,dns,INT,2,0,114,0,333333.3215,254,0,152000000.0,0.0,0.003,0.0,Attack
0.001701,udp,-,CON,4,4,520,304,4115.226265,31,29,1834215.125,1072310.375,0.445,0.214333,Normal
0.030988,tcp,-,FIN,72,74,4238,63516,4679.23062,31,29,1079127.375,16176068.0,0.432,0.42325,Normal
0.00123,udp,dns,CON,2,2,132,164,2439.024286,31,29,429268.2813,533333.3125,0.008,0.005,Normal
1e-05,udp,-,INT,2,0,2896,0,100000.0025,254,0,1158400000.0,0.0,0.01,0.0,Attack
9e-06,udp,-,INT,2,0,104,0,111111.1072,254,0,46222220.0,0.0,0.009,0.0,Attack
0.03041,udp,-,CON,4,4,568,320,230.187444,31,29,112068.3984,63137.12891,5.021,9.660667,Normal
0.004334,tcp,-,FIN,22,14,1470,1728,8075.680778,31,29,2591601.25,2962621.25,0.206381,0.277538,Normal
4e-06,udp,-,INT,2,0,168,0,250000.0006,254,0,168000000.0,0.0,0.004,0.0,Attack
0.524364,tcp,http,FIN,10,10,792,4470,36.234372,62,252,10877.93945,61377.21094,58.262667,51.864111,Attack
9e-06,udp,dns,INT,2,0,114,0,111111.1072,254,0,50666664.0,0.0,0.009,0.0,Attack
0.000979,udp,dns,CON,2,2,146,178,3064.351366,31,29,596527.0625,727272.75,0.009,0.007,Normal
2.701071,tcp,-,FIN,16,18,1540,1644,12.217376,31,29,4276.821777,4599.656738,192.905713,158.569641,Normal
6e-06,udp,dns,INT,2,0,114,0,166666.6608,254,0,76000000.0,0.0,0.006,0.0,Attack
1.514208,tcp,-,FIN,238,438,13662,548216,445.777607,31,29,71879.16406,2889774.75,6.414801,3.463979,Normal
1.321203,tcp,http,FIN,40,220,2228,282265,196.033464,62,252,13157.70606,1701370.625,33.876999,6.030285,Attack
1.226197,tcp,ftp,FIN,14,12,774,682,20.388241,254,252,4690.92627,4084.172363,94.266921,103.308094,Normal
1.077133,tcp,http,FIN,10,8,836,354,15.782637,254,252,5592.624023,2302.408203,117.038333,142.894281,Attack
9e-06,pnni,-,INT,2,0,200,0,111111.1072,254,0,88888888.0,0.0,0.009,0.0,Attack
0.001022,udp,dns,CON,2,2,146,178,2935.420795,31,29,571428.5625,696673.1875,0.009,0.005,Normal
0.178265,tcp,-,FIN,10,6,724,268,84.144389,254,252,29259.80859,10052.44922,18.407889,34.169,Attack
8e-06,udp,dns,INT,2,0,114,0,125000.0003,254,0,57000000.0,0.0,0.008,0.0,Attack
6e-06,unas,-,INT,2,0,200,0,166666.6608,254,0,133333328.0,0.0,0.006,0.0,Attack
5e-06,udp,dns,INT,2,0,114,0,200000.0051,254,0,91200000.0,0.0,0.005,0.0,Attack
0.09615,tcp,-,FIN,84,86,4862,75600,1757.670245,31,29,399791.9688,6217035.5,1.168817,1.125435,Normal
0.034867,tcp,-,FIN,68,70,4014,59460,3929.216757,31,29,907448.3125,13447902.0,0.522409,0.512313,Normal
0.700112,tcp,http,FIN,10,6,508,268,21.425144,254,252,5233.448242,2559.590576,77.677556,113.224203,Normal
1.150377,mux,-,INT,4,0,400,0,2.607841,254,0,2086.272461,0.0,383.459,0.0,Attack
6e-06,udp,dns,INT,2,0,114,0,166666.6608,254,0,76000000.0,0.0,0.006,0.0,Attack
5e-06,udp,dns,INT,2,0,114,0,200000.0051,254,0,91200000.0,0.0,0.005,0.0,Attack
9e-06,udp,dns,INT,2,0,114,0,111111.1072,254,0,50666664.0,0.0,0.009,0.0,Attack
1e-05,tcp,-,REQ,2,0,90,0,100000.0025,254,0,36000000.0,0.0,0.01,0.0,Normal
0.016861,tcp,-,FIN,48,50,2958,32642,5752.921226,31,29,1374533.0,15178223.0,0.352277,0.333,Normal
1.808231,tcp,ftp,FIN,22,22,1166,1660,23.780148,62,252,4924.149414,7012.378418,86.106237,83.106762,Attack
0.042901,tcp,-,FIN,60,62,3614,50036,2820.447198,31,29,662735.1875,9180020.0,0.721932,0.693836,Normal
9e-06,fc,-,INT,2,0,200,0,111111.1072,254,0,88888888.0,0.0,0.009,0.0,Attack
6e-06,udp,dns,INT,2,0,114,0,166666.6608,254,0,76000000.0,0.0,0.006,0.0,Attack
3e-06,udp,dns,INT,2,0,114,0,333333.3215,254,0,152000000.0,0.0,0.003,0.0,Attack
1.387998,tcp,smtp,FIN,194,44,233791,2746,170.749527,62,252,1340555.25,15469.7627,7.191699,32.074488,Attack
9e-06,udp,dns,INT,2,0,114,0,111111.1072,254,0,50666664.0,0.0,0.009,0.0,Attack
6e-06,uti,-,INT,2,0,200,0,166666.6608,254,0,133333328.0,0.0,0.006,0.0,Attack
9e-06,unas,-,INT,2,0,200,0,111111.1072,254,0,88888888.0,0.0,0.009,0.0,Attack
0.009062,tcp,-,FIN,36,34,2334,13396,7614.213518,31,29,2003972.75,11478261.0,0.245686,0.258758,Normal
4e-06,udp,dns,INT,2,0,114,0,250000.0006,254,0,114000000.0,0.0,0.004,0.0,Attack
8e-06,udp,dns,INT,2,0,114,0,125000.0003,254,0,57000000.0,0.0,0.008,0.0,Attack
8e-06,udp,dns,INT,2,0,114,0,125000.0003,254,0,57000000.0,0.0,0.008,0.0,Attack
0.001163,udp,dns,CON,2,2,146,178,2579.535666,31,29,502149.625,612209.8125,0.009,0.007,Normal
0.427844,tcp,http,FIN,12,10,1224,3684,49.083312,62,252,20979.60938,62003.91016,38.894909,46.492445,Attack
1.521546,tcp,-,FIN,16,14,880,1342,19.059562,254,252,4337.693359,6556.489258,97.741134,110.829617,Attack
1.008849,tcp,http,FIN,14,18,1684,10168,30.728086,31,29,12402.25195,76158.07813,77.577228,59.310882,Normal
9e-06,udp,dns,INT,2,0,114,0,111111.1072,254,0,50666664.0,0.0,0.009,0.0,Attack
1.693273,tcp,-,FIN,36,14,34706,1008,28.93804,254,252,159416.7031,4422.205078,47.665971,123.449766,Normal
1.008592,st2,-,INT,4,0,360,0,2.974444,254,0,2141.599365,0.0,336.197344,0.0,Attack
13.723083,tcp,-,FIN,452,858,25368,1094788,95.386732,31,29,14755.86816,637473.6875,30.427313,16.012237,Normal
4e-06,udp,dns,INT,2,0,114,0,250000.0006,254,0,114000000.0,0.0,0.004,0.0,Attack
0.173394,tcp,-,FIN,10,6,1612,268,86.508186,254,252,66945.80469,10334.84473,18.540667,27.7054,Attack
0.532944,tcp,smtp,FIN,54,42,37808,3380,178.255118,31,29,557026.625,49536.16016,10.048831,12.98522,Normal
0.962763,tcp,-,FIN,10,10,608,646,19.734867,254,252,4553.561035,4836.081055,106.973667,95.566891,Attack
4e-06,leaf-1,-,INT,2,0,200,0,250000.0006,254,0,200000000.0,0.0,0.004,0.0,Attack
0.001085,udp,dns,CON,2,2,146,178,2764.976968,31,29,538248.875,656221.1875,0.01,0.007,Normal
2.292833,tcp,-,FIN,16,18,1540,1644,14.392674,31,29,5038.308105,5418.624023,152.835529,142.099375,Normal
0.756677,udp,dns,CON,2,2,122,318,3.964704,62,252,644.92511,1681.034424,0.008,0.008,Attack
9e-06,udp,-,INT,2,0,1064,0,111111.1072,254,0,472888864.0,0.0,0.009,0.0,Attack
3e-06,udp,dns,INT,2,0,114,0,333333.3215,254,0,152000000.0,0.0,0.003,0.0,Attack
5e-06,udp,dns,INT,2,0,114,0,200000.0051,254,0,91200000.0,0.0,0.005,0.0,Attack
0.0,arp,-,INT,1,0,46,0,0.0,0,0,0.0,0.0,60000.752,0.0,Normal
0.063931,tcp,-,FIN,84,86,4862,75600,2643.474864,31,29,601273.1875,9350205.0,0.775902,0.746482,Normal
0.911539,tcp,-,FIN,10,8,564,354,18.649778,254,252,4458.394043,2720.67334,94.722889,120.399,Attack
1e-06,udp,dns,INT,2,0,114,0,1000000.003,254,0,456000000.0,0.0,0.001,0.0,Attack
0.290384,tcp,http,FIN,10,6,470,268,51.65574,254,252,11653.53516,6171.13916,29.108778,54.078801,Attack
0.001014,udp,dns,CON,2,2,130,162,2958.579772,31,29,512820.5,639053.25,0.004,0.004,Normal
1.518413,tcp,http,FIN,10,20,822,15790,19.098889,62,252,3898.807617,79035.15625,168.712556,75.822948,Attack
9e-06,udp,dns,INT,2,0,114,0,111111.1072,254,0,50666664.0,0.0,0.009,0.0,Attack
4e-06,udp,-,INT,2,0,1542,0,250000.0006,254,0,1542000000.0,0.0,0.004,0.0,Attack
0.811345,tcp,smtp,FIN,20,20,3432,1860,48.068332,62,252,32154.01758,17422.92188,42.70237,42.154,Attack
9e-06,mfe-nsp,-,INT,2,0,200,0,111111.1072,254,0,88888888.0,0.0,0.009,0.0,Attack
3.451822,tcp,smtp,FIN,26,24,4978,1954,14.195402,62,252,11094.43066,4340.895996,138.072879,146.662094,Attack
0.879885,tcp,http,FIN,14,36,974,41926,55.689095,62,252,8228.347656,370612.0625,67.682233,23.819086,Attack
0.016252,tcp,-,FIN,16,18,1540,1644,2030.519335,31,29,710804.8125,764459.75,1.0624,0.986938,Normal
0.469862,tcp,http,FIN,18,6,14182,268,48.950541,254,252,228066.9531,3813.885742,24.798118,81.447,Attack
0.910895,tcp,-,FIN,14,10,774,556,25.249892,254,252,6314.668457,4400.067871,67.104844,92.869445,Normal
3e-06,udp,dns,INT,2,0,114,0,333333.3215,254,0,152000000.0,0.0,0.003,0.0,Attack
0.036616,tcp,-,FIN,60,62,3614,50036,3304.566194,31,29,776491.125,10755735.0,0.625724,0.590082,Normal
4.7e-05,swipe,-,INT,1,0,60,0,0.0,0,0,0.0,0.0,0.0,0.0,Attack
0.905308,tcp,-,FIN,10,8,534,354,18.778139,254,252,4250.487305,2739.39917,100.589778,118.47043,Normal
3e-06,udp,dns,INT,2,0,114,0,333333.3215,254,0,152000000.0,0.0,0.003,0.0,Attack
0.06368,tcp,ftp,FIN,52,54,2934,3742,1648.869331,31,29,361557.7813,461432.1563,1.320375,1.191132,Normal
4e-06,unas,-,INT,2,0,200,0,250000.0006,254,0,200000000.0,0.0,0.004,0.0,Attack
0.131892,tcp,-,FIN,78,80,4550,72810,1190.367916,31,29,272465.375,4361144.0,1.75432,1.704545,Normal
59.164097,udp,dns,INT,108,0,12852,0,1.808529,254,0,1721.719849,0.0,552.9355,0.0,Attack
3e-06,udp,dns,INT,2,0,114,0,333333.3215,254,0,152000000.0,0.0,0.003,0.0,Attack
0.602664,tcp,smtp,FIN,52,40,37210,3276,150.996245,31,29,484449.0625,42411.69141,11.810372,15.44059,Normal
2.036314,tcp,-,FIN,10,8,564,354,8.348418,254,252,1995.762939,1217.886841,223.607889,277.281281,Attack
0.872832,tcp,http,FIN,10,10,846,1216,21.768221,62,252,6984.162109,10036.2959,96.928,92.167109,Normal
10.672128,tcp,ftp-data,FIN,8,8,364,1112,1.40553,62,252,239.127579,729.376587,1524.589714,1497.246875,Attack
8e-06,stp,-,INT,2,0,200,0,125000.0003,254,0,100000000.0,0.0,0.008,0.0,Attack
0.001047,udp,dns,CON,2,2,132,164,2865.329359,31,29,504297.9688,626552.0,0.009,0.007,Normal
0.284012,tcp,-,FIN,10,6,668,268,52.814672,254,252,16957.03125,6309.592773,26.524111,48.077,Attack
7e-06,iplt,-,INT,2,0,200,0,142857.1409,254,0,114285712.0,0.0,0.007,0.0,Attack
1.385537,tcp,http,FIN,10,8,792,1862,12.269611,62,252,4116.81543,9411.512695,153.833889,183.825719,Attack
0.001047,udp,dns,CON,2,2,146,178,2865.329359,31,29,557784.125,680038.1875,0.011,0.007,Normal
5e-06,wb-expak,-,INT,2,0,200,0,200000.0051,254,0,160000000.0,0.0,0.005,0.0,Attack
0.721342,tcp,-,FIN,28,30,4616,3080,79.01938,31,29,49374.63672,33027.32813,26.704888,24.852689,Normal
19.295721,udp,-,INT,4,0,402,0,0.155475,254,0,125.209106,0.0,6431.9075,0.0,Attack
9e-06,udp,dns,INT,2,0,114,0,111111.1072,254,0,50666664.0,0.0,0.009,0.0,Attack
5.386833,tcp,ftp,FIN,52,54,2934,3742,19.491972,31,29,4274.125488,5454.781738,105.617312,101.630055,Normal
0.224444,tcp,ftp-data,FIN,14,6,8928,320,84.653632,31,29,295521.375,9516.850586,17.264924,44.752801,Normal
0.266037,tcp,http,FIN,10,8,788,1312,63.900889,62,252,21350.41406,34521.51563,29.559667,27.406857,Attack
0.047429,tcp,ftp-data,FIN,6,8,320,1946,274.093914,31,29,45035.73828,287250.4375,9.422,6.707571,Normal
9e-06,mobile,-,INT,2,0,200,0,111111.1072,254,0,88888888.0,0.0,0.009,0.0,Attack
1e-05,udp,dns,INT,2,0,114,0,100000.0025,254,0,45600000.0,0.0,0.01,0.0,Attack
1.114329,tcp,http,FIN,10,10,798,2028,17.05062,62,252,5161.851074,13109.23438,123.698333,116.066,Attack
0.033505,tcp,-,FIN,38,40,2438,19266,2298.164441,31,29,566840.75,4485300.5,0.920528,0.846872,Normal
0.439721,tcp,-,FIN,10,6,1612,268,34.11254,254,252,26398.55859,4075.311523,44.506556,75.364398,Attack
4e-06,idrp,-,INT,2,0,200,0,250000.0006,254,0,200000000.0,0.0,0.004,0.0,Attack
9e-06,udp,dns,INT,2,0,114,0,111111.1072,254,0,50666664.0,0.0,0.009,0.0,Attack
3e-06,udp,dns,INT,2,0,114,0,333333.3215,254,0,152000000.0,0.0,0.003,0.0,Attack
0.048111,tcp,-,FIN,78,80,4550,72810,3263.287039,31,29,746939.375,11955686.0,0.628776,0.600785,Normal
3e-06,unas,-,INT,2,0,200,0,333333.3215,254,0,266666656.0,0.0,0.003,0.0,Attack
0.795564,tcp,-,FIN,10,8,534,354,21.368488,254,252,4836.820312,3117.2854,88.292667,100.58343,Normal
6e-06,gre,-,INT,2,0,156,0,166666.6608,254,0,104000000.0,0.0,0.006,0.0,Attack
1e-05,udp,-,INT,2,0,1064,0,100000.0025,254,0,425600000.0,0.0,0.01,0.0,Normal
0.718326,tcp,-,FIN,10,8,600,354,23.666136,254,252,6013.98291,3452.47168,76.628556,84.086289,Attack
9e-06,any,-,INT,2,0,200,0,111111.1072,254,0,88888888.0,0.0,0.009,0.0,Attack
5e-06,udp,-,INT,2,0,242,0,200000.0051,254,0,193600000.0,0.0,0.005,0.0,Attack
1e-06,udp,dns,INT,2,0,114,0,1000000.003,254,0,456000000.0,0.0,0.001,0.0,Attack
0.172318,tcp,-,FIN,60,62,3598,48710,702.190151,31,29,164300.8906,2224956.25,2.914831,2.805426,Normal
1e-05,micp,-,INT,2,0,200,0,100000.0025,254,0,80000000.0,0.0,0.01,0.0,Attack
1.181431,tcp,-,FIN,18,14,2754,1914,26.239364,254,252,17612.53906,12039.63574,69.495941,86.843156,Attack
6e-06,udp,dns,INT,2,0,114,0,166666.6608,254,0,76000000.0,0.0,0.006,0.0,Attack
3e-06,unas,-,INT,2,0,200,0,333333.3215,254,0,266666656.0,0.0,0.003,0.0,Attack
9e-06,unas,-,INT,2,0,200,0,111111.1072,254,0,88888888.0,0.0,0.009,0.0,Attack
0.983669,tcp,-,FIN,26,10,19370,524,35.581075,254,252,151473.7188,3838.689697,37.117361,102.225555,Attack
3e-06,udp,dns,INT,2,0,114,0,333333.3215,254,0,152000000.0,0.0,0.003,0.0,Attack
8e-06,udp,dns,INT,2,0,114,0,125000.0003,254,0,57000000.0,0.0,0.008,0.0,Attack
1e-06,udp,dns,INT,2,0,114,0,1000000.003,254,0,456000000.0,0.0,0.001,0.0,Attack
1e-05,unas,-,INT,2,0,200,0,100000.0025,254,0,80000000.0,0.0,0.01,0.0,Attack
0.001077,udp,dns,CON,2,2,146,178,2785.515187,31,29,542246.9375,661095.625,0.01,0.005,Normal
0.494668,tcp,http,FIN,10,8,798,1300,34.366484,62,252,11628.00098,18404.26367,54.963111,61.529855,Normal
0.05011,tcp,-,FIN,40,42,2542,23508,1616.443788,31,29,395769.3125,3663779.5,1.27659,1.207463,Normal
8e-06,udp,dns,INT,2,0,114,0,125000.0003,254,0,57000000.0,0.0,0.008,0.0,Attack
1.041619,tcp,http,FIN,10,8,1484,354,16.320748,254,252,10260.9502,2380.90918,115.632556,135.556859,Attack
0.001171,udp,dns,CON,2,2,146,178,2561.912999,31,29,498719.0625,608027.375,0.01,0.002,Normal
9e-06,udp,dns,INT,2,0,114,0,111111.1072,254,0,50666664.0,0.0,0.009,0.0,Attack
6e-06,udp,dns,INT,2,0,114,0,166666.6608,254,0,76000000.0,0.0,0.006,0.0,Attack
9e-06,udp,-,INT,2,0,104,0,111111.1072,254,0,46222220.0,0.0,0.009,0.0,Normal
7e-06,unas,-,INT,2,0,200,0,142857.1409,254,0,114285712.0,0.0,0.007,0.0,Attack
1.291863,tcp,-,FIN,12,8,1080,754,14.707442,254,252,6130.681152,4087.12085,117.442091,169.4,Attack
0.791789,tcp,-,FIN,10,8,756,354,21.470367,254,252,6880.621094,3132.147705,83.189222,93.588289,Attack
0.178411,tcp,http,FIN,10,10,844,4756,106.495672,62,252,34078.61328,191961.25,19.823444,17.401333,Attack
0.0,arp,-,INT,1,0,46,0,0.0,0,0,0.0,0.0,60000.752,0.0,Normal
0.001051,udp,dns,CON,2,2,146,178,2854.424439,31,29,555661.3125,677450.0625,0.009,0.007,Normal
3e-06,unas,-,INT,2,0,200,0,333333.3215,254,0,266666656.0,0.0,0.003,0.0,Attack
0.735417,tcp,http,FIN,10,10,782,5970,25.835682,62,252,7658.240234,58448.47266,81.713,75.228891,Attack
8e-06,udp,dns,INT,2,0,114,0,125000.0003,254,0,57000000.0,0.0,0.008,0.0,Attack
8e-06,udp,dns,INT,2,0,114,0,125000.0003,254,0,57000000.0,0.0,0.008,0.0,Attack
0.065124,tcp,-,FIN,84,88,4862,75704,2625.760184,31,29,590258.625,9194030.0,0.789976,0.743011,Normal
9e-06,udp,dns,INT,2,0,114,0,111111.1072,254,0,50666664.0,0.0,0.009,0.0,Attack
9e-06,unas,-,INT,2,0,200,0,111111.1072,254,0,88888888.0,0.0,0.009,0.0,Attack
8e-06,udp,dns,INT,2,0,114,0,125000.0003,254,0,57000000.0,0.0,0.008,0.0,Attack
9e-06,udp,dns,INT,2,0,114,0,111111.1072,254,0,50666664.0,0.0,0.009,0.0,Attack
2e-06,udp,dns,INT,2,0,114,0,500000.0013,254,0,228000000.0,0.0,0.002,0.0,Attack
0.0,arp,-,INT,1,0,46,0,0.0,0,0,0.0,0.0,60000.784,0.0,Normal
1e-05,pim,-,INT,2,0,200,0,100000.0025,254,0,80000000.0,0.0,0.01,0.0,Attack
0.014351,tcp,-,FIN,16,18,1540,1644,2299.491312,31,29,804961.3125,865723.625,0.935667,0.817412,Normal
0.64018,tcp,-,FIN,10,8,564,354,26.555032,254,252,6348.214844,3873.9104,69.802889,90.505289,Attack
0.754778,tcp,http,FIN,10,10,1138,3814,25.172964,254,252,10864.12109,36386.85547,83.864222,74.206778,Attack
21.012264,tcp,-,FIN,26,28,4152,2976,2.522336,31,29,1520.255005,1092.69519,840.47482,808.14325,Normal
4e-06,unas,-,INT,2,0,200,0,250000.0006,254,0,200000000.0,0.0,0.004,0.0,Attack
3e-06,udp,dns,INT,2,0,114,0,333333.3215,254,0,152000000.0,0.0,0.003,0.0,Attack
0.530196,tcp,-,FIN,10,8,574,354,32.063614,254,252,7800.888672,4677.515625,58.910667,66.254859,Attack
8e-06,udp,dns,INT,2,0,114,0,125000.0003,254,0,57000000.0,0.0,0.008,0.0,Attack
3e-06,udp,dns,INT,2,0,114,0,333333.3215,254,0,152000000.0,0.0,0.003,0.0,Attack
5e-06,udp,dns,INT,2,0,114,0,200000.0051,254,0,91200000.0,0.0,0.005,0.0,Attack
9e-06,sps,-,INT,2,0,200,0,111111.1072,254,0,88888888.0,0.0,0.009,0.0,Attack
9e-06,udp,-,INT,2,0,168,0,111111.1072,254,0,74666664.0,0.0,0.009,0.0,Attack
1e-05,udp,dns,INT,2,0,114,0,100000.0025,254,0,45600000.0,0.0,0.01,0.0,Attack
9e-06,udp,dns,INT,2,0,114,0,111111.1072,254,0,50666664.0,0.0,0.009,0.0,Attack
0.553976,tcp,-,FIN,10,6,534,268,27.076985,254,252,6946.149414,3234.797119,55.751778,97.081203,Attack
0.0,arp,-,INT,1,0,46,0,0.0,0,0,0.0,0.0,60000.664,0.0,Normal
58.881458,ospf,-,REQ,68,0,18496,0,1.137879,254,0,2476.025635,0.0,919.770813,0.0,Attack
0.722158,tcp,-,FIN,10,6,2516,268,20.771077,254,252,25091.46094,2481.451416,8845.3042,14743.396,Attack
9e-06,udp,-,INT,2,0,104,0,111111.1072,254,0,46222220.0,0.0,0.009,0.0,Attack
8e-06,udp,dns,INT,2,0,114,0,125000.0003,254,0,57000000.0,0.0,0.008,0.0,Attack
2.146296,ospf,-,INT,18,0,2858,0,7.920622,254,0,10063.84961,0.0,126.252703,0.0,Attack
0.094891,tcp,-,FIN,22,14,1470,1728,368.844265,31,29,118367.3906,135313.1563,4.518619,7.248154,Normal
0.037969,tcp,-,FIN,60,62,3614,50036,3186.810239,31,29,748821.375,10372462.0,0.648862,0.612082,Normal
1.026717,tcp,-,FIN,16,10,3460,556,24.349457,254,252,25276.68359,3903.704834,66.273199,107.492109,Normal
9e-06,udp,dns,INT,2,0,114,0,111111.1072,254,0,50666664.0,0.0,0.009,0.0,Attack
4e-06,udp,dns,INT,2,0,114,0,250000.0006,254,0,114000000.0,0.0,0.004,0.0,Attack
8e-06,udp,dns,INT,2,0,114,0,125000.0003,254,0,57000000.0,0.0,0.008,0.0,Attack
0.0,arp,-,INT,1,0,46,0,0.0,0,0,0.0,0.0,60000.64,0.0,Normal
0.089388,tcp,ftp-data,FIN,6,8,320,1862,145.433395,31,29,23895.82617,145880.875,17.8138,12.689143,Normal
7e-06,compaq-peer,-,INT,2,0,200,0,142857.1409,254,0,114285712.0,0.0,0.007,0.0,Attack
2e-06,udp,dns,INT,2,0,114,0,500000.0013,254,0,228000000.0,0.0,0.002,0.0,Attack
9e-06,unas,-,INT,2,0,200,0,111111.1072,254,0,88888888.0,0.0,0.009,0.0,Attack
9e-06,udp,dns,INT,2,0,114,0,111111.1072,254,0,50666664.0,0.0,0.009,0.0,Attack
0.017205,tcp,-,FIN,16,18,1540,1644,1918.047088,31,29,671432.75,722115.6875,1.125133,0.982882,Normal
9e-06,unas,-,INT,2,0,200,0,111111.1072,254,0,88888888.0,0.0,0.009,0.0,Attack
0.001044,udp,dns,CON,2,2,146,178,2873.563127,31,29,559386.9375,681992.3125,0.004,0.006,Normal
7e-06,vmtp,-,INT,2,0,200,0,142857.1409,254,0,114285712.0,0.0,0.007,0.0,Attack
8e-06,unas,-,INT,2,0,200,0,125000.0003,254,0,100000000.0,0.0,0.008,0.0,Attack
59.996548,arp,-,INT,2,0,92,0,0.016668,0,0,6.133686,0.0,59998.624,0.0,Normal
5e-06,udp,dns,INT,2,0,114,0,200000.0051,254,0,91200000.0,0.0,0.005,0.0,Attack
0.474549,tcp,-,FIN,60,106,3964,114238,347.698555,31,29,65712.92188,1907680.75,8.036966,4.515114,Normal
0.001129,udp,dns,CON,2,2,130,162,2657.21882,31,29,460584.5938,573959.25,0.009,0.001,Normal
3e-06,udp,dns,INT,2,0,114,0,333333.3215,254,0,152000000.0,0.0,0.003,0.0,Attack
9e-06,udp,dns,INT,2,0,114,0,111111.1072,254,0,50666664.0,0.0,0.009,0.0,Attack
0.276693,tcp,http,FIN,10,6,2384,268,54.21171,254,252,62047.10938,6476.492188,27.017556,48.592199,Attack
0.0,arp,-,INT,1,0,46,0,0.0,0,0,0.0,0.0,60000.76,0.0,Normal
0.264062,tcp,http,FIN,10,8,910,2142,64.378823,62,252,24812.35547,56804.84375,29.340222,36.593145,Attack
2.09725,tcp,http,FIN,10,10,762,982,9.059483,62,252,2616.76001,3372.034912,233.001,222.830437,Attack
8e-06,tlsp,-,INT,2,0,200,0,125000.0003,254,0,100000000.0,0.0,0.008,0.0,Attack
1e-05,dcn,-,INT,2,0,200,0,100000.0025,254,0,80000000.0,0.0,0.01,0.0,Attack
1e-06,udp,dns,INT,2,0,114,0,1000000.003,254,0,456000000.0,0.0,0.001,0.0,Attack
0.451546,tcp,-,FIN,10,6,1282,268,33.219206,254,252,20445.31445,3968.587891,50.171778,73.820602,Attack
9e-06,unas,-,INT,2,0,200,0,111111.1072,254,0,88888888.0,0.0,0.009,0.0,Attack
0.885824,tcp,ssh,FIN,70,60,12472,12716,145.627118,31,29,111028.8281,112934.3984,12.838029,15.002746,Normal
0.774573,tcp,http,FIN,10,10,800,4258,24.529643,62,252,7436.35498,39588.26172,83.343333,81.279889,Attack
0.385215,tcp,-,FIN,28,30,4616,3080,147.96931,31,29,92457.45313,61845.98047,14.255296,13.264621,Normal
1.180263,tcp,-,CON,6,2,978,86,5.930881,62,252,5524.192383,291.460449,236.0526,0.003,Normal
0.601373,tcp,-,FIN,12,8,1454,764,31.594367,254,252,17732.75391,8899.634766,53.302727,72.435141,Attack
9e-06,il,-,INT,2,0,200,0,111111.1072,254,0,88888888.0,0.0,0.009,0.0,Attack
0.14834,tcp,-,FIN,22,24,1958,2308,303.357149,31,29,100795.4688,119293.5156,7.046047,6.709273,Normal
0.236844,tcp,-,FIN,16,18,1540,1644,139.332217,31,29,48774.71875,52456.46875,15.768267,13.899706,Normal
9e-06,udp,dns,INT,2,0,114,0,111111.1072,254,0,50666664.0,0.0,0.009,0.0,Attack
3.314953,tcp,-,FIN,10,8,526,354,5.128278,254,252,1143.907593,748.125244,365.515556,455.908563,Attack
1.207634,tcp,http,FIN,14,18,1684,10168,25.67003,31,29,10360.75488,63621.92578,92.869,71.008824,Normal
6.761908,tcp,ftp,FIN,24,22,1264,1646,6.654926,62,252,1433.914795,1859.830078,293.996005,316.924812,Attack
1e-05,qnx,-,INT,2,0,200,0,100000.0025,254,0,80000000.0,0.0,0.01,0.0,Attack
4e-06,udp,dns,INT,2,0,114,0,250000.0006,254,0,114000000.0,0.0,0.004,0.0,Attack
1e-06,visa,-,INT,2,0,200,0,1000000.003,254,0,800000000.0,0.0,0.001,0.0,Attack
0.053974,tcp,-,FIN,66,68,3926,57474,2464.149457,31,29,573164.875,8393523.0,0.838453,0.822969,Normal
3e-06,udp,dns,INT,2,0,114,0,333333.3215,254,0,152000000.0,0.0,0.003,0.0,Attack
6e-06,unas,-,INT,2,0,200,0,166666.6608,254,0,133333328.0,0.0,0.006,0.0,Attack
3e-06,udp,dns,INT,2,0,114,0,333333.3215,254,0,152000000.0,0.0,0.003,0.0,Attack
0.921305,tcp,-,FIN,10,8,2516,354,18.452087,254,252,19667.75391,2691.833984,95.247444,119.427711,Normal
0.028855,tcp,-,FIN,60,62,3598,48710,4193.380741,31,29,981181.8125,13287125.0,0.492207,0.479288,Normal
6e-06,unas,-,INT,2,0,200,0,166666.6608,254,0,133333328.0,0.0,0.006,0.0,Attack
5e-06,udp,dns,INT,2,0,114,0,200000.0051,254,0,91200000.0,0.0,0.005,0.0,Attack
0.229457,tcp,http,FIN,10,6,1020,268,65.371724,254,252,32005.99609,7809.741699,23.869556,42.132199,Attack
59.810604,ospf,-,INT,130,0,35360,0,2.156808,254,0,4693.214355,0.0,463.647906,0.0,Attack
2.836784,tcp,smtp,FIN,60,28,54963,2002,30.668533,62,252,152417.6719,5445.603516,48.081084,101.53193,Attack
1.453711,tcp,-,FIN,10,8,564,354,11.694209,254,252,2795.60376,1705.978638,161.463778,196.568859,Attack
1.031927,tcp,smtp,FIN,62,26,60066,2036,84.30829,62,252,458156.4375,15179.36816,16.916836,40.775879,Attack
0.025552,udp,-,INT,3,0,158,0,78.271757,254,0,33187.22656,0.0,0.003,0.0,Attack
7e-06,udp,dns,INT,2,0,114,0,142857.1409,254,0,65142856.0,0.0,0.007,0.0,Attack
0.647981,tcp,-,FIN,10,6,534,268,23.148827,254,252,5938.445801,2765.513184,63.297,113.727,Normal
3e-06,idpr,-,INT,2,0,200,0,333333.3215,254,0,266666656.0,0.0,0.003,0.0,Attack
9e-06,unas,-,INT,2,0,200,0,111111.1072,254,0,88888888.0,0.0,0.009,0.0,Attack
0.001022,udp,dns,CON,2,2,130,162,2935.420795,31,29,508806.2813,634050.875,0.01,0.007,Normal
0.866193,tcp,-,FIN,10,6,2516,268,17.317157,254,252,20919.125,2068.822998,96.139333,147.185203,Attack
1.369872,tcp,-,FIN,40,42,2558,23162,59.129613,31,29,14570.70508,132047.375,35.117128,33.397928,Normal
9e-06,sprite-rpc,-,INT,2,0,200,0,111111.1072,254,0,88888888.0,0.0,0.009,0.0,Attack
0.001287,udp,dns,CON,2,2,146,178,2331.002293,31,29,453768.4375,553224.5625,0.008,0.008,Normal
9e-06,vines,-,INT,2,0,200,0,111111.1072,254,0,88888888.0,0.0,0.009,0.0,Attack
6e-06,pvp,-,INT,2,0,200,0,166666.6608,254,0,133333328.0,0.0,0.006,0.0,Attack
8e-06,udp,dns,INT,2,0,114,0,125000.0003,254,0,57000000.0,0.0,0.008,0.0,Attack
5.091967,tcp,pop3,FIN,50,226,2252,276251,54.006633,62,252,3467.422363,432098.625,103.912099,22.363813,Attack
6e-06,unas,-,INT,2,0,200,0,166666.6608,254,0,133333328.0,0.0,0.006,0.0,Attack
0.885993,tcp,http,FIN,60,14,68197,612,82.393427,254,252,605521.6875,5137.738281,14.482492,61.941691,Attack
0.016066,tcp,-,FIN,16,18,1540,1644,2054.027155,31,29,719034.0,773310.125,1.0498,0.918706,Normal
9e-06,udp,dns,INT,2,0,114,0,111111.1072,254,0,50666664.0,0.0,0.009,0.0,Attack
0.605205,tcp,http,FIN,10,8,860,1122,28.089656,62,252,10231.24414,12980.72559,67.245,73.508859,Attack
4.174802,tcp,pop3,FIN,22,34,1030,23658,13.174278,62,252,1885.598511,44003.04688,198.768952,125.373817,Attack
23.268108,sctp,-,CON,250,24,248562,1652,11.732797,254,60,85118.39063,544.608093,93.446219,306.675,Attack
0.491569,tcp,ftp,FIN,14,12,1200,846,50.857559,254,252,18145.97656,12628.94922,36.289691,41.510547,Attack
3e-06,udp,dns,INT,2,0,114,0,333333.3215,254,0,152000000.0,0.0,0.003,0.0,Attack
0.193843,tcp,http,FIN,10,6,978,268,77.382209,254,252,36359.32031,9244.594727,19.949556,35.876801,Attack
1.369859,tcp,http,FIN,16,50,1008,60523,47.45014,62,252,5518.816406,346388.9375,91.257398,26.480042,Attack
0.292829,tcp,http,FIN,10,10,796,3742,64.884282,62,252,19588.22266,92012.74219,32.437667,29.979333,Attack
9e-06,udp,dns,INT,2,0,114,0,111111.1072,254,0,50666664.0,0.0,0.009,0.0,Attack
5e-06,skip,-,INT,2,0,200,0,200000.0051,254,0,160000000.0,0.0,0.005,0.0,Attack
9e-06,udp,dns,INT,2,0,114,0,111111.1072,254,0,50666664.0,0.0,0.009,0.0,Attack
4e-06,udp,dns,INT,2,0,114,0,250000.0006,254,0,114000000.0,0.0,0.004,0.0,Attack
0.018041,tcp,-,FIN,16,18,1540,1644,1829.166921,31,29,640319.25,688653.625,1.1826,1.034588,Normal
9e-06,unas,-,INT,2,0,200,0,111111.1072,254,0,88888888.0,0.0,0.009,0.0,Attack
3e-06,unas,-,INT,2,0,200,0,333333.3215,254,0,266666656.0,0.0,0.003,0.0,Attack
0.085056,tcp,-,FIN,66,68,3926,57474,1563.675706,31,29,363713.3125,5326279.0,1.345175,1.262881,Normal
9e-06,udp,dns,INT,2,0,114,0,111111.1072,254,0,50666664.0,0.0,0.009,0.0,Attack
0.475493,tcp,http,FIN,10,8,922,936,35.752365,62,252,13964.45313,13779.38184,52.832556,60.01257,Attack
0.001056,udp,dns,CON,2,2,146,178,2840.909069,31,29,553030.3125,674242.4375,0.009,0.007,Normal
1.009775,tcp,http,FIN,12,18,1580,10168,28.719268,31,29,11479.78418,76088.23438,91.73618,59.365647,Normal
1.5581,tcp,-,FIN,50,54,3848,19188,66.106156,31,29,19367.17773,96697.25781,31.790857,29.386737,Normal
7.768967,ospf,-,REQ,20,0,5440,0,2.445628,254,0,5321.685547,0.0,465.277062,0.0,Attack
4e-06,sccopmce,-,INT,2,0,200,0,250000.0006,254,0,200000000.0,0.0,0.004,0.0,Attack
9e-06,udp,dns,INT,2,0,114,0,111111.1072,254,0,50666664.0,0.0,0.009,0.0,Attack
5e-06,udp,dns,INT,2,0,114,0,200000.0051,254,0,91200000.0,0.0,0.005,0.0,Attack
1.073407,tcp,smtp,FIN,34,22,19513,1744,51.238717,254,252,141158.0,12409.08594,33.543968,49.981906,Attack
8e-06,tp++,-,INT,2,0,200,0,125000.0003,254,0,100000000.0,0.0,0.008,0.0,Attack
0.000951,udp,dns,CON,2,2,146,178,3154.574054,31,29,614090.4375,748685.5625,0.008,0.002,Normal
0.698566,tcp,-,FIN,12,8,1186,748,27.198575,254,252,12459.81055,7501.080566,61.261091,83.90257,Attack
7e-06,udp,-,INT,2,0,168,0,142857.1409,254,0,96000000.0,0.0,0.007,0.0,Attack
0.031076,tcp,-,FIN,122,126,7814,16912,7948.256109,31,29,1995108.875,4319217.5,0.272035,0.2442,Normal
2.407509,tcp,-,FIN,16,12,2286,642,11.214911,254,252,7124.375977,1957.209595,159.081532,214.076812,Normal
8e-06,udp,dns,INT,2,0,114,0,125000.0003,254,0,57000000.0,0.0,0.008,0.0,Attack
6e-06,udp,-,INT,2,0,334,0,166666.6608,254,0,222666656.0,0.0,0.006,0.0,Normal
5e-06,udp,-,INT,2,0,91,0,200000.0051,254,0,73600000.0,0.0,0.005,0.0,Attack
9e-06,udp,dns,INT,2,0,114,0,111111.1072,254,0,50666664.0,0.0,0.009,0.0,Attack
0.699428,tcp,http,FIN,12,8,1674,354,27.165054,254,252,17557.20313,3545.754395,62.150635,90.47357,Attack
3e-06,unas,-,INT,2,0,200,0,333333.3215,254,0,266666656.0,0.0,0.003,0.0,Attack
0.010906,tcp,-,FIN,38,40,2438,18508,7060.333962,31,29,1741426.75,13237484.0,0.294278,0.272632,Normal
0.031803,tcp,-,FIN,122,126,7816,15132,7766.562727,31,29,1950004.625,3776247.5,0.268761,0.250384,Normal
1e-05,udp,dhcp,INT,2,0,1152,0,100000.0025,254,0,460800000.0,0.0,0.01,0.0,Attack
9e-06,isis,-,INT,2,0,200,0,111111.1072,254,0,88888888.0,0.0,0.009,0.0,Attack
0.003938,tcp,ftp-data,FIN,6,8,320,1910,3301.167952,31,29,542407.3125,3396648.0,0.7206,0.484857,Normal
8e-06,udp,dns,INT,2,0,114,0,125000.0003,254,0,57000000.0,0.0,0.008,0.0,Attack
1.308267,tcp,-,FIN,10,8,564,354,12.994289,254,252,3106.399658,1895.637573,142.670667,173.323141,Attack
0.107968,tcp,-,FIN,72,74,4238,63516,1342.990484,31,29,309721.4063,4642709.0,1.516268,1.489722,Normal
0.816886,tcp,http,FIN,10,8,566,354,20.810737,254,252,4994.577148,3035.919189,90.652111,104.102,Attack
0.807092,tcp,ftp-data,FIN,8,8,364,828,18.585242,62,252,3161.968994,7186.293457,115.298862,105.920141,Attack
0.316594,tcp,-,FIN,10,6,534,268,47.379293,254,252,12154.36816,5660.246094,35.069222,50.749398,Attack
0.61765,tcp,smtp,FIN,38,22,30856,1872,95.523359,62,252,389139.5,23145.79492,16.680109,28.187477,Attack
1.006117,tcp,http,FIN,14,18,1684,10168,30.811526,31,29,12435.92969,76364.875,77.365079,59.156588,Normal
0.73793,tcp,-,FIN,10,6,2516,268,20.327131,254,252,24555.17383,2428.414551,79.246556,131.233,Normal
0.177169,tcp,http,FIN,10,6,1124,268,84.664927,254,252,45696.48438,10114.63672,19.184556,33.760398,Attack
8e-06,udp,-,INT,2,0,168,0,125000.0003,254,0,84000000.0,0.0,0.008,0.0,Attack
8e-06,udp,dns,INT,2,0,114,0,125000.0003,254,0,57000000.0,0.0,0.008,0.0,Attack
4e-06,hmp,-,INT,2,0,200,0,250000.0006,254,0,200000000.0,0.0,0.004,0.0,Attack
1e-06,unas,-,INT,2,0,200,0,1000000.003,254,0,800000000.0,0.0,0.001,0.0,Attack
0.854992,tcp,-,FIN,14,12,1698,604,29.240041,254,252,14755.69434,5183.674316,65.768618,68.136367,Attack
0.387411,tcp,ftp-data,FIN,6,8,320,1826,33.556094,31,29,5513.524414,32998.54688,77.421,55.276715,Normal
0.005053,tcp,ftp-data,FIN,8,12,424,8824,3760.142446,31,29,587373.8125,12806649.0,0.657286,0.418,Normal
0.375514,tcp,-,FIN,62,106,4068,114238,444.723765,31,29,85280.44531,2410797.0,6.150803,3.5718,Normal
1.224462,tcp,-,FIN,14,8,1088,738,17.150389,254,252,6605.349609,4220.628906,94.189385,168.095578,Attack
0.014855,tcp,-,FIN,44,46,2766,27770,5991.248661,31,29,1456210.0,14630495.0,0.354756,0.323955,Normal
3e-06,udp,dns,INT,2,0,114,0,333333.3215,254,0,152000000.0,0.0,0.003,0.0,Attack
0.034529,tcp,-,FIN,60,62,3614,45696,3504.30068,31,29,823423.75,10416519.0,0.59914,0.5671,Normal
1e-05,udp,-,INT,2,0,750,0,100000.0025,254,0,300000000.0,0.0,0.01,0.0,Attack
1e-05,unas,-,INT,2,0,200,0,100000.0025,254,0,80000000.0,0.0,0.01,0.0,Attack
1.164894,tcp,-,FIN,10,10,608,646,16.310497,254,252,3763.432617,3996.930176,129.419889,120.937781,Attack
0.832441,tcp,-,FIN,10,8,564,354,20.421868,254,252,4882.027832,2979.190186,90.360222,110.045141,Attack
3e-06,nsfnet-igp,-,INT,2,0,200,0,333333.3215,254,0,266666656.0,0.0,0.003,0.0,Attack
0.143264,tcp,ftp-data,FIN,6,8,320,1946,90.741571,31,29,14909.53809,95097.16406,28.5912,20.389715,Normal
3e-06,udp,dns,INT,2,0,114,0,333333.3215,254,0,152000000.0,0.0,0.003,0.0,Attack
0.601379,tcp,ftp-data,FIN,8,8,364,716,24.942674,62,252,4243.580566,8340.830078,85.911288,82.91743,Attack
5e-06,udp,dns,INT,2,0,114,0,200000.0051,254,0,91200000.0,0.0,0.005,0.0,Attack
0.920613,tcp,-,FIN,10,8,588,354,18.465957,254,252,4605.626953,2693.857178,102.290333,122.156289,Normal
9e-06,sdrp,-,INT,2,0,200,0,111111.1072,254,0,88888888.0,0.0,0.009,0.0,Attack
9e-06,udp,dns,INT,2,0,114,0,111111.1072,254,0,50666664.0,0.0,0.009,0.0,Attack
8e-06,udp,dns,INT,2,0,114,0,125000.0003,254,0,57000000.0,0.0,0.008,0.0,Attack
2.226235,tcp,-,FIN,12,10,994,830,9.432967,254,252,3277.282227,2684.352783,197.000727,237.635328,Attack
3e-06,tcp,-,REQ,2,0,90,0,333333.3215,254,0,119999992.0,0.0,0.003,0.0,Normal
0.962508,tcp,ftp-data,FIN,8,8,364,1128,15.584286,62,252,2651.406494,8203.568359,137.501143,122.32357,Attack
2e-06,udp,-,INT,2,0,1268,0,500000.0013,254,0,2536000000.0,0.0,0.002,0.0,Attack
0.0,arp,-,INT,1,0,46,0,0.0,0,0,0.0,0.0,60000.636,0.0,Normal
9e-06,udp,dns,INT,2,0,114,0,111111.1072,254,0,50666664.0,0.0,0.009,0.0,Attack
6e-06,udp,dns,INT,2,0,114,0,166666.6608,254,0,76000000.0,0.0,0.006,0.0,Attack
0.002299,udp,-,CON,4,4,536,304,3044.80203,31,29,1398869.0,793388.4375,0.524333,0.353667,Normal
6.05719,tcp,http,FIN,14,18,1684,10168,5.117885,31,29,2065.644287,12684.42969,465.910702,378.508758,Normal
0.919214,tcp,-,FIN,22,42,1182,36272,68.536814,62,252,9825.786133,308167.625,43.772094,22.218708,Attack
0.280022,tcp,http,FIN,10,8,762,970,60.709517,62,252,19598.46094,24255.23828,31.113556,34.920145,Attack
8e-06,unas,-,INT,2,0,200,0,125000.0003,254,0,100000000.0,0.0,0.008,0.0,Attack
1.203324,tcp,-,FIN,12,8,3062,752,15.789597,254,252,18661.64063,4374.549316,109.393088,154.634859,Attack
1e-05,unas,-,INT,2,0,200,0,100000.0025,254,0,80000000.0,0.0,0.01,0.0,Attack
7.130887,tcp,-,REQ,4,0,180,0,0.420705,254,0,151.453812,0.0,2376.96225,0.0,Normal
0.746555,tcp,-,FIN,10,8,2516,354,22.771264,254,252,24271.48828,3321.925537,80.662111,92.039289,Attack
9e-06,unas,-,INT,2,0,200,0,111111.1072,254,0,88888888.0,0.0,0.009,0.0,Attack
3e-06,udp,dns,INT,2,0,114,0,333333.3215,254,0,152000000.0,0.0,0.003,0.0,Attack
0.0,arp,-,INT,1,0,46,0,0.0,0,0,0.0,0.0,60000.6,0.0,Normal
9e-06,sctp,-,INT,2,0,152,0,111111.1072,254,0,67555552.0,0.0,0.009,0.0,Attack
9e-06,udp,dns,INT,2,0,114,0,111111.1072,254,0,50666664.0,0.0,0.009,0.0,Attack
0.591204,tcp,-,FIN,8,8,364,374,25.371953,254,252,4316.615234,4438.400391,84.457712,72.568,Attack
0.489855,tcp,http,FIN,10,16,856,14620,51.035511,62,252,12591.48145,223854.0,54.428333,25.141867,Attack
4e-06,udp,-,INT,2,0,1972,0,250000.0006,254,0,1972000000.0,0.0,0.004,0.0,Attack
5e-06,udp,dns,INT,2,0,114,0,200000.0051,254,0,91200000.0,0.0,0.005,0.0,Attack
9e-06,unas,-,INT,2,0,200,0,111111.1072,254,0,88888888.0,0.0,0.009,0.0,Attack
1.578221,tcp,-,FIN,16,18,1540,1644,20.90962,31,29,7319.634277,7872.154785,105.139397,91.586117,Normal
0.584357,tcp,-,FIN,10,6,614,268,25.669239,254,252,7570.714355,3066.618408,55.702333,98.115797,Normal
0.773745,tcp,http,FIN,10,10,822,1078,24.555894,254,252,7651.099609,10039.4834,85.971667,80.177109,Attack
0.561539,tcp,-,FIN,28,30,4656,3080,101.506753,31,29,63967.0625,42426.26172,20.787073,19.343482,Normal
0.001068,udp,dns,CON,2,2,130,162,2808.988808,31,29,486891.4063,606741.5625,0.01,0.007,Normal
5e-06,unas,-,INT,2,0,200,0,200000.0051,254,0,160000000.0,0.0,0.005,0.0,Attack
0.405119,tcp,-,FIN,10,8,732,354,41.962979,254,252,13013.45996,6121.658203,43.379,54.247,Attack
3e-06,unas,-,INT,2,0,200,0,333333.3215,254,0,266666656.0,0.0,0.003,0.0,Attack
0.778654,tcp,-,FIN,10,8,564,354,21.832548,254,252,5219.263184,3184.983398,85.989111,108.125711,Attack
0.112389,udp,dns,CON,2,2,144,406,26.693004,62,252,5125.056641,14449.8125,0.006,0.009,Attack
4e-06,unas,-,INT,2,0,200,0,250000.0006,254,0,200000000.0,0.0,0.004,0.0,Attack
0.001185,udp,dns,CON,2,2,130,162,2531.645692,31,29,438818.5938,546835.5,0.009,0.007,Normal
8e-06,udp,dns,INT,2,0,114,0,125000.0003,254,0,57000000.0,0.0,0.008,0.0,Attack
6e-06,ttp,-,INT,2,0,200,0,166666.6608,254,0,133333328.0,0.0,0.006,0.0,Attack
4e-06,i-nlsp,-,INT,2,0,200,0,250000.0006,254,0,200000000.0,0.0,0.004,0.0,Attack
0.117174,tcp,-,FIN,70,70,4118,59460,1186.269996,31,29,277194.5938,4001638.5,1.693246,1.689304,Normal
0.455497,tcp,ftp-data,FIN,8,8,364,970,32.931062,62,252,5602.671387,14911.18457,64.95,63.08257,Attack
0.897649,tcp,ftp,FIN,52,54,2934,3742,116.972225,31,29,25649.22461,32734.39844,17.59502,16.926773,Normal
14.772945,tcp,-,FIN,28,30,4256,3080,3.858405,31,29,2222.440918,1612.677734,568.17818,509.392812,Normal
0.00812,tcp,ssh,FIN,32,24,3728,5474,6773.398712,31,29,3558620.5,5168472.5,0.261935,0.322043,Normal
0.510359,tcp,-,CON,6,2,986,86,13.715836,62,252,12885.04785,674.035339,102.0718,0.002,Normal
9e-06,udp,dns,INT,2,0,114,0,111111.1072,254,0,50666664.0,0.0,0.009,0.0,Attack
1.533541,tcp,http,FIN,10,10,816,1070,12.389627,62,252,3834.263428,5023.66748,170.393444,152.503109,Attack
6e-06,udp,-,INT,2,0,244,0,166666.6608,254,0,162666656.0,0.0,0.006,0.0,Attack
0.016458,tcp,-,FIN,16,18,1540,1644,2005.104007,31,29,701907.9375,754891.25,1.077067,0.941,Normal
0.431377,tcp,-,FIN,10,8,566,354,39.408685,254,252,9458.083984,5749.031738,46.715778,57.22857,Attack
9e-06,udp,dns,INT,2,0,114,0,111111.1072,254,0,50666664.0,0.0,0.009,0.0,Attack
0.854181,tcp,-,FIN,10,6,1294,268,17.560681,254,252,10911.03613,2097.916016,88.219111,152.707797,Attack
0.85738,tcp,http,FIN,10,10,828,1332,22.160536,62,252,6960.741211,11187.57227,95.264444,86.968555,Normal
0.028738,tcp,-,FIN,48,50,2974,30506,3375.321932,31,29,810912.375,8322361.0,0.603872,0.585958,Normal
1e-05,udp,-,INT,2,0,1430,0,100000.0025,254,0,572000000.0,0.0,0.01,0.0,Attack
0.655021,tcp,-,FIN,10,8,564,354,25.953366,254,252,6204.381348,3786.138184,71.352556,92.758711,Attack
0.033826,tcp,-,FIN,64,66,3806,54798,3813.634371,31,29,886182.1875,12763673.0,0.531857,0.520094,Normal
2.078945,tcp,ftp,FIN,52,54,2934,3742,50.506389,31,29,11074.84863,14134.09277,40.753414,39.215094,Normal
1e-05,unas,-,INT,2,0,200,0,100000.0025,254,0,80000000.0,0.0,0.01,0.0,Attack
1.005659,tcp,http,FIN,14,18,1684,10168,30.825559,31,29,12441.59277,76399.65625,77.332538,62.820434,Normal
0.048968,tcp,ftp-data,FIN,14,8,8928,424,428.851508,31,29,1354517.25,60611.01172,3.766769,8.041667,Normal
1.006476,tcp,http,FIN,16,8,11062,354,22.852009,254,252,82434.15625,2464.042725,67.032931,136.040578,Attack
5e-06,udp,-,INT,2,0,1064,0,200000.0051,254,0,851200000.0,0.0,0.005,0.0,Attack
1.870954,tcp,http,FIN,10,8,1236,354,9.086273,254,252,4759.069336,1325.526978,207.709333,257.358719,Attack
1e-05,unas,-,INT,2,0,200,0,100000.0025,254,0,80000000.0,0.0,0.01,0.0,Attack
0.604501,tcp,http,FIN,10,6,866,268,24.813854,254,252,10322.56348,2964.428467,62.063222,113.396797,Attack
0.218762,tcp,-,FIN,10,6,768,268,68.567669,254,252,25306.04102,8191.550781,24.306889,41.933398,Attack
2.094622,tcp,ftp,FIN,52,54,2934,3742,50.128379,31,29,10991.95996,14028.30762,41.064979,39.51102,Normal
6e-06,udp,-,INT,2,0,1064,0,166666.6608,254,0,709333312.0,0.0,0.006,0.0,Normal
1e-05,unas,-,INT,2,0,200,0,100000.0025,254,0,80000000.0,0.0,0.01,0.0,Attack
1.7e-05,udp,-,INT,2,0,1350,0,58823.52838,254,0,317647040.0,0.0,0.017,0.0,Attack
0.194583,tcp,-,FIN,10,6,1498,268,77.087927,254,252,55462.19531,9209.4375,20.183889,37.646602,Attack
6e-06,unas,-,INT,2,0,200,0,166666.6608,254,0,133333328.0,0.0,0.006,0.0,Attack
0.287295,tcp,-,FIN,90,92,5174,83812,630.014415,31,29,142487.6875,2308456.25,3.224247,3.151055,Normal
0.001081,udp,dns,CON,2,2,146,178,2775.208228,31,29,540240.5625,658649.4375,0.009,0.007,Normal
0.591184,tcp,-,FIN,10,10,480,441,32.138893,254,252,5845.895508,5372.269531,65.687111,62.664,Attack
0.561341,tcp,-,FIN,10,6,944,268,26.721726,254,252,12113.84863,3192.355469,55.260222,98.016,Normal
8e-06,udp,dns,INT,2,0,114,0,125000.0003,254,0,57000000.0,0.0,0.008,0.0,Attack
1.535578,tcp,-,FIN,10,6,994,268,9.768309,254,252,4662.739258,1166.987305,158.733778,286.742188,Normal
9e-06,udp,dns,INT,2,0,114,0,111111.1072,254,0,50666664.0,0.0,0.009,0.0,Attack
0.633305,tcp,-,FIN,10,8,564,354,26.843306,254,252,6417.128906,3915.9646,69.801444,89.429711,Attack
1.045485,tcp,-,FIN,10,8,564,354,16.260396,254,252,3887.190918,2372.104736,114.457111,140.371281,Attack
1e-05,udp,-,INT,2,0,1064,0,100000.0025,254,0,425600000.0,0.0,0.01,0.0,Attack
0.04729,tcp,ftp-data,FIN,6,8,320,1888,274.89955,31,29,45168.10938,279467.125,9.395,6.687714,Normal
6e-06,udp,-,INT,2,0,1206,0,166666.6608,254,0,804000000.0,0.0,0.006,0.0,Attack
0.612261,tcp,-,CON,6,2,978,86,11.433033,62,252,10649.05371,561.851868,122.4522,0.005,Normal
0.451499,tcp,-,FIN,14,6,8854,268,42.082044,254,252,145683.6094,3969.001221,34.730692,64.763398,Normal
0.005026,tcp,http,FIN,8,10,1052,824,3382.411402,31,29,1465976.875,1181058.5,0.669,0.465556,Normal
0.0,arp,-,INT,1,0,46,0,0.0,0,0,0.0,0.0,60000.708,0.0,Normal
1e-05,udp,dns,INT,2,0,114,0,100000.0025,254,0,45600000.0,0.0,0.01,0.0,Attack
3e-06,udp,-,INT,2,0,104,0,333333.3215,254,0,138666656.0,0.0,0.003,0.0,Attack
0.956854,tcp,-,FIN,10,8,534,354,17.766556,254,252,4021.512207,2591.826904,106.317111,126.831711,Normal
9e-06,unas,-,INT,2,0,200,0,111111.1072,254,0,88888888.0,0.0,0.009,0.0,Attack
0.001785,udp,-,CON,4,4,520,304,3921.568691,31,29,1747899.25,1021848.75,0.455667,0.234,Normal
1.756602,tcp,-,FIN,16,18,1540,1644,18.78627,31,29,6576.333008,7072.746094,117.084802,103.295937,Normal
0.526398,tcp,-,FIN,10,6,688,268,28.495549,254,252,9422.52832,3404.268311,8537.3077,14228.993,Attack
1.338446,tcp,-,FIN,12,10,1018,808,15.689837,254,252,5582.593262,4351.314941,121.66427,132.206891,Attack
1e-06,udp,dns,INT,2,0,114,0,1000000.003,254,0,456000000.0,0.0,0.001,0.0,Attack
1.38515,tcp,-,FIN,10,8,564,354,12.273039,254,252,2933.978271,1790.419922,153.905556,178.049422,Attack
0.001039,udp,dns,CON,2,2,146,178,2887.391736,31,29,562078.9375,685274.3125,0.009,0.007,Normal
2e-06,udp,dns,INT,2,0,114,0,500000.0013,254,0,228000000.0,0.0,0.002,0.0,Attack
2.437146,tcp,ftp-data,FIN,8,8,364,522,6.15474,62,252,1047.126465,1500.115356,348.057143,326.514437,Attack
9e-06,udp,dns,INT,2,0,114,0,111111.1072,254,0,50666664.0,0.0,0.009,0.0,Attack
0.022239,tcp,smtp,FIN,54,42,37938,3380,4271.774886,31,29,13394847.0,1187103.75,0.429431,0.530561,Normal
8e-06,ddp,-,INT,2,0,200,0,125000.0003,254,0,100000000.0,0.0,0.008,0.0,Attack
0.011884,udp,-,CON,4,4,568,320,589.027256,31,29,286772.125,161561.7656,3.605667,1.523333,Normal
9e-06,udp,dns,INT,2,0,114,0,111111.1072,254,0,50666664.0,0.0,0.009,0.0,Attack
0.87064,tcp,-,FIN,16,10,2174,556,28.71451,254,252,18735.64258,4603.510254,56.486134,90.578891,Normal
9e-06,udp,dns,INT,2,0,114,0,111111.1072,254,0,50666664.0,0.0,0.009,0.0,Attack
0.004881,tcp,-,FIN,18,18,3960,2456,7170.661535,31,29,6129891.0,3802499.25,0.269941,0.257765,Normal
1.158807,tcp,http,FIN,14,18,1684,10168,26.75165,31,29,10797.31055,66302.67188,89.112541,68.134882,Normal
9e-06,fc,-,INT,2,0,200,0,111111.1072,254,0,88888888.0,0.0,0.009,0.0,Attack
9e-06,udp,dns,INT,2,0,114,0,111111.1072,254,0,50666664.0,0.0,0.009,0.0,Attack
0.642336,tcp,-,FIN,10,6,1078,268,23.352264,254,252,12093.35938,2789.817139,60.416889,114.306203,Attack
1e-05,udp,-,INT,2,0,624,0,100000.0025,254,0,249600000.0,0.0,0.01,0.0,Attack
44.576466,tcp,smtp,FIN,5402,824,7216941,36222,139.64768,62,252,1294962.375,6492.933105,8.274819,54.117688,Attack
1.679525,tcp,-,FIN,12,10,1108,838,12.503535,254,252,4839.463379,3596.254883,150.471636,177.857,Attack
8e-06,unas,-,INT,2,0,200,0,125000.0003,254,0,100000000.0,0.0,0.008,0.0,Attack
0.991735,tcp,-,FIN,10,8,564,354,17.141676,254,252,4097.869141,2500.667969,110.192778,131.793141,Attack
6e-06,udp,dns,INT,2,0,114,0,166666.6608,254,0,76000000.0,0.0,0.006,0.0,Attack
9e-06,udp,dns,INT,2,0,114,0,111111.1072,254,0,50666664.0,0.0,0.009,0.0,Attack
8e-06,igp,-,INT,2,0,180,0,125000.0003,254,0,90000000.0,0.0,0.008,0.0,Attack
0.0,arp,-,INT,1,0,46,0,0.0,0,0,0.0,0.0,0.0,0.0,Normal
6e-06,udp,-,INT,2,0,1554,0,166666.6608,254,0,1035999936.0,0.0,0.006,0.0,Attack
1.6e-05,unas,-,INT,2,0,200,0,62500.00016,254,0,50000000.0,0.0,0.016,0.0,Attack
2.4e-05,argus,-,INT,2,0,180,0,41666.66519,254,0,29999998.0,0.0,0.024,0.0,Attack
0.67337,tcp,-,FIN,16,10,1550,556,37.126691,254,252,17274.30664,5952.150879,43.939,67.130664,Normal
5e-06,tcp,-,REQ,2,0,90,0,200000.0051,254,0,72000000.0,0.0,0.005,0.0,Normal
9e-06,udp,dns,INT,2,0,114,0,111111.1072,254,0,50666664.0,0.0,0.009,0.0,Attack
1.201052,tcp,-,FIN,12,8,1110,738,15.819466,254,252,6780.722656,4302.894531,99.633817,149.746719,Attack
1.84703,tcp,-,FIN,10,8,1150,354,9.203965,254,252,4482.872559,1342.696045,203.295667,257.155719,Attack
2.070996,tcp,-,FIN,12,10,994,802,10.140048,254,252,3522.942627,2788.996094,188.259634,218.42,Attack
8e-06,udp,dns,INT,2,0,114,0,125000.0003,254,0,57000000.0,0.0,0.008,0.0,Attack
1.160798,tcp,http,FIN,14,18,1684,10168,26.705767,31,29,10778.79199,66188.95313,96.704248,68.255176,Normal
1.065204,tcp,-,FIN,10,8,564,354,15.959384,254,252,3815.231445,2328.192383,118.343556,136.810141,Attack
1.476315,tcp,http,FIN,64,14,75587,612,52.15689,254,252,403198.5,3083.352783,22.977889,105.940844,Attack
0.02778,tcp,smtp,FIN,52,40,37152,3276,3275.737927,31,29,10493304.0,920086.375,0.5488,0.69859,Normal
0.00132,udp,dns,CON,2,2,146,178,2272.727205,31,29,442424.2188,539393.9375,0.009,0.002,Normal
0.0,arp,-,INT,1,0,46,0,0.0,0,0,0.0,0.0,60000.704,0.0,Normal
1.048015,tcp,-,FIN,10,10,608,646,18.129512,254,252,4183.145996,4442.68457,116.446111,105.781219,Attack
3e-06,udp,dns,INT,2,0,114,0,333333.3215,254,0,152000000.0,0.0,0.003,0.0,Attack
0.37749,tcp,http,FIN,10,18,958,15720,71.525071,254,252,18289.22461,314646.7188,41.943333,19.109529,Attack
9e-06,unas,-,INT,2,0,200,0,111111.1072,254,0,88888888.0,0.0,0.009,0.0,Attack
0.001024,udp,dns,CON,2,2,146,178,2929.687507,31,29,570312.5,695312.5,0.007,0.007,Normal
9e-06,udp,dns,INT,2,0,114,0,111111.1072,254,0,50666664.0,0.0,0.009,0.0,Attack
0.657109,tcp,ftp-data,FIN,8,8,364,668,22.827262,62,252,3883.678223,7122.105957,93.872717,85.061711,Attack
0.443788,tcp,ssh,FIN,32,24,3728,5474,123.933051,31,29,65112.17188,94567.67969,14.792934,19.266174,Normal
3e-06,udp,dns,INT,2,0,114,0,333333.3215,254,0,152000000.0,0.0,0.003,0.0,Attack
2.260115,tcp,-,FIN,16,18,1540,1644,14.601028,31,29,5111.244629,5497.06543,150.62626,132.113594,Normal
0.00111,udp,dns,CON,2,2,146,178,2702.702815,31,29,526126.125,641441.4375,0.008,0.007,Normal
10.660913,tcp,http,FIN,14,18,1684,10168,2.907818,31,29,1173.633057,7206.887207,819.988058,666.272387,Normal
0.001052,udp,dns,CON,2,2,146,178,2851.711087,31,29,555133.0625,676806.125,0.01,0.004,Normal
5e-06,udp,dns,INT,2,0,114,0,200000.0051,254,0,91200000.0,0.0,0.005,0.0,Attack
9e-06,udp,dns,INT,2,0,114,0,111111.1072,254,0,50666664.0,0.0,0.009,0.0,Attack
7e-06,udp,-,INT,2,0,1672,0,142857.1409,254,0,955428544.0,0.0,0.007,0.0,Normal
5e-06,udp,dns,INT,2,0,114,0,200000.0051,254,0,91200000.0,0.0,0.005,0.0,Attack
8e-06,udp,dns,INT,2,0,114,0,125000.0003,254,0,57000000.0,0.0,0.008,0.0,Attack
0.274355,tcp,http,FIN,10,8,1468,1054,61.963516,254,252,38548.59766,26914.03516,30.483889,35.75543,Attack
3e-06,udp,dns,INT,2,0,114,0,333333.3215,254,0,152000000.0,0.0,0.003,0.0,Attack
0.142756,tcp,smtp,FIN,52,42,37152,3380,651.461234,31,29,2041973.75,184930.9375,2.791784,3.469146,Normal
0.088114,udp,-,CON,4,4,568,304,79.44254,31,29,38677.16797,20700.45508,24.326334,24.246334,Normal
0.195837,tcp,http,FIN,10,10,848,3546,97.019457,62,252,31209.62695,130394.1484,21.759667,20.199667,Attack
0.016813,tcp,-,FIN,40,42,2558,23162,4817.700399,31,29,1187176.5,10758817.0,0.434211,0.383293,Normal
0.02095,tcp,-,FIN,48,50,2958,32642,4630.071437,31,29,1106253.0,12215751.0,0.448348,0.416755,Normal
4e-06,unas,-,INT,2,0,200,0,250000.0006,254,0,200000000.0,0.0,0.004,0.0,Attack
0.39651,tcp,-,FIN,12,6,5564,268,42.874076,254,252,102917.9609,4519.432129,34.323091,65.193398,Attack
0.868413,tcp,-,FIN,10,8,534,354,19.57594,254,252,4431.071777,2855.78418,96.490333,110.873859,Attack
9e-06,udp,dns,INT,2,0,114,0,111111.1072,254,0,50666664.0,0.0,0.009,0.0,Attack
0.28842,tcp,http,FIN,10,6,882,268,52.007491,254,252,22023.43945,6213.161621,32.046667,53.350801,Attack
1.055988,tcp,-,FIN,10,8,2446,354,16.098668,254,252,16682.00781,2348.511719,112.016778,140.336578,Attack
3e-06,udp,dns,INT,2,0,114,0,333333.3215,254,0,152000000.0,0.0,0.003,0.0,Attack
1.074054,tcp,http,FIN,10,8,866,1252,15.827882,62,252,5809.763672,8163.462891,119.214,142.331,Attack
2.367708,tcp,pop3,FIN,20,22,946,4998,17.316325,62,252,3037.536865,16120.23145,124.57252,108.981333,Attack
6e-06,udp,dns,INT,2,0,114,0,166666.6608,254,0,76000000.0,0.0,0.006,0.0,Attack
0.067928,tcp,-,FIN,48,50,2958,32642,1427.982543,31,29,341184.7813,3767518.5,1.436,1.375367,Normal
0.0,arp,-,INT,1,0,46,0,0.0,0,0,0.0,0.0,60000.672,0.0,Normal
0.497802,tcp,smtp,FIN,52,42,37210,3380,186.82127,31,29,586498.25,53033.13672,9.753941,12.127927,Normal
0.033976,tcp,-,FIN,60,62,3598,48710,3561.337435,31,29,833294.125,11284436.0,0.590421,0.54659,Normal
1.765419,tcp,http,FIN,60,14,68187,612,41.349957,254,252,303841.75,2578.424805,29.598311,128.746844,Attack
9e-06,udp,dns,INT,2,0,114,0,111111.1072,254,0,50666664.0,0.0,0.009,0.0,Attack
9e-06,dcn,-,INT,2,0,200,0,111111.1072,254,0,88888888.0,0.0,0.009,0.0,Attack
0.345256,tcp,-,FIN,28,30,4456,3080,165.094886,31,29,99566.69531,69003.86719,12.775741,11.886379,Normal
0.001051,udp,dns,CON,2,2,146,178,2854.424439,31,29,555661.3125,677450.0625,0.009,0.007,Normal
0.027899,tcp,-,FIN,48,50,2958,32642,3476.827028,31,29,830710.75,9173088.0,0.599674,0.571021,Normal
3.166638,tcp,ftp,FIN,26,22,1338,1622,14.84224,62,252,3251.397949,3913.298828,126.665515,149.259813,Attack
8e-06,udp,dns,INT,2,0,114,0,125000.0003,254,0,57000000.0,0.0,0.008,0.0,Attack
6e-06,udp,dns,INT,2,0,114,0,166666.6608,254,0,76000000.0,0.0,0.006,0.0,Attack
7e-06,udp,dns,INT,2,0,114,0,142857.1409,254,0,65142856.0,0.0,0.007,0.0,Attack
9e-06,unas,-,INT,2,0,200,0,111111.1072,254,0,88888888.0,0.0,0.009,0.0,Attack
4.91964,tcp,ftp,FIN,24,24,1296,1704,9.553544,62,252,2019.659912,2655.47876,213.897386,209.216516,Attack
7e-06,udp,dns,INT,2,0,114,0,142857.1409,254,0,65142856.0,0.0,0.007,0.0,Attack
0.323852,tcp,ssh,FIN,32,24,3728,5474,169.830662,31,29,89225.94531,129590.0625,10.795067,14.051392,Normal
1.004573,tcp,http,FIN,12,18,1580,10168,28.867987,31,29,11539.23145,76482.25,91.292727,59.060765,Normal
0.001063,udp,dns,CON,2,2,130,162,2822.201463,31,29,489181.5938,609595.5,0.009,0.007,Normal
2e-06,unas,-,INT,2,0,200,0,500000.0013,254,0,400000000.0,0.0,0.002,0.0,Attack
1.00692,tcp,http,FIN,14,18,1684,10168,30.786955,31,29,12426.0127,76303.97656,77.429308,59.203294,Normal
9e-06,crtp,-,INT,2,0,200,0,111111.1072,254,0,88888888.0,0.0,0.009,0.0,Attack
0.065973,tcp,-,FIN,72,74,4238,63516,2197.868867,31,29,506874.0313,7598017.5,0.937857,0.896219,Normal
1e-05,udp,dns,INT,2,0,114,0,100000.0025,254,0,45600000.0,0.0,0.01,0.0,Attack
0.222379,tcp,ftp-data,FIN,14,6,8928,320,85.439723,31,29,298265.5625,9605.223633,17.106077,44.349398,Normal
5e-06,unas,-,INT,2,0,200,0,200000.0051,254,0,160000000.0,0.0,0.005,0.0,Attack
5e-06,udp,dns,INT,2,0,114,0,200000.0051,254,0,91200000.0,0.0,0.005,0.0,Attack
3e-06,xns-idp,-,INT,2,0,200,0,333333.3215,254,0,266666656.0,0.0,0.003,0.0,Attack
0.277814,tcp,http,FIN,10,8,990,992,61.19202,62,252,25657.45508,24995.14063,30.868222,37.314855,Attack
0.004187,udp,-,CON,4,4,568,312,1671.84142,31,29,813947.9375,447098.1563,1.106667,0.928667,Normal
0.554515,tcp,http,FIN,10,16,802,12710,45.084443,62,252,10416.30957,171912.3906,61.612778,31.130733,Attack
1e-06,udp,-,INT,2,0,104,0,1000000.003,254,0,416000000.0,0.0,0.001,0.0,Attack
57.113773,tcp,-,FIN,20,12,1068,536,0.542776,254,252,142.172363,68.915077,3004.565474,5185.9855,Normal
0.735934,tcp,http,FIN,10,8,844,1300,23.099897,62,252,8261.610352,12370.67383,81.770444,89.44657,Normal
0.00914,tcp,-,FIN,22,24,2054,2478,4923.413703,31,29,1716411.375,2078774.625,0.418524,0.373087,Normal
0.275777,tcp,-,FIN,10,8,2554,464,61.644007,254,252,66691.5625,11777.63184,29.218556,38.460145,Attack
0.018437,tcp,ssh,FIN,108,114,9504,12298,11986.76575,31,29,4085697.25,5289797.5,0.174212,0.163193,Normal
3e-06,unas,-,INT,2,0,200,0,333333.3215,254,0,266666656.0,0.0,0.003,0.0,Attack
0.105781,tcp,-,FIN,66,68,3926,57474,1257.314684,31,29,292453.2813,4282735.0,1.622323,1.57097,Normal
0.424769,tcp,-,FIN,10,6,662,268,35.31331,254,252,11224.92383,4218.763672,47.082111,66.333,Normal
13.847435,tcp,-,REQ,4,0,180,0,0.216647,254,0,77.992783,0.0,4615.8115,0.0,Normal
0.500128,tcp,-,FIN,10,6,540,268,29.992324,254,252,7774.010254,3583.083008,48.846889,90.603203,Normal
3e-06,swipe,-,INT,2,0,200,0,333333.3215,254,0,266666656.0,0.0,0.003,0.0,Attack
9e-06,udp,-,INT,2,0,1064,0,111111.1072,254,0,472888864.0,0.0,0.009,0.0,Attack
0.681493,tcp,smtp,FIN,22,20,6234,1758,60.162028,62,252,69858.38281,19615.75586,32.452047,34.771367,Attack
0.004942,udp,-,CON,4,4,568,320,1416.43062,31,29,689599.375,388506.6875,1.310667,1.156,Normal
5e-06,udp,dns,INT,2,0,114,0,200000.0051,254,0,91200000.0,0.0,0.005,0.0,Attack
9e-06,leaf-1,-,INT,2,0,200,0,111111.1072,254,0,88888888.0,0.0,0.009,0.0,Attack
32.136795,tcp,-,FIN,20,16,1116,708,1.089094,254,252,264.120911,165.293396,1691.410316,2137.4635,Attack
0.444492,tcp,http,FIN,10,8,810,1360,38.245907,62,252,13120.5957,21417.70703,49.293556,42.806,Attack
8e-06,udp,dns,INT,2,0,114,0,125000.0003,254,0,57000000.0,0.0,0.008,0.0,Attack
6.148635,tcp,http,FIN,68,360,3248,474077,69.446309,62,252,4164.82666,615110.1875,91.77067,16.970259,Attack
0.709431,tcp,-,FIN,10,8,564,354,23.962866,254,252,5728.534668,3495.759277,75.912111,97.933859,Attack
0.475955,tcp,-,FIN,10,6,756,268,31.515584,254,252,11446.45996,3765.061768,48.095889,68.601797,Attack
9e-06,unas,-,INT,2,0,200,0,111111.1072,254,0,88888888.0,0.0,0.009,0.0,Attack
6e-06,dgp,-,INT,2,0,200,0,166666.6608,254,0,133333328.0,0.0,0.006,0.0,Attack
9e-06,udp,dns,INT,2,0,114,0,111111.1072,254,0,50666664.0,0.0,0.009,0.0,Attack
6e-06,udp,dns,INT,2,0,114,0,166666.6608,254,0,76000000.0,0.0,0.006,0.0,Attack
3e-06,tcp,-,REQ,2,0,90,0,333333.3215,254,0,119999992.0,0.0,0.003,0.0,Normal
8e-06,udp,dns,INT,2,0,114,0,125000.0003,254,0,57000000.0,0.0,0.008,0.0,Attack
0.072091,tcp,-,FIN,22,24,1920,4312,624.211081,31,29,203409.5781,458642.5625,3.374905,3.252364,Normal
0.333433,tcp,http,FIN,10,6,1314,268,44.986549,254,252,28383.51367,5374.393066,37.048111,54.995801,Attack
5e-06,udp,dns,INT,2,0,114,0,200000.0051,254,0,91200000.0,0.0,0.005,0.0,Attack
0.000987,udp,dns,CON,2,2,146,178,3039.513836,31,29,591692.0,721377.9375,0.005,0.001,Normal
9e-06,udp,snmp,INT,2,0,138,0,111111.1072,254,0,61333332.0,0.0,0.009,0.0,Attack
7e-06,udp,dns,INT,2,0,114,0,142857.1409,254,0,65142856.0,0.0,0.007,0.0,Attack
0.079969,tcp,-,FIN,60,62,3614,50036,1513.08639,31,29,355537.7813,4924808.5,1.397298,1.300426,Normal
0.001747,udp,-,CON,4,4,520,304,4006.868847,31,29,1785918.625,1044075.563,0.441,0.229,Normal
7e-06,udp,dns,INT,2,0,114,0,142857.1409,254,0,65142856.0,0.0,0.007,0.0,Attack
9e-06,udp,dns,INT,2,0,114,0,111111.1072,254,0,50666664.0,0.0,0.009,0.0,Attack
0.649721,tcp,-,FIN,10,6,534,268,23.086832,254,252,5922.541992,2758.106934,68.615222,113.008602,Attack
4e-06,ipcv,-,INT,2,0,200,0,250000.0006,254,0,200000000.0,0.0,0.004,0.0,Attack
0.0,arp,-,INT,1,0,46,0,0.0,0,0,0.0,0.0,60000.668,0.0,Normal
7e-06,unas,-,INT,2,0,200,0,142857.1409,254,0,114285712.0,0.0,0.007,0.0,Attack
1.090533,tcp,-,FIN,10,6,1748,268,13.754742,254,252,11546.64746,1643.233154,116.167778,204.740203,Attack
0.764677,tcp,http,FIN,10,6,884,268,19.616126,254,252,8327.699219,2343.473145,84.964111,139.528,Attack
9e-06,udp,-,INT,2,0,330,0,111111.1072,254,0,146666656.0,0.0,0.009,0.0,Attack
1.898953,tcp,http,FIN,10,10,936,2836,10.005514,62,252,3551.430664,10755.40039,210.994778,191.192563,Attack
7e-06,udp,dns,INT,2,0,114,0,142857.1409,254,0,65142856.0,0.0,0.007,0.0,Attack
51.983376,udp,dns,REQ,60,0,16260,0,1.134978,254,0,2460.632812,0.0,884.782938,0.0,Attack
0.143414,tcp,-,FIN,20,22,4200,2664,285.885607,31,29,222572.4063,141855.0469,7.531263,6.806952,Normal
9e-06,udp,dns,INT,2,0,114,0,111111.1072,254,0,50666664.0,0.0,0.009,0.0,Attack
0.063838,tcp,-,FIN,40,44,2542,23612,1300.166094,31,29,310661.375,2891820.0,1.671658,1.465605,Normal
0.048375,udp,-,CON,4,4,568,320,144.702844,31,29,70449.61719,39689.92188,11.013333,15.643,Normal
9e-06,udp,dns,INT,2,0,114,0,111111.1072,254,0,50666664.0,0.0,0.009,0.0,Attack
0.020537,udp,-,CON,4,4,544,304,340.848223,31,29,158932.6563,88815.30469,1.488667,6.442333,Normal
0.595108,tcp,-,FIN,12,8,1250,724,31.926979,254,252,15405.60742,8522.823242,54.100727,70.566289,Attack
9e-06,udp,dns,INT,2,0,114,0,111111.1072,254,0,50666664.0,0.0,0.009,0.0,Attack
1.227135,sctp,-,CON,4,2,568,432,4.074532,254,60,2777.200684,1408.158081,409.045,0.008,Attack
8e-06,udp,dns,INT,2,0,114,0,125000.0003,254,0,57000000.0,0.0,0.008,0.0,Attack
0.512282,tcp,-,FIN,8,8,364,442,29.280747,254,252,4981.630859,6043.546387,73.183145,63.372855,Attack
6e-06,udp,-,INT,2,0,168,0,166666.6608,254,0,112000000.0,0.0,0.006,0.0,Attack
2.321838,tcp,-,FIN,10,8,716,354,7.321786,254,252,2222.377441,1068.119385,257.972889,319.187437,Normal
2e-06,prm,-,INT,2,0,200,0,500000.0013,254,0,400000000.0,0.0,0.002,0.0,Attack
0.0,arp,-,INT,1,0,46,0,0.0,0,0,0.0,0.0,60000.688,0.0,Normal
0.055833,tcp,smtp,FIN,52,38,37210,3172,1594.039348,31,29,5229165.5,442605.625,1.088098,1.45727,Normal
8e-06,udp,dns,INT,2,0,114,0,125000.0003,254,0,57000000.0,0.0,0.008,0.0,Attack
8e-06,udp,dns,INT,2,0,114,0,125000.0003,254,0,57000000.0,0.0,0.008,0.0,Attack
0.763757,tcp,-,FIN,10,10,608,646,24.877023,254,252,5740.045898,6096.179688,84.861889,77.799,Attack
9e-06,udp,dns,INT,2,0,114,0,111111.1072,254,0,50666664.0,0.0,0.009,0.0,Attack
6e-06,unas,-,INT,2,0,200,0,166666.6608,254,0,133333328.0,0.0,0.006,0.0,Attack
1.5e-05,udp,-,INT,2,0,154,0,66666.66835,254,0,41066668.0,0.0,0.015,0.0,Attack
0.001068,udp,dns,CON,2,2,146,178,2808.988808,31,29,546816.5,666666.6875,0.008,0.002,Normal
0.004657,tcp,-,FIN,22,14,1470,1728,7515.568224,31,29,2411853.25,2757140.0,0.23285,0.304308,Normal
6e-06,pim,-,INT,2,0,200,0,166666.6608,254,0,133333328.0,0.0,0.006,0.0,Attack
8e-06,netblt,-,INT,2,0,200,0,125000.0003,254,0,100000000.0,0.0,0.008,0.0,Attack
0.062272,tcp,smtp,FIN,52,42,37210,3380,1493.448073,31,29,4688463.5,423946.5625,1.212667,1.275244,Normal
5e-06,udp,dns,INT,2,0,114,0,200000.0051,254,0,91200000.0,0.0,0.005,0.0,Attack
9e-06,rdp,-,INT,2,0,200,0,111111.1072,254,0,88888888.0,0.0,0.009,0.0,Attack
0.719215,tcp,http,FIN,10,8,812,1082,23.636883,62,252,8131.087402,10533.70703,79.771222,91.95657,Normal
9e-06,any,-,INT,2,0,200,0,111111.1072,254,0,88888888.0,0.0,0.009,0.0,Attack
5e-06,unas,-,INT,2,0,200,0,200000.0051,254,0,160000000.0,0.0,0.005,0.0,Attack
7e-06,udp,dns,INT,2,0,114,0,142857.1409,254,0,65142856.0,0.0,0.007,0.0,Attack
0.431565,tcp,http,FIN,10,8,758,880,39.391518,62,252,12660.89746,14273.63281,47.937333,48.467855,Attack
3e-06,udp,dns,INT,2,0,114,0,333333.3215,254,0,152000000.0,0.0,0.003,0.0,Attack
9e-06,udp,dns,INT,2,0,114,0,111111.1072,254,0,50666664.0,0.0,0.009,0.0,Attack
9e-06,udp,dns,INT,2,0,114,0,111111.1072,254,0,50666664.0,0.0,0.009,0.0,Attack
3e-06,udp,dns,INT,2,0,114,0,333333.3215,254,0,152000000.0,0.0,0.003,0.0,Attack
4e-06,mobile,-,INT,2,0,200,0,250000.0006,254,0,200000000.0,0.0,0.004,0.0,Attack
9e-06,gre,-,INT,2,0,200,0,111111.1072,254,0,88888888.0,0.0,0.009,0.0,Attack
31.775375,tcp,-,FIN,20,12,1512,536,0.975598,254,252,361.789581,123.869507,1671.501947,2881.97825,Attack
0.006318,tcp,ssh,FIN,32,24,3728,5474,8705.286283,31,29,4573599.0,6642608.5,0.2106,0.243609,Normal
0.091092,udp,-,CON,4,4,520,304,76.845389,31,29,34251.08594,20023.71289,25.343,26.319,Normal
4e-06,udp,dns,INT,2,0,114,0,250000.0006,254,0,114000000.0,0.0,0.004,0.0,Attack
9e-06,udp,dns,INT,2,0,114,0,111111.1072,254,0,50666664.0,0.0,0.009,0.0,Attack
8e-06,udp,dns,INT,2,0,114,0,125000.0003,254,0,57000000.0,0.0,0.008,0.0,Attack
0.001033,udp,dns,CON,2,2,146,178,2904.162775,31,29,565343.6875,689254.625,0.009,0.001,Normal
2e-05,udp,dns,INT,2,0,114,0,50000.00126,254,0,22800000.0,0.0,0.02,0.0,Attack
0.0,arp,-,INT,1,0,46,0,0.0,0,0,0.0,0.0,60000.748,0.0,Normal
9e-06,bbn-rcc,-,INT,2,0,180,0,111111.1072,254,0,80000000.0,0.0,0.009,0.0,Attack
4e-06,udp,dns,INT,2,0,114,0,250000.0006,254,0,114000000.0,0.0,0.004,0.0,Attack
0.001055,udp,dns,CON,2,2,146,178,2843.601894,31,29,553554.5,674881.5,0.009,0.008,Normal
0.975587,tcp,-,FIN,34,10,36750,440,44.076028,254,252,292500.8125,3247.275635,29.559849,102.611109,Attack
0.327938,tcp,http,FIN,10,6,874,268,45.740355,254,252,19198.75195,5464.447754,36.340667,57.478,Attack
9e-06,unas,-,INT,2,0,200,0,111111.1072,254,0,88888888.0,0.0,0.009,0.0,Attack
3.256565,tcp,-,FIN,24,42,1248,35448,19.959681,62,252,2938.064941,85007.35938,141.589787,77.164951,Attack
1.103815,tcp,-,FIN,10,6,512,268,13.589234,254,252,3341.139648,1623.460571,116.423778,193.520594,Attack
4e-06,udp,dns,INT,2,0,114,0,250000.0006,254,0,114000000.0,0.0,0.004,0.0,Attack
1.5e-05,sun-nd,-,INT,1,0,60,0,0.0,0,0,0.0,0.0,0.0,0.0,Attack
9e-06,udp,dns,INT,2,0,114,0,111111.1072,254,0,50666664.0,0.0,0.009,0.0,Attack
0.004347,udp,-,CON,4,4,568,312,1610.30603,31,29,783989.0,430641.8438,1.189333,1.011,Normal
0.51128,tcp,-,FIN,10,8,566,354,33.249883,254,252,7979.97168,4850.571289,54.179111,67.947289,Normal
9e-06,udp,dns,INT,2,0,114,0,111111.1072,254,0,50666664.0,0.0,0.009,0.0,Attack
6e-06,udp,dns,INT,2,0,114,0,166666.6608,254,0,76000000.0,0.0,0.006,0.0,Attack
0.001186,udp,dns,CON,2,2,146,178,2529.511067,31,29,492411.5,600337.3125,0.009,0.001,Normal
6e-06,udp,-,INT,2,0,168,0,166666.6608,254,0,112000000.0,0.0,0.006,0.0,Attack
0.490842,tcp,-,FIN,12,10,1370,838,42.783624,254,252,20470.94531,12305.38477,43.810454,48.325555,Attack
0.00768,tcp,-,FIN,22,24,1920,4312,5859.375148,31,29,1909375.0,4305208.5,0.349524,0.310957,Normal
0.013326,tcp,-,FIN,16,18,1540,1644,2476.361921,31,29,866876.75,932312.75,0.867733,0.80275,Normal
0.640324,tcp,-,FIN,10,8,564,354,26.54906,254,252,6346.787109,3873.039307,70.527333,89.126141,Attack
7e-06,unas,-,INT,2,0,200,0,142857.1409,254,0,114285712.0,0.0,0.007,0.0,Attack
8e-06,udp,dns,INT,2,0,114,0,125000.0003,254,0,57000000.0,0.0,0.008,0.0,Attack
1.020906,tcp,-,FIN,10,6,534,268,14.692832,254,252,3769.201172,1755.303711,110.077333,178.764203,Normal
3e-06,udp,dns,INT,2,0,114,0,333333.3215,254,0,152000000.0,0.0,0.003,0.0,Attack
0.00354,tcp,ftp-data,FIN,10,12,528,8824,5932.203479,31,29,1075706.25,18280226.0,0.358222,0.276545,Normal
9e-06,udp,dns,INT,2,0,114,0,111111.1072,254,0,50666664.0,0.0,0.009,0.0,Attack
36.817093,tcp,http,FIN,446,2786,19598,3773136,87.758151,62,252,4249.113281,819571.9375,83.296574,13.199194,Attack
0.983347,tcp,http,FIN,12,8,954,1130,19.321765,62,252,7118.544922,8045.989746,98.334703,130.823141,Normal
1.036164,tcp,http,FIN,12,18,1580,10168,27.987846,31,29,11187.41797,74150.42188,94.160548,60.919117,Normal
8e-06,udp,dns,INT,2,0,114,0,125000.0003,254,0,57000000.0,0.0,0.008,0.0,Attack
0.571875,tcp,-,FIN,12,8,1064,756,33.224045,254,252,13653.33398,9260.765625,47.382453,69.69257,Attack
0.469675,tcp,http,FIN,10,8,1022,354,36.195241,254,252,15670.41016,5280.24707,50.286556,64.476855,Attack
2e-06,udp,dns,INT,2,0,114,0,500000.0013,254,0,228000000.0,0.0,0.002,0.0,Attack
0.001027,udp,dns,CON,2,2,146,178,2921.129446,31,29,568646.5625,693281.375,0.009,0.007,Normal
1.009527,tcp,http,FIN,14,18,1684,10168,30.707451,31,29,12393.92383,76106.92969,77.629538,59.353706,Normal
0.925405,tcp,-,FIN,10,8,564,354,18.370335,254,252,4391.59082,2679.907715,102.822778,123.189141,Attack
5e-06,unas,-,INT,2,0,200,0,200000.0051,254,0,160000000.0,0.0,0.005,0.0,Attack
0.624816,tcp,http,FIN,10,6,1540,268,24.007068,254,252,17746.02539,2868.044434,69.424,104.511398,Attack
7e-06,gmtp,-,INT,2,0,200,0,142857.1409,254,0,114285712.0,0.0,0.007,0.0,Attack
9e-06,ddp,-,INT,2,0,200,0,111111.1072,254,0,88888888.0,0.0,0.009,0.0,Attack
5e-06,merit-inp,-,INT,2,0,200,0,200000.0051,254,0,160000000.0,0.0,0.005,0.0,Attack
9e-06,udp,-,INT,2,0,168,0,111111.1072,254,0,74666664.0,0.0,0.009,0.0,Attack
3e-06,tlsp,-,INT,2,0,200,0,333333.3215,254,0,266666656.0,0.0,0.003,0.0,Attack
0.409506,tcp,-,FIN,10,6,518,268,36.629501,254,252,9123.1875,4376.004395,42.724333,71.516602,Attack
9e-06,unas,-,INT,2,0,200,0,111111.1072,254,0,88888888.0,0.0,0.009,0.0,Attack
4e-06,udp,-,INT,2,0,1064,0,250000.0006,254,0,1064000000.0,0.0,0.004,0.0,Attack
9e-06,unas,-,INT,2,0,200,0,111111.1072,254,0,88888888.0,0.0,0.009,0.0,Attack
5e-06,ipip,-,INT,2,0,200,0,200000.0051,254,0,160000000.0,0.0,0.005,0.0,Attack
0.001627,udp,-,CON,4,4,544,304,4302.396921,31,29,2006146.25,1121081.75,0.426667,0.194,Normal
1e-05,udp,dns,INT,2,0,114,0,100000.0025,254,0,45600000.0,0.0,0.01,0.0,Attack
7e-06,udp,dns,INT,2,0,114,0,142857.1409,254,0,65142856.0,0.0,0.007,0.0,Attack
6e-06,udp,dns,INT,2,0,114,0,166666.6608,254,0,76000000.0,0.0,0.006,0.0,Attack
0.828979,tcp,http,FIN,10,6,816,268,18.094547,254,252,7093.0625,2161.695312,89.211556,148.822594,Attack
0.182662,tcp,http,FIN,10,6,982,268,82.118888,254,252,38716.32031,9810.469727,18.764667,35.111602,Attack
8e-06,udp,-,INT,2,0,75,0,125000.0003,254,0,38000000.0,0.0,0.008,0.0,Attack
1.42858,tcp,ftp,FIN,22,22,1170,1638,30.099818,62,252,6255.162109,8758.347656,68.027616,65.472286,Attack
0.306967,tcp,-,FIN,10,6,534,268,48.865189,254,252,12535.54981,5837.76123,32.461444,54.259,Attack
5e-06,udp,dns,INT,2,0,114,0,200000.0051,254,0,91200000.0,0.0,0.005,0.0,Attack
4e-06,udp,-,INT,2,0,608,0,250000.0006,254,0,608000000.0,0.0,0.004,0.0,Attack
0.001002,udp,dns,CON,2,2,130,162,2994.012136,31,29,518962.0938,646706.625,0.009,0.006,Normal
0.540366,tcp,http,FIN,10,6,516,268,27.758964,254,252,6884.223145,3316.270752,60.040667,85.418602,Attack
5e-06,udp,-,INT,2,0,144,0,200000.0051,254,0,115200000.0,0.0,0.005,0.0,Attack
0.000999,udp,dns,CON,2,2,146,178,3003.002883,31,29,584584.5625,712712.6875,0.005,0.003,Normal
4e-06,udp,-,INT,2,0,104,0,250000.0006,254,0,104000000.0,0.0,0.004,0.0,Normal
0.391194,tcp,http,FIN,10,8,788,1296,43.456701,62,252,14519.65039,23190.54102,43.466,42.530285,Attack
0.01896,tcp,-,FIN,16,18,1540,1644,1740.506413,31,29,609282.75,655274.3125,1.237533,1.088294,Normal
8e-06,udp,-,INT,2,0,104,0,125000.0003,254,0,52000000.0,0.0,0.008,0.0,Normal
5e-06,udp,dns,INT,2,0,118,0,200000.0051,62,0,94400000.0,0.0,0.005,0.0,Attack
8e-06,sccopmce,-,INT,2,0,200,0,125000.0003,254,0,100000000.0,0.0,0.008,0.0,Attack
0.019556,tcp,-,FIN,16,18,1540,1644,1687.461577,31,29,590713.8125,635303.6875,1.281533,1.123353,Normal
3e-06,udp,dns,INT,2,0,114,0,333333.3215,254,0,152000000.0,0.0,0.003,0.0,Attack
0.035304,tcp,-,FIN,122,126,7818,15180,6996.374599,31,29,1757081.375,3412644.5,0.296144,0.278064,Normal
0.143363,tcp,ftp-data,FIN,6,8,320,1910,90.678907,31,29,14899.24219,93301.61719,28.6084,20.415428,Normal
8e-06,udp,dns,INT,2,0,114,0,125000.0003,254,0,57000000.0,0.0,0.008,0.0,Attack
9e-06,unas,-,INT,2,0,200,0,111111.1072,254,0,88888888.0,0.0,0.009,0.0,Attack
0.036764,tcp,smtp,FIN,52,40,37210,3276,2475.247551,31,29,7941464.5,695245.375,0.743408,0.92918,Normal
9e-06,udp,-,INT,2,0,1064,0,111111.1072,254,0,472888864.0,0.0,0.009,0.0,Attack
0.11623,tcp,-,FIN,66,68,3926,57474,1144.282853,31,29,266161.9063,3897720.0,1.782215,1.727119,Normal
1.4e-05,udp,dns,INT,2,0,114,0,71428.57045,254,0,32571428.0,0.0,0.014,0.0,Attack
0.001045,udp,dns,CON,2,2,130,162,2870.813285,31,29,497607.625,620095.6875,0.01,0.009,Normal
0.0,arp,-,INT,1,0,46,0,0.0,0,0,0.0,0.0,60000.824,0.0,Normal
0.059953,tcp,-,FIN,90,92,5174,83812,3019.031555,31,29,682801.5,11062132.0,0.685414,0.660611,Normal
9e-06,unas,-,INT,2,0,200,0,111111.1072,254,0,88888888.0,0.0,0.009,0.0,Attack
1e-06,unas,-,INT,2,0,200,0,1000000.003,254,0,800000000.0,0.0,0.001,0.0,Attack
9e-06,rsvp,-,INT,2,0,200,0,111111.1072,254,0,88888888.0,0.0,0.009,0.0,Attack
0.574857,tcp,http,FIN,10,6,1126,268,26.093446,254,252,14111.33594,3117.297119,60.544667,102.274602,Attack
0.913697,tcp,-,FIN,18,10,6038,556,29.550277,254,252,49933.40234,4386.574707,52.507119,94.135891,Normal
0.514188,tcp,-,FIN,10,6,756,268,29.17221,254,252,10595.34668,3485.106689,55.166667,83.563,Attack
9e-06,zero,-,INT,2,0,200,0,111111.1072,254,0,88888888.0,0.0,0.009,0.0,Attack
0.00162,udp,-,CON,4,4,520,304,4320.987666,31,29,1925925.875,1125925.875,0.418667,0.197667,Normal
9e-06,udp,-,INT,2,0,584,0,111111.1072,254,0,259555552.0,0.0,0.009,0.0,Attack
0.291362,tcp,http,FIN,10,6,864,268,51.482351,254,252,21361.74414,6150.424805,30.609667,49.914602,Attack
0.551537,tcp,http,FIN,10,10,824,1208,34.449186,62,252,10762.65137,15781.35352,61.281889,57.585891,Attack
1.081978,tcp,http,FIN,14,18,1684,10168,28.65123,31,29,11564.00586,71010.6875,83.200921,63.598529,Normal
0.001075,udp,dns,CON,2,2,146,178,2790.69758,31,29,543255.8125,662325.5625,0.009,0.008,Normal
6.765941,tcp,-,FIN,228,438,13142,548216,98.2864,31,29,15471.60938,646727.5,29.80455,15.480302,Normal
0.000946,udp,dns,CON,2,2,146,178,3171.247406,31,29,617336.1875,752642.6875,0.001,0.002,Normal
1.128067,tcp,-,FIN,10,6,756,268,13.297082,254,252,4829.500488,1588.558105,117.559111,216.061203,Attack
1.446897,tcp,-,FIN,12,8,1238,720,13.13155,254,252,6275.498535,3483.316406,131.525364,182.995281,Attack
1.091991,tcp,http,FIN,10,10,798,1360,17.399412,62,252,5267.442871,8967.107422,121.332333,107.112891,Normal
1.177411,tcp,http,FIN,32,118,3012,157594,126.548847,62,252,19826.55273,1061712.5,37.980999,9.873744,Attack
5e-06,udp,-,INT,2,0,2016,0,200000.0051,254,0,1612800000.0,0.0,0.005,0.0,Attack
59.760056,ospf,-,INT,180,0,48960,0,2.995312,254,0,6517.79834,0.0,333.854969,0.0,Attack
9e-06,udp,dns,INT,2,0,114,0,111111.1072,254,0,50666664.0,0.0,0.009,0.0,Attack
0.836214,tcp,-,FIN,10,6,756,268,17.937992,254,252,6515.078613,2142.992188,91.065,151.496,Attack
3e-06,swipe,-,INT,2,0,200,0,333333.3215,254,0,266666656.0,0.0,0.003,0.0,Attack
0.121151,tcp,-,FIN,50,50,3848,18980,817.162052,31,29,249077.5938,1228285.375,2.516062,2.460388,Normal
9e-06,isis,-,INT,2,0,200,0,111111.1072,254,0,88888888.0,0.0,0.009,0.0,Attack
5e-06,unas,-,INT,2,0,200,0,200000.0051,254,0,160000000.0,0.0,0.005,0.0,Attack
0.004621,udp,-,CON,4,4,568,304,1514.823622,31,29,737502.6875,394719.75,1.215,1.037,Normal
3e-06,wsn,-,INT,2,0,200,0,333333.3215,254,0,266666656.0,0.0,0.003,0.0,Attack
0.495136,tcp,-,FIN,10,6,530,268,30.294707,254,252,7706.973633,3619.207764,52.151333,90.702203,Attack
0.065859,tcp,-,FIN,50,50,3062,32642,1503.211465,31,29,364536.375,3885877.5,1.365583,1.334041,Normal
1.905242,tcp,pop3,FIN,26,68,1212,68264,48.812698,62,252,4895.96582,282425.0313,76.209682,28.01212,Attack
0.07388,tcp,-,FIN,66,68,3926,57474,1800.216521,31,29,418733.0625,6131997.5,1.149547,1.094731,Normal
9e-06,udp,dns,INT,2,0,114,0,111111.1072,254,0,50666664.0,0.0,0.009,0.0,Attack
3e-06,udp,dns,INT,2,0,114,0,333333.3215,254,0,152000000.0,0.0,0.003,0.0,Attack
7e-06,udp,dns,INT,2,0,114,0,142857.1409,254,0,65142856.0,0.0,0.007,0.0,Attack
0.852641,tcp,ftp,FIN,52,54,2934,3742,123.146789,31,29,27003.1582,34462.33594,16.712235,16.077227,Normal
9e-06,udp,dns,INT,2,0,114,0,111111.1072,254,0,50666664.0,0.0,0.009,0.0,Attack
2e-06,ttp,-,INT,2,0,200,0,500000.0013,254,0,400000000.0,0.0,0.002,0.0,Attack
0.051906,tcp,-,FIN,72,74,4238,63516,2793.511303,31,29,644241.5,9657149.0,0.726789,0.703972,Normal
0.074947,tcp,-,FIN,60,62,3614,50036,1614.474238,31,29,379361.4063,5254807.0,1.286845,1.230167,Normal
0.317051,tcp,-,FIN,10,6,1972,268,47.311001,254,252,44787.74609,5652.087402,33.134444,51.531801,Attack
1.352829,tcp,-,FIN,12,10,1490,794,15.523026,254,252,8077.887207,4228.176758,122.919452,132.648781,Normal
9e-06,unas,-,INT,2,0,200,0,111111.1072,254,0,88888888.0,0.0,0.009,0.0,Attack
0.945868,tcp,-,FIN,10,10,608,646,20.087369,254,252,4634.895996,4922.462891,105.096444,94.717445,Attack
0.955495,tcp,-,FIN,10,6,624,268,15.698669,254,252,4705.414551,1875.467651,102.611222,173.464594,Attack
0.264597,tcp,http,FIN,10,10,822,3802,71.807315,62,252,22373.64844,103463.0,29.399667,27.861778,Attack
1e-05,udp,dns,INT,2,0,114,0,100000.0025,254,0,45600000.0,0.0,0.01,0.0,Attack
0.0,arp,-,INT,1,0,46,0,0.0,0,0,0.0,0.0,60000.6,0.0,Normal
3e-06,sctp,-,INT,2,0,152,0,333333.3215,254,0,202666656.0,0.0,0.003,0.0,Attack
9e-06,udp,dns,INT,2,0,114,0,111111.1072,254,0,50666664.0,0.0,0.009,0.0,Attack
10.038711,rvd,-,INT,4,0,400,0,0.298843,254,0,239.074524,0.0,3346.237,0.0,Attack
8e-06,unas,-,INT,2,0,200,0,125000.0003,254,0,100000000.0,0.0,0.008,0.0,Attack
0.320967,tcp,http,FIN,10,6,870,268,46.733778,254,252,19516.02539,5583.128906,31.080333,55.974,Attack
1.125965,tcp,http,FIN,14,18,1684,10168,27.531939,31,29,11112.24609,68236.57813,86.587228,66.204529,Normal
1.2e-05,udp,-,INT,2,0,1244,0,83333.33039,254,0,414666656.0,0.0,0.012,0.0,Attack
1e-06,mtp,-,INT,2,0,200,0,1000000.003,254,0,800000000.0,0.0,0.001,0.0,Attack
0.190366,tcp,-,FIN,10,6,982,268,78.795583,254,252,37149.49219,9413.445312,19.091556,35.806602,Attack
0.619151,tcp,-,FIN,12,8,1058,752,30.687183,254,252,12533.29199,8501.964844,54.591999,82.96343,Attack
2.872012,tcp,-,FIN,12,10,986,842,7.311947,254,252,2518.095459,2111.411865,261.091994,303.612563,Attack
0.332589,tcp,ftp-data,FIN,8,12,424,8824,57.127566,31,29,8923.926758,194570.4688,47.443,30.192453,Normal
0.051994,tcp,-,RST,6,2,258,86,134.63092,254,60,33080.74219,6616.147949,10.3988,0.008,Normal
1.008976,tcp,-,FIN,10,6,534,268,14.866558,254,252,3813.767578,1776.058105,112.008333,182.788203,Normal
0.690382,tcp,-,FIN,10,8,564,354,24.624049,254,252,5886.596191,3592.214111,72.333556,94.548711,Attack
1.1e-05,udp,-,INT,2,0,168,0,90909.0902,254,0,61090908.0,0.0,0.011,0.0,Attack
0.117734,tcp,smtp,FIN,52,42,37502,3380,789.916251,31,29,2499261.0,224234.2969,2.301902,2.858537,Normal
9e-06,udp,dns,INT,2,0,114,0,111111.1072,254,0,50666664.0,0.0,0.009,0.0,Attack
0.004714,tcp,-,FIN,18,18,4528,2456,7424.692344,31,29,7258379.0,3937208.25,0.258882,0.249765,Normal
1e-06,udp,dns,INT,2,0,114,0,1000000.003,254,0,456000000.0,0.0,0.001,0.0,Attack
1.811375,tcp,pop3,FIN,40,158,1820,186292,108.757158,62,252,7839.348633,817557.9375,46.445514,11.394427,Attack
8e-06,udp,-,INT,2,0,104,0,125000.0003,254,0,52000000.0,0.0,0.008,0.0,Attack
9e-06,udp,dns,INT,2,0,114,0,111111.1072,254,0,50666664.0,0.0,0.009,0.0,Attack
0.444998,tcp,-,FIN,18,8,14218,354,56.180028,254,252,241421.3125,5573.058594,25.133,59.284,Attack
1e-05,udp,-,INT,2,0,296,0,100000.0025,254,0,118400000.0,0.0,0.01,0.0,Attack
0.010948,tcp,-,FIN,38,40,2438,18508,7033.248375,31,29,1734746.125,13186701.0,0.287541,0.267026,Normal
0.0,arp,-,INT,1,0,46,0,0.0,0,0,0.0,0.0,60000.744,0.0,Normal
1.005475,tcp,http,FIN,12,18,1580,10168,28.842088,31,29,11528.87891,76413.63281,91.375727,59.116472,Normal
6e-06,unas,-,INT,2,0,200,0,166666.6608,254,0,133333328.0,0.0,0.006,0.0,Attack
0.417438,tcp,http,FIN,10,10,832,4538,45.515741,62,252,14354.22754,78287.07813,46.382,41.504444,Attack
0.001049,udp,dns,CON,2,2,146,178,2859.866662,31,29,556720.6875,678741.6875,0.009,0.007,Normal
1.398053,tcp,http,FIN,60,14,68191,612,52.215472,254,252,383705.0313,3255.956543,22.257118,100.088844,Attack
11.955231,tcp,-,FIN,278,510,15844,641784,65.828926,31,29,10564.74805,428616.4063,43.15844,23.48678,Normal
9e-06,unas,-,INT,2,0,200,0,111111.1072,254,0,88888888.0,0.0,0.009,0.0,Attack
8e-06,unas,-,INT,2,0,200,0,125000.0003,254,0,100000000.0,0.0,0.008,0.0,Attack
0.0,arp,-,INT,1,0,46,0,0.0,0,0,0.0,0.0,60000.72,0.0,Normal
2e-06,udp,-,INT,2,0,168,0,500000.0013,254,0,336000000.0,0.0,0.002,0.0,Attack
8e-06,udp,dns,INT,2,0,114,0,125000.0003,254,0,57000000.0,0.0,0.008,0.0,Attack
4.8e-05,udp,-,INT,1,0,112,0,0.0,255,0,0.0,0.0,0.0,0.0,Attack
1.283847,tcp,http,FIN,12,18,1580,10168,22.588362,31,29,9029.113281,59845.13672,116.682179,75.490412,Normal
5e-06,udp,dns,INT,2,0,114,0,200000.0051,254,0,91200000.0,0.0,0.005,0.0,Attack
3e-06,unas,-,INT,2,0,200,0,333333.3215,254,0,266666656.0,0.0,0.003,0.0,Attack
2e-06,udp,-,INT,2,0,168,0,500000.0013,254,0,336000000.0,0.0,0.002,0.0,Attack
0.899301,tcp,-,FIN,10,8,564,354,18.903571,254,252,4519.06543,2757.69751,99.813,122.557141,Attack
1e-06,nvp,-,INT,2,0,180,0,1000000.003,254,0,720000000.0,0.0,0.001,0.0,Attack
8e-06,udp,dns,INT,2,0,114,0,125000.0003,254,0,57000000.0,0.0,0.008,0.0,Attack
3e-06,bbn-rcc,-,INT,2,0,180,0,333333.3215,254,0,239999984.0,0.0,0.003,0.0,Attack
3e-06,udp,dns,INT,2,0,114,0,333333.3215,254,0,152000000.0,0.0,0.003,0.0,Attack
0.265215,tcp,-,FIN,16,8,7216,812,86.72209,254,252,204060.8438,21446.75,16.849333,37.035855,Attack
2e-06,unas,-,INT,2,0,200,0,500000.0013,254,0,400000000.0,0.0,0.002,0.0,Attack
0.681469,tcp,-,FIN,10,6,514,268,22.011272,254,252,5435.316895,2629.613281,67.087556,111.46,Normal
8e-06,udp,dns,INT,2,0,114,0,125000.0003,254,0,57000000.0,0.0,0.008,0.0,Attack
7e-06,udp,dns,INT,2,0,114,0,142857.1409,254,0,65142856.0,0.0,0.007,0.0,Attack
2e-06,udp,dns,INT,2,0,114,0,500000.0013,254,0,228000000.0,0.0,0.002,0.0,Attack
1.037868,cbt,-,INT,4,0,360,0,2.890541,254,0,2081.189453,0.0,345.956,0.0,Attack
0.004551,udp,-,CON,4,4,568,312,1538.123502,31,29,748846.4375,411338.1563,1.221667,1.014667,Normal
0.523085,tcp,-,FIN,12,8,1122,750,36.322969,254,252,15737.4043,10048.08008,42.74518,72.264,Attack
0.231865,tcp,http,FIN,10,14,780,9664,99.195651,62,252,24220.99023,309628.4375,25.638444,16.707923,Attack
0.398313,tcp,http,FIN,10,8,828,3200,42.680004,62,252,14983.19238,56237.18359,44.257,41.619855,Attack
3e-06,unas,-,INT,2,0,200,0,333333.3215,254,0,266666656.0,0.0,0.003,0.0,Attack
5e-06,ipnip,-,INT,2,0,180,0,200000.0051,254,0,144000000.0,0.0,0.005,0.0,Attack
8e-06,chaos,-,INT,2,0,200,0,125000.0003,254,0,100000000.0,0.0,0.008,0.0,Attack
9e-06,udp,dns,INT,2,0,114,0,111111.1072,254,0,50666664.0,0.0,0.009,0.0,Attack
0.001057,udp,dns,CON,2,2,130,162,2838.221339,31,29,491958.375,613055.8125,0.007,0.007,Normal
8e-06,udp,dns,INT,2,0,114,0,125000.0003,254,0,57000000.0,0.0,0.008,0.0,Attack
55.411198,ospf,-,REQ,60,0,16320,0,1.064767,254,0,2316.932373,0.0,938.371375,0.0,Attack
1.133288,tcp,http,FIN,10,10,872,1218,16.765376,62,252,5541.397949,7743.838867,125.920889,116.604336,Normal
4e-06,visa,-,INT,2,0,200,0,250000.0006,254,0,200000000.0,0.0,0.004,0.0,Attack
11.761739,tcp,ssh,FIN,620,684,48568,85658,110.78294,31,29,32981.51953,58177.11328,19.031433,17.346016,Normal
3e-06,udp,dns,INT,2,0,114,0,333333.3215,254,0,152000000.0,0.0,0.003,0.0,Attack
25.422068,ospf,-,INT,28,0,12832,0,1.062069,254,0,3893.939697,0.0,941.55825,0.0,Attack
0.722353,tcp,http,FIN,10,6,566,268,20.765471,254,252,5648.208008,2480.781738,75.070889,130.528,Attack
5.667425,rvd,-,INT,4,0,400,0,0.529341,254,0,423.472717,0.0,1889.141625,0.0,Attack
3e-06,unas,-,INT,2,0,200,0,333333.3215,254,0,266666656.0,0.0,0.003,0.0,Attack
0.336193,tcp,ftp-data,FIN,8,8,364,968,44.617229,62,252,7590.87793,20155.08984,48.02757,44.20743,Attack
0.006828,tcp,-,FIN,22,24,2054,2478,6590.509823,31,29,2297598.25,2782659.75,0.308952,0.270261,Normal
5e-06,udp,dns,INT,2,0,114,0,200000.0051,254,0,91200000.0,0.0,0.005,0.0,Attack
0.007318,tcp,-,FIN,22,26,2054,2582,6422.519951,31,29,2143755.25,2714403.0,0.331381,0.24668,Normal
5e-06,udp,dns,INT,2,0,114,0,200000.0051,254,0,91200000.0,0.0,0.005,0.0,Attack
1e-06,udp,dns,INT,2,0,114,0,1000000.003,254,0,456000000.0,0.0,0.001,0.0,Attack
0.632103,tcp,http,FIN,10,6,822,268,23.730309,254,252,9365.561523,2834.980957,70.125889,115.754398,Attack
6e-06,udp,dns,INT,2,0,114,0,166666.6608,254,0,76000000.0,0.0,0.006,0.0,Attack
0.0,arp,-,INT,1,0,46,0,0.0,0,0,0.0,0.0,60000.576,0.0,Normal
5e-06,unas,-,INT,2,0,200,0,200000.0051,254,0,160000000.0,0.0,0.005,0.0,Attack
0.629369,tcp,http,FIN,10,6,828,268,23.833394,254,252,9482.512695,2847.296143,59.484111,113.393,Attack
0.000968,udp,dns,CON,2,2,146,178,3099.173623,31,29,603305.8125,735537.1875,0.013,0.01,Normal
0.023906,tcp,-,FIN,60,62,3598,48918,5061.490848,31,29,1184305.25,16106082.0,0.406638,0.389967,Normal
7e-06,sccopmce,-,INT,2,0,200,0,142857.1409,254,0,114285712.0,0.0,0.007,0.0,Attack
9e-06,udp,dns,INT,2,0,114,0,111111.1072,254,0,50666664.0,0.0,0.009,0.0,Attack
1e-05,udp,-,INT,2,0,168,0,100000.0025,254,0,67200000.0,0.0,0.01,0.0,Attack
9e-06,unas,-,INT,2,0,200,0,111111.1072,254,0,88888888.0,0.0,0.009,0.0,Attack
9e-06,3pc,-,INT,2,0,200,0,111111.1072,254,0,88888888.0,0.0,0.009,0.0,Attack
0.608132,tcp,-,FIN,10,6,610,268,24.665697,254,252,7222.116211,2946.72876,63.667111,105.957,Attack
0.430245,tcp,-,FIN,20,8,17266,354,62.75494,254,252,304998.3125,5764.157227,21.009315,48.160715,Attack
0.458109,tcp,-,FIN,12,10,2484,443,45.84062,254,252,39763.46484,6967.774414,41.646274,48.773223,Attack
0.838846,tcp,ftp-data,FIN,8,8,364,864,17.881708,62,252,3042.274658,7209.904785,119.835147,104.547289,Attack
0.893751,tcp,ftp-data,FIN,8,12,424,8824,21.258717,31,29,3320.835449,72404.95313,127.605862,81.208091,Normal
1.596205,tcp,ftp-data,FIN,8,8,364,790,9.397289,62,252,1598.792114,3468.226318,228.012866,218.092719,Attack
0.031002,tcp,-,FIN,60,62,3614,50036,3902.974005,31,29,917102.125,12703438.0,0.518136,0.499393,Normal
0.636288,tcp,-,FIN,14,6,7858,268,29.860693,254,252,91744.61719,2816.334717,48.863691,110.773203,Normal
0.909852,tcp,http,FIN,10,8,840,354,18.684357,254,252,6647.234863,2725.718018,96.839,113.14257,Attack
3e-06,udp,dns,INT,2,0,114,0,333333.3215,254,0,152000000.0,0.0,0.003,0.0,Attack
0.11566,tcp,-,FIN,66,68,3926,57474,1149.922217,31,29,267473.625,3916929.0,1.774523,1.718298,Normal
0.0,arp,-,INT,1,0,46,0,0.0,0,0,0.0,0.0,60000.68,0.0,Normal
3.941102,tcp,ftp,FIN,24,22,1256,1652,11.418126,62,252,2443.986572,3201.13501,171.31695,184.955625,Attack
1e-06,sep,-,INT,2,0,104,0,1000000.003,254,0,416000000.0,0.0,0.001,0.0,Attack
0.028344,tcp,-,FIN,68,70,4014,59460,4833.474498,31,29,1116285.625,16542761.0,0.417716,0.403739,Normal
1.452283,tcp,smtp,FIN,64,26,63320,1952,61.282821,62,252,343354.5625,10339.58203,23.052112,56.089121,Attack
3.054258,tcp,-,FIN,36,14,34710,988,16.043176,254,252,88390.69531,2404.511963,83.728542,217.200391,Attack
0.229124,tcp,ftp-data,FIN,8,12,424,8824,82.924532,31,29,12953.68457,282432.2188,32.683144,20.781091,Normal
7e-06,iatp,-,INT,2,0,200,0,142857.1409,254,0,114285712.0,0.0,0.007,0.0,Attack
9e-06,udp,dns,INT,2,0,114,0,111111.1072,254,0,50666664.0,0.0,0.009,0.0,Attack
0.727885,tcp,-,FIN,10,6,756,268,20.607651,254,252,7484.69873,2461.927246,80.876111,119.694,Attack
5e-06,tcf,-,INT,2,0,200,0,200000.0051,254,0,160000000.0,0.0,0.005,0.0,Attack
0.516464,tcp,http,FIN,10,6,796,268,29.043651,254,252,11106.29199,3469.748047,53.563333,92.37,Attack
0.080255,tcp,http,FIN,8,10,1048,824,211.824804,31,29,91408.63281,73964.23438,11.416285,8.863667,Normal
0.026894,tcp,-,FIN,60,62,3614,50036,4499.144886,31,29,1057187.5,14643861.0,0.458362,0.430689,Normal
0.001035,udp,dns,CON,2,2,146,178,2898.550823,31,29,564251.25,687922.75,0.009,0.006,Normal
2.161014,tcp,-,FIN,60,16,70349,698,34.705928,254,252,256090.875,2424.787598,36.627356,139.086406,Attack
1e-05,udp,dns,INT,2,0,114,0,100000.0025,254,0,45600000.0,0.0,0.01,0.0,Attack
9e-06,uti,-,INT,2,0,200,0,111111.1072,254,0,88888888.0,0.0,0.009,0.0,Attack
8e-06,udp,-,INT,2,0,2992,0,125000.0003,254,0,1496000000.0,0.0,0.008,0.0,Attack
1.004825,tcp,http,FIN,12,18,1580,10168,28.860747,31,29,11536.33691,76463.0625,91.315724,59.076414,Normal
4.540433,tcp,pop3,FIN,40,114,1832,126924,33.697227,62,252,3148.598389,221672.25,116.421363,39.733267,Attack
5e-06,udp,dns,INT,2,0,114,0,200000.0051,254,0,91200000.0,0.0,0.005,0.0,Attack
9e-06,udp,-,INT,2,0,104,0,111111.1072,254,0,46222220.0,0.0,0.009,0.0,Attack
0.624754,tcp,-,FIN,10,6,3160,268,24.00945,254,252,36417.53516,2868.328857,66.081444,112.320797,Attack
4e-06,aes-sp3-d,-,INT,2,0,200,0,250000.0006,254,0,200000000.0,0.0,0.004,0.0,Attack
1.495827,tcp,-,FIN,10,8,564,354,11.364951,254,252,2716.891846,1657.945801,161.376556,192.075859,Attack
0.069833,tcp,-,FIN,48,50,2958,33044,1389.028051,31,29,331877.4688,3709879.0,1.511326,1.414041,Normal
1.65427,tcp,-,FIN,16,12,914,642,16.321398,254,252,4144.42627,2848.38623,110.256466,143.999,Normal
0.028705,tcp,smtp,FIN,54,42,37914,3380,3309.527856,31,29,10370876.0,919700.375,0.545404,0.681341,Normal
0.87061,tcp,-,FIN,10,8,748,354,19.526539,254,252,6193.358887,2848.577393,6124.6376,7647.876,Attack
3e-06,udp,dns,INT,2,0,114,0,333333.3215,254,0,152000000.0,0.0,0.003,0.0,Attack
0.630221,tcp,-,FIN,10,8,564,354,26.974664,254,252,6448.53125,3935.127441,70.024556,86.60543,Attack
0.000108,udp,-,INT,2,0,503,0,9259.259244,64,0,18666666.0,0.0,0.108,0.0,Normal
9e-06,udp,dns,INT,2,0,114,0,111111.1072,254,0,50666664.0,0.0,0.009,0.0,Attack
1.402071,tcp,http,FIN,10,8,1086,3132,12.124921,62,252,5580.316406,15639.72168,155.785667,185.545859,Attack
3e-06,udp,dns,INT,2,0,114,0,333333.3215,254,0,152000000.0,0.0,0.003,0.0,Attack
3e-06,unas,-,INT,2,0,200,0,333333.3215,254,0,266666656.0,0.0,0.003,0.0,Attack
4e-06,unas,-,INT,2,0,200,0,250000.0006,254,0,200000000.0,0.0,0.004,0.0,Attack
5e-06,wb-mon,-,INT,2,0,200,0,200000.0051,254,0,160000000.0,0.0,0.005,0.0,Attack
9e-06,udp,dns,INT,2,0,114,0,111111.1072,254,0,50666664.0,0.0,0.009,0.0,Attack
9e-06,udp,dns,INT,2,0,114,0,111111.1072,254,0,50666664.0,0.0,0.009,0.0,Attack
0.018496,tcp,-,FIN,16,18,1540,1644,1784.16962,31,29,624567.5,671712.8125,1.211867,1.041177,Normal
0.02685,tcp,-,FIN,64,66,3806,54798,4804.469269,31,29,1116424.625,16079851.0,0.428161,0.4038,Normal
9e-06,udp,dns,INT,2,0,114,0,111111.1072,254,0,50666664.0,0.0,0.009,0.0,Attack
6e-06,udp,dns,INT,2,0,114,0,166666.6608,254,0,76000000.0,0.0,0.006,0.0,Attack
0.030849,tcp,-,FIN,48,50,2958,33044,3144.348232,31,29,751272.3125,8398068.0,0.649532,0.619714,Normal
9e-06,pipe,-,INT,2,0,200,0,111111.1072,254,0,88888888.0,0.0,0.009,0.0,Attack
0.215085,tcp,http,FIN,10,8,798,1726,79.03852,62,252,26742.91602,56201.03516,23.898333,29.126143,Attack
1.475411,tcp,ftp-data,FIN,8,12,424,8824,12.877767,31,29,2011.642822,43860.32031,210.728719,134.084273,Normal
6e-06,udp,dns,INT,2,0,114,0,166666.6608,254,0,76000000.0,0.0,0.006,0.0,Attack
0.723741,tcp,http,FIN,10,8,1412,354,23.489066,254,252,14049.22461,3426.640137,80.415667,90.950141,Attack
9e-06,udp,dns,INT,2,0,114,0,111111.1072,254,0,50666664.0,0.0,0.009,0.0,Attack
9e-06,udp,dns,INT,2,0,114,0,111111.1072,254,0,50666664.0,0.0,0.009,0.0,Attack
1.765891,tcp,ftp,FIN,22,22,1186,1632,24.350314,62,252,5132.819824,7058.193359,84.090049,82.144146,Attack
0.4906,tcp,http,FIN,10,6,880,268,30.574807,254,252,12914.79883,3652.670166,52.369889,81.410602,Attack
1.226412,tcp,ftp,FIN,22,22,1158,1650,35.061625,62,252,7214.541016,10273.87207,58.400573,57.528379,Attack
1.674726,tcp,http,FIN,24,110,1402,136499,79.415976,62,252,6420.154785,646118.8125,72.770699,14.621926,Attack
8e-06,unas,-,INT,2,0,200,0,125000.0003,254,0,100000000.0,0.0,0.008,0.0,Attack
1.009917,tcp,http,FIN,14,18,1684,10168,30.695591,31,29,12389.13672,76077.53906,77.659075,59.374353,Normal
8e-06,udp,dns,INT,2,0,114,0,125000.0003,254,0,57000000.0,0.0,0.008,0.0,Attack
0.357397,tcp,ftp-data,FIN,6,8,320,1888,36.374117,31,29,5976.547363,36978.48828,71.4164,50.987145,Normal
8e-06,udp,dns,INT,2,0,114,0,125000.0003,254,0,57000000.0,0.0,0.008,0.0,Attack
7e-06,udp,dns,INT,2,0,114,0,142857.1409,254,0,65142856.0,0.0,0.007,0.0,Attack
6e-06,udp,dns,INT,2,0,114,0,166666.6608,254,0,76000000.0,0.0,0.006,0.0,Attack
9e-06,udp,dns,INT,2,0,114,0,111111.1072,254,0,50666664.0,0.0,0.009,0.0,Attack
0.610021,tcp,-,FIN,10,6,756,268,24.589318,254,252,8930.839844,2937.60376,66.205444,112.809602,Attack
9e-06,udp,dns,INT,2,0,114,0,111111.1072,254,0,50666664.0,0.0,0.009,0.0,Attack
0.893407,tcp,-,FIN,24,66,1286,68276,99.618652,62,252,11040.88086,602117.5,38.843783,13.63083,Attack
5e-06,unas,-,INT,2,0,200,0,200000.0051,254,0,160000000.0,0.0,0.005,0.0,Attack
1.120035,ospf,-,INT,28,0,3024,0,24.106388,254,0,20827.91992,0.0,41.482777,0.0,Attack
8e-06,udp,dns,INT,2,0,114,0,125000.0003,254,0,57000000.0,0.0,0.008,0.0,Attack
8e-06,unas,-,INT,2,0,200,0,125000.0003,254,0,100000000.0,0.0,0.008,0.0,Attack
0.004644,tcp,-,FIN,18,18,3936,2456,7536.60642,31,29,6404823.5,3996554.75,0.255235,0.244353,Normal
1e-05,udp,dns,INT,2,0,114,0,100000.0025,254,0,45600000.0,0.0,0.01,0.0,Attack
0.619636,tcp,-,FIN,12,8,1162,748,30.663164,254,252,13762.91895,8456.578125,51.93582,77.98443,Attack
1.179226,tcp,http,FIN,14,18,1684,10168,26.288429,31,29,10610.34961,65154.59766,90.682462,69.332353,Normal
0.747088,tcp,-,FIN,10,8,564,354,22.755016,254,252,5439.787598,3319.55542,82.498222,102.410711,Attack
4.006597,tcp,smtp,FIN,106,32,115456,2420,34.193606,62,252,228357.375,4682.277832,39.280362,126.567352,Attack
9e-06,unas,-,INT,2,0,200,0,111111.1072,254,0,88888888.0,0.0,0.009,0.0,Attack
0.997557,tcp,http,FIN,10,12,834,3632,21.051429,62,252,6022.713379,26705.24219,110.839667,81.160088,Attack
1.323417,tcp,-,FIN,10,8,2516,354,12.845536,254,252,13691.83008,1873.937012,146.935111,173.021578,Normal
0.399579,tcp,-,FIN,10,6,2516,268,37.539511,254,252,45347.73047,4484.720215,41.979556,60.089398,Normal
0.0,arp,-,INT,1,0,46,0,0.0,0,0,0.0,0.0,60000.736,0.0,Normal
0.001161,udp,dns,CON,2,2,146,178,2583.979344,31,29,503014.6563,613264.4375,0.01,0.007,Normal
0.0,arp,-,INT,1,0,46,0,0.0,0,0,0.0,0.0,60000.708,0.0,Normal
4e-06,udp,dns,INT,2,0,114,0,250000.0006,254,0,114000000.0,0.0,0.004,0.0,Attack
3e-06,unas,-,INT,2,0,200,0,333333.3215,254,0,266666656.0,0.0,0.003,0.0,Attack
0.501405,tcp,-,FIN,10,6,534,268,29.915936,254,252,7674.435059,3573.957275,52.267333,84.18,Normal
0.00104,udp,dns,CON,2,2,146,178,2884.615377,31,29,561538.4375,684615.375,0.004,0.007,Normal
1.450158,tcp,-,FIN,112,20,135649,870,90.334984,254,252,741646.0625,4562.261719,13.064486,71.662,Normal
0.001071,udp,dns,CON,2,2,146,178,2801.120432,31,29,545284.75,664799.25,0.008,0.007,Normal
8e-06,udp,dns,INT,2,0,114,0,125000.0003,254,0,57000000.0,0.0,0.008,0.0,Attack
9e-06,udp,dns,INT,2,0,114,0,111111.1072,254,0,50666664.0,0.0,0.009,0.0,Attack
9.691561,tcp,-,FIN,10,8,1806,354,1.754103,254,252,1342.19873,255.892731,1076.840111,1360.089375,Attack
0.518501,udp,-,CON,4,2,228,91,9.643183,254,60,2638.375,709.738281,0.856,0.008,Attack
8e-06,udp,dns,INT,2,0,114,0,125000.0003,254,0,57000000.0,0.0,0.008,0.0,Attack
0.192832,tcp,http,FIN,10,6,1214,268,77.787922,254,252,45345.17188,9293.063477,19.694667,37.223,Attack
5e-06,ipnip,-,INT,2,0,180,0,200000.0051,254,0,144000000.0,0.0,0.005,0.0,Attack
1.317819,tcp,-,FIN,10,8,2062,354,12.900102,254,252,11267.10156,1881.897339,146.424333,176.584422,Attack
8e-06,udp,-,INT,2,0,166,0,125000.0003,254,0,83000000.0,0.0,0.008,0.0,Attack
0.0,arp,-,INT,1,0,46,0,0.0,0,0,0.0,0.0,60000.832,0.0,Normal
1.312251,tcp,-,FIN,58,14,68113,612,54.105504,254,252,408086.5625,3468.848633,23.021948,91.995844,Attack
0.002662,udp,-,CON,4,4,520,304,2629.60179,31,29,1172051.125,685199.125,0.743333,0.543667,Normal
0.0,arp,-,INT,1,0,46,0,0.0,0,0,0.0,0.0,0.0,0.0,Normal
3e-06,udp,dns,INT,2,0,114,0,333333.3215,254,0,152000000.0,0.0,0.003,0.0,Attack
7e-06,udp,dns,INT,2,0,114,0,142857.1409,254,0,65142856.0,0.0,0.007,0.0,Attack
3e-06,udp,dns,INT,2,0,114,0,333333.3215,254,0,152000000.0,0.0,0.003,0.0,Attack
9e-06,udp,dns,INT,2,0,114,0,111111.1072,254,0,50666664.0,0.0,0.009,0.0,Attack
1.532921,tcp,-,FIN,10,8,564,354,11.089939,254,252,2651.147705,1617.826416,170.324556,200.407281,Attack
0.004702,udp,-,CON,4,4,568,320,1488.728217,31,29,724797.9375,408336.875,1.225333,1.056,Normal
0.00178,udp,-,CON,4,4,544,304,3932.58416,31,29,1833707.875,1024719.063,0.452667,0.232333,Normal
6.584499,tcp,ftp,FIN,24,22,1236,1638,6.834233,62,252,1439.745117,1900.220581,286.282579,311.144094,Attack
0.030912,tcp,-,FIN,72,74,4222,64070,4690.734886,31,29,1077639.75,16357401.0,0.430535,0.415219,Normal
4e-06,stp,-,INT,2,0,200,0,250000.0006,254,0,200000000.0,0.0,0.004,0.0,Attack
8e-06,ipv6-no,-,INT,2,0,200,0,125000.0003,254,0,100000000.0,0.0,0.008,0.0,Attack
1.04771,tcp,-,FIN,12,8,3728,354,18.13479,254,252,26098.82617,2367.067383,95.246362,134.499281,Attack
0.674521,tcp,-,FIN,10,8,564,354,25.203069,254,252,6025.016113,3676.683105,73.849667,93.030711,Attack
1.266729,tcp,http,FIN,14,18,1684,10168,24.47248,31,29,9877.408203,60653.85938,97.414923,74.484176,Normal
6e-06,udp,dns,INT,2,0,114,0,166666.6608,254,0,76000000.0,0.0,0.006,0.0,Attack
0.539932,tcp,-,FIN,10,6,558,268,27.781276,254,252,7452.790039,3318.936279,59.885222,88.029602,Attack
0.003994,tcp,ftp-data,FIN,14,8,8928,424,5257.88664,31,29,16606910.0,743114.625,0.307231,0.5525,Normal
2e-06,udp,dns,INT,2,0,114,0,500000.0013,254,0,228000000.0,0.0,0.002,0.0,Attack
0.049744,tcp,-,FIN,30,42,2302,34406,1427.307851,31,29,357992.9375,5401576.0,1.703138,1.20161,Normal
1.272968,tcp,pop3,FIN,20,24,932,7060,33.779324,62,252,5568.089355,42521.09766,66.998316,52.51439,Attack
4e-06,unas,-,INT,2,0,200,0,250000.0006,254,0,200000000.0,0.0,0.004,0.0,Attack
0.065332,tcp,-,FIN,90,92,5174,83812,2770.464579,31,29,626584.1875,10151350.0,0.738625,0.712154,Normal
3e-06,udp,dns,INT,2,0,114,0,333333.3215,254,0,152000000.0,0.0,0.003,0.0,Attack
4e-06,scps,-,INT,2,0,200,0,250000.0006,254,0,200000000.0,0.0,0.004,0.0,Attack
5e-06,unas,-,INT,2,0,200,0,200000.0051,254,0,160000000.0,0.0,0.005,0.0,Attack
0.001026,udp,dns,CON,2,2,146,178,2923.976572,31,29,569200.75,693957.125,0.01,0.001,Normal
9e-06,udp,dns,INT,2,0,114,0,111111.1072,254,0,50666664.0,0.0,0.009,0.0,Attack
1.7e-05,udp,dns,INT,2,0,114,0,58823.52838,254,0,26823528.0,0.0,0.017,0.0,Attack
0.001064,udp,dns,CON,2,2,146,178,2819.548997,31,29,548872.1875,669172.9375,0.01,0.007,Normal
0.030858,tcp,-,FIN,72,74,4238,63516,4698.943435,31,29,1083673.625,16244215.0,0.430113,0.414616,Normal
2e-06,udp,dns,INT,2,0,114,0,500000.0013,254,0,228000000.0,0.0,0.002,0.0,Attack
4e-06,udp,-,INT,2,0,168,0,250000.0006,254,0,168000000.0,0.0,0.004,0.0,Attack
0.47712,tcp,-,FIN,10,6,534,268,31.438631,254,252,8065.056641,3755.868408,51.320333,79.757203,Normal
5e-06,unas,-,INT,2,0,200,0,200000.0051,254,0,160000000.0,0.0,0.005,0.0,Attack
13.790198,ospf,-,INT,28,0,12832,0,1.957912,254,0,7178.432129,0.0,510.748063,0.0,Attack
4e-06,udp,dns,INT,2,0,114,0,250000.0006,254,0,114000000.0,0.0,0.004,0.0,Attack
43.872566,ospf,-,INT,42,0,2184,0,0.934525,254,0,388.762299,0.0,1070.062625,0.0,Attack
5e-06,udp,dns,INT,2,0,114,0,200000.0051,254,0,91200000.0,0.0,0.005,0.0,Attack
1.180611,tcp,-,FIN,10,8,2516,354,14.399324,254,252,15347.98535,2100.607178,131.163778,158.167422,Normal
9e-06,udp,-,INT,2,0,104,0,111111.1072,254,0,46222220.0,0.0,0.009,0.0,Attack
1e-05,udp,dns,INT,2,0,114,0,100000.0025,254,0,45600000.0,0.0,0.01,0.0,Attack
4e-06,udp,dns,INT,2,0,114,0,250000.0006,254,0,114000000.0,0.0,0.004,0.0,Attack
4e-06,udp,-,INT,2,0,104,0,250000.0006,254,0,104000000.0,0.0,0.004,0.0,Normal
0.43504,tcp,http,FIN,10,6,812,268,34.479588,254,252,13442.44238,4119.161621,45.870556,77.292398,Attack
2.037967,tcp,ftp,FIN,24,22,1248,1602,22.080829,62,252,4694.875,6005.985352,88.60726,93.135143,Attack
1.11445,tcp,-,FIN,12,8,4678,354,17.048769,254,252,30788.28125,2225.312988,98.835543,146.317,Attack
0.010875,tcp,-,FIN,38,40,2438,19266,7080.459974,31,29,1746390.875,13818851.0,0.285351,0.272605,Normal
0.582864,tcp,-,FIN,16,18,1540,1644,56.616982,31,29,19819.375,21315.43555,38.836934,34.21941,Normal
0.270823,tcp,-,FIN,122,126,7810,15494,912.034791,31,29,228813.6563,454082.5625,2.272941,2.162432,Normal
0.524957,tcp,smtp,FIN,52,42,37152,3380,177.157367,31,29,555291.1875,50289.83203,10.286333,12.792512,Normal
0.004719,tcp,-,FIN,18,18,4136,2456,7416.825844,31,29,6623437.5,3933036.75,0.259059,0.246941,Normal
8e-06,unas,-,INT,2,0,200,0,125000.0003,254,0,100000000.0,0.0,0.008,0.0,Attack
7e-06,udp,dns,INT,2,0,114,0,142857.1409,254,0,65142856.0,0.0,0.007,0.0,Attack
0.000948,udp,dns,CON,2,2,130,162,3164.556959,31,29,548523.1875,683544.3125,0.004,0.007,Normal
0.231333,tcp,-,FIN,10,6,776,268,64.841591,254,252,24172.94531,7746.408691,22.885,42.300801,Attack
3e-06,unas,-,INT,2,0,200,0,333333.3215,254,0,266666656.0,0.0,0.003,0.0,Attack
0.839333,tcp,-,FIN,16,10,942,556,29.785556,254,252,8425.738281,4775.220215,5361.275062,8578.234,Attack
0.035879,tcp,-,FIN,60,62,3614,50036,3372.446182,31,29,792441.25,10976671.0,0.613138,0.57918,Normal
5e-06,unas,-,INT,2,0,200,0,200000.0051,254,0,160000000.0,0.0,0.005,0.0,Attack
1e-05,i-nlsp,-,INT,2,0,200,0,100000.0025,254,0,80000000.0,0.0,0.01,0.0,Attack
3e-06,udp,dns,INT,2,0,114,0,333333.3215,254,0,152000000.0,0.0,0.003,0.0,Attack
6e-06,unas,-,INT,2,0,200,0,166666.6608,254,0,133333328.0,0.0,0.006,0.0,Attack
